customer_id,name,email,phone,country,city,registration_date
CUST41140900,Michelle Jones,michelle.jones689@example.com,+1-587-122-9512,India,Delhi,2026-05-14 21:16:52.670844
CUST51285633,Michael White,michael.white430@example.com,+1-357-935-5262,United States,Chicago,2026-05-01 21:16:52.670844
CUST71135108,Joseph Martin,joseph.martin338@example.com,+1-314-951-6526,Netherlands,Unknown,2025-10-11 21:16:52.670844
CUST59982015,Joseph White,joseph.white383@example.com,+1-390-176-9831,Spain,Unknown,2025-11-25 21:16:52.670844
CUST17962406,Donald Thompson,donald.thompson142@example.com,+1-796-641-8525,France,Nice,2026-05-31 21:16:52.670844
CUST45146619,Andrew Brown,andrew.brown409@example.com,+1-782-579-6106,Italy,Unknown,2026-01-29 21:16:52.670844
CUST96511485,Sandra Lee,sandra.lee442@example.com,+1-839-396-5322,Mexico,Unknown,2024-09-12 21:16:52.670844
CUST87525223,Charles Smith,charles.smith755@example.com,+1-997-352-8394,Spain,Unknown,2026-01-18 21:16:52.670844
CUST52338048,David Clark,david.clark928@example.com,+1-274-196-9362,Netherlands,Unknown,2026-05-14 21:16:52.670844
CUST88260363,Steven Davis,steven.davis817@example.com,+1-863-597-4032,Norway,Unknown,2025-12-27 21:16:52.670844
CUST41624163,Michael Moore,michael.moore384@example.com,+1-552-449-4675,India,Bangalore,2026-07-08 21:16:52.670844
CUST46677110,Susan Thomas,susan.thomas911@example.com,+1-103-879-9422,South Korea,Unknown,2026-07-01 21:16:52.670844
CUST00365791,Nancy Lopez,nancy.lopez67@example.com,+1-127-739-3214,Denmark,Unknown,2026-05-25 21:16:52.670844
CUST21451026,Michael Garcia,michael.garcia776@example.com,+1-101-922-2324,Norway,Unknown,2024-07-23 21:16:52.670844
CUST54340201,Charles Harris,charles.harris279@example.com,+1-212-417-9161,Japan,Unknown,2024-07-23 21:16:52.670844
CUST11034605,Karen Miller,karen.miller851@example.com,+1-936-234-5314,France,Paris,2025-12-28 21:16:52.670844
CUST53803528,Jennifer Moore,jennifer.moore681@example.com,+1-177-785-8612,Canada,Montreal,2026-06-23 21:16:52.670844
CUST65424636,Margaret Smith,margaret.smith721@example.com,+1-857-367-9750,South Korea,Unknown,2025-11-09 21:16:52.670844
CUST29334683,Karen Taylor,karen.taylor972@example.com,+1-489-802-9706,United States,Chicago,2026-07-09 21:16:52.670844
CUST06271470,Charles Smith,charles.smith317@example.com,+1-147-183-3188,South Korea,Unknown,2026-04-09 21:16:52.670844
CUST44949380,Michelle Lee,michelle.lee304@example.com,+1-607-834-8684,Netherlands,Unknown,2026-03-13 21:16:52.670844
CUST22744869,Paul Thomas,paul.thomas522@example.com,+1-407-753-1917,Japan,Unknown,2026-07-07 21:16:52.670844
CUST14111641,Donna White,donna.white915@example.com,+1-823-891-8107,Italy,Unknown,2025-08-30 21:16:52.670844
CUST10337223,Lisa Davis,lisa.davis975@example.com,+1-955-532-7595,Brazil,Unknown,2026-02-15 21:16:52.670844
CUST08007723,Thomas Sanchez,thomas.sanchez379@example.com,+1-156-545-9231,Spain,Unknown,2026-03-07 21:16:52.670844
CUST93597924,William Lewis,william.lewis305@example.com,+1-498-379-2641,Spain,Unknown,2026-02-17 21:16:52.670844
CUST73259689,Kimberly Wilson,kimberly.wilson350@example.com,+1-142-251-1252,Japan,Unknown,2025-10-04 21:16:52.670844
CUST29797050,Christopher Sanchez,christopher.sanchez528@example.com,+1-984-439-7365,India,Mumbai,2025-04-14 21:16:52.670844
CUST27719940,Michael Jones,michael.jones880@example.com,+1-960-997-9312,Sweden,Unknown,2026-07-12 21:16:52.670844
CUST14188281,Jennifer Rodriguez,jennifer.rodriguez856@example.com,+1-974-683-7591,Japan,Unknown,2024-10-01 21:16:52.670844
CUST58753445,Joseph Ramirez,joseph.ramirez586@example.com,+1-662-256-1330,Denmark,Unknown,2026-07-20 21:16:52.670844
CUST95601559,Thomas Rodriguez,thomas.rodriguez569@example.com,+1-652-212-1907,India,Delhi,2025-02-01 21:16:52.670844
CUST60048703,Matthew Robinson,matthew.robinson33@example.com,+1-858-636-8607,France,Paris,2025-01-01 21:16:52.670844
CUST78735585,Jennifer Anderson,jennifer.anderson613@example.com,+1-478-240-4082,Norway,Unknown,2025-12-04 21:16:52.670844
CUST09079477,Donna Thompson,donna.thompson49@example.com,+1-269-168-9122,Canada,Toronto,2026-05-13 21:16:52.670844
CUST81298138,Barbara Johnson,barbara.johnson709@example.com,+1-491-944-4078,Singapore,Unknown,2026-04-03 21:16:52.670844
CUST12254547,Charles Lopez,charles.lopez63@example.com,+1-150-125-9271,India,Mumbai,2025-02-04 21:16:52.670844
CUST77475756,Nancy Miller,nancy.miller57@example.com,+1-583-662-1580,Italy,Unknown,2025-10-31 21:16:52.670844
CUST37160630,Steven White,steven.white648@example.com,+1-943-521-9781,India,Bangalore,2026-02-09 21:16:52.670844
CUST30121488,Joshua Jackson,joshua.jackson952@example.com,+1-683-396-2389,France,Paris,2026-06-15 21:16:52.670844
CUST24788060,Jessica White,jessica.white728@example.com,+1-608-798-9500,Norway,Unknown,2026-05-21 21:16:52.670844
CUST88891412,Michelle Miller,michelle.miller241@example.com,+1-156-179-4664,Germany,Frankfurt,2025-11-05 21:16:52.670844
CUST56877955,Lisa Ramirez,lisa.ramirez127@example.com,+1-505-396-1867,Italy,Unknown,2025-07-31 21:16:52.670844
CUST25402954,David Perez,david.perez261@example.com,+1-843-380-3392,United States,Chicago,2026-05-11 21:16:52.670844
CUST00496125,Paul Gonzalez,paul.gonzalez453@example.com,+1-190-133-3386,Sweden,Unknown,2025-01-08 21:16:52.670844
CUST88434837,Andrew Martin,andrew.martin391@example.com,+1-841-947-7074,Singapore,Unknown,2026-05-08 21:16:52.670844
CUST35366448,Donald Miller,donald.miller526@example.com,+1-547-116-4693,Japan,Unknown,2025-06-15 21:16:52.670844
CUST56961030,Emily Perez,emily.perez410@example.com,+1-338-857-4653,France,Lyon,2026-06-24 21:16:52.670844
CUST51609420,Andrew Miller,andrew.miller49@example.com,+1-967-985-1120,Canada,Calgary,2025-03-02 21:16:52.670844
CUST60053254,John Smith,john.smith536@example.com,+1-271-577-8037,Italy,Unknown,2025-08-27 21:16:52.670844
CUST78655295,Donna Sanchez,donna.sanchez734@example.com,+1-654-887-9648,Japan,Unknown,2026-06-19 21:16:52.670844
CUST89008299,Andrew Hernandez,andrew.hernandez883@example.com,+1-235-858-9859,Germany,Hamburg,2025-06-22 21:16:52.670844
CUST12152195,Michael Lee,michael.lee973@example.com,+1-977-369-2158,Brazil,Unknown,2026-07-13 21:16:52.670844
CUST23868860,Donald Thompson,donald.thompson302@example.com,+1-185-329-5359,United Kingdom,Birmingham,2025-09-07 21:16:52.670844
CUST59670972,Christopher Thomas,christopher.thomas462@example.com,+1-200-204-2980,United States,Chicago,2026-06-22 21:16:52.670844
CUST66774443,Robert Williams,robert.williams729@example.com,+1-822-353-9274,Netherlands,Unknown,2025-10-09 21:16:52.670844
CUST07809975,Ashley Garcia,ashley.garcia677@example.com,+1-777-631-7348,Germany,Hamburg,2026-03-02 21:16:52.670844
CUST36956032,Barbara Taylor,barbara.taylor413@example.com,+1-836-979-4602,Denmark,Unknown,2026-02-25 21:16:52.670844
CUST37089446,Sandra Jones,sandra.jones430@example.com,+1-922-768-9119,Brazil,Unknown,2025-07-17 21:16:52.670844
CUST74561054,Andrew Jones,andrew.jones25@example.com,+1-150-141-1116,Norway,Unknown,2025-09-28 21:16:52.670844
CUST19278244,Matthew Ramirez,matthew.ramirez175@example.com,+1-631-192-9555,South Korea,Unknown,2026-06-08 21:16:52.670844
CUST90392135,Michael Gonzalez,michael.gonzalez449@example.com,+1-508-412-8740,Norway,Unknown,2025-06-15 21:16:52.670844
CUST47408529,Mary Perez,mary.perez409@example.com,+1-437-967-9639,Japan,Unknown,2025-07-18 21:16:52.670844
CUST74769664,Michelle Martin,michelle.martin106@example.com,+1-118-724-2354,France,Paris,2026-05-26 21:16:52.670844
CUST39285136,Elizabeth Williams,elizabeth.williams234@example.com,+1-631-145-2793,Sweden,Unknown,2024-11-09 21:16:52.670844
CUST81375349,Michelle Miller,michelle.miller552@example.com,+1-389-636-2168,Sweden,Unknown,2025-12-10 21:16:52.670844
CUST72521221,Betty Martinez,betty.martinez232@example.com,+1-412-606-4665,Germany,Munich,2024-09-01 21:16:52.670844
CUST45715469,Emily Thomas,emily.thomas768@example.com,+1-472-265-3553,Spain,Unknown,2026-01-05 21:16:52.670844
CUST68883953,Kimberly Martinez,kimberly.martinez784@example.com,+1-699-824-5901,United Kingdom,Birmingham,2025-07-23 21:16:52.670844
CUST87906209,Nancy Moore,nancy.moore108@example.com,+1-924-396-1915,United States,Phoenix,2026-04-14 21:16:52.670844
CUST53404655,Donald Harris,donald.harris109@example.com,+1-492-843-5298,Canada,Vancouver,2025-05-25 21:16:52.670844
CUST29653504,Joseph Wilson,joseph.wilson808@example.com,+1-142-204-8143,Sweden,Unknown,2026-06-11 21:16:52.670844
CUST55515684,Donna Martin,donna.martin155@example.com,+1-116-641-2732,Netherlands,Unknown,2026-02-05 21:16:52.670844
CUST93179729,Lisa Smith,lisa.smith628@example.com,+1-421-827-1447,Norway,Unknown,2025-12-04 21:16:52.670844
CUST77859567,Sandra Martin,sandra.martin460@example.com,+1-923-730-3811,Canada,Calgary,2026-02-04 21:16:52.670844
CUST58215337,Charles Davis,charles.davis624@example.com,+1-864-757-1877,Italy,Unknown,2025-05-19 21:16:52.670844
CUST23516127,Joshua Perez,joshua.perez256@example.com,+1-123-343-1459,Australia,Melbourne,2026-06-11 21:16:52.670844
CUST69090063,Ashley Davis,ashley.davis996@example.com,+1-521-563-7906,France,Toulouse,2026-03-14 21:16:52.670844
CUST22897364,Joshua Martinez,joshua.martinez490@example.com,+1-639-772-6386,Sweden,Unknown,2026-07-12 21:16:52.670844
CUST63377013,Andrew Sanchez,andrew.sanchez171@example.com,+1-818-626-9604,United Kingdom,London,2025-05-18 21:16:52.670844
CUST10785114,Mary Harris,mary.harris615@example.com,+1-188-569-3324,France,Paris,2026-03-16 21:16:52.670844
CUST30943819,Thomas Harris,thomas.harris424@example.com,+1-129-323-5529,Germany,Hamburg,2026-01-08 21:16:52.670844
CUST40357175,Betty Garcia,betty.garcia280@example.com,+1-530-144-2329,Japan,Unknown,2025-01-14 21:16:52.670844
CUST67050505,Elizabeth Perez,elizabeth.perez584@example.com,+1-626-726-4010,South Korea,Unknown,2024-08-20 21:16:52.670844
CUST89754996,Nancy Perez,nancy.perez393@example.com,+1-680-612-4532,Norway,Unknown,2026-07-17 21:16:52.670844
CUST89904810,Joseph Miller,joseph.miller786@example.com,+1-530-792-1468,Netherlands,Unknown,2025-11-10 21:16:52.670844
CUST40731071,Richard Davis,richard.davis276@example.com,+1-645-357-9156,Sweden,Unknown,2025-10-30 21:16:52.670844
CUST73311384,Michelle Davis,michelle.davis195@example.com,+1-700-393-2094,United States,Chicago,2026-04-25 21:16:52.670844
CUST47317188,William Miller,william.miller578@example.com,+1-633-922-3955,India,Mumbai,2026-01-07 21:16:52.670844
CUST35311548,Nancy Miller,nancy.miller649@example.com,+1-731-960-4863,Denmark,Unknown,2026-05-26 21:16:52.670844
CUST38424871,Karen Brown,karen.brown254@example.com,+1-715-573-5883,Japan,Unknown,2025-10-14 21:16:52.670844
CUST16728180,Donna Clark,donna.clark184@example.com,+1-958-643-3806,Norway,Unknown,2026-07-01 21:16:52.670844
CUST15934567,Matthew Taylor,matthew.taylor401@example.com,+1-176-304-6858,France,Toulouse,2025-09-17 21:16:52.670844
CUST48956322,Daniel Martinez,daniel.martinez813@example.com,+1-830-680-2061,Spain,Unknown,2026-05-05 21:16:52.670844
CUST52109279,Matthew Garcia,matthew.garcia805@example.com,+1-336-486-5878,Singapore,Unknown,2026-05-07 21:16:52.670844
CUST48706088,Joshua Harris,joshua.harris319@example.com,+1-891-794-1300,Japan,Unknown,2026-03-18 21:16:52.670844
CUST28608973,Mary Gonzalez,mary.gonzalez902@example.com,+1-870-123-5787,Norway,Unknown,2026-01-20 21:16:52.670844
CUST33862644,John Smith,john.smith460@example.com,+1-380-735-6893,United States,Chicago,2024-12-12 21:16:52.670844
CUST62920429,Ashley Gonzalez,ashley.gonzalez814@example.com,+1-768-218-2502,Singapore,Unknown,2024-12-29 21:16:52.670844
CUST31737446,Kimberly Perez,kimberly.perez904@example.com,+1-110-598-9039,United States,New York,2026-07-02 21:16:52.670844
CUST28503515,Jennifer Williams,jennifer.williams892@example.com,+1-759-733-5434,United States,Los Angeles,2026-03-16 21:16:52.670844
CUST50899434,Betty Clark,betty.clark59@example.com,+1-869-948-2502,United States,Phoenix,2026-06-28 21:16:52.670844
CUST79483942,Emily Garcia,emily.garcia671@example.com,+1-195-422-3889,Brazil,Unknown,2024-07-23 21:16:52.670844
CUST31007904,Joseph Williams,joseph.williams9@example.com,+1-690-215-3559,India,Delhi,2026-01-25 21:16:52.670844
CUST42693755,James Thompson,james.thompson813@example.com,+1-811-742-2461,United States,Chicago,2026-02-24 21:16:52.670844
CUST49270441,Margaret Robinson,margaret.robinson804@example.com,+1-699-704-6734,Australia,Melbourne,2026-02-21 21:16:52.670844
CUST05577747,Ashley Moore,ashley.moore281@example.com,+1-741-600-4323,United States,Los Angeles,2026-05-29 21:16:52.670844
CUST58203611,Richard Lee,richard.lee151@example.com,+1-191-134-9365,United States,Los Angeles,2026-04-04 21:16:52.670844
CUST22840952,Richard Johnson,richard.johnson918@example.com,+1-115-954-9024,Spain,Unknown,2024-07-28 21:16:52.670844
CUST41469780,Mary Gonzalez,mary.gonzalez980@example.com,+1-769-311-5446,Japan,Unknown,2024-12-30 21:16:52.670844
CUST62298066,Elizabeth Walker,elizabeth.walker713@example.com,+1-450-563-9781,Denmark,Unknown,2025-09-27 21:16:52.670844
CUST60068843,Andrew Lopez,andrew.lopez747@example.com,+1-170-748-7823,Canada,Calgary,2025-09-25 21:16:52.670844
CUST54880388,Betty Walker,betty.walker560@example.com,+1-971-675-2598,Japan,Unknown,2025-04-21 21:16:52.670844
CUST91257979,Barbara Robinson,barbara.robinson1@example.com,+1-303-676-4941,Spain,Unknown,2025-10-13 21:16:52.670844
CUST29876585,Joseph Thompson,joseph.thompson294@example.com,+1-258-471-3615,Sweden,Unknown,2026-02-18 21:16:52.670844
CUST10837865,Kimberly Sanchez,kimberly.sanchez763@example.com,+1-354-112-5812,South Korea,Unknown,2025-11-11 21:16:52.670844
CUST15589081,John Martinez,john.martinez256@example.com,+1-472-793-3855,Norway,Unknown,2026-06-15 21:16:52.670844
CUST93127659,Joshua Robinson,joshua.robinson108@example.com,+1-467-213-9162,Denmark,Unknown,2026-07-02 21:16:52.670844
CUST92060597,Joseph Jones,joseph.jones199@example.com,+1-909-502-7617,Germany,Frankfurt,2026-07-04 21:16:52.670844
CUST68740250,Steven Martin,steven.martin468@example.com,+1-275-524-4873,Spain,Unknown,2026-02-16 21:16:52.670844
CUST74519552,Donald Thompson,donald.thompson589@example.com,+1-797-292-8802,South Korea,Unknown,2026-05-19 21:16:52.670844
CUST41174339,Jennifer Davis,jennifer.davis216@example.com,+1-167-548-2310,Canada,Calgary,2026-06-15 21:16:52.670844
CUST53009222,Steven Thomas,steven.thomas661@example.com,+1-675-412-5432,Italy,Unknown,2025-10-25 21:16:52.670844
CUST87092066,Elizabeth Gonzalez,elizabeth.gonzalez580@example.com,+1-436-818-9178,Australia,Perth,2026-02-06 21:16:52.670844
CUST53582187,Richard Wilson,richard.wilson797@example.com,+1-656-822-7852,United States,Houston,2026-05-16 21:16:52.670844
CUST72985182,Jessica White,jessica.white683@example.com,+1-601-600-5041,Spain,Unknown,2026-05-04 21:16:52.670844
CUST21145998,Robert Anderson,robert.anderson425@example.com,+1-118-551-8185,South Korea,Unknown,2024-07-23 21:16:52.670844
CUST73203320,Thomas Moore,thomas.moore252@example.com,+1-847-382-6408,Germany,Hamburg,2025-05-04 21:16:52.670844
CUST65361169,Sarah Harris,sarah.harris47@example.com,+1-525-416-5879,Italy,Unknown,2026-07-07 21:16:52.670844
CUST32935136,Jessica White,jessica.white655@example.com,+1-439-540-3779,Netherlands,Unknown,2024-11-15 21:16:52.670844
CUST29911139,Joshua Ramirez,joshua.ramirez558@example.com,+1-921-987-1919,Spain,Unknown,2026-05-23 21:16:52.670844
CUST16371054,Richard Garcia,richard.garcia507@example.com,+1-529-263-9236,Canada,Montreal,2026-05-07 21:16:52.670844
CUST36908980,Jessica Hernandez,jessica.hernandez18@example.com,+1-177-296-1179,Denmark,Unknown,2026-05-13 21:16:52.670844
CUST49801605,David Miller,david.miller932@example.com,+1-995-364-3376,Mexico,Unknown,2026-02-10 21:16:52.670844
CUST33187294,Ashley Brown,ashley.brown367@example.com,+1-896-493-3269,Denmark,Unknown,2026-03-17 21:16:52.670844
CUST37013481,Charles Rodriguez,charles.rodriguez239@example.com,+1-134-362-2369,United States,Phoenix,2025-10-02 21:16:52.670844
CUST40034456,Jennifer White,jennifer.white406@example.com,+1-997-552-7959,Spain,Unknown,2025-04-14 21:16:52.670844
CUST74610804,Steven Perez,steven.perez712@example.com,+1-708-868-3058,Italy,Unknown,2026-07-22 21:16:52.670844
CUST94842237,Donna Harris,donna.harris546@example.com,+1-630-947-5327,France,Toulouse,2026-02-23 21:16:52.670844
CUST52132491,Thomas Robinson,thomas.robinson959@example.com,+1-949-349-4183,Norway,Unknown,2026-01-07 21:16:52.670844
CUST96500975,Joshua Williams,joshua.williams885@example.com,+1-516-726-9476,Brazil,Unknown,2026-06-01 21:16:52.670844
CUST99960316,Margaret Sanchez,margaret.sanchez900@example.com,+1-940-563-3473,Canada,Toronto,2026-07-08 21:16:52.670844
CUST35117625,Paul Ramirez,paul.ramirez327@example.com,+1-779-680-6271,Sweden,Unknown,2025-08-24 21:16:52.670844
CUST24244613,William Thompson,william.thompson962@example.com,+1-841-937-4441,Sweden,Unknown,2024-07-23 21:16:52.670844
CUST04988140,Kimberly Lee,kimberly.lee93@example.com,+1-831-591-5012,India,Mumbai,2024-07-23 21:16:52.670844
CUST69577662,Ashley Thompson,ashley.thompson411@example.com,+1-661-120-4861,South Korea,Unknown,2025-09-13 21:16:52.670844
CUST57227600,Mark Moore,mark.moore717@example.com,+1-845-479-4102,Spain,Unknown,2025-10-30 21:16:52.670844
CUST81454019,Charles Brown,charles.brown799@example.com,+1-235-272-2707,Germany,Munich,2025-08-18 21:16:52.670844
CUST51368414,Andrew Anderson,andrew.anderson814@example.com,+1-847-949-3758,Australia,Perth,2025-08-17 21:16:52.670844
CUST67785119,William Gonzalez,william.gonzalez155@example.com,+1-525-164-8739,Japan,Unknown,2025-12-19 21:16:52.670844
CUST14920317,Sarah Thomas,sarah.thomas288@example.com,+1-902-237-4270,Japan,Unknown,2026-04-25 21:16:52.670844
CUST44707835,Joseph Gonzalez,joseph.gonzalez620@example.com,+1-479-510-7428,United States,Los Angeles,2026-04-20 21:16:52.670844
CUST32766505,Kimberly Sanchez,kimberly.sanchez836@example.com,+1-788-594-4528,Spain,Unknown,2026-04-01 21:16:52.670844
CUST06915742,Robert Robinson,robert.robinson546@example.com,+1-245-619-8947,United Kingdom,London,2025-04-02 21:16:52.670844
CUST36065656,Anthony Rodriguez,anthony.rodriguez946@example.com,+1-258-262-3184,Netherlands,Unknown,2026-02-28 21:16:52.670844
CUST32730506,David Sanchez,david.sanchez329@example.com,+1-453-164-2276,Sweden,Unknown,2026-06-07 21:16:52.670844
CUST37957109,Sarah Walker,sarah.walker766@example.com,+1-617-837-3606,Italy,Unknown,2024-07-23 21:16:52.670844
CUST19026623,James Martinez,james.martinez192@example.com,+1-952-437-1656,Germany,Berlin,2026-04-30 21:16:52.670844
CUST94184908,Sandra Davis,sandra.davis987@example.com,+1-482-641-4271,Japan,Unknown,2025-06-19 21:16:52.670844
CUST80740174,Donald Martinez,donald.martinez433@example.com,+1-176-646-3875,Brazil,Unknown,2026-07-08 21:16:52.670844
CUST67512061,Michael Jackson,michael.jackson839@example.com,+1-297-317-4646,Australia,Sydney,2025-07-06 21:16:52.670844
CUST62069221,Michelle Brown,michelle.brown710@example.com,+1-285-344-8527,United Kingdom,Glasgow,2026-07-13 21:16:52.670844
CUST75041349,Barbara Miller,barbara.miller731@example.com,+1-153-444-5657,Netherlands,Unknown,2025-10-12 21:16:52.670844
CUST18817611,Patricia Robinson,patricia.robinson835@example.com,+1-470-201-1311,United Kingdom,Birmingham,2026-07-14 21:16:52.670844
CUST30582362,Karen Perez,karen.perez933@example.com,+1-375-937-4736,Netherlands,Unknown,2026-01-01 21:16:52.670844
CUST16091744,Barbara Johnson,barbara.johnson260@example.com,+1-632-560-3656,Denmark,Unknown,2024-07-23 21:16:52.670844
CUST54958096,Matthew Anderson,matthew.anderson992@example.com,+1-124-711-3296,South Korea,Unknown,2024-07-23 21:16:52.670844
CUST67559231,Barbara Anderson,barbara.anderson275@example.com,+1-250-540-9142,Netherlands,Unknown,2024-07-23 21:16:52.670844
CUST72743419,Linda Jones,linda.jones98@example.com,+1-738-499-4045,Sweden,Unknown,2025-05-09 21:16:52.670844
CUST00700653,Ashley White,ashley.white933@example.com,+1-349-931-8962,Sweden,Unknown,2026-06-22 21:16:52.670844
CUST11226137,Steven Walker,steven.walker941@example.com,+1-885-718-4735,Brazil,Unknown,2026-04-27 21:16:52.670844
CUST86150534,Michelle Robinson,michelle.robinson348@example.com,+1-298-972-9381,Spain,Unknown,2025-09-07 21:16:52.670844
CUST97354542,Emily Martinez,emily.martinez581@example.com,+1-530-691-6002,South Korea,Unknown,2025-05-12 21:16:52.670844
CUST84818747,David Taylor,david.taylor283@example.com,+1-213-950-2986,Norway,Unknown,2026-07-08 21:16:52.670844
CUST57664792,Karen Jackson,karen.jackson336@example.com,+1-944-636-6816,Spain,Unknown,2026-01-28 21:16:52.670844
CUST13565229,Lisa Lopez,lisa.lopez343@example.com,+1-350-319-4987,Mexico,Unknown,2026-06-15 21:16:52.670844
CUST03779210,Margaret Williams,margaret.williams358@example.com,+1-431-117-9668,France,Lyon,2024-08-23 21:16:52.670844
CUST22886607,Karen Taylor,karen.taylor261@example.com,+1-608-304-9465,South Korea,Unknown,2025-11-26 21:16:52.670844
CUST10173936,Kimberly Hernandez,kimberly.hernandez653@example.com,+1-209-403-2478,Canada,Ottawa,2026-02-01 21:16:52.670844
CUST67787075,Sarah Harris,sarah.harris326@example.com,+1-586-168-8850,Sweden,Unknown,2026-02-26 21:16:52.670844
CUST66424814,Barbara Thomas,barbara.thomas979@example.com,+1-295-171-3764,United States,Phoenix,2025-07-03 21:16:52.670844
CUST70545673,Steven Hernandez,steven.hernandez604@example.com,+1-189-151-6146,Japan,Unknown,2026-07-02 21:16:52.670844
CUST92234804,Matthew Davis,matthew.davis333@example.com,+1-566-480-2039,Norway,Unknown,2026-07-06 21:16:52.670844
CUST42597582,Ashley Lee,ashley.lee534@example.com,+1-849-666-1608,Norway,Unknown,2026-07-16 21:16:52.670844
CUST35794602,Joshua Davis,joshua.davis226@example.com,+1-480-674-5629,Germany,Hamburg,2026-01-13 21:16:52.670844
CUST81591653,Linda Brown,linda.brown379@example.com,+1-903-288-1217,Italy,Unknown,2026-05-09 21:16:52.670844
CUST46072526,Mark Taylor,mark.taylor659@example.com,+1-126-789-6896,Germany,Cologne,2026-01-31 21:16:52.670844
CUST01100728,Steven Johnson,steven.johnson471@example.com,+1-972-300-7128,Norway,Unknown,2026-06-16 21:16:52.670844
CUST49368562,Christopher Robinson,christopher.robinson798@example.com,+1-125-686-2466,South Korea,Unknown,2026-01-29 21:16:52.670844
CUST04861791,Andrew Lewis,andrew.lewis104@example.com,+1-107-524-6418,United States,Los Angeles,2026-05-08 21:16:52.670844
CUST56803148,Christopher Brown,christopher.brown293@example.com,+1-296-676-5928,Canada,Montreal,2025-11-22 21:16:52.670844
CUST03188568,Barbara Anderson,barbara.anderson581@example.com,+1-226-112-2676,France,Toulouse,2026-05-24 21:16:52.670844
CUST43338716,Michael Taylor,michael.taylor456@example.com,+1-493-410-1302,Australia,Brisbane,2026-04-21 21:16:52.670844
CUST13663445,John Davis,john.davis385@example.com,+1-901-239-6194,Italy,Unknown,2025-09-21 21:16:52.670844
CUST75060897,Linda Harris,linda.harris367@example.com,+1-930-754-7171,India,Bangalore,2024-10-06 21:16:52.670844
CUST90421723,Michael Jackson,michael.jackson127@example.com,+1-422-270-8812,Netherlands,Unknown,2024-07-23 21:16:52.670844
CUST34051916,Margaret Harris,margaret.harris243@example.com,+1-517-905-1660,Germany,Munich,2026-02-18 21:16:52.670844
CUST53545137,Matthew Clark,matthew.clark193@example.com,+1-401-666-5769,Sweden,Unknown,2026-06-18 21:16:52.670844
CUST57024668,Robert Smith,robert.smith285@example.com,+1-132-619-3185,India,Chennai,2026-05-16 21:16:52.670844
CUST35872875,Nancy Garcia,nancy.garcia428@example.com,+1-875-754-6965,Netherlands,Unknown,2026-06-20 21:16:52.670844
CUST40211285,Christopher Williams,christopher.williams935@example.com,+1-589-124-7568,Italy,Unknown,2026-02-05 21:16:52.670844
CUST76990871,Anthony Lee,anthony.lee671@example.com,+1-983-482-2103,United Kingdom,Manchester,2026-01-04 21:16:52.670844
CUST94314291,Richard Hernandez,richard.hernandez408@example.com,+1-853-925-5217,Japan,Unknown,2026-03-21 21:16:52.670844
CUST83210880,Paul Jones,paul.jones569@example.com,+1-176-977-2345,Canada,Calgary,2026-03-27 21:16:52.670844
CUST64321725,Anthony Perez,anthony.perez870@example.com,+1-728-801-9161,Japan,Unknown,2026-01-13 21:16:52.670844
CUST14636310,Donna Martinez,donna.martinez632@example.com,+1-479-132-4722,Denmark,Unknown,2025-11-05 21:16:52.670844
CUST57963292,Steven Clark,steven.clark506@example.com,+1-322-321-8457,France,Paris,2026-06-13 21:16:52.670844
CUST88198394,Elizabeth Hernandez,elizabeth.hernandez130@example.com,+1-956-255-2875,Denmark,Unknown,2026-07-07 21:16:52.670844
CUST22217219,Paul Smith,paul.smith358@example.com,+1-245-476-7349,United States,Chicago,2025-02-14 21:16:52.670844
CUST02031688,Lisa Hernandez,lisa.hernandez326@example.com,+1-157-384-4459,Norway,Unknown,2025-05-06 21:16:52.670844
CUST38823191,Michael Williams,michael.williams604@example.com,+1-544-254-3845,Japan,Unknown,2025-11-06 21:16:52.670844
CUST62048778,Susan Sanchez,susan.sanchez841@example.com,+1-290-809-7169,Singapore,Unknown,2026-03-01 21:16:52.670844
CUST92512789,Linda Williams,linda.williams354@example.com,+1-785-506-7551,United Kingdom,Glasgow,2024-07-23 21:16:52.670844
CUST48981169,Susan Johnson,susan.johnson506@example.com,+1-171-311-8374,Singapore,Unknown,2026-05-31 21:16:52.670844
CUST80007382,David Garcia,david.garcia471@example.com,+1-597-744-5341,Canada,Calgary,2026-03-21 21:16:52.670844
CUST71853550,Anthony Wilson,anthony.wilson386@example.com,+1-757-405-9859,Spain,Unknown,2025-05-23 21:16:52.670844
CUST33735209,Nancy Brown,nancy.brown967@example.com,+1-118-164-9455,Italy,Unknown,2025-12-26 21:16:52.670844
CUST27967724,Linda Robinson,linda.robinson422@example.com,+1-651-738-9485,United States,Phoenix,2025-10-23 21:16:52.670844
CUST86884420,Elizabeth Garcia,elizabeth.garcia144@example.com,+1-644-856-4097,South Korea,Unknown,2026-03-07 21:16:52.670844
CUST18593550,Mary Thompson,mary.thompson985@example.com,+1-214-204-4662,Germany,Munich,2026-05-28 21:16:52.670844
CUST50759464,Michael Jones,michael.jones180@example.com,+1-953-153-8202,Japan,Unknown,2025-09-26 21:16:52.670844
CUST64189932,William White,william.white902@example.com,+1-844-616-7573,France,Toulouse,2026-01-06 21:16:52.670844
CUST32638113,Elizabeth Lewis,elizabeth.lewis100@example.com,+1-955-364-3644,Germany,Frankfurt,2026-02-22 21:16:52.670844
CUST70384489,Margaret Rodriguez,margaret.rodriguez843@example.com,+1-182-891-1299,United States,New York,2025-02-01 21:16:52.670844
CUST54580461,Betty Jones,betty.jones332@example.com,+1-307-279-2758,Italy,Unknown,2026-04-06 21:16:52.670844
CUST21418316,Donald Garcia,donald.garcia271@example.com,+1-809-993-6559,Spain,Unknown,2025-06-04 21:16:52.670844
CUST00471094,William Harris,william.harris10@example.com,+1-805-398-7475,United Kingdom,London,2025-10-25 21:16:52.670844
CUST91363382,Andrew Johnson,andrew.johnson802@example.com,+1-723-573-2251,Canada,Ottawa,2024-07-23 21:16:52.670844
CUST24605848,Anthony Rodriguez,anthony.rodriguez331@example.com,+1-938-677-2435,France,Toulouse,2024-07-23 21:16:52.670844
CUST55904264,Anthony Martin,anthony.martin501@example.com,+1-569-988-2168,Italy,Unknown,2026-05-16 21:16:52.670844
CUST32034723,Robert Rodriguez,robert.rodriguez585@example.com,+1-108-990-2065,Singapore,Unknown,2025-09-06 21:16:52.670844
CUST87061503,John Walker,john.walker321@example.com,+1-844-375-3385,Germany,Frankfurt,2026-07-23 21:16:52.670844
CUST51192439,Steven Rodriguez,steven.rodriguez487@example.com,+1-829-298-9500,France,Nice,2025-07-02 21:16:52.670844
CUST60184956,Kimberly Miller,kimberly.miller164@example.com,+1-688-504-9079,United Kingdom,Glasgow,2025-10-12 21:16:52.670844
CUST04755910,Emily Lee,emily.lee985@example.com,+1-924-369-5855,United States,Phoenix,2025-10-04 21:16:52.670844
CUST43249988,Paul Lewis,paul.lewis628@example.com,+1-131-412-1896,Spain,Unknown,2026-07-05 21:16:52.670844
CUST00333373,Charles Moore,charles.moore122@example.com,+1-244-360-3477,Australia,Melbourne,2026-03-15 21:16:52.670844
CUST49307408,Donna Jones,donna.jones791@example.com,+1-603-456-5656,Netherlands,Unknown,2026-05-17 21:16:52.670844
CUST41753599,Susan Martinez,susan.martinez61@example.com,+1-981-462-1355,Mexico,Unknown,2025-12-01 21:16:52.670844
CUST67577363,Susan Harris,susan.harris676@example.com,+1-943-348-7264,Netherlands,Unknown,2025-12-04 21:16:52.670844
CUST90446609,Karen Garcia,karen.garcia69@example.com,+1-289-753-9758,South Korea,Unknown,2025-02-26 21:16:52.670844
CUST20605269,Nancy Ramirez,nancy.ramirez347@example.com,+1-812-787-7228,Netherlands,Unknown,2026-06-26 21:16:52.670844
CUST07015869,Betty Smith,betty.smith869@example.com,+1-816-414-6221,Australia,Perth,2025-12-08 21:16:52.670844
CUST62457214,Patricia Smith,patricia.smith344@example.com,+1-484-587-1376,Germany,Frankfurt,2026-06-23 21:16:52.670844
CUST78198410,Donald Moore,donald.moore836@example.com,+1-944-166-9658,Sweden,Unknown,2025-09-23 21:16:52.670844
CUST90606875,Donna Clark,donna.clark143@example.com,+1-656-273-4778,Brazil,Unknown,2025-09-27 21:16:52.670844
CUST35810798,Michael Gonzalez,michael.gonzalez394@example.com,+1-128-496-7551,Netherlands,Unknown,2026-05-23 21:16:52.670844
CUST55471704,Richard Taylor,richard.taylor755@example.com,+1-897-728-1931,India,Mumbai,2025-07-09 21:16:52.670844
CUST94584083,William Davis,william.davis634@example.com,+1-670-583-7655,Canada,Toronto,2024-09-04 21:16:52.670844
CUST80634984,David Davis,david.davis637@example.com,+1-264-468-2249,Brazil,Unknown,2026-02-18 21:16:52.670844
CUST86453297,Michelle Sanchez,michelle.sanchez959@example.com,+1-336-719-1600,Netherlands,Unknown,2026-03-14 21:16:52.670844
CUST63481489,Patricia Gonzalez,patricia.gonzalez179@example.com,+1-453-443-9024,France,Nice,2025-07-03 21:16:52.670844
CUST61292234,Mary Martinez,mary.martinez691@example.com,+1-313-772-5619,Italy,Unknown,2026-02-10 21:16:52.670844
CUST40117271,Sarah Wilson,sarah.wilson328@example.com,+1-987-392-7189,Germany,Hamburg,2025-12-29 21:16:52.670844
CUST19028863,Joseph Jones,joseph.jones289@example.com,+1-852-988-8681,India,Bangalore,2025-07-24 21:16:52.670844
CUST86797600,Mary Lopez,mary.lopez800@example.com,+1-607-625-5200,Japan,Unknown,2026-01-22 21:16:52.670844
CUST00429579,Donald Harris,donald.harris53@example.com,+1-400-213-9450,United Kingdom,Manchester,2025-10-17 21:16:52.670844
CUST13276004,Mark Rodriguez,mark.rodriguez935@example.com,+1-944-297-9902,Sweden,Unknown,2024-11-17 21:16:52.670844
CUST26774215,James Lopez,james.lopez147@example.com,+1-326-959-8553,United Kingdom,Manchester,2026-07-10 21:16:52.670844
CUST40780605,Donald Thomas,donald.thomas45@example.com,+1-579-334-4005,Netherlands,Unknown,2026-05-13 21:16:52.670844
CUST00892139,Mary Rodriguez,mary.rodriguez142@example.com,+1-638-205-4706,South Korea,Unknown,2026-01-13 21:16:52.670844
CUST69871594,Donald Jackson,donald.jackson617@example.com,+1-267-128-4807,India,Delhi,2025-12-15 21:16:52.670844
CUST18997772,Christopher Johnson,christopher.johnson642@example.com,+1-392-858-6510,Denmark,Unknown,2025-11-18 21:16:52.670844
CUST86024740,Michelle Wilson,michelle.wilson270@example.com,+1-967-376-6543,Australia,Sydney,2025-05-29 21:16:52.670844
CUST97926381,Daniel Moore,daniel.moore230@example.com,+1-981-718-6307,South Korea,Unknown,2026-01-04 21:16:52.670844
CUST81564636,John Martin,john.martin909@example.com,+1-751-270-5640,Singapore,Unknown,2025-09-29 21:16:52.670844
CUST10802869,Matthew Clark,matthew.clark448@example.com,+1-107-179-6969,Brazil,Unknown,2026-06-09 21:16:52.670844
CUST41430973,Paul Lewis,paul.lewis589@example.com,+1-599-730-6648,Norway,Unknown,2026-05-16 21:16:52.670844
CUST56578360,William Ramirez,william.ramirez348@example.com,+1-706-543-5197,Spain,Unknown,2026-07-07 21:16:52.670844
CUST89106627,Elizabeth Robinson,elizabeth.robinson698@example.com,+1-689-729-8800,Spain,Unknown,2026-01-25 21:16:52.670844
CUST38374800,Emily Thompson,emily.thompson411@example.com,+1-290-255-6852,Brazil,Unknown,2024-09-13 21:16:52.670844
CUST00016872,Elizabeth White,elizabeth.white89@example.com,+1-829-343-3856,France,Toulouse,2026-05-11 21:16:52.670844
CUST07959742,Thomas Johnson,thomas.johnson89@example.com,+1-909-848-8342,Brazil,Unknown,2026-06-18 21:16:52.670844
CUST09734473,Patricia Ramirez,patricia.ramirez69@example.com,+1-741-828-4737,Netherlands,Unknown,2026-05-16 21:16:52.670844
CUST82048176,Patricia Garcia,patricia.garcia292@example.com,+1-795-892-4023,Spain,Unknown,2026-05-24 21:16:52.670844
CUST08571603,Sarah Martinez,sarah.martinez962@example.com,+1-488-901-9024,Denmark,Unknown,2026-03-05 21:16:52.670844
CUST51454454,Mark Williams,mark.williams767@example.com,+1-658-666-4190,India,Mumbai,2026-06-22 21:16:52.670844
CUST84458952,Steven Sanchez,steven.sanchez796@example.com,+1-299-496-5667,United States,Houston,2025-10-20 21:16:52.670844
CUST24175868,Charles Lopez,charles.lopez223@example.com,+1-261-814-4554,South Korea,Unknown,2025-08-05 21:16:52.670844
CUST53660034,Jessica Martin,jessica.martin247@example.com,+1-395-931-7428,Spain,Unknown,2025-09-11 21:16:52.670844
CUST94008103,Jennifer Lee,jennifer.lee541@example.com,+1-658-432-8864,South Korea,Unknown,2024-07-23 21:16:52.670844
CUST13449871,Charles Perez,charles.perez796@example.com,+1-208-991-3801,India,Bangalore,2025-08-15 21:16:52.670844
CUST50796032,Andrew Harris,andrew.harris171@example.com,+1-145-194-6407,Norway,Unknown,2026-03-21 21:16:52.670844
CUST45010363,Linda Martin,linda.martin531@example.com,+1-834-671-3956,Netherlands,Unknown,2025-02-26 21:16:52.670844
CUST15946189,Nancy Smith,nancy.smith704@example.com,+1-488-334-9975,Denmark,Unknown,2026-03-26 21:16:52.670844
CUST90006603,Donald Martinez,donald.martinez401@example.com,+1-722-346-3307,South Korea,Unknown,2026-06-18 21:16:52.670844
CUST36761911,Paul Harris,paul.harris837@example.com,+1-489-696-9968,Netherlands,Unknown,2026-06-27 21:16:52.670844
CUST83271961,William Anderson,william.anderson526@example.com,+1-584-927-9614,Brazil,Unknown,2026-04-08 21:16:52.670844
CUST55754069,Joseph Moore,joseph.moore796@example.com,+1-926-305-1923,Denmark,Unknown,2026-07-02 21:16:52.670844
CUST69784807,Ashley Williams,ashley.williams603@example.com,+1-127-811-6315,Spain,Unknown,2025-10-10 21:16:52.670844
CUST68865174,Linda Smith,linda.smith447@example.com,+1-169-796-3638,Spain,Unknown,2026-05-17 21:16:52.670844
CUST73704939,Michelle Martinez,michelle.martinez301@example.com,+1-907-254-6696,Japan,Unknown,2026-07-05 21:16:52.670844
CUST83206178,Mary Ramirez,mary.ramirez416@example.com,+1-615-747-3198,South Korea,Unknown,2026-07-14 21:16:52.670844
CUST18056808,Ashley Jones,ashley.jones370@example.com,+1-203-528-5439,Germany,Munich,2026-07-01 21:16:52.670844
CUST60378674,Karen Sanchez,karen.sanchez16@example.com,+1-927-599-7718,Norway,Unknown,2024-07-23 21:16:52.670844
CUST34783319,Margaret Martin,margaret.martin904@example.com,+1-972-619-6387,Spain,Unknown,2026-07-05 21:16:52.670844
CUST27882301,Susan Garcia,susan.garcia66@example.com,+1-596-207-5006,South Korea,Unknown,2026-06-29 21:16:52.670844
CUST91408672,David Miller,david.miller614@example.com,+1-719-459-2562,Japan,Unknown,2024-09-11 21:16:52.670844
CUST81467972,Richard Brown,richard.brown961@example.com,+1-409-233-5728,Singapore,Unknown,2024-07-27 21:16:52.670844
CUST01943310,Nancy Williams,nancy.williams189@example.com,+1-900-912-1735,Netherlands,Unknown,2025-07-23 21:16:52.670844
CUST67914375,John Rodriguez,john.rodriguez299@example.com,+1-678-952-2943,Canada,Ottawa,2024-07-23 21:16:52.670844
CUST34377724,Margaret Wilson,margaret.wilson408@example.com,+1-874-304-4338,United States,Phoenix,2026-07-17 21:16:52.670844
CUST30369041,Mark Gonzalez,mark.gonzalez124@example.com,+1-138-958-3979,Italy,Unknown,2025-06-25 21:16:52.670844
CUST07609609,Michelle Rodriguez,michelle.rodriguez568@example.com,+1-581-219-8020,Spain,Unknown,2024-09-12 21:16:52.670844
CUST54125125,Thomas Martin,thomas.martin894@example.com,+1-114-403-7623,United Kingdom,Manchester,2025-12-29 21:16:52.670844
CUST39198274,Emily Walker,emily.walker136@example.com,+1-738-122-2557,United Kingdom,Birmingham,2026-04-24 21:16:52.670844
CUST20010460,Christopher Brown,christopher.brown871@example.com,+1-934-254-1948,Spain,Unknown,2024-12-22 21:16:52.670844
CUST51075838,Barbara Johnson,barbara.johnson37@example.com,+1-162-839-7054,Sweden,Unknown,2026-02-07 21:16:52.670844
CUST76842584,Patricia Taylor,patricia.taylor61@example.com,+1-921-543-7095,South Korea,Unknown,2025-07-17 21:16:52.670844
CUST89682863,James Miller,james.miller924@example.com,+1-181-895-2773,United Kingdom,Glasgow,2025-10-04 21:16:52.670844
CUST14564171,Elizabeth Thompson,elizabeth.thompson98@example.com,+1-767-964-7346,Canada,Calgary,2026-04-29 21:16:52.670844
CUST76558617,Linda Hernandez,linda.hernandez229@example.com,+1-683-307-2167,United States,Los Angeles,2026-02-02 21:16:52.670844
CUST87436857,Susan Williams,susan.williams894@example.com,+1-677-691-9366,United Kingdom,Manchester,2026-02-23 21:16:52.670844
CUST30509108,Joshua Jones,joshua.jones95@example.com,+1-186-737-8800,Mexico,Unknown,2026-07-19 21:16:52.670844
CUST15439965,Elizabeth Rodriguez,elizabeth.rodriguez222@example.com,+1-112-965-5224,Japan,Unknown,2026-05-25 21:16:52.670844
CUST00850114,Anthony Lewis,anthony.lewis213@example.com,+1-305-571-1236,Italy,Unknown,2026-05-14 21:16:52.670844
CUST32401301,Christopher Davis,christopher.davis399@example.com,+1-970-944-2001,Denmark,Unknown,2025-12-17 21:16:52.670844
CUST97079092,Daniel Anderson,daniel.anderson695@example.com,+1-260-530-2428,Netherlands,Unknown,2025-05-05 21:16:52.670844
CUST77188358,Jennifer Miller,jennifer.miller699@example.com,+1-872-212-8307,United States,Phoenix,2025-05-31 21:16:52.670844
CUST96852199,Steven Lee,steven.lee654@example.com,+1-107-510-5475,United Kingdom,Glasgow,2026-01-08 21:16:52.670844
CUST71466011,Elizabeth Rodriguez,elizabeth.rodriguez462@example.com,+1-667-252-1828,Canada,Vancouver,2026-06-28 21:16:52.670844
CUST40883129,Mary Robinson,mary.robinson236@example.com,+1-605-813-9680,United States,Chicago,2025-12-12 21:16:52.670844
CUST95540152,Karen Wilson,karen.wilson358@example.com,+1-986-377-9347,Italy,Unknown,2026-03-08 21:16:52.670844
CUST43141345,Betty Taylor,betty.taylor71@example.com,+1-755-277-3378,Spain,Unknown,2025-11-17 21:16:52.670844
CUST23290266,Margaret Williams,margaret.williams620@example.com,+1-120-432-2777,India,Bangalore,2025-10-24 21:16:52.670844
CUST05220627,Charles Gonzalez,charles.gonzalez232@example.com,+1-919-289-7497,Australia,Brisbane,2026-05-11 21:16:52.670844
CUST84984564,Jennifer Jackson,jennifer.jackson997@example.com,+1-991-913-8045,Spain,Unknown,2026-01-09 21:16:52.670844
CUST12050716,Matthew Perez,matthew.perez127@example.com,+1-902-200-3358,Canada,Calgary,2026-05-02 21:16:52.670844
CUST70004009,Jennifer Rodriguez,jennifer.rodriguez571@example.com,+1-610-422-2702,Denmark,Unknown,2026-06-25 21:16:52.670844
CUST61705436,Daniel Harris,daniel.harris982@example.com,+1-692-826-6792,India,Delhi,2024-07-23 21:16:52.670844
CUST35306722,William Martinez,william.martinez252@example.com,+1-942-763-4575,Brazil,Unknown,2025-11-12 21:16:52.670844
CUST73916753,Andrew Sanchez,andrew.sanchez327@example.com,+1-852-528-4189,United Kingdom,Birmingham,2025-09-15 21:16:52.670844
CUST68006539,Elizabeth Garcia,elizabeth.garcia757@example.com,+1-628-503-4278,Germany,Cologne,2026-07-08 21:16:52.670844
CUST56428318,Donald Thompson,donald.thompson612@example.com,+1-668-508-3188,Sweden,Unknown,2026-05-26 21:16:52.670844
CUST07254229,William Wilson,william.wilson592@example.com,+1-738-829-7005,Denmark,Unknown,2024-07-23 21:16:52.670844
CUST65728340,Matthew Moore,matthew.moore624@example.com,+1-435-659-3921,Spain,Unknown,2025-09-15 21:16:52.670844
CUST05077954,Joseph White,joseph.white31@example.com,+1-512-566-5925,Italy,Unknown,2026-02-27 21:16:52.670844
CUST86913252,Richard Walker,richard.walker538@example.com,+1-590-161-7733,Brazil,Unknown,2025-10-27 21:16:52.670844
CUST21007613,Sandra Wilson,sandra.wilson777@example.com,+1-459-549-3773,Italy,Unknown,2026-05-12 21:16:52.670844
CUST87102533,Paul Smith,paul.smith13@example.com,+1-301-956-8262,Denmark,Unknown,2026-07-03 21:16:52.670844
CUST23131859,Matthew Garcia,matthew.garcia485@example.com,+1-822-945-4388,India,Delhi,2025-11-17 21:16:52.670844
CUST02134346,William Williams,william.williams501@example.com,+1-564-283-6195,Denmark,Unknown,2026-06-19 21:16:52.670844
CUST93371305,Steven Harris,steven.harris408@example.com,+1-351-730-6056,Brazil,Unknown,2026-04-16 21:16:52.670844
CUST05476575,James Taylor,james.taylor862@example.com,+1-490-324-7063,India,Mumbai,2026-06-04 21:16:52.670844
CUST58606445,David Sanchez,david.sanchez517@example.com,+1-842-442-4314,South Korea,Unknown,2025-12-05 21:16:52.670844
CUST10378594,James Clark,james.clark525@example.com,+1-353-300-1331,Mexico,Unknown,2026-04-06 21:16:52.670844
CUST36218517,Anthony Wilson,anthony.wilson957@example.com,+1-188-368-1040,Australia,Perth,2026-07-06 21:16:52.670844
CUST77057953,Emily Wilson,emily.wilson964@example.com,+1-661-828-1567,South Korea,Unknown,2026-06-27 21:16:52.670844
CUST14148300,Joshua Robinson,joshua.robinson305@example.com,+1-322-156-2927,Italy,Unknown,2025-12-29 21:16:52.670844
CUST93550728,Daniel Taylor,daniel.taylor213@example.com,+1-290-606-8942,Brazil,Unknown,2026-04-04 21:16:52.670844
CUST81802960,Lisa Martinez,lisa.martinez685@example.com,+1-232-853-5141,Netherlands,Unknown,2026-07-12 21:16:52.670844
CUST27466407,Jessica Hernandez,jessica.hernandez353@example.com,+1-121-525-4448,Canada,Calgary,2025-12-28 21:16:52.670844
CUST60680923,Elizabeth Ramirez,elizabeth.ramirez154@example.com,+1-495-774-1225,Singapore,Unknown,2026-06-14 21:16:52.670844
CUST55955527,Elizabeth Sanchez,elizabeth.sanchez857@example.com,+1-911-343-8433,Spain,Unknown,2026-05-23 21:16:52.670844
CUST41557431,Patricia Brown,patricia.brown825@example.com,+1-886-675-7782,United States,Phoenix,2026-06-24 21:16:52.670844
CUST89059765,Christopher Gonzalez,christopher.gonzalez826@example.com,+1-746-837-6716,India,Chennai,2025-11-01 21:16:52.670844
CUST02586545,Matthew Smith,matthew.smith212@example.com,+1-432-941-3105,Germany,Berlin,2026-07-03 21:16:52.670844
CUST53542521,Elizabeth Smith,elizabeth.smith453@example.com,+1-424-434-4209,Canada,Calgary,2026-07-04 21:16:52.670844
CUST02110214,Nancy Rodriguez,nancy.rodriguez842@example.com,+1-768-363-2750,United States,Houston,2025-11-06 21:16:52.670844
CUST34677927,Paul Lee,paul.lee117@example.com,+1-473-506-3823,Japan,Unknown,2026-04-09 21:16:52.670844
CUST13686947,Elizabeth Miller,elizabeth.miller710@example.com,+1-817-350-9206,Spain,Unknown,2026-01-20 21:16:52.670844
CUST90203297,Donna Jones,donna.jones7@example.com,+1-136-300-2356,Denmark,Unknown,2026-05-14 21:16:52.670844
CUST60642772,Lisa Lewis,lisa.lewis961@example.com,+1-211-229-9048,Mexico,Unknown,2025-12-09 21:16:52.670844
CUST23428622,Linda Brown,linda.brown783@example.com,+1-906-950-9600,France,Lyon,2026-04-23 21:16:52.670844
CUST55755448,Jennifer Miller,jennifer.miller717@example.com,+1-860-538-7112,France,Toulouse,2025-11-12 21:16:52.670844
CUST65196003,John Wilson,john.wilson459@example.com,+1-918-234-1318,Netherlands,Unknown,2025-09-07 21:16:52.670844
CUST45615790,Ashley Hernandez,ashley.hernandez533@example.com,+1-600-561-1860,Australia,Sydney,2025-10-01 21:16:52.670844
CUST33942949,Matthew Lopez,matthew.lopez134@example.com,+1-798-538-1368,France,Paris,2026-04-10 21:16:52.670844
CUST85295905,Elizabeth Harris,elizabeth.harris26@example.com,+1-249-289-8392,Canada,Montreal,2025-11-18 21:16:52.670844
CUST75223857,Barbara Martinez,barbara.martinez924@example.com,+1-499-181-7211,Australia,Melbourne,2025-09-08 21:16:52.670844
CUST85987283,Joshua Williams,joshua.williams710@example.com,+1-278-907-1793,Australia,Sydney,2025-10-27 21:16:52.670844
CUST84013439,Nancy Williams,nancy.williams92@example.com,+1-424-603-4396,Norway,Unknown,2025-11-04 21:16:52.670844
CUST45803382,Patricia Hernandez,patricia.hernandez110@example.com,+1-891-410-4409,India,Mumbai,2025-11-28 21:16:52.670844
CUST98008557,Donald Rodriguez,donald.rodriguez831@example.com,+1-184-111-1296,Australia,Sydney,2024-11-15 21:16:52.670844
CUST93821097,Charles Gonzalez,charles.gonzalez796@example.com,+1-437-704-1488,Spain,Unknown,2024-09-02 21:16:52.670844
CUST19628255,Kimberly Rodriguez,kimberly.rodriguez94@example.com,+1-547-116-6934,Japan,Unknown,2024-07-23 21:16:52.670844
CUST82252304,Linda Harris,linda.harris858@example.com,+1-727-911-6050,France,Nice,2026-03-21 21:16:52.670844
CUST78258458,Patricia Jackson,patricia.jackson665@example.com,+1-167-927-5801,Spain,Unknown,2026-06-05 21:16:52.670844
CUST03206759,James Harris,james.harris785@example.com,+1-952-820-6285,United States,Phoenix,2026-06-23 21:16:52.670844
CUST88483740,Betty Lee,betty.lee840@example.com,+1-172-742-9684,Netherlands,Unknown,2026-01-01 21:16:52.670844
CUST64616676,Richard Ramirez,richard.ramirez313@example.com,+1-318-146-3047,Norway,Unknown,2024-07-23 21:16:52.670844
CUST48447239,Betty Martinez,betty.martinez50@example.com,+1-719-402-2877,Denmark,Unknown,2026-07-13 21:16:52.670844
CUST09503525,Margaret Sanchez,margaret.sanchez548@example.com,+1-300-598-5737,Mexico,Unknown,2026-05-29 21:16:52.670844
CUST49113642,Thomas Ramirez,thomas.ramirez153@example.com,+1-628-444-5056,Mexico,Unknown,2024-12-16 21:16:52.670844
CUST23542930,Elizabeth Gonzalez,elizabeth.gonzalez665@example.com,+1-135-563-1480,Japan,Unknown,2026-05-24 21:16:52.670844
CUST41179782,Margaret Miller,margaret.miller804@example.com,+1-971-227-9811,Australia,Melbourne,2026-07-03 21:16:52.670844
CUST95406262,Kimberly Ramirez,kimberly.ramirez285@example.com,+1-286-734-4259,Norway,Unknown,2026-05-12 21:16:52.670844
CUST27941188,Elizabeth Sanchez,elizabeth.sanchez667@example.com,+1-690-576-7470,Denmark,Unknown,2026-04-18 21:16:52.670844
CUST71210794,Susan Wilson,susan.wilson161@example.com,+1-821-718-9711,Norway,Unknown,2026-03-08 21:16:52.670844
CUST54391438,Michelle Williams,michelle.williams803@example.com,+1-322-207-4749,United Kingdom,Manchester,2026-06-07 21:16:52.670844
CUST77590531,Jessica Thompson,jessica.thompson272@example.com,+1-999-817-1844,France,Lyon,2026-06-23 21:16:52.670844
CUST51635769,Emily Wilson,emily.wilson64@example.com,+1-679-639-5624,Spain,Unknown,2025-11-01 21:16:52.670844
CUST41877212,Betty White,betty.white387@example.com,+1-765-352-2787,United States,Phoenix,2025-08-16 21:16:52.670844
CUST40969330,Barbara Perez,barbara.perez736@example.com,+1-810-631-2096,Spain,Unknown,2026-06-30 21:16:52.670844
CUST85174666,Andrew Moore,andrew.moore369@example.com,+1-253-341-8252,Spain,Unknown,2026-06-10 21:16:52.670844
CUST69442079,Linda Johnson,linda.johnson487@example.com,+1-763-239-7666,Brazil,Unknown,2026-06-07 21:16:52.670844
CUST69961031,Thomas Jones,thomas.jones366@example.com,+1-373-779-2186,United Kingdom,Birmingham,2025-06-22 21:16:52.670844
CUST55779820,David Moore,david.moore667@example.com,+1-654-392-5201,India,Chennai,2026-06-27 21:16:52.670844
CUST94927943,Betty Thompson,betty.thompson662@example.com,+1-410-845-8487,United Kingdom,Leeds,2024-12-21 21:16:52.670844
CUST50472860,Sarah Rodriguez,sarah.rodriguez882@example.com,+1-677-170-8461,Singapore,Unknown,2026-01-19 21:16:52.670844
CUST86241931,Jennifer Wilson,jennifer.wilson418@example.com,+1-231-708-3954,Singapore,Unknown,2026-04-08 21:16:52.670844
CUST50583691,Robert Clark,robert.clark961@example.com,+1-782-961-1975,Norway,Unknown,2026-04-13 21:16:52.670844
CUST28901510,Betty Ramirez,betty.ramirez795@example.com,+1-191-212-8530,Canada,Toronto,2025-12-30 21:16:52.670844
CUST41268622,Sarah Gonzalez,sarah.gonzalez732@example.com,+1-508-207-6760,South Korea,Unknown,2025-12-19 21:16:52.670844
CUST16296291,Sandra Thomas,sandra.thomas393@example.com,+1-236-657-3213,South Korea,Unknown,2024-07-23 21:16:52.670844
CUST81385265,Linda Jones,linda.jones719@example.com,+1-899-825-1599,Italy,Unknown,2026-07-23 21:16:52.670844
CUST24306288,Donna Martinez,donna.martinez527@example.com,+1-847-886-2450,Mexico,Unknown,2025-10-21 21:16:52.670844
CUST98664751,Christopher White,christopher.white235@example.com,+1-415-289-2595,Canada,Ottawa,2026-05-20 21:16:52.670844
CUST90294685,Karen Jones,karen.jones86@example.com,+1-435-171-2551,South Korea,Unknown,2024-07-23 21:16:52.670844
CUST78254803,Michelle Jackson,michelle.jackson102@example.com,+1-523-463-1036,Netherlands,Unknown,2026-03-31 21:16:52.670844
CUST49212144,Kimberly Rodriguez,kimberly.rodriguez925@example.com,+1-451-501-3128,Brazil,Unknown,2026-06-28 21:16:52.670844
CUST65686428,Matthew Moore,matthew.moore96@example.com,+1-953-633-3675,Canada,Ottawa,2026-06-04 21:16:52.670844
CUST27106154,Nancy Taylor,nancy.taylor277@example.com,+1-205-882-9342,Netherlands,Unknown,2026-04-05 21:16:52.670844
CUST11216170,John Williams,john.williams194@example.com,+1-333-537-5160,India,Delhi,2025-11-10 21:16:52.670844
CUST82788003,Emily Davis,emily.davis110@example.com,+1-487-639-5994,Netherlands,Unknown,2026-03-13 21:16:52.670844
CUST83783236,Thomas Wilson,thomas.wilson76@example.com,+1-737-961-6795,Norway,Unknown,2025-08-12 21:16:52.670844
CUST89920907,Robert Martin,robert.martin575@example.com,+1-972-660-1912,Japan,Unknown,2024-07-23 21:16:52.670844
CUST68433177,David Walker,david.walker313@example.com,+1-202-171-2784,India,Hyderabad,2025-12-12 21:16:52.670844
CUST36070036,John Moore,john.moore417@example.com,+1-895-789-5964,Netherlands,Unknown,2026-06-02 21:16:52.670844
CUST59474536,Joshua Gonzalez,joshua.gonzalez24@example.com,+1-829-367-2879,Sweden,Unknown,2026-05-20 21:16:52.670844
CUST85683121,Lisa Sanchez,lisa.sanchez88@example.com,+1-706-550-8350,United Kingdom,Manchester,2025-12-01 21:16:52.670844
CUST52516954,Jessica Harris,jessica.harris126@example.com,+1-969-950-1892,United States,Phoenix,2025-04-22 21:16:52.670844
CUST71422511,Karen Miller,karen.miller173@example.com,+1-372-923-6137,Singapore,Unknown,2024-07-23 21:16:52.670844
CUST96381493,Daniel Jones,daniel.jones76@example.com,+1-750-973-5155,Australia,Sydney,2026-06-05 21:16:52.670844
CUST33659135,Charles Thomas,charles.thomas615@example.com,+1-597-130-7486,Netherlands,Unknown,2025-01-30 21:16:52.670844
CUST66526625,Lisa Moore,lisa.moore562@example.com,+1-652-322-8467,Netherlands,Unknown,2026-04-30 21:16:52.670844
CUST87806138,David White,david.white177@example.com,+1-732-243-9497,Singapore,Unknown,2025-07-02 21:16:52.670844
CUST07563461,Joshua Martinez,joshua.martinez103@example.com,+1-442-969-9396,South Korea,Unknown,2026-02-05 21:16:52.670844
CUST99719630,Christopher Jackson,christopher.jackson230@example.com,+1-250-191-5353,France,Marseille,2025-09-22 21:16:52.670844
CUST66438509,Thomas Anderson,thomas.anderson463@example.com,+1-554-303-4183,United States,Los Angeles,2025-11-20 21:16:52.670844
CUST07076343,Sarah Anderson,sarah.anderson224@example.com,+1-415-793-8157,France,Paris,2026-03-14 21:16:52.670844
CUST94610598,Linda Sanchez,linda.sanchez585@example.com,+1-998-134-9174,South Korea,Unknown,2026-06-30 21:16:52.670844
CUST27269270,James Williams,james.williams612@example.com,+1-708-514-9016,South Korea,Unknown,2026-04-08 21:16:52.670844
CUST12398641,Sandra Anderson,sandra.anderson735@example.com,+1-498-133-9438,Italy,Unknown,2026-06-19 21:16:52.670844
CUST65552915,Matthew Davis,matthew.davis480@example.com,+1-649-368-2083,Japan,Unknown,2024-12-10 21:16:52.670844
CUST55603940,Barbara Sanchez,barbara.sanchez303@example.com,+1-901-639-4438,Brazil,Unknown,2026-07-21 21:16:52.670844
CUST83901418,Ashley Moore,ashley.moore850@example.com,+1-783-765-7304,United States,New York,2026-01-02 21:16:52.670844
CUST99493859,Patricia Wilson,patricia.wilson13@example.com,+1-877-267-1727,South Korea,Unknown,2026-06-29 21:16:52.670844
CUST36054478,Michelle Jones,michelle.jones717@example.com,+1-742-197-6338,Canada,Ottawa,2026-02-19 21:16:52.670844
CUST62044304,Thomas Gonzalez,thomas.gonzalez445@example.com,+1-957-232-2782,South Korea,Unknown,2025-05-08 21:16:52.670844
CUST30766787,Donald Rodriguez,donald.rodriguez601@example.com,+1-446-868-9964,France,Lyon,2026-03-09 21:16:52.670844
CUST15629366,Mary Martin,mary.martin327@example.com,+1-712-911-8796,South Korea,Unknown,2025-09-17 21:16:52.670844
CUST43898466,Anthony Johnson,anthony.johnson979@example.com,+1-370-951-5237,Sweden,Unknown,2025-12-06 21:16:52.670844
CUST20990418,Christopher Lee,christopher.lee852@example.com,+1-674-508-6696,Italy,Unknown,2024-12-04 21:16:52.670844
CUST85173365,Lisa Davis,lisa.davis465@example.com,+1-915-437-3399,United Kingdom,Birmingham,2025-06-29 21:16:52.670844
CUST19683062,Ashley Davis,ashley.davis930@example.com,+1-725-623-8793,Sweden,Unknown,2025-12-01 21:16:52.670844
CUST98083480,Betty Anderson,betty.anderson931@example.com,+1-812-556-1701,United States,Houston,2025-03-29 21:16:52.670844
CUST85937686,Elizabeth Williams,elizabeth.williams213@example.com,+1-758-872-4830,Germany,Berlin,2025-12-31 21:16:52.670844
CUST99583841,Donna Ramirez,donna.ramirez491@example.com,+1-465-967-1107,United Kingdom,Leeds,2025-11-10 21:16:52.670844
CUST49846351,Donald Johnson,donald.johnson235@example.com,+1-739-870-2138,Denmark,Unknown,2026-07-10 21:16:52.670844
CUST99027428,Thomas White,thomas.white367@example.com,+1-796-543-2345,Netherlands,Unknown,2026-01-23 21:16:52.670844
CUST33819330,Karen Sanchez,karen.sanchez697@example.com,+1-505-807-3751,Mexico,Unknown,2026-04-27 21:16:52.670844
CUST49201827,Margaret Walker,margaret.walker781@example.com,+1-335-983-5479,Sweden,Unknown,2026-03-10 21:16:52.670844
CUST37154165,Kimberly Wilson,kimberly.wilson364@example.com,+1-938-336-2432,United Kingdom,Leeds,2025-10-07 21:16:52.670844
CUST18010455,Andrew Thompson,andrew.thompson341@example.com,+1-237-200-4829,United Kingdom,London,2026-05-05 21:16:52.670844
CUST98924242,Sandra Anderson,sandra.anderson748@example.com,+1-475-443-9977,United Kingdom,Manchester,2026-01-13 21:16:52.670844
CUST32816457,Linda Johnson,linda.johnson792@example.com,+1-594-183-8756,Germany,Cologne,2025-10-18 21:16:52.670844
CUST16730948,Paul Gonzalez,paul.gonzalez370@example.com,+1-304-489-5295,South Korea,Unknown,2026-02-21 21:16:52.670844
CUST29655220,Daniel Moore,daniel.moore466@example.com,+1-426-149-2533,United States,Los Angeles,2026-04-04 21:16:52.670844
CUST50863678,Steven Miller,steven.miller32@example.com,+1-760-501-9990,Australia,Brisbane,2026-02-28 21:16:52.670844
CUST61611291,Paul Clark,paul.clark24@example.com,+1-484-286-9132,Canada,Vancouver,2026-07-16 21:16:52.670844
CUST31739738,Jessica Davis,jessica.davis243@example.com,+1-902-806-6736,Norway,Unknown,2025-12-28 21:16:52.670844
CUST67942480,Sarah Martinez,sarah.martinez828@example.com,+1-430-508-8327,South Korea,Unknown,2026-01-10 21:16:52.670844
CUST00771417,Lisa Brown,lisa.brown54@example.com,+1-429-250-3526,Japan,Unknown,2024-07-23 21:16:52.670844
CUST98755652,Robert Harris,robert.harris455@example.com,+1-627-488-1136,Japan,Unknown,2026-04-30 21:16:52.670844
CUST11792763,Richard Martin,richard.martin739@example.com,+1-733-300-8058,Canada,Montreal,2024-11-21 21:16:52.670844
CUST83963035,Donald Lopez,donald.lopez50@example.com,+1-524-387-5246,Sweden,Unknown,2025-09-03 21:16:52.670844
CUST70985487,Thomas Martin,thomas.martin307@example.com,+1-767-119-6504,France,Nice,2026-05-21 21:16:52.670844
CUST31493503,Matthew Williams,matthew.williams312@example.com,+1-913-675-8344,Mexico,Unknown,2025-07-09 21:16:52.670844
CUST29736807,Betty Anderson,betty.anderson113@example.com,+1-377-510-8079,Italy,Unknown,2026-04-20 21:16:52.670844
CUST74128257,Kimberly Lopez,kimberly.lopez354@example.com,+1-305-910-4710,Denmark,Unknown,2025-03-30 21:16:52.670844
CUST20232331,Nancy Harris,nancy.harris735@example.com,+1-845-130-6822,Germany,Cologne,2025-03-29 21:16:52.670844
CUST94809537,Emily Lopez,emily.lopez695@example.com,+1-795-714-1931,Netherlands,Unknown,2025-07-09 21:16:52.670844
CUST16191260,Ashley Clark,ashley.clark873@example.com,+1-201-771-1661,Mexico,Unknown,2024-10-16 21:16:52.670844
CUST63082801,Steven Jones,steven.jones174@example.com,+1-511-509-8502,Brazil,Unknown,2025-06-30 21:16:52.670844
CUST71913913,David Martin,david.martin354@example.com,+1-879-535-2368,Mexico,Unknown,2025-09-14 21:16:52.670844
CUST65340076,Jessica Ramirez,jessica.ramirez953@example.com,+1-960-105-4227,Mexico,Unknown,2026-03-31 21:16:52.670844
CUST41537553,Daniel Lewis,daniel.lewis690@example.com,+1-501-684-9388,Netherlands,Unknown,2026-03-10 21:16:52.670844
CUST49597082,James Moore,james.moore323@example.com,+1-661-375-7064,Germany,Hamburg,2025-11-30 21:16:52.670844
CUST74212359,Thomas Rodriguez,thomas.rodriguez523@example.com,+1-242-803-8945,Singapore,Unknown,2024-10-22 21:16:52.670844
CUST71651910,Michelle White,michelle.white244@example.com,+1-869-487-2973,South Korea,Unknown,2025-10-21 21:16:52.670844
CUST91086217,Linda Lopez,linda.lopez58@example.com,+1-557-585-6916,Spain,Unknown,2026-05-31 21:16:52.670844
CUST15920382,Mary Lopez,mary.lopez776@example.com,+1-745-526-1353,Germany,Hamburg,2024-07-23 21:16:52.670844
CUST67940319,John Taylor,john.taylor392@example.com,+1-753-819-6244,United Kingdom,Glasgow,2025-03-09 21:16:52.670844
CUST73914264,Barbara Walker,barbara.walker413@example.com,+1-496-750-1959,Singapore,Unknown,2025-06-23 21:16:52.670844
CUST37244954,Michael Thompson,michael.thompson749@example.com,+1-712-128-9178,Canada,Vancouver,2026-03-08 21:16:52.670844
CUST08185479,Charles Brown,charles.brown691@example.com,+1-172-563-1321,Denmark,Unknown,2026-03-14 21:16:52.670844
CUST16538924,Patricia Ramirez,patricia.ramirez564@example.com,+1-479-190-2194,Australia,Sydney,2025-07-07 21:16:52.670844
CUST56589660,James Harris,james.harris503@example.com,+1-762-779-4477,France,Toulouse,2024-07-23 21:16:52.670844
CUST20012930,Margaret Martin,margaret.martin337@example.com,+1-287-560-7689,France,Lyon,2026-04-20 21:16:52.670844
CUST94663335,Susan Williams,susan.williams795@example.com,+1-641-566-5255,Singapore,Unknown,2026-04-18 21:16:52.670844
CUST88654521,Joshua Rodriguez,joshua.rodriguez964@example.com,+1-233-836-7728,France,Lyon,2025-05-07 21:16:52.670844
CUST41273171,Nancy Taylor,nancy.taylor623@example.com,+1-423-180-4984,South Korea,Unknown,2026-02-28 21:16:52.670844
CUST39194407,James Jones,james.jones285@example.com,+1-430-935-8786,United States,New York,2025-12-12 21:16:52.670844
CUST32737071,James Anderson,james.anderson181@example.com,+1-647-665-6119,Sweden,Unknown,2025-11-03 21:16:52.670844
CUST12765948,Charles Moore,charles.moore666@example.com,+1-893-814-6876,Japan,Unknown,2025-08-07 21:16:52.670844
CUST64537086,Paul Johnson,paul.johnson541@example.com,+1-784-840-2155,United States,Los Angeles,2026-01-17 21:16:52.670844
CUST75025062,Karen Moore,karen.moore968@example.com,+1-456-431-8560,Sweden,Unknown,2026-07-22 21:16:52.670844
CUST33627838,Nancy Thomas,nancy.thomas286@example.com,+1-694-648-4885,Brazil,Unknown,2026-05-15 21:16:52.670844
CUST56320131,Sarah Lopez,sarah.lopez77@example.com,+1-213-713-9922,United Kingdom,Birmingham,2025-08-14 21:16:52.670844
CUST89058584,Elizabeth Taylor,elizabeth.taylor23@example.com,+1-382-219-1692,Sweden,Unknown,2024-07-23 21:16:52.670844
CUST25771748,Paul Sanchez,paul.sanchez692@example.com,+1-864-680-2150,United States,Los Angeles,2026-04-14 21:16:52.670844
CUST66593725,Donald Lopez,donald.lopez608@example.com,+1-680-233-8344,Brazil,Unknown,2025-12-04 21:16:52.670844
CUST76091700,Robert White,robert.white366@example.com,+1-146-180-1868,Singapore,Unknown,2026-05-20 21:16:52.670844
CUST69808908,Michelle Robinson,michelle.robinson745@example.com,+1-962-184-5678,Italy,Unknown,2025-12-17 21:16:52.670844
CUST77936008,Jessica Hernandez,jessica.hernandez136@example.com,+1-838-662-7642,India,Mumbai,2026-05-08 21:16:52.670844
CUST99697684,Robert Thompson,robert.thompson665@example.com,+1-433-174-5069,Spain,Unknown,2026-07-03 21:16:52.670844
CUST33686216,David Jones,david.jones655@example.com,+1-939-935-5536,Singapore,Unknown,2024-12-22 21:16:52.670844
CUST32777281,Michael Smith,michael.smith75@example.com,+1-738-654-6785,Spain,Unknown,2026-04-15 21:16:52.670844
CUST11848587,Margaret Perez,margaret.perez348@example.com,+1-741-256-8849,Sweden,Unknown,2025-10-14 21:16:52.670844
CUST25990653,Andrew Gonzalez,andrew.gonzalez479@example.com,+1-538-336-4058,Canada,Vancouver,2026-03-01 21:16:52.670844
CUST41641655,Elizabeth Sanchez,elizabeth.sanchez284@example.com,+1-590-878-7817,Italy,Unknown,2025-07-25 21:16:52.670844
CUST83613042,Susan Gonzalez,susan.gonzalez283@example.com,+1-517-106-5332,Singapore,Unknown,2026-05-16 21:16:52.670844
CUST98707275,Betty Jackson,betty.jackson917@example.com,+1-189-426-3690,France,Toulouse,2025-12-02 21:16:52.670844
CUST79550599,Barbara Martin,barbara.martin178@example.com,+1-937-838-1690,Japan,Unknown,2024-09-23 21:16:52.670844
CUST94739672,Donna Walker,donna.walker634@example.com,+1-365-332-8897,Netherlands,Unknown,2025-01-28 21:16:52.670844
CUST31055937,Steven Wilson,steven.wilson85@example.com,+1-158-230-9142,United Kingdom,Glasgow,2026-05-07 21:16:52.670844
CUST84969271,Barbara Perez,barbara.perez912@example.com,+1-916-506-6087,Singapore,Unknown,2025-09-19 21:16:52.670844
CUST01455700,Margaret Thompson,margaret.thompson693@example.com,+1-244-313-5113,United States,Chicago,2026-03-31 21:16:52.670844
CUST45580715,Michelle Perez,michelle.perez149@example.com,+1-495-120-1240,France,Marseille,2026-04-19 21:16:52.670844
CUST76026174,Kimberly Rodriguez,kimberly.rodriguez923@example.com,+1-884-464-9628,Canada,Toronto,2025-11-17 21:16:52.670844
CUST26990133,Donna Anderson,donna.anderson203@example.com,+1-908-636-9509,Denmark,Unknown,2025-11-06 21:16:52.670844
CUST88504061,Sarah Smith,sarah.smith853@example.com,+1-370-285-2836,Italy,Unknown,2026-03-27 21:16:52.670844
CUST99458344,John Smith,john.smith713@example.com,+1-201-610-1612,Netherlands,Unknown,2024-08-10 21:16:52.670844
CUST42767304,Susan Robinson,susan.robinson276@example.com,+1-232-744-2837,Denmark,Unknown,2025-04-16 21:16:52.670844
CUST68135044,Lisa Thomas,lisa.thomas698@example.com,+1-925-602-9236,Japan,Unknown,2026-07-05 21:16:52.670844
CUST83185792,Patricia Taylor,patricia.taylor593@example.com,+1-245-756-1442,Australia,Adelaide,2026-03-17 21:16:52.670844
CUST56295622,Thomas Thompson,thomas.thompson346@example.com,+1-345-913-8390,Netherlands,Unknown,2026-04-04 21:16:52.670844
CUST10906535,Sarah Moore,sarah.moore145@example.com,+1-362-214-6450,Canada,Vancouver,2026-06-03 21:16:52.670844
CUST60499207,John Brown,john.brown489@example.com,+1-456-590-5010,Norway,Unknown,2025-03-20 21:16:52.670844
CUST36993087,Donna Walker,donna.walker272@example.com,+1-762-526-3853,France,Paris,2026-05-30 21:16:52.670844
CUST93515941,Kimberly Jackson,kimberly.jackson676@example.com,+1-388-656-9987,United Kingdom,Manchester,2024-07-23 21:16:52.670844
CUST85661319,Michelle Walker,michelle.walker463@example.com,+1-667-529-8803,Netherlands,Unknown,2025-03-07 21:16:52.670844
CUST29655136,Sandra Anderson,sandra.anderson644@example.com,+1-946-456-3159,United Kingdom,Leeds,2025-04-25 21:16:52.670844
CUST76802378,Jessica Miller,jessica.miller22@example.com,+1-592-173-4759,Norway,Unknown,2024-12-04 21:16:52.670844
CUST84185934,James Clark,james.clark860@example.com,+1-795-466-4847,Singapore,Unknown,2025-08-11 21:16:52.670844
CUST02828023,Andrew Thompson,andrew.thompson511@example.com,+1-727-457-3418,United Kingdom,Leeds,2026-03-20 21:16:52.670844
CUST74625190,Patricia Lopez,patricia.lopez429@example.com,+1-304-474-2158,Netherlands,Unknown,2026-01-23 21:16:52.670844
CUST70700137,Steven Gonzalez,steven.gonzalez641@example.com,+1-921-643-1614,France,Marseille,2026-04-29 21:16:52.670844
CUST65639573,Paul Wilson,paul.wilson810@example.com,+1-204-823-2688,Canada,Ottawa,2026-01-20 21:16:52.670844
CUST65814728,Lisa Wilson,lisa.wilson695@example.com,+1-223-260-2645,United Kingdom,London,2026-01-11 21:16:52.670844
CUST18848482,Paul Garcia,paul.garcia468@example.com,+1-818-600-1937,Japan,Unknown,2026-03-13 21:16:52.670844
CUST77509325,Sandra Jones,sandra.jones530@example.com,+1-270-490-4450,Singapore,Unknown,2025-12-23 21:16:52.670844
CUST14225598,Jessica Taylor,jessica.taylor732@example.com,+1-544-909-8895,Spain,Unknown,2025-08-31 21:16:52.670844
CUST79305549,Ashley Harris,ashley.harris898@example.com,+1-989-378-7771,Germany,Hamburg,2025-10-02 21:16:52.670844
CUST77827417,Nancy Rodriguez,nancy.rodriguez805@example.com,+1-438-445-3555,France,Toulouse,2024-07-23 21:16:52.670844
CUST98201925,Jessica Johnson,jessica.johnson321@example.com,+1-858-147-2805,Denmark,Unknown,2026-01-21 21:16:52.670844
CUST48925435,Matthew Brown,matthew.brown128@example.com,+1-709-474-3452,Australia,Perth,2026-05-01 21:16:52.670844
CUST73464319,Susan Thompson,susan.thompson934@example.com,+1-842-912-4800,Brazil,Unknown,2026-03-29 21:16:52.670844
CUST20563063,Elizabeth Sanchez,elizabeth.sanchez516@example.com,+1-418-224-8408,United Kingdom,Leeds,2026-05-31 21:16:52.670844
CUST00310502,Emily Williams,emily.williams14@example.com,+1-709-540-6512,India,Delhi,2026-07-15 21:16:52.670844
CUST93323510,Mark Rodriguez,mark.rodriguez26@example.com,+1-698-343-8489,United Kingdom,Manchester,2025-07-27 21:16:52.670844
CUST85210702,Sandra Ramirez,sandra.ramirez922@example.com,+1-795-618-6907,France,Toulouse,2025-10-13 21:16:52.670844
CUST32797459,Mark Hernandez,mark.hernandez267@example.com,+1-950-391-6915,United States,Houston,2026-05-13 21:16:52.670844
CUST77554356,Lisa Lopez,lisa.lopez856@example.com,+1-557-176-5582,Mexico,Unknown,2026-07-17 21:16:52.670844
CUST59052185,David Brown,david.brown985@example.com,+1-539-741-8712,Japan,Unknown,2026-06-16 21:16:52.670844
CUST38891356,Karen Brown,karen.brown30@example.com,+1-604-246-7951,United Kingdom,Glasgow,2026-05-08 21:16:52.670844
CUST22560668,Matthew Lopez,matthew.lopez676@example.com,+1-599-133-2981,South Korea,Unknown,2025-11-26 21:16:52.670844
CUST32388235,Jessica Moore,jessica.moore6@example.com,+1-454-869-6255,Germany,Hamburg,2025-09-06 21:16:52.670844
CUST96255266,Nancy Walker,nancy.walker560@example.com,+1-228-510-6741,Norway,Unknown,2026-06-24 21:16:52.670844
CUST93015870,Christopher Thompson,christopher.thompson58@example.com,+1-997-609-7241,Australia,Brisbane,2025-12-21 21:16:52.670844
CUST51298174,Karen Perez,karen.perez392@example.com,+1-264-219-1453,Mexico,Unknown,2026-04-25 21:16:52.670844
CUST55867397,Patricia Johnson,patricia.johnson66@example.com,+1-304-604-6628,Australia,Sydney,2026-06-03 21:16:52.670844
CUST29814761,Sarah Clark,sarah.clark373@example.com,+1-243-431-5287,Australia,Sydney,2026-07-10 21:16:52.670844
CUST25302446,Joshua Miller,joshua.miller691@example.com,+1-542-155-8408,Brazil,Unknown,2026-02-05 21:16:52.670844
CUST98033688,Linda Smith,linda.smith802@example.com,+1-357-650-5235,France,Marseille,2026-07-04 21:16:52.670844
CUST60330467,Sarah Jackson,sarah.jackson801@example.com,+1-994-186-3141,Denmark,Unknown,2025-07-07 21:16:52.670844
CUST11443705,Matthew Walker,matthew.walker690@example.com,+1-127-833-5194,Norway,Unknown,2025-09-08 21:16:52.670844
CUST11799993,Linda Moore,linda.moore508@example.com,+1-911-632-2659,Netherlands,Unknown,2026-04-14 21:16:52.670844
CUST84533145,Mary Jones,mary.jones587@example.com,+1-708-799-7567,Italy,Unknown,2026-04-01 21:16:52.670844
CUST99667226,Donald Perez,donald.perez490@example.com,+1-299-446-6747,Sweden,Unknown,2024-07-23 21:16:52.670844
CUST80705780,William Brown,william.brown415@example.com,+1-819-758-2844,Japan,Unknown,2025-11-26 21:16:52.670844
CUST36397663,Thomas Taylor,thomas.taylor619@example.com,+1-871-798-8247,Netherlands,Unknown,2024-07-23 21:16:52.670844
CUST47540296,Kimberly Thomas,kimberly.thomas638@example.com,+1-226-801-6177,Norway,Unknown,2026-05-13 21:16:52.670844
CUST86204363,Patricia Jackson,patricia.jackson592@example.com,+1-582-296-7617,Denmark,Unknown,2026-03-25 21:16:52.670844
CUST95496819,Sarah Smith,sarah.smith522@example.com,+1-891-420-3106,United Kingdom,London,2025-04-09 21:16:52.670844
CUST38054313,Joseph Moore,joseph.moore500@example.com,+1-885-999-8772,Netherlands,Unknown,2026-03-07 21:16:52.670844
CUST59802922,Nancy Lee,nancy.lee412@example.com,+1-793-509-3547,Netherlands,Unknown,2025-03-30 21:16:52.670844
CUST66161745,James Garcia,james.garcia830@example.com,+1-832-100-8920,Spain,Unknown,2026-06-21 21:16:52.670844
CUST18860288,Christopher Ramirez,christopher.ramirez966@example.com,+1-713-817-2832,South Korea,Unknown,2025-02-01 21:16:52.670844
CUST95819240,Linda Williams,linda.williams18@example.com,+1-803-578-6605,Singapore,Unknown,2025-03-14 21:16:52.670844
CUST87287421,Kimberly Garcia,kimberly.garcia263@example.com,+1-835-377-7804,United Kingdom,Glasgow,2026-02-09 21:16:52.670844
CUST74847582,Steven Harris,steven.harris543@example.com,+1-175-725-8543,United Kingdom,Leeds,2025-02-26 21:16:52.670844
CUST97931233,Karen Jones,karen.jones736@example.com,+1-648-960-3505,Australia,Brisbane,2026-05-15 21:16:52.670844
CUST26852331,John Harris,john.harris508@example.com,+1-808-705-2159,Brazil,Unknown,2025-10-24 21:16:52.670844
CUST25189890,Christopher Clark,christopher.clark925@example.com,+1-276-114-9988,Sweden,Unknown,2026-04-15 21:16:52.670844
CUST82280831,Joseph Brown,joseph.brown796@example.com,+1-143-466-2125,Italy,Unknown,2026-05-29 21:16:52.670844
CUST19882005,Susan Perez,susan.perez665@example.com,+1-652-972-6868,Italy,Unknown,2026-01-05 21:16:52.670844
CUST89537203,William Perez,william.perez774@example.com,+1-956-811-1293,Norway,Unknown,2026-01-22 21:16:52.670844
CUST16345869,John Thompson,john.thompson284@example.com,+1-606-883-9859,Brazil,Unknown,2026-03-17 21:16:52.670844
CUST70686437,Michael Thompson,michael.thompson189@example.com,+1-619-570-5248,Denmark,Unknown,2025-08-06 21:16:52.670844
CUST57251930,Betty Martin,betty.martin475@example.com,+1-337-866-2025,Netherlands,Unknown,2026-05-23 21:16:52.670844
CUST66095954,Robert Garcia,robert.garcia207@example.com,+1-895-481-4365,Canada,Ottawa,2025-12-16 21:16:52.670844
CUST65289657,Richard Lee,richard.lee606@example.com,+1-932-306-7294,Norway,Unknown,2025-11-08 21:16:52.670844
CUST10108302,Donna Garcia,donna.garcia261@example.com,+1-135-227-5851,Sweden,Unknown,2025-12-08 21:16:52.670844
CUST74114648,Patricia Taylor,patricia.taylor303@example.com,+1-890-946-8209,United Kingdom,Glasgow,2026-03-03 21:16:52.670844
CUST15217651,Barbara Davis,barbara.davis410@example.com,+1-467-114-1851,France,Nice,2026-05-31 21:16:52.670844
CUST11353088,Barbara Clark,barbara.clark26@example.com,+1-186-810-1811,Sweden,Unknown,2026-03-22 21:16:52.670844
CUST89377797,Ashley Ramirez,ashley.ramirez8@example.com,+1-914-120-1578,United States,Houston,2026-07-14 21:16:52.670844
CUST92570989,Michelle Rodriguez,michelle.rodriguez393@example.com,+1-230-694-6490,Sweden,Unknown,2026-01-06 21:16:52.670844
CUST48628554,Joshua Ramirez,joshua.ramirez689@example.com,+1-454-692-5433,Australia,Perth,2026-07-17 21:16:52.670844
CUST46035255,Daniel Rodriguez,daniel.rodriguez860@example.com,+1-473-501-8339,France,Toulouse,2026-05-20 21:16:52.670844
CUST11168703,David Jones,david.jones214@example.com,+1-512-310-6199,India,Mumbai,2026-07-13 21:16:52.670844
CUST10402412,Michael Lee,michael.lee918@example.com,+1-652-246-7798,India,Delhi,2026-05-17 21:16:52.670844
CUST95196148,Sarah Miller,sarah.miller901@example.com,+1-431-559-4057,Australia,Adelaide,2024-07-23 21:16:52.670844
CUST42305114,Ashley Rodriguez,ashley.rodriguez528@example.com,+1-154-957-5023,Spain,Unknown,2026-01-28 21:16:52.670844
CUST76735379,Steven Ramirez,steven.ramirez669@example.com,+1-395-255-7207,France,Marseille,2026-07-01 21:16:52.670844
CUST87184745,Andrew White,andrew.white776@example.com,+1-319-448-3688,Japan,Unknown,2024-07-23 21:16:52.670844
CUST51796430,Andrew Davis,andrew.davis916@example.com,+1-170-971-3972,France,Paris,2026-02-26 21:16:52.670844
CUST83647465,Barbara Lee,barbara.lee788@example.com,+1-860-737-6732,Japan,Unknown,2026-01-22 21:16:52.670844
CUST82423757,Richard Wilson,richard.wilson391@example.com,+1-495-249-8510,Australia,Brisbane,2025-11-07 21:16:52.670844
CUST01739917,Steven Gonzalez,steven.gonzalez595@example.com,+1-928-409-6148,Netherlands,Unknown,2025-09-20 21:16:52.670844
CUST54497537,Donald Taylor,donald.taylor201@example.com,+1-539-233-5873,Netherlands,Unknown,2025-09-05 21:16:52.670844
CUST46013044,Margaret Davis,margaret.davis612@example.com,+1-510-612-6335,Brazil,Unknown,2026-03-04 21:16:52.670844
CUST09727741,Christopher Sanchez,christopher.sanchez321@example.com,+1-798-437-2523,Denmark,Unknown,2026-05-06 21:16:52.670844
CUST86986165,Betty Smith,betty.smith67@example.com,+1-164-252-4614,Netherlands,Unknown,2026-06-20 21:16:52.670844
CUST24224782,Patricia Jackson,patricia.jackson53@example.com,+1-112-464-5428,Singapore,Unknown,2026-05-22 21:16:52.670844
CUST31480902,James Martinez,james.martinez493@example.com,+1-452-837-3214,Norway,Unknown,2025-04-28 21:16:52.670844
CUST56959008,Mary Ramirez,mary.ramirez358@example.com,+1-778-131-4440,United Kingdom,Glasgow,2025-07-13 21:16:52.670844
CUST29775654,Andrew Lee,andrew.lee657@example.com,+1-480-303-7873,Spain,Unknown,2025-04-30 21:16:52.670844
CUST10738274,Jennifer Rodriguez,jennifer.rodriguez492@example.com,+1-151-366-9222,Mexico,Unknown,2025-10-22 21:16:52.670844
CUST03626437,Christopher Martinez,christopher.martinez734@example.com,+1-939-349-6612,Norway,Unknown,2024-07-23 21:16:52.670844
CUST33162559,James Walker,james.walker557@example.com,+1-707-953-2198,Mexico,Unknown,2024-09-28 21:16:52.670844
CUST04790005,Joshua Miller,joshua.miller911@example.com,+1-319-919-5632,Sweden,Unknown,2025-06-24 21:16:52.670844
CUST40408062,Ashley Brown,ashley.brown960@example.com,+1-457-678-3108,Denmark,Unknown,2025-08-16 21:16:52.670844
CUST29913037,Thomas Lee,thomas.lee861@example.com,+1-191-953-6251,Mexico,Unknown,2026-05-25 21:16:52.670844
CUST83621905,Karen Anderson,karen.anderson353@example.com,+1-561-977-2389,Norway,Unknown,2024-09-04 21:16:52.670844
CUST64411815,Linda Lee,linda.lee838@example.com,+1-873-737-8953,Germany,Cologne,2026-04-26 21:16:52.670844
CUST75352099,Joshua Clark,joshua.clark145@example.com,+1-515-333-2947,Sweden,Unknown,2025-09-23 21:16:52.670844
CUST66915742,Jessica Taylor,jessica.taylor410@example.com,+1-567-447-7399,Mexico,Unknown,2026-04-10 21:16:52.670844
CUST43450488,Linda Lewis,linda.lewis691@example.com,+1-682-283-2243,United States,New York,2025-04-19 21:16:52.670844
CUST49325395,Elizabeth Thompson,elizabeth.thompson260@example.com,+1-992-729-5988,India,Hyderabad,2026-05-13 21:16:52.670844
CUST01359885,Christopher Jackson,christopher.jackson555@example.com,+1-771-767-8262,Japan,Unknown,2025-06-27 21:16:52.670844
CUST14394548,Joseph Miller,joseph.miller114@example.com,+1-749-698-1618,United States,Phoenix,2026-05-19 21:16:52.670844
CUST00895254,Sarah Clark,sarah.clark943@example.com,+1-887-926-9977,Japan,Unknown,2025-09-13 21:16:52.670844
CUST10901914,Emily Taylor,emily.taylor234@example.com,+1-567-158-8940,Norway,Unknown,2026-02-15 21:16:52.670844
CUST17314841,Margaret Ramirez,margaret.ramirez475@example.com,+1-936-932-9532,Italy,Unknown,2026-07-16 21:16:52.670844
CUST15854540,John Clark,john.clark847@example.com,+1-568-316-2545,Norway,Unknown,2026-05-17 21:16:52.670844
CUST82964992,Nancy Robinson,nancy.robinson308@example.com,+1-982-293-4437,India,Delhi,2026-07-04 21:16:52.670844
CUST81732805,Robert Perez,robert.perez777@example.com,+1-276-689-3419,South Korea,Unknown,2026-03-28 21:16:52.670844
CUST00830975,Lisa Clark,lisa.clark190@example.com,+1-966-394-6726,United States,Houston,2024-10-11 21:16:52.670844
CUST64975493,Anthony Johnson,anthony.johnson540@example.com,+1-261-965-4065,Mexico,Unknown,2025-10-29 21:16:52.670844
CUST55846366,Sandra Perez,sandra.perez931@example.com,+1-225-226-3839,Norway,Unknown,2025-08-29 21:16:52.670844
CUST16027099,Patricia Williams,patricia.williams325@example.com,+1-732-114-3953,South Korea,Unknown,2026-06-23 21:16:52.670844
CUST41320102,Donna Moore,donna.moore754@example.com,+1-807-806-8218,Italy,Unknown,2025-11-02 21:16:52.670844
CUST04776022,John Garcia,john.garcia954@example.com,+1-835-239-4942,India,Bangalore,2025-02-25 21:16:52.670844
CUST51500286,Mary Miller,mary.miller744@example.com,+1-516-836-5583,Japan,Unknown,2025-10-07 21:16:52.670844
CUST39293623,Daniel Rodriguez,daniel.rodriguez651@example.com,+1-262-180-7351,United Kingdom,Birmingham,2026-01-25 21:16:52.670844
CUST12103705,Daniel Sanchez,daniel.sanchez220@example.com,+1-520-723-4389,United States,Houston,2026-05-27 21:16:52.670844
CUST91396401,Lisa Jones,lisa.jones962@example.com,+1-486-188-1758,India,Hyderabad,2025-08-14 21:16:52.670844
CUST60812228,Paul Jackson,paul.jackson257@example.com,+1-823-542-9054,India,Delhi,2025-06-14 21:16:52.670844
CUST16727720,Karen Rodriguez,karen.rodriguez545@example.com,+1-730-682-9015,Denmark,Unknown,2026-06-05 21:16:52.670844
CUST67333500,Susan Ramirez,susan.ramirez603@example.com,+1-540-520-1011,Sweden,Unknown,2024-12-14 21:16:52.670844
CUST33336754,Mary Hernandez,mary.hernandez265@example.com,+1-685-565-7420,Australia,Sydney,2026-05-30 21:16:52.670844
CUST74467298,Michelle Garcia,michelle.garcia72@example.com,+1-985-591-3514,Singapore,Unknown,2024-07-23 21:16:52.670844
CUST35877937,Donna Gonzalez,donna.gonzalez228@example.com,+1-591-653-6856,France,Lyon,2026-07-10 21:16:52.670844
CUST02912133,Mary Perez,mary.perez885@example.com,+1-555-589-4949,Mexico,Unknown,2025-07-24 21:16:52.670844
CUST33153592,Jessica Taylor,jessica.taylor716@example.com,+1-641-912-6325,Denmark,Unknown,2026-01-31 21:16:52.670844
CUST97561854,Thomas Williams,thomas.williams156@example.com,+1-433-464-6719,Australia,Perth,2025-12-28 21:16:52.670844
CUST81476807,James Garcia,james.garcia335@example.com,+1-634-913-7659,Spain,Unknown,2024-07-23 21:16:52.670844
CUST81139253,Margaret Clark,margaret.clark627@example.com,+1-242-214-1273,Australia,Melbourne,2026-02-12 21:16:52.670844
CUST67622446,Karen Rodriguez,karen.rodriguez959@example.com,+1-919-763-4449,South Korea,Unknown,2025-10-07 21:16:52.670844
CUST76402271,Nancy White,nancy.white503@example.com,+1-710-210-8431,United Kingdom,London,2026-07-03 21:16:52.670844
CUST18265808,Lisa Wilson,lisa.wilson515@example.com,+1-244-665-7068,Italy,Unknown,2026-04-03 21:16:52.670844
CUST31847322,Joshua Walker,joshua.walker212@example.com,+1-425-767-5022,Germany,Munich,2025-10-18 21:16:52.670844
CUST69752798,James Davis,james.davis954@example.com,+1-923-456-6459,Mexico,Unknown,2026-06-15 21:16:52.670844
CUST84129228,Michael Perez,michael.perez377@example.com,+1-144-678-5339,Germany,Berlin,2026-07-20 21:16:52.670844
CUST78312369,Karen Jones,karen.jones811@example.com,+1-243-772-5384,Australia,Brisbane,2026-06-23 21:16:52.670844
CUST05757305,Charles Lewis,charles.lewis731@example.com,+1-841-740-6457,Australia,Sydney,2026-06-08 21:16:52.670844
CUST04052361,Thomas Jackson,thomas.jackson249@example.com,+1-392-834-9402,India,Chennai,2025-01-02 21:16:52.670844
CUST97616105,Richard Anderson,richard.anderson454@example.com,+1-701-924-3017,United Kingdom,Leeds,2025-08-19 21:16:52.670844
CUST92166127,Joseph Clark,joseph.clark999@example.com,+1-585-316-8741,Denmark,Unknown,2026-07-12 21:16:52.670844
CUST26451084,Joseph Thomas,joseph.thomas369@example.com,+1-904-675-8311,India,Hyderabad,2025-01-16 21:16:52.670844
CUST99606411,Mary Walker,mary.walker979@example.com,+1-496-848-9652,Italy,Unknown,2026-04-29 21:16:52.670844
CUST28603781,Joshua Smith,joshua.smith720@example.com,+1-315-491-3651,Japan,Unknown,2025-08-24 21:16:52.670844
CUST14920019,Karen Smith,karen.smith504@example.com,+1-605-538-7860,Mexico,Unknown,2026-03-29 21:16:52.670844
CUST03381871,Michelle Lee,michelle.lee434@example.com,+1-928-777-5669,Norway,Unknown,2026-04-24 21:16:52.670844
CUST68740079,Mary Thompson,mary.thompson878@example.com,+1-317-487-9350,Japan,Unknown,2026-04-01 21:16:52.670844
CUST42349241,Elizabeth Miller,elizabeth.miller412@example.com,+1-239-755-3580,Australia,Brisbane,2025-10-27 21:16:52.670844
CUST41066222,James Jackson,james.jackson739@example.com,+1-877-200-3751,Australia,Adelaide,2025-09-01 21:16:52.670844
CUST11137048,Elizabeth Brown,elizabeth.brown543@example.com,+1-849-987-5116,India,Bangalore,2025-02-20 21:16:52.670844
CUST56858121,John Hernandez,john.hernandez980@example.com,+1-723-118-7541,Italy,Unknown,2026-07-03 21:16:52.670844
CUST37269263,Matthew Perez,matthew.perez83@example.com,+1-169-990-1035,United Kingdom,Glasgow,2025-02-13 21:16:52.670844
CUST61695044,Ashley Garcia,ashley.garcia789@example.com,+1-337-664-7779,Italy,Unknown,2026-02-17 21:16:52.670844
CUST27738929,Andrew Ramirez,andrew.ramirez67@example.com,+1-221-978-7225,Brazil,Unknown,2025-10-02 21:16:52.670844
CUST93463348,Margaret Martin,margaret.martin733@example.com,+1-830-279-1341,Sweden,Unknown,2024-12-30 21:16:52.670844
CUST60023779,John Anderson,john.anderson67@example.com,+1-991-609-7000,Mexico,Unknown,2024-07-23 21:16:52.670844
CUST69682785,Joshua Ramirez,joshua.ramirez903@example.com,+1-653-347-3932,France,Paris,2026-04-14 21:16:52.670844
CUST23667793,Elizabeth Wilson,elizabeth.wilson76@example.com,+1-207-314-1069,Germany,Frankfurt,2025-01-23 21:16:52.670844
CUST24653720,Daniel Smith,daniel.smith816@example.com,+1-866-996-6171,Mexico,Unknown,2026-04-05 21:16:52.670844
CUST33075421,Joseph Robinson,joseph.robinson936@example.com,+1-241-169-4486,Spain,Unknown,2025-09-20 21:16:52.670844
CUST25078509,Elizabeth Perez,elizabeth.perez773@example.com,+1-709-492-9754,Japan,Unknown,2025-02-11 21:16:52.670844
CUST45505291,Sandra Thompson,sandra.thompson276@example.com,+1-829-711-7127,Sweden,Unknown,2026-07-14 21:16:52.670844
CUST98794930,James Jones,james.jones79@example.com,+1-695-714-1303,Norway,Unknown,2025-02-03 21:16:52.670844
CUST93984198,Jessica Harris,jessica.harris614@example.com,+1-175-391-5389,United Kingdom,London,2025-05-11 21:16:52.670844
CUST91305223,Thomas Miller,thomas.miller395@example.com,+1-771-797-8225,Norway,Unknown,2026-06-11 21:16:52.670844
CUST07453419,William Davis,william.davis855@example.com,+1-827-608-6822,United Kingdom,Birmingham,2026-02-09 21:16:52.670844
CUST00123583,Joseph Lee,joseph.lee42@example.com,+1-289-663-3267,Japan,Unknown,2025-11-09 21:16:52.670844
CUST16754027,Mary Walker,mary.walker657@example.com,+1-624-799-2275,Australia,Brisbane,2026-07-18 21:16:52.670844
CUST81544521,Ashley Jackson,ashley.jackson180@example.com,+1-408-618-7683,Sweden,Unknown,2026-06-21 21:16:52.670844
CUST85020237,Mary Davis,mary.davis300@example.com,+1-134-643-4136,Brazil,Unknown,2026-07-08 21:16:52.670844
CUST39046652,Ashley Gonzalez,ashley.gonzalez991@example.com,+1-322-956-5157,India,Mumbai,2026-07-12 21:16:52.670844
CUST76882400,Matthew Wilson,matthew.wilson770@example.com,+1-302-412-7336,Brazil,Unknown,2026-02-28 21:16:52.670844
CUST10982843,David White,david.white208@example.com,+1-812-680-6093,Japan,Unknown,2026-03-23 21:16:52.670844
CUST88750995,Betty Moore,betty.moore395@example.com,+1-128-242-7599,Singapore,Unknown,2026-05-10 21:16:52.670844
CUST28774981,Margaret Sanchez,margaret.sanchez769@example.com,+1-630-944-1550,South Korea,Unknown,2025-10-07 21:16:52.670844
CUST74162245,William Walker,william.walker652@example.com,+1-507-835-4264,Norway,Unknown,2026-06-27 21:16:52.670844
CUST36539833,Mark Jackson,mark.jackson190@example.com,+1-822-123-5607,France,Marseille,2026-07-01 21:16:52.670844
CUST63519190,Joseph Jackson,joseph.jackson236@example.com,+1-870-429-6366,Australia,Melbourne,2026-04-17 21:16:52.670844
CUST30237658,Ashley Perez,ashley.perez390@example.com,+1-273-949-8271,Norway,Unknown,2026-04-28 21:16:52.670844
CUST44377046,Lisa Rodriguez,lisa.rodriguez948@example.com,+1-825-357-4195,Brazil,Unknown,2026-06-09 21:16:52.670844
CUST81348749,Emily Jackson,emily.jackson595@example.com,+1-830-727-5214,Australia,Brisbane,2026-05-12 21:16:52.670844
CUST22044447,Sandra Miller,sandra.miller313@example.com,+1-948-707-8570,United Kingdom,Glasgow,2026-04-03 21:16:52.670844
CUST71741186,Jessica Rodriguez,jessica.rodriguez574@example.com,+1-883-894-8223,Mexico,Unknown,2025-08-17 21:16:52.670844
CUST51233546,Mark Miller,mark.miller5@example.com,+1-732-661-5489,India,Chennai,2026-03-25 21:16:52.670844
CUST94284874,Joseph Thomas,joseph.thomas839@example.com,+1-647-415-5204,India,Hyderabad,2026-03-28 21:16:52.670844
CUST53883176,Michael Smith,michael.smith52@example.com,+1-777-755-4985,Canada,Calgary,2026-04-09 21:16:52.670844
CUST30656982,James Ramirez,james.ramirez260@example.com,+1-869-301-1427,Mexico,Unknown,2026-01-28 21:16:52.670844
CUST56577633,Susan Harris,susan.harris114@example.com,+1-198-852-4423,Germany,Hamburg,2026-05-19 21:16:52.670844
CUST35863724,James White,james.white923@example.com,+1-337-794-4736,Spain,Unknown,2025-10-27 21:16:52.670844
CUST86442018,David Taylor,david.taylor136@example.com,+1-116-318-2301,France,Lyon,2024-12-03 21:16:52.670844
CUST19854510,Christopher Lopez,christopher.lopez8@example.com,+1-421-864-5245,Germany,Frankfurt,2026-05-26 21:16:52.670844
CUST26191767,Michael Smith,michael.smith367@example.com,+1-604-877-7546,Singapore,Unknown,2025-11-07 21:16:52.670844
CUST74675164,Lisa Brown,lisa.brown993@example.com,+1-939-107-2941,Australia,Sydney,2025-06-06 21:16:52.670844
CUST76996681,Emily Moore,emily.moore648@example.com,+1-371-910-3581,United States,Chicago,2026-06-21 21:16:52.670844
CUST66506424,Susan Harris,susan.harris391@example.com,+1-417-755-4637,Brazil,Unknown,2026-04-18 21:16:52.670844
CUST39248773,Sandra Thompson,sandra.thompson350@example.com,+1-574-465-7722,Japan,Unknown,2024-12-07 21:16:52.670844
CUST19833190,Jessica Wilson,jessica.wilson670@example.com,+1-468-794-6888,United Kingdom,Manchester,2026-06-24 21:16:52.670844
CUST47769263,Anthony Harris,anthony.harris860@example.com,+1-492-770-1920,Australia,Adelaide,2024-07-23 21:16:52.670844
CUST47843005,Ashley Harris,ashley.harris779@example.com,+1-989-730-9836,South Korea,Unknown,2025-06-24 21:16:52.670844
CUST75795522,Joseph Jones,joseph.jones458@example.com,+1-334-821-7354,Japan,Unknown,2025-08-12 21:16:52.670844
CUST46988115,Andrew Walker,andrew.walker580@example.com,+1-841-185-7917,Germany,Cologne,2025-11-15 21:16:52.670844
CUST71468694,Nancy Johnson,nancy.johnson710@example.com,+1-316-908-1225,Denmark,Unknown,2024-07-23 21:16:52.670844
CUST32429488,Jessica Lewis,jessica.lewis459@example.com,+1-723-865-9431,Singapore,Unknown,2026-05-25 21:16:52.670844
CUST19218689,Joshua Lopez,joshua.lopez462@example.com,+1-180-392-1538,France,Lyon,2025-02-04 21:16:52.670844
CUST73905434,Margaret Ramirez,margaret.ramirez547@example.com,+1-362-650-1493,Netherlands,Unknown,2026-05-31 21:16:52.670844
CUST54408142,Matthew Hernandez,matthew.hernandez686@example.com,+1-151-637-1769,Spain,Unknown,2025-11-27 21:16:52.670844
CUST21506427,Mark Garcia,mark.garcia180@example.com,+1-426-279-2485,Netherlands,Unknown,2026-04-25 21:16:52.670844
CUST10751248,Matthew Thomas,matthew.thomas858@example.com,+1-738-191-7416,Germany,Hamburg,2026-05-09 21:16:52.670844
CUST81332765,Nancy Robinson,nancy.robinson545@example.com,+1-429-658-1981,Singapore,Unknown,2025-11-18 21:16:52.670844
CUST12561744,Donna Ramirez,donna.ramirez552@example.com,+1-753-848-3593,Brazil,Unknown,2026-03-19 21:16:52.670844
CUST95252248,Anthony Harris,anthony.harris440@example.com,+1-952-574-8212,Singapore,Unknown,2026-03-10 21:16:52.670844
CUST20638159,John Gonzalez,john.gonzalez220@example.com,+1-199-990-7078,Italy,Unknown,2025-11-16 21:16:52.670844
CUST17840713,Susan Taylor,susan.taylor531@example.com,+1-696-699-8252,Italy,Unknown,2025-11-09 21:16:52.670844
CUST31159582,Mark Lewis,mark.lewis300@example.com,+1-529-196-9585,South Korea,Unknown,2026-01-07 21:16:52.670844
CUST08626084,Ashley White,ashley.white890@example.com,+1-516-968-7420,Norway,Unknown,2025-12-29 21:16:52.670844
CUST03936529,Joseph Martin,joseph.martin301@example.com,+1-804-931-8784,Sweden,Unknown,2026-07-04 21:16:52.670844
CUST86106859,Jennifer Lee,jennifer.lee714@example.com,+1-938-444-5382,Sweden,Unknown,2026-07-09 21:16:52.670844
CUST87348627,Betty Garcia,betty.garcia315@example.com,+1-804-999-1776,Netherlands,Unknown,2025-05-13 21:16:52.670844
CUST90392078,Matthew Brown,matthew.brown888@example.com,+1-461-296-5384,Mexico,Unknown,2026-06-13 21:16:52.670844
CUST55850351,Elizabeth Lopez,elizabeth.lopez675@example.com,+1-378-688-6769,Italy,Unknown,2026-07-04 21:16:52.670844
CUST77803415,Elizabeth Lewis,elizabeth.lewis77@example.com,+1-444-729-4804,India,Delhi,2026-05-06 21:16:52.670844
CUST84579018,David Ramirez,david.ramirez982@example.com,+1-976-438-6588,India,Bangalore,2024-07-23 21:16:52.670844
CUST91748899,Donald Harris,donald.harris843@example.com,+1-518-921-9682,Brazil,Unknown,2025-06-25 21:16:52.670844
CUST67507249,Joseph Martinez,joseph.martinez708@example.com,+1-339-588-4148,Singapore,Unknown,2025-10-05 21:16:52.670844
CUST86168851,Nancy Jones,nancy.jones980@example.com,+1-737-678-2069,Germany,Berlin,2025-08-02 21:16:52.670844
CUST55851853,Barbara Davis,barbara.davis89@example.com,+1-970-906-2910,Netherlands,Unknown,2026-01-27 21:16:52.670844
CUST49648970,Ashley Gonzalez,ashley.gonzalez91@example.com,+1-735-455-3500,Japan,Unknown,2026-07-17 21:16:52.670844
CUST65615365,Nancy Brown,nancy.brown890@example.com,+1-497-419-5157,Mexico,Unknown,2025-10-31 21:16:52.670844
CUST93020155,Sarah Martinez,sarah.martinez419@example.com,+1-745-248-5130,Brazil,Unknown,2025-08-26 21:16:52.670844
CUST99277206,Richard Davis,richard.davis370@example.com,+1-861-576-3815,France,Marseille,2025-10-15 21:16:52.670844
CUST91458240,Donna Lewis,donna.lewis621@example.com,+1-896-767-4801,Spain,Unknown,2026-06-11 21:16:52.670844
CUST01253850,Mary Harris,mary.harris764@example.com,+1-163-294-8783,India,Hyderabad,2025-11-08 21:16:52.670844
CUST49546516,John Jones,john.jones383@example.com,+1-706-296-2948,South Korea,Unknown,2026-07-19 21:16:52.670844
CUST40158093,Christopher Brown,christopher.brown181@example.com,+1-922-314-6262,Italy,Unknown,2026-04-29 21:16:52.670844
CUST59098005,Michelle Garcia,michelle.garcia558@example.com,+1-925-388-2908,United Kingdom,Glasgow,2026-01-16 21:16:52.670844
CUST27594509,Sarah Johnson,sarah.johnson446@example.com,+1-276-844-7539,Singapore,Unknown,2026-07-19 21:16:52.670844
CUST09239771,Kimberly Moore,kimberly.moore385@example.com,+1-571-916-8141,Denmark,Unknown,2024-09-14 21:16:52.670844
CUST12919916,Donna Harris,donna.harris288@example.com,+1-734-279-1356,United States,Houston,2026-06-20 21:16:52.670844
CUST43853975,Christopher Davis,christopher.davis154@example.com,+1-913-144-3480,France,Lyon,2026-07-04 21:16:52.670844
CUST57224270,Joseph Williams,joseph.williams630@example.com,+1-766-528-7083,United Kingdom,Birmingham,2025-12-19 21:16:52.670844
CUST39506575,Joseph Taylor,joseph.taylor263@example.com,+1-681-196-8456,India,Mumbai,2025-09-18 21:16:52.670844
CUST74059356,Patricia Sanchez,patricia.sanchez602@example.com,+1-518-512-8327,United States,Los Angeles,2026-06-02 21:16:52.670844
CUST18186655,Emily Brown,emily.brown289@example.com,+1-780-169-6832,Spain,Unknown,2025-08-22 21:16:52.670844
CUST18037011,Nancy Johnson,nancy.johnson975@example.com,+1-126-303-8576,Spain,Unknown,2026-04-12 21:16:52.670844
CUST00577087,David Lee,david.lee275@example.com,+1-800-566-3948,Canada,Calgary,2026-06-09 21:16:52.670844
CUST30357586,Donna Garcia,donna.garcia323@example.com,+1-915-164-2978,Netherlands,Unknown,2026-05-05 21:16:52.670844
CUST95797283,David White,david.white57@example.com,+1-977-274-5053,United States,Los Angeles,2025-11-11 21:16:52.670844
CUST97886798,Richard Jackson,richard.jackson20@example.com,+1-764-426-9136,Sweden,Unknown,2024-08-26 21:16:52.670844
CUST21452692,Donald Smith,donald.smith99@example.com,+1-999-241-7300,South Korea,Unknown,2025-01-17 21:16:52.670844
CUST80700914,Paul Martinez,paul.martinez845@example.com,+1-983-903-2360,Canada,Montreal,2026-05-17 21:16:52.670844
CUST10659534,Susan Rodriguez,susan.rodriguez11@example.com,+1-597-910-8527,India,Bangalore,2025-07-24 21:16:52.670844
CUST21459569,Patricia Thomas,patricia.thomas291@example.com,+1-559-389-1047,United Kingdom,Glasgow,2026-03-03 21:16:52.670844
CUST29432254,Nancy White,nancy.white89@example.com,+1-502-900-8254,Brazil,Unknown,2026-07-11 21:16:52.670844
CUST38820235,Mary Moore,mary.moore593@example.com,+1-955-265-3538,France,Paris,2026-05-19 21:16:52.670844
CUST81321785,Ashley White,ashley.white459@example.com,+1-640-201-4889,India,Chennai,2024-07-23 21:16:52.670844
CUST87296416,Joseph Thompson,joseph.thompson689@example.com,+1-107-674-1279,Denmark,Unknown,2024-08-18 21:16:52.670844
CUST03672609,Anthony Miller,anthony.miller924@example.com,+1-358-924-1242,Brazil,Unknown,2026-04-17 21:16:52.670844
CUST81679972,Thomas White,thomas.white834@example.com,+1-876-219-1064,Denmark,Unknown,2024-10-08 21:16:52.670844
CUST60084814,Barbara Martin,barbara.martin635@example.com,+1-320-692-7019,Netherlands,Unknown,2026-01-12 21:16:52.670844
CUST93212820,Robert Martinez,robert.martinez101@example.com,+1-520-268-1430,Japan,Unknown,2025-08-13 21:16:52.670844
CUST11676844,Linda Anderson,linda.anderson833@example.com,+1-828-475-5368,South Korea,Unknown,2026-05-04 21:16:52.670844
CUST27686100,Mary Harris,mary.harris829@example.com,+1-582-379-6892,United States,Phoenix,2026-06-03 21:16:52.670844
CUST90023220,Elizabeth Sanchez,elizabeth.sanchez208@example.com,+1-210-211-3856,France,Nice,2025-09-17 21:16:52.670844
CUST14782269,Emily Robinson,emily.robinson516@example.com,+1-819-983-9044,United Kingdom,Leeds,2024-07-23 21:16:52.670844
CUST92174216,John Thomas,john.thomas687@example.com,+1-329-723-3924,Norway,Unknown,2025-11-26 21:16:52.670844
CUST37180228,Donna Johnson,donna.johnson34@example.com,+1-129-798-1086,United States,Chicago,2026-02-18 21:16:52.670844
CUST82063524,Joseph Johnson,joseph.johnson41@example.com,+1-632-198-9278,Sweden,Unknown,2026-06-16 21:16:52.670844
CUST13501442,Ashley Garcia,ashley.garcia808@example.com,+1-781-687-2957,United Kingdom,London,2025-09-15 21:16:52.670844
CUST03262922,Matthew Sanchez,matthew.sanchez788@example.com,+1-416-479-7998,Germany,Hamburg,2025-08-15 21:16:52.670844
CUST44919468,William Perez,william.perez764@example.com,+1-854-494-2123,Sweden,Unknown,2026-03-26 21:16:52.670844
CUST87769764,Donald Hernandez,donald.hernandez662@example.com,+1-256-158-1196,United Kingdom,Glasgow,2026-03-13 21:16:52.670844
CUST28924141,Nancy Jones,nancy.jones925@example.com,+1-870-374-6727,India,Mumbai,2026-01-17 21:16:52.670844
CUST82094578,Jessica Hernandez,jessica.hernandez529@example.com,+1-682-891-9538,South Korea,Unknown,2025-03-23 21:16:52.670844
CUST89164183,David Clark,david.clark562@example.com,+1-293-311-2411,Canada,Vancouver,2024-07-23 21:16:52.670844
CUST15926344,Robert Hernandez,robert.hernandez455@example.com,+1-824-344-7313,United States,Los Angeles,2026-07-16 21:16:52.670844
CUST63593776,William Martin,william.martin853@example.com,+1-972-570-4388,Mexico,Unknown,2026-02-03 21:16:52.670844
CUST03239900,Karen Rodriguez,karen.rodriguez47@example.com,+1-123-718-7881,United States,Phoenix,2026-01-25 21:16:52.670844
CUST93883759,Mark Thompson,mark.thompson834@example.com,+1-833-481-1503,Japan,Unknown,2026-05-18 21:16:52.670844
CUST16705728,Linda Thomas,linda.thomas93@example.com,+1-340-761-7916,Italy,Unknown,2026-01-03 21:16:52.670844
CUST51021893,Sarah Martin,sarah.martin514@example.com,+1-751-205-3149,Singapore,Unknown,2026-03-16 21:16:52.670844
CUST88689233,Barbara Jones,barbara.jones221@example.com,+1-115-876-8164,Canada,Toronto,2026-05-25 21:16:52.670844
CUST83526268,Sarah Wilson,sarah.wilson76@example.com,+1-107-998-2833,Denmark,Unknown,2025-08-23 21:16:52.670844
CUST93007323,Joseph Ramirez,joseph.ramirez35@example.com,+1-891-551-1546,Norway,Unknown,2025-07-10 21:16:52.670844
CUST15308457,Andrew Wilson,andrew.wilson253@example.com,+1-555-265-4739,Norway,Unknown,2025-01-27 21:16:52.670844
CUST23149192,William Moore,william.moore280@example.com,+1-711-846-7510,Japan,Unknown,2026-02-26 21:16:52.670844
CUST24429345,Daniel Johnson,daniel.johnson830@example.com,+1-497-971-7832,Brazil,Unknown,2024-12-11 21:16:52.670844
CUST60609390,Emily Garcia,emily.garcia525@example.com,+1-545-694-6895,Germany,Hamburg,2025-12-17 21:16:52.670844
CUST07966894,Mark Clark,mark.clark145@example.com,+1-156-697-5071,Australia,Melbourne,2024-07-23 21:16:52.670844
CUST51887839,Donald Johnson,donald.johnson146@example.com,+1-681-462-7972,Netherlands,Unknown,2025-01-28 21:16:52.670844
CUST03587218,Thomas Gonzalez,thomas.gonzalez245@example.com,+1-670-497-3588,Spain,Unknown,2026-06-20 21:16:52.670844
CUST58244320,Anthony Harris,anthony.harris728@example.com,+1-595-162-5640,Brazil,Unknown,2024-08-26 21:16:52.670844
CUST21048209,Mary Rodriguez,mary.rodriguez487@example.com,+1-846-988-7059,Denmark,Unknown,2026-01-01 21:16:52.670844
CUST36482031,Nancy Lopez,nancy.lopez190@example.com,+1-331-900-9076,Australia,Perth,2026-07-05 21:16:52.670844
CUST12589855,Michelle Anderson,michelle.anderson844@example.com,+1-713-417-5639,Mexico,Unknown,2025-08-17 21:16:52.670844
CUST03955750,Susan Johnson,susan.johnson561@example.com,+1-384-688-4322,Germany,Frankfurt,2026-06-08 21:16:52.670844
CUST27339800,Matthew Johnson,matthew.johnson470@example.com,+1-174-986-2878,Italy,Unknown,2026-02-16 21:16:52.670844
CUST43765621,Andrew Davis,andrew.davis681@example.com,+1-245-789-6410,Denmark,Unknown,2026-04-01 21:16:52.670844
CUST26459931,Barbara Thompson,barbara.thompson633@example.com,+1-936-621-7255,United Kingdom,Leeds,2025-12-08 21:16:52.670844
CUST27400643,Betty Miller,betty.miller713@example.com,+1-206-646-5000,United Kingdom,Glasgow,2026-03-07 21:16:52.670844
CUST36597455,Mark Hernandez,mark.hernandez911@example.com,+1-829-314-5525,United Kingdom,Manchester,2026-06-12 21:16:52.670844
CUST62999701,Charles Harris,charles.harris940@example.com,+1-955-897-5002,Italy,Unknown,2026-03-07 21:16:52.670844
CUST02313502,Paul Lopez,paul.lopez553@example.com,+1-787-796-9810,Germany,Cologne,2026-06-13 21:16:52.670844
CUST21076146,Betty Ramirez,betty.ramirez552@example.com,+1-425-117-6997,India,Bangalore,2026-03-07 21:16:52.670844
CUST77822146,Emily Wilson,emily.wilson78@example.com,+1-119-187-7760,Brazil,Unknown,2026-01-15 21:16:52.670844
CUST17008002,Ashley Johnson,ashley.johnson269@example.com,+1-147-911-6949,Singapore,Unknown,2026-07-16 21:16:52.670844
CUST16500683,Daniel White,daniel.white36@example.com,+1-273-190-7181,Mexico,Unknown,2025-08-18 21:16:52.670844
CUST54585616,Robert Thompson,robert.thompson119@example.com,+1-173-721-1846,Japan,Unknown,2026-04-14 21:16:52.670844
CUST02614880,Robert Sanchez,robert.sanchez29@example.com,+1-566-611-1710,Singapore,Unknown,2024-08-04 21:16:52.670844
CUST49769512,Barbara Anderson,barbara.anderson472@example.com,+1-941-150-5126,Norway,Unknown,2025-06-03 21:16:52.670844
CUST21630683,Richard Walker,richard.walker318@example.com,+1-952-343-9012,Norway,Unknown,2025-12-19 21:16:52.670844
CUST23436789,Lisa Thomas,lisa.thomas925@example.com,+1-616-431-1737,Singapore,Unknown,2026-05-24 21:16:52.670844
CUST66827045,Patricia Harris,patricia.harris51@example.com,+1-569-957-9371,Denmark,Unknown,2026-05-19 21:16:52.670844
CUST13762103,John Perez,john.perez800@example.com,+1-150-993-6721,South Korea,Unknown,2025-12-15 21:16:52.670844
CUST40410540,Barbara Robinson,barbara.robinson506@example.com,+1-652-142-7168,India,Chennai,2026-05-16 21:16:52.670844
CUST02963127,James Wilson,james.wilson861@example.com,+1-919-925-5274,Mexico,Unknown,2024-07-23 21:16:52.670844
CUST67359682,Donna Moore,donna.moore209@example.com,+1-910-968-1146,Denmark,Unknown,2026-05-30 21:16:52.670844
CUST40093609,John Thomas,john.thomas565@example.com,+1-725-174-6981,Denmark,Unknown,2025-07-06 21:16:52.670844
CUST39065753,Jessica Rodriguez,jessica.rodriguez79@example.com,+1-174-993-1549,Mexico,Unknown,2026-03-23 21:16:52.670844
CUST32305872,Sarah Walker,sarah.walker722@example.com,+1-607-809-1101,Norway,Unknown,2025-10-30 21:16:52.670844
CUST80304971,Patricia Anderson,patricia.anderson464@example.com,+1-706-735-9587,Italy,Unknown,2026-07-15 21:16:52.670844
CUST99388337,James Brown,james.brown92@example.com,+1-150-251-9152,Mexico,Unknown,2026-02-01 21:16:52.670844
CUST43768961,Susan Brown,susan.brown396@example.com,+1-781-368-8330,France,Paris,2025-12-06 21:16:52.670844
CUST67026386,Margaret Harris,margaret.harris582@example.com,+1-715-550-5436,United Kingdom,Birmingham,2025-04-01 21:16:52.670844
CUST55640751,Jessica Anderson,jessica.anderson242@example.com,+1-292-760-4864,Japan,Unknown,2026-07-03 21:16:52.670844
CUST46426643,Donna Robinson,donna.robinson671@example.com,+1-985-758-7538,United Kingdom,Manchester,2024-09-01 21:16:52.670844
CUST10826781,Karen Garcia,karen.garcia511@example.com,+1-509-612-1748,Netherlands,Unknown,2026-05-03 21:16:52.670844
CUST00471956,Mark Anderson,mark.anderson814@example.com,+1-698-225-4551,United Kingdom,Leeds,2026-07-19 21:16:52.670844
CUST11409696,Karen Sanchez,karen.sanchez186@example.com,+1-693-990-7489,Denmark,Unknown,2026-03-05 21:16:52.670844
CUST11019430,Joshua Walker,joshua.walker328@example.com,+1-515-834-9067,Norway,Unknown,2026-03-09 21:16:52.670844
CUST25420103,Thomas Miller,thomas.miller990@example.com,+1-329-819-4480,Brazil,Unknown,2026-05-03 21:16:52.670844
CUST90805730,William Hernandez,william.hernandez243@example.com,+1-616-347-4945,Mexico,Unknown,2024-12-06 21:16:52.670844
CUST34867093,Charles Ramirez,charles.ramirez733@example.com,+1-482-766-9501,Spain,Unknown,2026-03-30 21:16:52.670844
CUST00186044,John Perez,john.perez9@example.com,+1-224-802-8410,Netherlands,Unknown,2026-06-25 21:16:52.670844
CUST86202194,David Jones,david.jones554@example.com,+1-111-831-1908,Italy,Unknown,2026-05-01 21:16:52.670844
CUST33668390,Richard Davis,richard.davis100@example.com,+1-562-898-2409,Sweden,Unknown,2026-05-05 21:16:52.670844
CUST27493000,Matthew Lopez,matthew.lopez70@example.com,+1-600-734-4824,Brazil,Unknown,2026-06-19 21:16:52.670844
CUST02267938,Emily Williams,emily.williams17@example.com,+1-233-385-9970,Brazil,Unknown,2025-12-21 21:16:52.670844
CUST47896612,James Walker,james.walker656@example.com,+1-290-398-6081,Norway,Unknown,2024-12-22 21:16:52.670844
CUST07187617,Daniel Martin,daniel.martin714@example.com,+1-383-259-8979,Spain,Unknown,2025-07-22 21:16:52.670844
CUST21183435,David Williams,david.williams171@example.com,+1-973-594-4598,Denmark,Unknown,2026-02-10 21:16:52.670844
CUST79018179,Thomas Smith,thomas.smith214@example.com,+1-590-949-9491,India,Hyderabad,2026-05-30 21:16:52.670844
CUST37795985,Christopher Gonzalez,christopher.gonzalez151@example.com,+1-546-421-6990,Italy,Unknown,2025-12-30 21:16:52.670844
CUST36833726,Betty Lee,betty.lee877@example.com,+1-853-990-5251,Brazil,Unknown,2026-07-11 21:16:52.670844
CUST99081214,Nancy Lee,nancy.lee574@example.com,+1-956-105-8740,France,Marseille,2026-03-20 21:16:52.670844
CUST94951094,Richard Perez,richard.perez995@example.com,+1-830-158-4706,United States,Los Angeles,2025-12-02 21:16:52.670844
CUST52284138,Betty Garcia,betty.garcia171@example.com,+1-486-604-8932,Germany,Cologne,2025-10-05 21:16:52.670844
CUST29738292,Paul Anderson,paul.anderson220@example.com,+1-281-236-8926,Australia,Perth,2025-05-18 21:16:52.670844
CUST16009883,Joseph Smith,joseph.smith985@example.com,+1-509-553-4114,South Korea,Unknown,2026-07-03 21:16:52.670844
CUST25037101,Matthew Wilson,matthew.wilson442@example.com,+1-803-562-4282,France,Paris,2025-02-06 21:16:52.670844
CUST98407548,Daniel Thompson,daniel.thompson472@example.com,+1-900-936-2937,Denmark,Unknown,2026-02-25 21:16:52.670844
CUST34752013,Michael Johnson,michael.johnson219@example.com,+1-542-154-3893,Canada,Calgary,2025-12-17 21:16:52.670844
CUST40537071,Donald Martin,donald.martin845@example.com,+1-706-260-5311,Australia,Perth,2026-01-02 21:16:52.670844
CUST03806100,James Robinson,james.robinson928@example.com,+1-793-639-2234,Spain,Unknown,2025-08-26 21:16:52.670844
CUST87420521,Barbara Gonzalez,barbara.gonzalez378@example.com,+1-739-929-6212,Australia,Melbourne,2025-04-27 21:16:52.670844
CUST56531860,Donna Walker,donna.walker670@example.com,+1-296-175-5338,Mexico,Unknown,2025-12-29 21:16:52.670844
CUST67753347,Donna Lopez,donna.lopez248@example.com,+1-785-252-9149,South Korea,Unknown,2025-10-19 21:16:52.670844
CUST21030193,Christopher Johnson,christopher.johnson839@example.com,+1-753-777-3915,Australia,Adelaide,2026-05-29 21:16:52.670844
CUST84603022,Lisa Williams,lisa.williams575@example.com,+1-312-742-2884,Australia,Perth,2024-07-23 21:16:52.670844
CUST74440520,Margaret Lewis,margaret.lewis959@example.com,+1-321-465-2099,France,Nice,2025-07-06 21:16:52.670844
CUST29045479,Lisa Jones,lisa.jones982@example.com,+1-181-226-4412,Canada,Vancouver,2025-07-10 21:16:52.670844
CUST06592187,Ashley Jackson,ashley.jackson397@example.com,+1-785-282-5355,Mexico,Unknown,2025-12-15 21:16:52.670844
CUST50806191,Donald Walker,donald.walker853@example.com,+1-725-842-8569,Australia,Brisbane,2026-05-22 21:16:52.670844
CUST65467539,Robert White,robert.white457@example.com,+1-686-119-2425,Netherlands,Unknown,2026-02-02 21:16:52.670844
CUST32636433,Lisa Robinson,lisa.robinson528@example.com,+1-392-868-1732,India,Hyderabad,2025-01-26 21:16:52.670844
CUST30117257,James Moore,james.moore742@example.com,+1-989-247-9060,South Korea,Unknown,2026-05-06 21:16:52.670844
CUST30314330,Steven Clark,steven.clark477@example.com,+1-427-863-9484,Netherlands,Unknown,2024-07-23 21:16:52.670844
CUST63134975,William Clark,william.clark802@example.com,+1-309-874-8255,United States,Chicago,2026-06-11 21:16:52.670844
CUST25983729,Donald Gonzalez,donald.gonzalez565@example.com,+1-936-929-1760,Australia,Brisbane,2025-08-16 21:16:52.670844
CUST60372968,Donna Davis,donna.davis830@example.com,+1-572-411-9089,South Korea,Unknown,2026-06-14 21:16:52.670844
CUST10395634,Mary Lewis,mary.lewis901@example.com,+1-582-832-8808,France,Nice,2026-07-01 21:16:52.670844
CUST12082049,James Clark,james.clark626@example.com,+1-955-757-6766,Japan,Unknown,2025-12-12 21:16:52.670844
CUST31174104,Sarah Wilson,sarah.wilson386@example.com,+1-384-701-7438,Canada,Ottawa,2025-11-09 21:16:52.670844
CUST37484564,Jessica Lopez,jessica.lopez812@example.com,+1-573-154-7527,Canada,Calgary,2026-06-13 21:16:52.670844
CUST10095083,Christopher Hernandez,christopher.hernandez204@example.com,+1-464-232-5277,Denmark,Unknown,2024-12-11 21:16:52.670844
CUST95763169,Matthew Lopez,matthew.lopez9@example.com,+1-180-393-5690,Sweden,Unknown,2026-07-04 21:16:52.670844
CUST37793160,Patricia Jackson,patricia.jackson102@example.com,+1-665-599-3722,Netherlands,Unknown,2026-07-15 21:16:52.670844
CUST38155171,Barbara Moore,barbara.moore999@example.com,+1-482-310-9739,Sweden,Unknown,2026-05-19 21:16:52.670844
CUST04772896,John Robinson,john.robinson176@example.com,+1-779-472-4548,Singapore,Unknown,2026-03-09 21:16:52.670844
CUST42887937,Andrew Thompson,andrew.thompson975@example.com,+1-342-662-5074,France,Lyon,2026-03-09 21:16:52.670844
CUST86119222,Sarah Ramirez,sarah.ramirez899@example.com,+1-253-833-2982,United Kingdom,Leeds,2026-02-23 21:16:52.670844
CUST03660671,Sarah Wilson,sarah.wilson656@example.com,+1-386-940-4388,Sweden,Unknown,2026-04-06 21:16:52.670844
CUST44838918,Donna Smith,donna.smith536@example.com,+1-248-219-6067,Australia,Adelaide,2025-10-03 21:16:52.670844
CUST97322992,Steven Walker,steven.walker450@example.com,+1-471-870-9777,Norway,Unknown,2026-04-10 21:16:52.670844
CUST69350792,David Harris,david.harris605@example.com,+1-333-653-5872,Japan,Unknown,2026-05-22 21:16:52.670844
CUST11338722,Joseph Jones,joseph.jones718@example.com,+1-513-524-7366,Denmark,Unknown,2025-04-27 21:16:52.670844
CUST55315635,Anthony Miller,anthony.miller348@example.com,+1-641-463-8943,Japan,Unknown,2025-08-04 21:16:52.670844
CUST15921991,Christopher Lopez,christopher.lopez877@example.com,+1-774-960-9272,Italy,Unknown,2026-04-06 21:16:52.670844
CUST56749566,Elizabeth Ramirez,elizabeth.ramirez262@example.com,+1-168-187-2552,India,Mumbai,2025-08-06 21:16:52.670844
CUST74886934,Barbara Lopez,barbara.lopez786@example.com,+1-395-202-8081,Canada,Toronto,2025-03-14 21:16:52.670844
CUST01129699,Mary Gonzalez,mary.gonzalez390@example.com,+1-945-771-5216,Italy,Unknown,2026-03-02 21:16:52.670844
CUST69688670,Susan Anderson,susan.anderson796@example.com,+1-137-935-6154,Australia,Sydney,2026-06-25 21:16:52.670844
CUST13143353,David Lee,david.lee639@example.com,+1-513-111-3797,Netherlands,Unknown,2024-07-23 21:16:52.670844
CUST74459660,Patricia Perez,patricia.perez600@example.com,+1-732-199-5091,France,Nice,2025-12-03 21:16:52.670844
CUST21916174,Steven Jackson,steven.jackson930@example.com,+1-628-818-9689,Canada,Toronto,2024-11-19 21:16:52.670844
CUST88893882,Michelle Thompson,michelle.thompson598@example.com,+1-709-160-8379,Singapore,Unknown,2025-05-20 21:16:52.670844
CUST06243441,Daniel Williams,daniel.williams352@example.com,+1-428-800-3597,Italy,Unknown,2026-03-07 21:16:52.670844
CUST75780948,Charles Gonzalez,charles.gonzalez529@example.com,+1-505-239-3345,Mexico,Unknown,2026-04-18 21:16:52.670844
CUST41844784,Susan Moore,susan.moore524@example.com,+1-267-180-4955,Singapore,Unknown,2026-02-05 21:16:52.670844
CUST32217759,Karen Jackson,karen.jackson767@example.com,+1-124-160-9740,Spain,Unknown,2026-04-11 21:16:52.670844
CUST70328917,Robert Perez,robert.perez538@example.com,+1-680-726-9655,Norway,Unknown,2026-04-11 21:16:52.670844
CUST87167908,Thomas Rodriguez,thomas.rodriguez730@example.com,+1-462-989-2438,Brazil,Unknown,2025-12-29 21:16:52.670844
CUST82430322,Paul Garcia,paul.garcia188@example.com,+1-242-562-7651,Spain,Unknown,2025-11-03 21:16:52.670844
CUST61821360,Joseph Miller,joseph.miller972@example.com,+1-773-435-9874,Mexico,Unknown,2026-03-31 21:16:52.670844
CUST99910485,Mary Wilson,mary.wilson418@example.com,+1-967-428-6703,Mexico,Unknown,2026-01-14 21:16:52.670844
CUST90279058,Donna Rodriguez,donna.rodriguez299@example.com,+1-274-436-4552,Netherlands,Unknown,2026-05-18 21:16:52.670844
CUST73029112,Richard Davis,richard.davis355@example.com,+1-285-966-7585,United Kingdom,Glasgow,2025-04-13 21:16:52.670844
CUST96970943,Michelle Garcia,michelle.garcia317@example.com,+1-438-134-2958,South Korea,Unknown,2026-05-30 21:16:52.670844
CUST88145442,Jessica Thomas,jessica.thomas487@example.com,+1-719-766-3995,United States,Los Angeles,2026-05-09 21:16:52.670844
CUST58914425,Susan Gonzalez,susan.gonzalez728@example.com,+1-633-485-5211,Norway,Unknown,2026-06-05 21:16:52.670844
CUST12150164,Donald Sanchez,donald.sanchez829@example.com,+1-855-242-1706,Brazil,Unknown,2024-07-23 21:16:52.670844
CUST55971837,Andrew Thomas,andrew.thomas199@example.com,+1-621-199-3005,Spain,Unknown,2024-08-20 21:16:52.670844
CUST68146976,Christopher Garcia,christopher.garcia582@example.com,+1-294-224-3060,Singapore,Unknown,2025-12-17 21:16:52.670844
CUST81721919,Michelle Taylor,michelle.taylor235@example.com,+1-175-652-6449,France,Lyon,2026-03-09 21:16:52.670844
CUST41284547,Robert Lopez,robert.lopez122@example.com,+1-497-881-6947,Singapore,Unknown,2025-04-15 21:16:52.670844
CUST19856864,Sarah Miller,sarah.miller96@example.com,+1-986-762-8180,Brazil,Unknown,2025-08-24 21:16:52.670844
CUST55204594,John Ramirez,john.ramirez45@example.com,+1-395-886-5330,South Korea,Unknown,2025-12-26 21:16:52.670844
CUST34106865,Christopher Jones,christopher.jones178@example.com,+1-377-626-8417,South Korea,Unknown,2026-01-05 21:16:52.670844
CUST02454948,Mark Jackson,mark.jackson482@example.com,+1-218-714-9738,Canada,Montreal,2025-11-22 21:16:52.670844
CUST46671186,Michael Sanchez,michael.sanchez486@example.com,+1-251-380-7627,Italy,Unknown,2026-03-05 21:16:52.670844
CUST64330189,Paul Moore,paul.moore927@example.com,+1-712-946-3262,South Korea,Unknown,2026-06-29 21:16:52.670844
CUST71300960,Michelle Garcia,michelle.garcia446@example.com,+1-364-948-4049,Sweden,Unknown,2026-06-30 21:16:52.670844
CUST28529561,Michelle Martinez,michelle.martinez598@example.com,+1-229-963-4001,Germany,Hamburg,2025-12-30 21:16:52.670844
CUST06894329,Susan Brown,susan.brown747@example.com,+1-454-334-6929,France,Marseille,2025-04-30 21:16:52.670844
CUST51236841,Margaret Gonzalez,margaret.gonzalez208@example.com,+1-320-656-4065,Netherlands,Unknown,2026-04-10 21:16:52.670844
CUST38306590,Paul Jones,paul.jones925@example.com,+1-600-527-9605,France,Paris,2025-07-14 21:16:52.670844
CUST73061390,Nancy Lewis,nancy.lewis811@example.com,+1-337-999-8274,France,Marseille,2025-01-06 21:16:52.670844
CUST88054971,Karen Jones,karen.jones998@example.com,+1-678-517-2621,Germany,Munich,2026-06-15 21:16:52.670844
CUST77700814,Donald Martin,donald.martin826@example.com,+1-408-146-3331,United Kingdom,Glasgow,2026-07-03 21:16:52.670844
CUST29689333,John Lewis,john.lewis913@example.com,+1-343-165-2863,United States,New York,2025-06-10 21:16:52.670844
CUST64994249,Michael Lee,michael.lee782@example.com,+1-271-255-8665,Brazil,Unknown,2025-04-07 21:16:52.670844
CUST13272530,Mary Garcia,mary.garcia83@example.com,+1-189-707-2589,Denmark,Unknown,2026-07-02 21:16:52.670844
CUST55896643,David Rodriguez,david.rodriguez921@example.com,+1-517-127-4662,United Kingdom,Glasgow,2026-04-14 21:16:52.670844
CUST14741578,Mary Lopez,mary.lopez977@example.com,+1-425-346-3568,Japan,Unknown,2025-09-20 21:16:52.670844
CUST88998124,Jennifer Wilson,jennifer.wilson606@example.com,+1-191-434-9576,Norway,Unknown,2026-06-08 21:16:52.670844
CUST57443242,Mark Lee,mark.lee684@example.com,+1-917-667-6025,France,Nice,2026-02-05 21:16:52.670844
CUST34468274,Christopher Taylor,christopher.taylor156@example.com,+1-745-262-4540,South Korea,Unknown,2025-09-03 21:16:52.670844
CUST69115588,James Taylor,james.taylor429@example.com,+1-485-360-7479,Denmark,Unknown,2026-04-21 21:16:52.670844
CUST69649294,Paul White,paul.white690@example.com,+1-245-487-8576,India,Delhi,2026-04-03 21:16:52.670844
CUST58012747,Donna Moore,donna.moore977@example.com,+1-919-766-8323,Netherlands,Unknown,2026-04-07 21:16:52.670844
CUST12428458,Sarah Johnson,sarah.johnson756@example.com,+1-572-750-9397,Germany,Berlin,2025-06-16 21:16:52.670844
CUST63864381,Linda Walker,linda.walker46@example.com,+1-191-416-6688,Australia,Sydney,2026-01-31 21:16:52.670844
CUST44120848,Nancy Thompson,nancy.thompson495@example.com,+1-467-274-6033,Mexico,Unknown,2026-04-24 21:16:52.670844
CUST75975721,Elizabeth Sanchez,elizabeth.sanchez858@example.com,+1-211-789-1483,India,Hyderabad,2025-08-21 21:16:52.670844
CUST77420015,Elizabeth Davis,elizabeth.davis761@example.com,+1-336-488-3976,South Korea,Unknown,2025-07-27 21:16:52.670844
CUST60611615,Joseph Taylor,joseph.taylor257@example.com,+1-375-263-2977,Sweden,Unknown,2026-05-13 21:16:52.670844
CUST32090489,Christopher Smith,christopher.smith343@example.com,+1-672-939-4903,Norway,Unknown,2025-04-20 21:16:52.670844
CUST11649707,Patricia Gonzalez,patricia.gonzalez427@example.com,+1-653-676-1850,France,Nice,2025-11-09 21:16:52.670844
CUST78754272,Joshua Davis,joshua.davis684@example.com,+1-143-899-2614,Australia,Melbourne,2025-04-12 21:16:52.670844
CUST58879871,Nancy Martinez,nancy.martinez895@example.com,+1-822-599-8579,France,Toulouse,2026-05-21 21:16:52.670844
CUST10831159,Elizabeth Smith,elizabeth.smith49@example.com,+1-875-566-7311,Singapore,Unknown,2026-06-14 21:16:52.670844
CUST06843858,Sarah Martin,sarah.martin158@example.com,+1-609-182-9765,Netherlands,Unknown,2024-07-23 21:16:52.670844
CUST71967332,Mark White,mark.white26@example.com,+1-487-266-1952,India,Mumbai,2025-03-31 21:16:52.670844
CUST75988054,Joshua Jones,joshua.jones476@example.com,+1-163-287-7345,Brazil,Unknown,2026-02-25 21:16:52.670844
CUST67929333,Steven Johnson,steven.johnson491@example.com,+1-421-423-1151,Denmark,Unknown,2026-01-08 21:16:52.670844
CUST75617423,Daniel Garcia,daniel.garcia323@example.com,+1-498-967-5924,Germany,Hamburg,2026-03-10 21:16:52.670844
CUST10030768,Margaret Anderson,margaret.anderson835@example.com,+1-371-703-7219,Australia,Brisbane,2026-03-03 21:16:52.670844
CUST47883643,William Wilson,william.wilson312@example.com,+1-157-629-7159,Spain,Unknown,2026-03-07 21:16:52.670844
CUST74790420,Kimberly Moore,kimberly.moore128@example.com,+1-364-843-4936,Sweden,Unknown,2025-10-19 21:16:52.670844
CUST08045020,Mary Thompson,mary.thompson623@example.com,+1-862-641-4781,Italy,Unknown,2025-09-17 21:16:52.670844
CUST80555442,Karen Sanchez,karen.sanchez572@example.com,+1-155-907-5643,United States,Phoenix,2026-01-07 21:16:52.670844
CUST48112837,Susan Johnson,susan.johnson986@example.com,+1-752-911-2657,Japan,Unknown,2025-03-29 21:16:52.670844
CUST77623271,Betty White,betty.white709@example.com,+1-659-568-2328,Australia,Melbourne,2026-07-08 21:16:52.670844
CUST37836965,Michelle Moore,michelle.moore891@example.com,+1-632-394-6854,United States,Chicago,2025-10-08 21:16:52.670844
CUST92200944,Kimberly Ramirez,kimberly.ramirez586@example.com,+1-780-228-1140,Australia,Sydney,2024-07-23 21:16:52.670844
CUST28242576,Christopher Brown,christopher.brown950@example.com,+1-989-255-7675,Denmark,Unknown,2026-01-08 21:16:52.670844
CUST37365259,Daniel Hernandez,daniel.hernandez215@example.com,+1-237-260-6818,Germany,Hamburg,2025-02-02 21:16:52.670844
CUST41832330,Joseph Clark,joseph.clark686@example.com,+1-701-274-2399,Italy,Unknown,2025-02-18 21:16:52.670844
CUST35415641,Sarah Miller,sarah.miller96@example.com,+1-103-247-6836,Singapore,Unknown,2026-04-06 21:16:52.670844
CUST37488042,Charles Clark,charles.clark88@example.com,+1-210-966-5436,Italy,Unknown,2024-10-12 21:16:52.670844
