transaction_id,customer_id,transaction_date,amount,quantity,product_category,product_name
TXN3UW96L5UDQ,CUST41140900,2026-05-27 21:16:52.670844,231.98,2,Sports & Outdoors,Bicycle
TXNJWJ8M3RFB0,CUST41140900,2026-06-17 21:16:52.670844,161.55,5,Sports & Outdoors,Bicycle
TXNR8PB19ISSW,CUST41140900,2026-06-19 21:16:52.670844,241.01,3,Sports & Outdoors,Camping Gear
TXNWK4AG6HXTH,CUST41140900,2026-06-19 21:16:52.670844,212.38,4,Books,Fiction
TXNVXL8OPHJGI,CUST41140900,2026-06-27 21:16:52.670844,200.53,3,Food & Beverages,Snacks
TXNVSKSHZ3P41,CUST41140900,2026-06-25 21:16:52.670844,254.59,5,Sports & Outdoors,Sportswear
TXNIEY6IOLMWJ,CUST41140900,2026-06-24 21:16:52.670844,318.74,2,Home & Garden,Kitchen Appliances
TXNOTGBK8Y8Z9,CUST41140900,2026-07-04 21:16:52.670844,296.64,5,Food & Beverages,Organic Products
TXNIW7LPZJRA0,CUST41140900,2026-06-05 21:16:52.670844,308.4,1,Clothing,Shoes
TXNM5Z78CT6EZ,CUST41140900,2026-06-20 21:16:52.670844,299.07,1,Books,Educational
TXNJ98F69VXI4,CUST41140900,2026-06-25 21:16:52.670844,225.63,1,Health & Beauty,Personal Care
TXN9MGBN70YZ1,CUST41140900,2026-05-19 21:16:52.670844,164.0,5,Toys & Games,Video Games
TXNIBB2Q6YX0O,CUST41140900,2026-06-24 21:16:52.670844,267.69,1,Sports & Outdoors,Bicycle
TXNNIKB0TLD7M,CUST41140900,2026-05-22 21:16:52.670844,334.23,1,Electronics,Headphones
TXNEPYU7ZCM3G,CUST41140900,2026-06-03 21:16:52.670844,337.45,5,Food & Beverages,Beverages
TXNRMKLAKA514,CUST41140900,2026-06-07 21:16:52.670844,246.05,4,Office Supplies,Electronics
TXNKP7JCW7639,CUST41140900,2026-05-23 21:16:52.670844,174.79,1,Office Supplies,Desk Accessories
TXNHN2BGR5UEE,CUST41140900,2026-06-17 21:16:52.670844,285.81,1,Automotive,Cleaning Supplies
TXNZQBEDQFHJ0,CUST41140900,2026-06-13 21:16:52.670844,124.55,2,Electronics,Smart Watch
TXN5NECQ8X6GB,CUST41140900,2026-06-07 21:16:52.670844,310.05,2,Health & Beauty,Skincare
TXNHBDPJ5OFPW,CUST41140900,2026-06-11 21:16:52.670844,418.86,3,Toys & Games,Puzzles
TXNKX97SYD0KI,CUST41140900,2026-07-12 21:16:52.670844,217.19,5,Automotive,Tools
TXNEA7UF4HH5J,CUST41140900,2026-05-30 21:16:52.670844,257.62,4,Sports & Outdoors,Bicycle
TXNKL8RO1GXEG,CUST41140900,2026-06-02 21:16:52.670844,242.45,2,Electronics,Smart Watch
TXNESGDEW1NPF,CUST41140900,2026-06-09 21:16:52.670844,278.53,1,Clothing,Shoes
TXNNRGXC9TFLW,CUST41140900,2026-05-17 21:16:52.670844,370.59,5,Electronics,Smartphone
TXN8VZ0PSHEG2,CUST41140900,2026-07-04 21:16:52.670844,321.51,1,Toys & Games,Puzzles
TXN4LEM4B1VQ9,CUST41140900,2026-06-16 21:16:52.670844,201.6,4,Home & Garden,Furniture
TXNI7Z0NUS62S,CUST41140900,2026-07-09 21:16:52.670844,315.07,2,Sports & Outdoors,Bicycle
TXNPGHK75N62W,CUST41140900,2026-06-26 21:16:52.670844,254.25,2,Toys & Games,Puzzles
TXNDN5ZI28R3H,CUST41140900,2026-07-10 21:16:52.670844,315.24,3,Electronics,Camera
TXNWFEDETR4RR,CUST41140900,2026-06-22 21:16:52.670844,337.4,2,Sports & Outdoors,Camping Gear
TXNM05A0QU530,CUST41140900,2026-07-03 21:16:52.670844,67.46,4,Health & Beauty,Personal Care
TXNMUJ2U1T1H5,CUST41140900,2026-06-16 21:16:52.670844,139.71,1,Automotive,Tools
TXNDSG67W4V4V,CUST41140900,2026-05-19 21:16:52.670844,276.69,5,Home & Garden,Furniture
TXNQVNFSXMUB5,CUST41140900,2026-06-05 21:16:52.670844,232.55,4,Clothing,T-Shirt
TXNE7JM4TE0TT,CUST41140900,2026-07-15 21:16:52.670844,202.22,4,Automotive,Tools
TXNQC9NGPCJZH,CUST41140900,2026-07-10 21:16:52.670844,280.95,1,Health & Beauty,Makeup
TXNTVBQRF6VDT,CUST51285633,2026-05-18 21:16:52.670844,179.77,4,Toys & Games,Puzzles
TXNU8P6BYLR82,CUST51285633,2026-05-26 21:16:52.670844,197.5,1,Clothing,T-Shirt
TXNV7V5K2J1P8,CUST51285633,2026-05-17 21:16:52.670844,233.79,4,Toys & Games,Action Figures
TXNW4GP6LT2X3,CUST51285633,2026-05-04 21:16:52.670844,254.35,3,Food & Beverages,Gourmet Food
TXN8IWG6CG9BQ,CUST51285633,2026-05-19 21:16:52.670844,263.02,3,Electronics,Camera
TXN4ZY3XDX624,CUST51285633,2026-06-10 21:16:52.670844,197.91,4,Books,Fiction
TXNHO9A501TXT,CUST51285633,2026-05-17 21:16:52.670844,186.84,5,Office Supplies,Desk Accessories
TXNT1KK2YG59Z,CUST51285633,2026-05-24 21:16:52.670844,176.1,1,Books,Comics
TXN7B3ROANBM1,CUST51285633,2026-05-20 21:16:52.670844,276.76,4,Clothing,Jacket
TXN3LVOHHC2XY,CUST51285633,2026-06-03 21:16:52.670844,185.68,3,Books,Educational
TXNTV7OATMM91,CUST51285633,2026-05-29 21:16:52.670844,205.77,1,Toys & Games,Action Figures
TXNIKJPHU7RPZ,CUST51285633,2026-05-24 21:16:52.670844,267.72,4,Clothing,Jeans
TXN1VS3XS46LH,CUST51285633,2026-05-09 21:16:52.670844,274.57,3,Office Supplies,Stationery
TXNN4ON7IVV9E,CUST51285633,2026-05-14 21:16:52.670844,285.65,5,Food & Beverages,Gourmet Food
TXNEYFIIUQ3TW,CUST51285633,2026-05-05 21:16:52.670844,130.96,4,Automotive,Cleaning Supplies
TXN9VB8ZGDRKD,CUST51285633,2026-05-30 21:16:52.670844,253.34,1,Health & Beauty,Makeup
TXNP02UKITQTL,CUST51285633,2026-05-26 21:16:52.670844,264.61,1,Food & Beverages,Beverages
TXNH0TWFTVU1V,CUST71135108,2025-12-18 21:16:52.670844,253.48,1,Automotive,Cleaning Supplies
TXN0PN6SMWHUC,CUST71135108,2026-03-01 21:16:52.670844,334.03,5,Health & Beauty,Supplements
TXNYIXQXT44IT,CUST71135108,2025-12-05 21:16:52.670844,451.52,1,Books,Fiction
TXN2NUK03HR55,CUST71135108,2025-11-01 21:16:52.670844,301.56,4,Toys & Games,Video Games
TXNV42UE6NABE,CUST71135108,2025-12-09 21:16:52.670844,272.89,2,Office Supplies,Stationery
TXN45IXNNHFN5,CUST71135108,2026-02-22 21:16:52.670844,458.57,4,Clothing,Jacket
TXNMCSKFKGZ8U,CUST71135108,2026-04-16 21:16:52.670844,362.7,5,Electronics,Smartphone
TXNDPXQRTU65E,CUST71135108,2026-05-18 21:16:52.670844,309.9,2,Home & Garden,Tools
TXN6TJXVZ4NP1,CUST71135108,2026-05-30 21:16:52.670844,218.98,5,Food & Beverages,Gourmet Food
TXNXIXRWZF5A0,CUST71135108,2026-04-28 21:16:52.670844,281.01,3,Clothing,Accessories
TXN1M4ES7U7ME,CUST71135108,2025-11-08 21:16:52.670844,237.01,4,Food & Beverages,Beverages
TXN9KJB9TUSYS,CUST71135108,2026-01-29 21:16:52.670844,320.49,1,Food & Beverages,Organic Products
TXNZKAG9P9R0S,CUST71135108,2025-11-22 21:16:52.670844,288.4,4,Toys & Games,Action Figures
TXNAJ5Y8L6IWD,CUST71135108,2026-01-02 21:16:52.670844,128.15,4,Food & Beverages,Snacks
TXN428E6W6DSE,CUST71135108,2026-02-05 21:16:52.670844,207.36,2,Clothing,T-Shirt
TXNJMCYR1PMEG,CUST71135108,2025-11-16 21:16:52.670844,268.4,3,Electronics,Smart Watch
TXN24FYWF3YB7,CUST71135108,2026-04-03 21:16:52.670844,125.95,4,Clothing,Shoes
TXNO7WS29SVQ7,CUST71135108,2025-11-07 21:16:52.670844,280.96,3,Food & Beverages,Beverages
TXNJ52EQWL5ID,CUST71135108,2026-05-02 21:16:52.670844,160.96,2,Sports & Outdoors,Bicycle
TXNP063H4U7U7,CUST71135108,2026-04-19 21:16:52.670844,198.47,2,Food & Beverages,Organic Products
TXN836DJHJ3CF,CUST71135108,2025-10-16 21:16:52.670844,268.48,1,Office Supplies,Stationery
TXNO63O3XOHIA,CUST71135108,2025-10-15 21:16:52.670844,141.19,4,Automotive,Cleaning Supplies
TXNC2X8PIFA75,CUST71135108,2026-04-22 21:16:52.670844,207.82,5,Toys & Games,Video Games
TXNMMU27FZWMN,CUST71135108,2025-11-21 21:16:52.670844,357.75,5,Toys & Games,Action Figures
TXNC1H6RWJTED,CUST71135108,2026-03-18 21:16:52.670844,342.46,1,Office Supplies,Electronics
TXNKZE0XF05B3,CUST59982015,2026-02-16 21:16:52.670844,247.48,4,Clothing,Accessories
TXNWK829272K0,CUST59982015,2026-01-29 21:16:52.670844,238.33,3,Food & Beverages,Gourmet Food
TXNK6Y1OF7FE0,CUST59982015,2025-12-31 21:16:52.670844,138.32,5,Automotive,Car Accessories
TXNH8FEO8L7I5,CUST59982015,2026-04-04 21:16:52.670844,78.66,4,Office Supplies,Desk Accessories
TXNN9XA2JXF2D,CUST59982015,2025-12-28 21:16:52.670844,227.56,2,Home & Garden,Tools
TXNBG18NKSTDS,CUST96511485,2026-02-21 21:16:52.670844,52.9,4,Sports & Outdoors,Sportswear
TXNRQAUNG72JC,CUST96511485,2025-08-14 21:16:52.670844,83.23,1,Sports & Outdoors,Sportswear
TXNJ3YBAQWT74,CUST96511485,2024-12-28 21:16:52.670844,113.32,1,Home & Garden,Kitchen Appliances
TXNZPPKLR6YBZ,CUST96511485,2025-02-19 21:16:52.670844,107.32,2,Books,Magazines
TXN7Q13ZTPRYG,CUST96511485,2025-11-17 21:16:52.670844,75.61,5,Toys & Games,Board Games
TXNSHTIIAMB24,CUST96511485,2025-05-10 21:16:52.670844,54.92,5,Books,Fiction
TXNT1J5ZIEF1P,CUST96511485,2024-10-25 21:16:52.670844,83.11,2,Books,Fiction
TXNECANAE9ZIV,CUST96511485,2025-06-01 21:16:52.670844,51.73,1,Automotive,Tools
TXNYYFJ7I234L,CUST96511485,2025-02-21 21:16:52.670844,70.17,5,Electronics,Smart Watch
TXN44CV15OI9B,CUST96511485,2025-04-29 21:16:52.670844,103.91,3,Health & Beauty,Personal Care
TXNB838HJIKM3,CUST52338048,2026-06-14 21:16:52.670844,341.85,2,Books,Fiction
TXNO24NPEAJDY,CUST52338048,2026-06-20 21:16:52.670844,263.23,2,Clothing,Jacket
TXNSZSWVQZE2S,CUST52338048,2026-06-18 21:16:52.670844,370.49,3,Electronics,Smartphone
TXNJX336J0O7Q,CUST52338048,2026-05-29 21:16:52.670844,358.65,5,Electronics,Laptop
TXNHI2AIWUQW6,CUST52338048,2026-05-26 21:16:52.670844,198.42,5,Sports & Outdoors,Camping Gear
TXNCN38IM8KWC,CUST52338048,2026-07-02 21:16:52.670844,255.3,1,Automotive,Parts
TXNTR8NPP4WI8,CUST52338048,2026-05-24 21:16:52.670844,233.69,3,Books,Magazines
TXNTG046MA4NP,CUST52338048,2026-05-20 21:16:52.670844,329.64,4,Books,Comics
TXNPK3YRWS2Z5,CUST52338048,2026-05-29 21:16:52.670844,172.04,2,Electronics,Tablet
TXNZ0AOOJY0HB,CUST52338048,2026-06-18 21:16:52.670844,302.13,2,Books,Fiction
TXN0ZE9CEHHU1,CUST52338048,2026-05-21 21:16:52.670844,290.99,5,Toys & Games,Board Games
TXN152BTIK6R2,CUST52338048,2026-06-01 21:16:52.670844,216.2,4,Toys & Games,Video Games
TXN6DEIK75ESG,CUST52338048,2026-06-23 21:16:52.670844,172.97,2,Home & Garden,Kitchen Appliances
TXNIY37PL1G8L,CUST52338048,2026-06-11 21:16:52.670844,186.06,5,Automotive,Car Accessories
TXN1L7147ZEMT,CUST52338048,2026-06-20 21:16:52.670844,365.33,1,Office Supplies,Furniture
TXNE5R2JL99S8,CUST52338048,2026-07-09 21:16:52.670844,194.27,1,Office Supplies,Furniture
TXN6WGPMFEMTQ,CUST52338048,2026-06-11 21:16:52.670844,201.04,2,Electronics,Laptop
TXN2909QTQ8B3,CUST52338048,2026-05-17 21:16:52.670844,265.75,4,Toys & Games,Action Figures
TXN69NR8AT0ZC,CUST52338048,2026-05-23 21:16:52.670844,260.3,4,Electronics,Smartphone
TXNIBBXVNIHVY,CUST52338048,2026-06-24 21:16:52.670844,335.38,5,Home & Garden,Bedding
TXNJ7V0D7SGL4,CUST52338048,2026-05-26 21:16:52.670844,318.66,2,Office Supplies,Desk Accessories
TXNC3K2QPP0CG,CUST52338048,2026-05-18 21:16:52.670844,192.78,3,Office Supplies,Desk Accessories
TXNB2SW4IAXIQ,CUST52338048,2026-06-16 21:16:52.670844,181.57,3,Office Supplies,Desk Accessories
TXN0HKY2SQK6G,CUST52338048,2026-07-02 21:16:52.670844,246.81,4,Home & Garden,Tools
TXNB7CZVX2TY5,CUST52338048,2026-07-02 21:16:52.670844,250.08,4,Electronics,Smart Watch
TXNCCFFMYY09K,CUST52338048,2026-06-23 21:16:52.670844,294.51,1,Office Supplies,Electronics
TXNBZRPMIU4TC,CUST52338048,2026-06-14 21:16:52.670844,274.27,5,Clothing,Shoes
TXNLGJUK13J9I,CUST52338048,2026-06-03 21:16:52.670844,413.47,2,Electronics,Headphones
TXN98XYTOT3YR,CUST52338048,2026-07-03 21:16:52.670844,325.42,1,Sports & Outdoors,Camping Gear
TXNOPMM7KPOJM,CUST88260363,2026-05-11 21:16:52.670844,159.71,5,Office Supplies,Furniture
TXNPNM3AOF00D,CUST88260363,2026-05-27 21:16:52.670844,202.28,4,Food & Beverages,Organic Products
TXN3AE6JXHY73,CUST88260363,2026-03-13 21:16:52.670844,125.49,4,Home & Garden,Kitchen Appliances
TXNZESLA2B40A,CUST88260363,2026-06-18 21:16:52.670844,259.79,1,Sports & Outdoors,Sportswear
TXNIOWQBHNK1X,CUST88260363,2026-05-12 21:16:52.670844,394.4,2,Home & Garden,Bedding
TXNVFRPV7CR7W,CUST88260363,2026-06-10 21:16:52.670844,251.28,5,Books,Educational
TXN06CO5O2H06,CUST88260363,2026-01-07 21:16:52.670844,241.39,1,Health & Beauty,Skincare
TXNNH8DR2CE1K,CUST88260363,2026-02-05 21:16:52.670844,399.18,4,Food & Beverages,Organic Products
TXNS7IAVX27SA,CUST88260363,2026-06-21 21:16:52.670844,299.25,2,Office Supplies,Electronics
TXNHTAPEKK2ZX,CUST88260363,2026-07-10 21:16:52.670844,244.14,2,Electronics,Smart Watch
TXNEXC9UG67AB,CUST88260363,2026-06-26 21:16:52.670844,353.11,4,Office Supplies,Stationery
TXN8ZITYZPMLH,CUST88260363,2026-02-10 21:16:52.670844,339.8,2,Food & Beverages,Gourmet Food
TXN6B8D879O8R,CUST88260363,2026-02-10 21:16:52.670844,360.4,3,Electronics,Laptop
TXNAYU9NZDPZK,CUST88260363,2026-05-18 21:16:52.670844,129.44,1,Home & Garden,Bedding
TXNNJT3OXZ8QO,CUST88260363,2026-02-09 21:16:52.670844,411.9,4,Health & Beauty,Skincare
TXNNAI6K4WEPE,CUST88260363,2026-06-20 21:16:52.670844,220.31,2,Automotive,Car Accessories
TXN5OXR4UPAVW,CUST88260363,2026-03-06 21:16:52.670844,227.52,2,Clothing,T-Shirt
TXN2I0YQQRPHR,CUST88260363,2026-03-24 21:16:52.670844,344.32,4,Food & Beverages,Organic Products
TXNUQ9GC4B2EW,CUST88260363,2026-04-24 21:16:52.670844,254.37,2,Automotive,Cleaning Supplies
TXNUSHW7VRVMS,CUST88260363,2026-02-26 21:16:52.670844,285.71,4,Toys & Games,Video Games
TXN5B0UI0WH8G,CUST88260363,2026-01-27 21:16:52.670844,353.76,2,Clothing,Jeans
TXN9ZNT741IXP,CUST88260363,2026-05-09 21:16:52.670844,377.56,5,Electronics,Smart Watch
TXNJTL1PBE1AM,CUST88260363,2026-06-29 21:16:52.670844,367.27,4,Office Supplies,Electronics
TXNB881Q619JX,CUST88260363,2026-01-13 21:16:52.670844,329.36,3,Toys & Games,Action Figures
TXNIRT3JJN4DY,CUST88260363,2026-03-28 21:16:52.670844,387.98,5,Toys & Games,Board Games
TXNA9FCXATAYR,CUST88260363,2026-02-06 21:16:52.670844,267.43,1,Books,Magazines
TXNI400NAWRB9,CUST21451026,2026-02-18 21:16:52.670844,176.3,2,Clothing,Shoes
TXNZZ7CBRWIKF,CUST21451026,2025-06-18 21:16:52.670844,220.05,2,Home & Garden,Decor
TXNF48L5BZMC2,CUST21451026,2025-07-13 21:16:52.670844,115.86,2,Toys & Games,Puzzles
TXNUHY9ALDS0K,CUST21451026,2025-09-12 21:16:52.670844,89.95,5,Automotive,Car Accessories
TXNCFBX9946U6,CUST21451026,2025-07-16 21:16:52.670844,124.76,2,Books,Comics
TXN8QZPPWM1SL,CUST21451026,2026-01-01 21:16:52.670844,151.36,5,Health & Beauty,Supplements
TXN9TA3UOQ5N3,CUST21451026,2025-02-08 21:16:52.670844,188.1,3,Toys & Games,Board Games
TXNZ1717TX4U8,CUST21451026,2025-11-23 21:16:52.670844,42.41,2,Sports & Outdoors,Bicycle
TXNERIULVJACY,CUST21451026,2024-11-29 21:16:52.670844,183.1,5,Home & Garden,Kitchen Appliances
TXN49HLABMHLP,CUST21451026,2025-10-24 21:16:52.670844,171.97,3,Toys & Games,Puzzles
TXNB7NDWMXQYJ,CUST21451026,2026-05-05 21:16:52.670844,186.37,1,Home & Garden,Kitchen Appliances
TXNRRKJJAL5MV,CUST21451026,2025-12-02 21:16:52.670844,228.77,1,Office Supplies,Electronics
TXNFBW33ENEMU,CUST21451026,2025-07-19 21:16:52.670844,123.18,4,Home & Garden,Kitchen Appliances
TXNFCYB9VNMBQ,CUST21451026,2026-03-01 21:16:52.670844,126.96,2,Health & Beauty,Makeup
TXNH2Z4KBMSBO,CUST21451026,2025-07-18 21:16:52.670844,119.29,4,Home & Garden,Tools
TXNEX88QVBHFU,CUST21451026,2025-03-18 21:16:52.670844,166.88,5,Sports & Outdoors,Camping Gear
TXNEGPHNRID1F,CUST21451026,2026-01-18 21:16:52.670844,188.84,2,Electronics,Laptop
TXNPARQ000OMD,CUST21451026,2025-06-20 21:16:52.670844,225.83,2,Home & Garden,Furniture
TXN2XUCLA5V32,CUST21451026,2025-09-01 21:16:52.670844,223.38,5,Electronics,Smart Watch
TXNA9ZCQCVNYP,CUST21451026,2025-08-16 21:16:52.670844,158.52,5,Electronics,Tablet
TXNKCCYWKNXJ6,CUST21451026,2025-11-03 21:16:52.670844,259.36,1,Health & Beauty,Skincare
TXNVKDP1SI32I,CUST21451026,2025-12-14 21:16:52.670844,174.83,5,Automotive,Parts
TXNDK0BDRJZTR,CUST21451026,2024-12-11 21:16:52.670844,157.13,4,Clothing,Jeans
TXNSB2Y2TBQ1K,CUST21451026,2025-06-23 21:16:52.670844,285.4,2,Clothing,Dress
TXNGMBZQ6KF2J,CUST21451026,2025-05-12 21:16:52.670844,187.28,1,Office Supplies,Desk Accessories
TXNQKPQQHMVQR,CUST54340201,2024-11-08 21:16:52.670844,92.33,3,Food & Beverages,Beverages
TXNYDMI29OEN4,CUST54340201,2025-12-24 21:16:52.670844,157.13,2,Clothing,Dress
TXNOL9LF4KPGE,CUST54340201,2025-07-18 21:16:52.670844,127.22,3,Office Supplies,Furniture
TXN22HNI4TI6I,CUST54340201,2025-08-23 21:16:52.670844,154.01,3,Toys & Games,Video Games
TXN29868S9JDC,CUST54340201,2025-11-09 21:16:52.670844,116.63,1,Sports & Outdoors,Sportswear
TXNMBRHFXMJPI,CUST54340201,2025-04-01 21:16:52.670844,224.22,5,Books,Magazines
TXNUG9L7O8W6Y,CUST54340201,2025-12-17 21:16:52.670844,57.75,2,Sports & Outdoors,Fitness Equipment
TXNM9WQHRS9C9,CUST11034605,2026-01-03 21:16:52.670844,34.53,1,Books,Magazines
TXN9JSC2253O5,CUST11034605,2026-01-03 21:16:52.670844,104.59,3,Toys & Games,Video Games
TXNJPWNS0CSGI,CUST11034605,2026-01-21 21:16:52.670844,69.61,1,Health & Beauty,Personal Care
TXNSKJFHXIN98,CUST11034605,2026-01-21 21:16:52.670844,81.45,5,Office Supplies,Furniture
TXN20FV962YNS,CUST11034605,2026-01-19 21:16:52.670844,59.39,4,Books,Educational
TXN28UXE37P94,CUST65424636,2026-01-06 21:16:52.670844,271.48,2,Office Supplies,Desk Accessories
TXN63BCMA3FR8,CUST65424636,2026-01-29 21:16:52.670844,158.6,1,Home & Garden,Decor
TXNVXF0OZU4RE,CUST65424636,2025-12-19 21:16:52.670844,145.41,5,Office Supplies,Electronics
TXNN8PBQP26QF,CUST44949380,2026-05-04 21:16:52.670844,422.86,2,Electronics,Smartphone
TXNEXP2J0RKOG,CUST44949380,2026-05-30 21:16:52.670844,584.33,3,Health & Beauty,Makeup
TXNSB8LNAZRJG,CUST44949380,2026-06-25 21:16:52.670844,441.24,2,Clothing,Jeans
TXNKFLRIE13Z6,CUST44949380,2026-05-06 21:16:52.670844,678.65,3,Health & Beauty,Supplements
TXN8F18GC7AFY,CUST44949380,2026-06-21 21:16:52.670844,364.04,3,Home & Garden,Tools
TXN84KE1666N5,CUST44949380,2026-04-13 21:16:52.670844,247.32,4,Clothing,Accessories
TXN6QROHIVRJC,CUST44949380,2026-05-16 21:16:52.670844,411.47,3,Automotive,Tools
TXNEJ4SNJ0GCF,CUST44949380,2026-04-26 21:16:52.670844,489.23,1,Books,Comics
TXNC4N4JZ9U2U,CUST44949380,2026-03-20 21:16:52.670844,292.51,3,Automotive,Cleaning Supplies
TXNF0FLRZR8YG,CUST44949380,2026-04-19 21:16:52.670844,450.93,2,Electronics,Tablet
TXNOWHVQ7SA59,CUST44949380,2026-05-11 21:16:52.670844,445.92,1,Electronics,Laptop
TXNS6E008OMOT,CUST44949380,2026-04-14 21:16:52.670844,380.93,3,Food & Beverages,Beverages
TXNGXSGKTB24Z,CUST44949380,2026-06-16 21:16:52.670844,674.57,2,Toys & Games,Action Figures
TXNZ83PL6CHDT,CUST44949380,2026-06-12 21:16:52.670844,433.75,5,Electronics,Laptop
TXNGWYJK0TDLB,CUST44949380,2026-04-09 21:16:52.670844,387.87,3,Home & Garden,Furniture
TXN8I5GBNPTXL,CUST44949380,2026-06-28 21:16:52.670844,397.46,3,Health & Beauty,Supplements
TXN1G8GX3Y9WW,CUST44949380,2026-03-19 21:16:52.670844,247.27,3,Toys & Games,Action Figures
TXNGWM5HGW9Q8,CUST44949380,2026-06-14 21:16:52.670844,708.96,3,Home & Garden,Kitchen Appliances
TXNYL65MV567X,CUST44949380,2026-06-20 21:16:52.670844,484.98,3,Sports & Outdoors,Bicycle
TXNBQU9V5PRP0,CUST44949380,2026-04-29 21:16:52.670844,372.25,1,Electronics,Smart Watch
TXNJLB55ZW05J,CUST44949380,2026-06-17 21:16:52.670844,561.73,3,Sports & Outdoors,Bicycle
TXNFBZGEPCQAJ,CUST44949380,2026-04-11 21:16:52.670844,575.33,4,Home & Garden,Decor
TXND2RMJSA49I,CUST44949380,2026-04-03 21:16:52.670844,360.89,2,Health & Beauty,Makeup
TXN904WT4VY3F,CUST44949380,2026-05-21 21:16:52.670844,383.82,5,Automotive,Parts
TXNQ0KARI7C89,CUST44949380,2026-05-26 21:16:52.670844,302.79,5,Toys & Games,Action Figures
TXN5D9ERP37IC,CUST44949380,2026-05-12 21:16:52.670844,689.05,4,Electronics,Headphones
TXNZ8W0W0HA7R,CUST44949380,2026-07-08 21:16:52.670844,337.17,4,Health & Beauty,Personal Care
TXNTGSN6D9390,CUST14111641,2025-10-16 21:16:52.670844,161.37,4,Health & Beauty,Supplements
TXNP2ASJK82PH,CUST14111641,2025-10-30 21:16:52.670844,157.63,3,Books,Educational
TXNPTDY3TIZEK,CUST14111641,2025-12-07 21:16:52.670844,221.37,4,Food & Beverages,Organic Products
TXNBNV642MN9U,CUST14111641,2025-10-28 21:16:52.670844,115.71,1,Automotive,Car Accessories
TXN062YAU9E6U,CUST14111641,2025-09-20 21:16:52.670844,136.45,4,Home & Garden,Furniture
TXNSKNONHU5DW,CUST14111641,2025-12-15 21:16:52.670844,132.93,5,Books,Educational
TXNSPRZJ2KDPH,CUST14111641,2026-03-09 21:16:52.670844,69.06,1,Office Supplies,Electronics
TXNWYSKK72RKD,CUST14111641,2026-02-24 21:16:52.670844,128.45,3,Books,Comics
TXN1BPELPEWQ3,CUST14111641,2026-04-29 21:16:52.670844,168.44,3,Books,Fiction
TXN00X03R9CL0,CUST14111641,2026-04-08 21:16:52.670844,82.06,2,Home & Garden,Tools
TXN93MYWTC168,CUST14111641,2026-03-03 21:16:52.670844,129.87,1,Office Supplies,Stationery
TXNDE4T822H6C,CUST14111641,2026-03-04 21:16:52.670844,118.48,5,Food & Beverages,Beverages
TXNBH1ESRJ0X5,CUST14111641,2026-04-12 21:16:52.670844,109.34,3,Office Supplies,Electronics
TXNPILNS7EM77,CUST14111641,2026-05-05 21:16:52.670844,171.09,4,Electronics,Laptop
TXNFIHU88ZLL6,CUST14111641,2025-10-23 21:16:52.670844,104.19,4,Automotive,Cleaning Supplies
TXNKXXOS8ZJQJ,CUST14111641,2026-04-21 21:16:52.670844,172.22,5,Books,Fiction
TXNEFGXKZ2OIE,CUST14111641,2026-01-11 21:16:52.670844,121.9,5,Home & Garden,Decor
TXN0HFYXJ6G5R,CUST14111641,2025-11-29 21:16:52.670844,128.53,1,Office Supplies,Stationery
TXN1ND2K7DZVB,CUST14111641,2025-09-07 21:16:52.670844,130.52,3,Home & Garden,Bedding
TXNY1LSH8VOLC,CUST10337223,2026-07-03 21:16:52.670844,227.95,4,Office Supplies,Stationery
TXNWJDGF73B0N,CUST10337223,2026-06-19 21:16:52.670844,146.16,4,Home & Garden,Tools
TXN76PBYAZ6U8,CUST10337223,2026-06-08 21:16:52.670844,217.91,5,Electronics,Smart Watch
TXNURV99TKUFV,CUST10337223,2026-06-30 21:16:52.670844,259.9,2,Books,Comics
TXNKJAV8TXRNO,CUST10337223,2026-04-19 21:16:52.670844,132.48,4,Books,Magazines
TXNHSXDIOFFIP,CUST10337223,2026-06-27 21:16:52.670844,194.13,4,Office Supplies,Furniture
TXNGNIS3CIFCU,CUST10337223,2026-03-18 21:16:52.670844,86.66,2,Office Supplies,Stationery
TXNQQNACL1XVA,CUST10337223,2026-05-07 21:16:52.670844,230.02,4,Electronics,Smart Watch
TXNRZ50Q11K4R,CUST10337223,2026-05-03 21:16:52.670844,359.13,4,Food & Beverages,Organic Products
TXN05Q05XQ57F,CUST10337223,2026-02-23 21:16:52.670844,262.44,1,Home & Garden,Tools
TXNLSV152ZZSQ,CUST10337223,2026-03-21 21:16:52.670844,242.64,4,Home & Garden,Tools
TXN4V5CEVBWOQ,CUST10337223,2026-03-24 21:16:52.670844,174.03,4,Sports & Outdoors,Bicycle
TXN3VN3U1O1U7,CUST10337223,2026-06-17 21:16:52.670844,133.14,1,Clothing,Jacket
TXN7FCZM4AFSQ,CUST10337223,2026-06-29 21:16:52.670844,193.44,5,Books,Non-Fiction
TXNGJW5QCUJRN,CUST10337223,2026-05-10 21:16:52.670844,228.84,4,Electronics,Tablet
TXN7AKU1KI0LD,CUST10337223,2026-06-30 21:16:52.670844,233.83,3,Home & Garden,Bedding
TXN09ZMTSXJZZ,CUST10337223,2026-05-11 21:16:52.670844,105.44,5,Health & Beauty,Personal Care
TXN13VSCUK8RA,CUST10337223,2026-03-10 21:16:52.670844,193.74,5,Office Supplies,Electronics
TXNJZTI096AO8,CUST10337223,2026-07-03 21:16:52.670844,286.82,5,Electronics,Smart Watch
TXNP7D17BV68T,CUST10337223,2026-05-07 21:16:52.670844,181.19,4,Automotive,Car Accessories
TXNTG7ZSGLUVN,CUST10337223,2026-06-18 21:16:52.670844,101.68,5,Automotive,Tools
TXNYJW6UL411H,CUST29797050,2026-02-05 21:16:52.670844,198.63,3,Electronics,Smart Watch
TXNQZKPWWU92O,CUST29797050,2025-12-31 21:16:52.670844,186.65,4,Books,Magazines
TXNFICT305ANG,CUST29797050,2026-05-15 21:16:52.670844,116.5,2,Automotive,Parts
TXNW9NNKNQEJC,CUST29797050,2025-08-17 21:16:52.670844,165.56,2,Automotive,Car Accessories
TXNIO0OPYL882,CUST29797050,2025-09-30 21:16:52.670844,217.15,5,Food & Beverages,Snacks
TXNL72H7BLIGW,CUST29797050,2025-09-19 21:16:52.670844,228.16,2,Health & Beauty,Supplements
TXNS52AC9MG6Y,CUST29797050,2025-11-02 21:16:52.670844,213.84,4,Electronics,Headphones
TXN2YNHMXKBE5,CUST29797050,2026-02-25 21:16:52.670844,157.69,4,Electronics,Tablet
TXN5EFJ0HC5QZ,CUST29797050,2026-03-29 21:16:52.670844,173.85,5,Toys & Games,Board Games
TXN7QZBTAIKOT,CUST29797050,2025-07-05 21:16:52.670844,259.98,1,Electronics,Smartphone
TXNFM1N7TF18P,CUST29797050,2025-08-07 21:16:52.670844,120.49,5,Office Supplies,Electronics
TXN9ODALKHLZH,CUST29797050,2026-04-14 21:16:52.670844,116.04,3,Toys & Games,Puzzles
TXNBA82IBMYB7,CUST29797050,2025-12-03 21:16:52.670844,252.79,4,Home & Garden,Decor
TXNFZRYXW4BB4,CUST29797050,2025-10-08 21:16:52.670844,27.7,2,Books,Magazines
TXN814MXZPIV3,CUST29797050,2025-05-02 21:16:52.670844,135.79,1,Home & Garden,Bedding
TXNC24Y3GNUHU,CUST29797050,2025-11-11 21:16:52.670844,188.18,2,Automotive,Cleaning Supplies
TXNIFV0N2M0HR,CUST29797050,2025-11-07 21:16:52.670844,153.97,5,Toys & Games,Action Figures
TXNSCQO2GILOI,CUST29797050,2025-11-21 21:16:52.670844,154.84,3,Electronics,Camera
TXNMCDOE6GJYL,CUST29797050,2025-10-11 21:16:52.670844,187.69,2,Home & Garden,Decor
TXN7FSB6H6DVW,CUST29797050,2025-04-19 21:16:52.670844,46.9,5,Electronics,Smartphone
TXNCSH5D2E5MZ,CUST29797050,2026-04-04 21:16:52.670844,206.24,4,Electronics,Headphones
TXN7X5F2CRFHH,CUST29797050,2025-10-28 21:16:52.670844,169.99,2,Food & Beverages,Organic Products
TXN4FNF8IRC5D,CUST29797050,2025-08-28 21:16:52.670844,122.91,1,Toys & Games,Video Games
TXN171L156GGE,CUST29797050,2026-05-24 21:16:52.670844,84.82,1,Electronics,Smart Watch
TXN2JZXBGKI21,CUST14188281,2025-06-20 21:16:52.670844,99.31,2,Office Supplies,Furniture
TXN13RUGGZ6O1,CUST14188281,2026-04-20 21:16:52.670844,105.26,4,Automotive,Tools
TXN605PHEVFTP,CUST14188281,2025-02-26 21:16:52.670844,348.9,3,Sports & Outdoors,Fitness Equipment
TXNWJ5AX9DQUT,CUST14188281,2026-01-14 21:16:52.670844,214.26,4,Automotive,Parts
TXN2ACOD5D0OY,CUST14188281,2026-04-06 21:16:52.670844,206.93,5,Office Supplies,Desk Accessories
TXNLDQTGDVOA7,CUST14188281,2026-03-11 21:16:52.670844,108.97,5,Sports & Outdoors,Sportswear
TXNU2OYPSVD3T,CUST14188281,2026-02-19 21:16:52.670844,162.67,4,Books,Magazines
TXNYJYX7NJBR9,CUST14188281,2025-10-20 21:16:52.670844,85.19,4,Office Supplies,Electronics
TXNM8ZG8IS5FC,CUST14188281,2026-02-04 21:16:52.670844,214.65,3,Food & Beverages,Organic Products
TXNWN3NIIFEEO,CUST14188281,2025-01-07 21:16:52.670844,214.97,2,Electronics,Smartphone
TXNC8MZ3L5S4B,CUST14188281,2025-03-13 21:16:52.670844,188.5,3,Food & Beverages,Beverages
TXNX1RMD343P3,CUST14188281,2026-04-14 21:16:52.670844,158.24,2,Food & Beverages,Organic Products
TXNYNDXWH1TI9,CUST95601559,2026-03-09 21:16:52.670844,168.32,3,Sports & Outdoors,Bicycle
TXNSA5Z8OZH9F,CUST95601559,2026-02-24 21:16:52.670844,233.82,1,Health & Beauty,Skincare
TXNL4N8V6AWVN,CUST95601559,2026-01-22 21:16:52.670844,226.08,3,Home & Garden,Bedding
TXNGFUMVKDOOU,CUST95601559,2025-02-11 21:16:52.670844,266.33,2,Food & Beverages,Organic Products
TXN4XF6MBEOCO,CUST95601559,2025-05-15 21:16:52.670844,308.68,5,Toys & Games,Action Figures
TXN9URW9321ZV,CUST95601559,2025-07-12 21:16:52.670844,179.44,1,Health & Beauty,Supplements
TXNVERTUS427E,CUST95601559,2025-08-19 21:16:52.670844,216.99,4,Clothing,Accessories
TXNJIQ5A7ZV0S,CUST95601559,2025-07-25 21:16:52.670844,212.28,4,Electronics,Laptop
TXNITPK7D3NSV,CUST95601559,2026-03-18 21:16:52.670844,175.88,3,Automotive,Car Accessories
TXNHS2UYH9DOA,CUST95601559,2025-08-08 21:16:52.670844,131.95,4,Food & Beverages,Snacks
TXNBF9JATO69L,CUST60048703,2025-09-18 21:16:52.670844,94.31,2,Books,Magazines
TXNBMMY5114PS,CUST60048703,2025-09-24 21:16:52.670844,173.0,4,Sports & Outdoors,Sportswear
TXNELFDXJ8J5J,CUST60048703,2026-05-14 21:16:52.670844,168.39,1,Electronics,Smart Watch
TXNOLH7ZW3HO0,CUST60048703,2025-07-03 21:16:52.670844,211.44,5,Clothing,Jacket
TXN4W79W3LEG3,CUST60048703,2026-02-12 21:16:52.670844,151.96,4,Clothing,Dress
TXNA8TCB9KTRJ,CUST60048703,2025-11-11 21:16:52.670844,186.2,5,Electronics,Tablet
TXNZC73BL7IYQ,CUST60048703,2025-11-10 21:16:52.670844,125.43,2,Clothing,Jeans
TXNF22P28YEUI,CUST60048703,2025-08-26 21:16:52.670844,168.38,3,Clothing,Shoes
TXN01A4UWIWKV,CUST60048703,2025-04-30 21:16:52.670844,138.56,5,Books,Fiction
TXNO51D9PSR4O,CUST60048703,2026-05-28 21:16:52.670844,139.7,1,Electronics,Smartphone
TXN43SW1XIRQH,CUST60048703,2025-08-29 21:16:52.670844,150.42,4,Clothing,Accessories
TXNHN9NORADGM,CUST60048703,2025-06-06 21:16:52.670844,108.05,5,Electronics,Smart Watch
TXNNQBJ17MVNV,CUST60048703,2026-05-17 21:16:52.670844,131.64,3,Sports & Outdoors,Sportswear
TXNP5Y4QZUU6W,CUST60048703,2025-12-08 21:16:52.670844,185.98,1,Sports & Outdoors,Camping Gear
TXNO3O2JA5DKP,CUST60048703,2025-03-04 21:16:52.670844,34.66,3,Books,Comics
TXNBAWJAH6926,CUST60048703,2025-06-07 21:16:52.670844,127.93,4,Sports & Outdoors,Sportswear
TXNZYTMPV2CRP,CUST60048703,2025-02-07 21:16:52.670844,116.84,4,Electronics,Tablet
TXNIRAMNUDHZT,CUST60048703,2026-05-29 21:16:52.670844,159.36,2,Books,Non-Fiction
TXNQY0M5XAEFQ,CUST60048703,2026-03-04 21:16:52.670844,40.83,5,Food & Beverages,Organic Products
TXNI1G2PUELAK,CUST60048703,2026-02-26 21:16:52.670844,99.94,2,Health & Beauty,Supplements
TXNUAL4UMYG0L,CUST60048703,2026-05-04 21:16:52.670844,210.38,4,Health & Beauty,Makeup
TXNGW0RAJM73L,CUST60048703,2026-04-10 21:16:52.670844,153.21,4,Home & Garden,Kitchen Appliances
TXND3FHIM2L1O,CUST60048703,2026-02-07 21:16:52.670844,167.62,5,Health & Beauty,Personal Care
TXN78H79TR3R5,CUST60048703,2025-05-03 21:16:52.670844,101.58,2,Office Supplies,Stationery
TXN9TXIR0PQFB,CUST60048703,2025-01-28 21:16:52.670844,127.78,5,Home & Garden,Tools
TXNDZ86Y8P8IM,CUST78735585,2026-02-03 21:16:52.670844,77.17,5,Electronics,Smartphone
TXN7MYU1KZ0N8,CUST78735585,2026-04-03 21:16:52.670844,87.56,1,Office Supplies,Furniture
TXNE2RO7OE5Q4,CUST78735585,2026-01-26 21:16:52.670844,69.49,5,Toys & Games,Video Games
TXNMPJHNDPIIO,CUST78735585,2026-03-27 21:16:52.670844,71.73,2,Books,Fiction
TXN8UO8B8YE7S,CUST78735585,2026-01-12 21:16:52.670844,53.73,5,Automotive,Car Accessories
TXNXIAPV42OJ3,CUST78735585,2026-04-05 21:16:52.670844,30.92,5,Books,Educational
TXNKI0DKN2IW7,CUST09079477,2026-05-14 21:16:52.670844,80.75,5,Toys & Games,Video Games
TXNIWOF7436E6,CUST09079477,2026-05-18 21:16:52.670844,193.45,5,Clothing,Dress
TXNM4PDC5TONP,CUST09079477,2026-05-18 21:16:52.670844,217.19,1,Home & Garden,Kitchen Appliances
TXNIUXGACRR0J,CUST09079477,2026-05-16 21:16:52.670844,159.0,4,Electronics,Tablet
TXNOWH2YA2DR4,CUST09079477,2026-05-13 21:16:52.670844,184.0,1,Health & Beauty,Supplements
TXNM55OYS4Q2Z,CUST09079477,2026-05-22 21:16:52.670844,235.96,2,Office Supplies,Desk Accessories
TXNMBOMO825N5,CUST09079477,2026-05-21 21:16:52.670844,92.39,4,Toys & Games,Video Games
TXN1A1D5RCW3O,CUST81298138,2026-04-10 21:16:52.670844,88.74,4,Health & Beauty,Skincare
TXNAGRVR1IL8I,CUST81298138,2026-05-10 21:16:52.670844,128.29,2,Electronics,Smartphone
TXN2WJ1L38CMY,CUST81298138,2026-05-05 21:16:52.670844,56.7,2,Automotive,Tools
TXNJM61J9IGWP,CUST81298138,2026-05-11 21:16:52.670844,70.97,4,Electronics,Headphones
TXNHMS9M2YJZF,CUST81298138,2026-05-24 21:16:52.670844,121.81,2,Books,Fiction
TXNC9KLOAS2AT,CUST81298138,2026-05-23 21:16:52.670844,123.97,3,Food & Beverages,Organic Products
TXNL8Z1ZCFPIG,CUST81298138,2026-04-05 21:16:52.670844,89.19,3,Toys & Games,Video Games
TXNBSTYCRHGSZ,CUST81298138,2026-04-25 21:16:52.670844,105.24,4,Office Supplies,Furniture
TXNUOM0JMN0QJ,CUST81298138,2026-05-15 21:16:52.670844,87.37,1,Electronics,Smartphone
TXNU4G3VERTD9,CUST81298138,2026-04-13 21:16:52.670844,112.53,3,Automotive,Tools
TXN55X0MU38DO,CUST81298138,2026-05-10 21:16:52.670844,130.76,3,Home & Garden,Bedding
TXNUNRJJBTVOK,CUST81298138,2026-05-21 21:16:52.670844,93.59,1,Office Supplies,Furniture
TXN9JJVGS2GUH,CUST81298138,2026-05-11 21:16:52.670844,104.33,3,Home & Garden,Kitchen Appliances
TXNPTBG2XWUX1,CUST81298138,2026-05-05 21:16:52.670844,55.98,3,Sports & Outdoors,Bicycle
TXNDMF7JZQ5OA,CUST81298138,2026-05-21 21:16:52.670844,87.44,2,Automotive,Parts
TXNBPBTAFVABD,CUST81298138,2026-05-28 21:16:52.670844,80.28,2,Automotive,Car Accessories
TXNGHDHSG9A8I,CUST81298138,2026-04-03 21:16:52.670844,56.83,4,Electronics,Smartphone
TXNM0JED9MXGF,CUST81298138,2026-05-25 21:16:52.670844,74.92,1,Office Supplies,Furniture
TXNL3E4Q0LVKQ,CUST12254547,2025-08-07 21:16:52.670844,234.7,5,Books,Fiction
TXNNTOK3MMATX,CUST12254547,2025-04-27 21:16:52.670844,274.35,5,Home & Garden,Furniture
TXNUK09INGGNE,CUST12254547,2025-08-29 21:16:52.670844,31.55,2,Home & Garden,Kitchen Appliances
TXN0QRIZM32RD,CUST77475756,2026-01-16 21:16:52.670844,120.94,2,Office Supplies,Stationery
TXNYUOIOGX9TZ,CUST77475756,2026-03-05 21:16:52.670844,84.65,1,Automotive,Tools
TXNWXP39LU7YW,CUST77475756,2026-05-29 21:16:52.670844,115.76,3,Clothing,Jacket
TXNCJV3JBJ4DG,CUST77475756,2026-01-21 21:16:52.670844,223.96,4,Automotive,Cleaning Supplies
TXNM9D552CTHQ,CUST77475756,2026-02-11 21:16:52.670844,156.75,3,Books,Magazines
TXNOVZF5F3TWZ,CUST77475756,2026-04-13 21:16:52.670844,189.59,5,Sports & Outdoors,Sportswear
TXNOFSRNGH0S2,CUST77475756,2026-07-10 21:16:52.670844,144.0,1,Automotive,Cleaning Supplies
TXNMQLWP7AHFY,CUST77475756,2026-04-09 21:16:52.670844,132.71,4,Office Supplies,Desk Accessories
TXN18J97ETT58,CUST77475756,2025-12-26 21:16:52.670844,123.16,2,Office Supplies,Stationery
TXNXSBCYCGVFG,CUST77475756,2026-02-07 21:16:52.670844,153.63,3,Books,Comics
TXNTSHN650JCK,CUST77475756,2026-04-17 21:16:52.670844,46.25,5,Home & Garden,Tools
TXNEIQHKCXM7Z,CUST77475756,2026-06-11 21:16:52.670844,99.84,1,Sports & Outdoors,Fitness Equipment
TXNWRLZ2HLFKN,CUST77475756,2025-11-26 21:16:52.670844,185.22,2,Toys & Games,Board Games
TXNOPD5UOXYH2,CUST77475756,2025-11-06 21:16:52.670844,95.46,1,Clothing,Jacket
TXNGL5WFZMM35,CUST77475756,2026-02-08 21:16:52.670844,114.7,3,Health & Beauty,Supplements
TXN01EH1CD5RI,CUST77475756,2026-04-26 21:16:52.670844,118.36,1,Electronics,Headphones
TXNWEGFPK3H3J,CUST77475756,2025-12-22 21:16:52.670844,207.86,4,Automotive,Tools
TXNEIJ66YPNXB,CUST77475756,2026-03-09 21:16:52.670844,178.7,1,Health & Beauty,Skincare
TXNPW8ZHP6FRI,CUST77475756,2025-11-03 21:16:52.670844,138.22,1,Office Supplies,Desk Accessories
TXN4JGHSEYNQ3,CUST77475756,2025-12-30 21:16:52.670844,149.06,1,Electronics,Tablet
TXN7FG6ID7IDK,CUST77475756,2025-11-28 21:16:52.670844,140.19,3,Automotive,Parts
TXN543EZQXNRJ,CUST77475756,2026-03-09 21:16:52.670844,64.14,5,Health & Beauty,Personal Care
TXNC6JJKERLHI,CUST77475756,2026-05-29 21:16:52.670844,129.72,5,Toys & Games,Board Games
TXN9Z28QHJH5I,CUST77475756,2025-11-09 21:16:52.670844,119.32,2,Toys & Games,Action Figures
TXNJJEA1M1QWQ,CUST77475756,2026-05-10 21:16:52.670844,129.88,3,Home & Garden,Decor
TXNY66K7B2F1D,CUST77475756,2026-01-25 21:16:52.670844,126.84,1,Health & Beauty,Skincare
TXNEHEUFX1YPR,CUST77475756,2026-07-12 21:16:52.670844,16.64,5,Clothing,Dress
TXN2ZZ02WPSDK,CUST77475756,2026-03-26 21:16:52.670844,55.82,2,Sports & Outdoors,Camping Gear
TXNYA1A1JQKFD,CUST77475756,2026-02-19 21:16:52.670844,136.24,5,Health & Beauty,Supplements
TXNXPVMZ7YFQF,CUST77475756,2026-03-18 21:16:52.670844,218.04,5,Sports & Outdoors,Sportswear
TXNHYK10N5HN0,CUST77475756,2025-12-20 21:16:52.670844,134.55,1,Toys & Games,Video Games
TXNZHVLR3JO3D,CUST77475756,2026-05-22 21:16:52.670844,157.23,3,Office Supplies,Electronics
TXN6KPQN6XLOF,CUST77475756,2025-11-04 21:16:52.670844,192.53,1,Toys & Games,Action Figures
TXNDTEJSEOKTV,CUST77475756,2026-03-08 21:16:52.670844,119.66,1,Sports & Outdoors,Camping Gear
TXN5CSAJJ9170,CUST77475756,2025-11-21 21:16:52.670844,120.39,5,Sports & Outdoors,Fitness Equipment
TXNS8B62OXY8D,CUST37160630,2026-06-16 21:16:52.670844,167.54,5,Clothing,Shoes
TXNHYJNLWXLWD,CUST37160630,2026-06-27 21:16:52.670844,301.42,4,Toys & Games,Puzzles
TXNHW9LNFYZW2,CUST37160630,2026-06-05 21:16:52.670844,415.38,5,Automotive,Tools
TXNME4LJ678WM,CUST37160630,2026-06-11 21:16:52.670844,570.13,2,Clothing,T-Shirt
TXNH5W43RNPAU,CUST37160630,2026-07-01 21:16:52.670844,351.43,2,Electronics,Headphones
TXNQTTTPKHBOW,CUST37160630,2026-03-29 21:16:52.670844,266.96,2,Clothing,Shoes
TXN6JIREY5WBR,CUST37160630,2026-03-07 21:16:52.670844,122.65,4,Health & Beauty,Supplements
TXNU0L1DV0X8R,CUST37160630,2026-03-31 21:16:52.670844,470.85,4,Sports & Outdoors,Fitness Equipment
TXN6D830185EP,CUST37160630,2026-03-29 21:16:52.670844,400.81,1,Toys & Games,Puzzles
TXN1GNJIXW45Q,CUST37160630,2026-06-28 21:16:52.670844,420.85,1,Home & Garden,Furniture
TXN1V4BGSSXF3,CUST37160630,2026-04-19 21:16:52.670844,329.78,1,Home & Garden,Bedding
TXNIZ9QLWOKBD,CUST37160630,2026-07-01 21:16:52.670844,188.42,1,Clothing,T-Shirt
TXN9LHOIQI1ET,CUST37160630,2026-05-15 21:16:52.670844,455.51,4,Sports & Outdoors,Bicycle
TXNN9TUIC0M4W,CUST37160630,2026-06-18 21:16:52.670844,352.13,5,Home & Garden,Decor
TXNR4BRAC3FM5,CUST37160630,2026-03-13 21:16:52.670844,550.83,2,Electronics,Smart Watch
TXNGJ7ZP3T3G3,CUST37160630,2026-02-09 21:16:52.670844,321.52,2,Automotive,Tools
TXN7M4OCEZLFD,CUST37160630,2026-06-26 21:16:52.670844,383.58,4,Sports & Outdoors,Sportswear
TXNTNSGUH27P9,CUST37160630,2026-03-07 21:16:52.670844,380.48,5,Health & Beauty,Personal Care
TXNPIWJHER2F4,CUST37160630,2026-03-04 21:16:52.670844,393.08,2,Automotive,Tools
TXNOBO3FSN38M,CUST37160630,2026-06-29 21:16:52.670844,540.18,4,Electronics,Headphones
TXNW9TTPG9AHS,CUST37160630,2026-04-27 21:16:52.670844,607.9,4,Automotive,Parts
TXNW6QRIF1GAS,CUST37160630,2026-05-06 21:16:52.670844,263.24,5,Clothing,Dress
TXN5MD0VVJK3J,CUST37160630,2026-06-03 21:16:52.670844,400.09,5,Books,Magazines
TXNVBGQT07198,CUST88891412,2026-02-15 21:16:52.670844,165.85,2,Automotive,Parts
TXN689WZFO143,CUST88891412,2026-04-01 21:16:52.670844,217.87,4,Automotive,Car Accessories
TXNXMJOFCC5CH,CUST88891412,2026-04-04 21:16:52.670844,320.79,1,Food & Beverages,Gourmet Food
TXN46J1HBW7FE,CUST88891412,2026-06-09 21:16:52.670844,330.52,2,Office Supplies,Electronics
TXNAU8LU5RHXY,CUST88891412,2026-04-22 21:16:52.670844,359.71,2,Books,Educational
TXNWUC85R2LVD,CUST88891412,2025-12-13 21:16:52.670844,380.92,1,Sports & Outdoors,Fitness Equipment
TXNRIU3N9QO9W,CUST88891412,2026-01-16 21:16:52.670844,302.05,2,Office Supplies,Desk Accessories
TXNDSHW6LHNPD,CUST88891412,2025-11-08 21:16:52.670844,335.81,5,Office Supplies,Desk Accessories
TXNT0AXT1GYCM,CUST88891412,2025-11-09 21:16:52.670844,468.57,5,Sports & Outdoors,Camping Gear
TXN2UE9GILX8O,CUST88891412,2025-12-28 21:16:52.670844,268.59,4,Books,Fiction
TXN23UAVZHATB,CUST88891412,2026-04-23 21:16:52.670844,530.06,4,Food & Beverages,Organic Products
TXNU1EWCBG9XQ,CUST88891412,2025-11-19 21:16:52.670844,206.38,5,Office Supplies,Furniture
TXNANC4KYXK6B,CUST88891412,2026-02-16 21:16:52.670844,521.36,4,Toys & Games,Board Games
TXN902OLCVI4P,CUST88891412,2026-06-17 21:16:52.670844,229.39,5,Books,Non-Fiction
TXN3EBSPZSGF2,CUST88891412,2025-12-12 21:16:52.670844,158.92,5,Sports & Outdoors,Camping Gear
TXNJO70J8SYJU,CUST88891412,2026-03-12 21:16:52.670844,335.26,1,Books,Comics
TXNJFVGYJUZT2,CUST88891412,2026-01-11 21:16:52.670844,452.46,2,Home & Garden,Furniture
TXNCOFA48ZABA,CUST88891412,2026-03-28 21:16:52.670844,178.53,4,Sports & Outdoors,Camping Gear
TXNZXH9V4661S,CUST88891412,2026-05-20 21:16:52.670844,373.3,3,Office Supplies,Electronics
TXNHW44NZCP2T,CUST88891412,2025-11-05 21:16:52.670844,331.26,4,Home & Garden,Furniture
TXN7TZ69LTD59,CUST88891412,2026-06-02 21:16:52.670844,244.07,5,Home & Garden,Tools
TXNU3OG4B10MZ,CUST88891412,2026-02-24 21:16:52.670844,187.27,1,Office Supplies,Electronics
TXN2OSY2G0L0O,CUST88891412,2026-01-09 21:16:52.670844,359.34,1,Toys & Games,Video Games
TXNLZIY7ADO98,CUST88891412,2026-02-21 21:16:52.670844,290.87,4,Office Supplies,Furniture
TXNKNFJ5TK9VV,CUST88891412,2026-06-23 21:16:52.670844,329.72,5,Electronics,Headphones
TXNU44L7RKQ4V,CUST88891412,2026-03-31 21:16:52.670844,300.27,4,Home & Garden,Tools
TXNHUOOUZPUZV,CUST88891412,2026-04-30 21:16:52.670844,379.33,1,Food & Beverages,Beverages
TXNOELFLI042L,CUST88891412,2026-01-26 21:16:52.670844,218.97,2,Home & Garden,Tools
TXNPZBEMV9M7V,CUST88891412,2026-04-13 21:16:52.670844,442.34,5,Toys & Games,Video Games
TXN1BKTJRME5X,CUST88891412,2026-02-22 21:16:52.670844,298.08,5,Home & Garden,Furniture
TXN4J06YD8JKS,CUST88891412,2026-02-05 21:16:52.670844,198.08,5,Automotive,Cleaning Supplies
TXNESMLI0UJNF,CUST88891412,2026-04-16 21:16:52.670844,290.79,2,Automotive,Cleaning Supplies
TXN4WA5UGFL0P,CUST88891412,2026-04-06 21:16:52.670844,423.01,4,Office Supplies,Electronics
TXNSV50AAM4WM,CUST88891412,2025-12-05 21:16:52.670844,398.31,2,Office Supplies,Stationery
TXNCCUH6QUB38,CUST88891412,2026-05-06 21:16:52.670844,502.59,1,Health & Beauty,Makeup
TXNDRCWTBV94S,CUST88891412,2026-04-02 21:16:52.670844,455.46,3,Clothing,Accessories
TXN4QBHY6CQ5E,CUST88891412,2026-04-20 21:16:52.670844,100.88,4,Health & Beauty,Personal Care
TXNJB5JWNW2EY,CUST88891412,2026-03-26 21:16:52.670844,388.66,4,Home & Garden,Bedding
TXNZ8TFW8BS7C,CUST88891412,2025-11-25 21:16:52.670844,297.72,2,Home & Garden,Decor
TXNW0LBN7FBIE,CUST56877955,2025-11-19 21:16:52.670844,265.3,4,Sports & Outdoors,Camping Gear
TXNSTF67PBAY6,CUST56877955,2025-09-16 21:16:52.670844,92.32,1,Toys & Games,Puzzles
TXNFCZTOWPVWH,CUST56877955,2025-12-01 21:16:52.670844,204.68,2,Automotive,Cleaning Supplies
TXNXKDU7LD8YC,CUST56877955,2026-02-28 21:16:52.670844,207.41,4,Home & Garden,Kitchen Appliances
TXNAWNV6XOUY3,CUST00496125,2025-05-24 21:16:52.670844,110.97,2,Office Supplies,Desk Accessories
TXN8KHMHPKVOQ,CUST00496125,2025-04-08 21:16:52.670844,157.4,5,Health & Beauty,Skincare
TXNNTDAJ2EPPB,CUST00496125,2025-05-31 21:16:52.670844,158.62,2,Electronics,Headphones
TXNVPYFU48IDP,CUST00496125,2025-01-18 21:16:52.670844,116.12,1,Office Supplies,Electronics
TXN2FF8L8E10O,CUST35366448,2025-08-07 21:16:52.670844,34.24,4,Health & Beauty,Skincare
TXN2MW4E4E034,CUST51609420,2025-08-22 21:16:52.670844,195.25,3,Clothing,Jacket
TXN7KYXD6ETMQ,CUST51609420,2025-04-10 21:16:52.670844,119.11,4,Health & Beauty,Skincare
TXNK6WV3FPAQN,CUST51609420,2025-12-11 21:16:52.670844,214.62,2,Home & Garden,Decor
TXN13A0CH8G36,CUST51609420,2026-02-05 21:16:52.670844,272.09,3,Health & Beauty,Makeup
TXNE4TXQB6W46,CUST51609420,2025-05-05 21:16:52.670844,194.11,4,Electronics,Tablet
TXNZ63PA6J8JH,CUST51609420,2025-08-28 21:16:52.670844,149.65,2,Sports & Outdoors,Bicycle
TXN9T81ENJMK0,CUST51609420,2025-12-08 21:16:52.670844,118.07,3,Electronics,Laptop
TXNSKI4D8SY6C,CUST60053254,2026-03-06 21:16:52.670844,150.01,3,Food & Beverages,Gourmet Food
TXNL9JGTN7GGW,CUST60053254,2026-02-07 21:16:52.670844,213.11,5,Home & Garden,Decor
TXN6M9D9UARZI,CUST60053254,2026-03-23 21:16:52.670844,230.39,5,Food & Beverages,Organic Products
TXNZ7NJSQJWNT,CUST89008299,2025-09-26 21:16:52.670844,64.02,5,Automotive,Parts
TXNU0ZPKTNOZ7,CUST89008299,2025-10-09 21:16:52.670844,89.73,1,Food & Beverages,Beverages
TXNLA5R70N9SI,CUST89008299,2025-10-02 21:16:52.670844,113.82,3,Clothing,Shoes
TXN3EC7T5TECT,CUST89008299,2026-02-11 21:16:52.670844,70.96,5,Home & Garden,Decor
TXN3YWHSA84UJ,CUST89008299,2026-03-08 21:16:52.670844,86.66,3,Toys & Games,Action Figures
TXNICMDSDOBJB,CUST89008299,2025-11-23 21:16:52.670844,109.36,5,Sports & Outdoors,Fitness Equipment
TXNN1UYUURCNW,CUST12152195,2026-07-14 21:16:52.670844,286.11,3,Toys & Games,Action Figures
TXNEGI3KR731Y,CUST12152195,2026-07-15 21:16:52.670844,195.16,3,Office Supplies,Electronics
TXNH143A2X044,CUST12152195,2026-07-14 21:16:52.670844,400.58,1,Food & Beverages,Beverages
TXNK890DZL552,CUST12152195,2026-07-13 21:16:52.670844,213.96,4,Sports & Outdoors,Sportswear
TXNY994DJ6FKH,CUST12152195,2026-07-14 21:16:52.670844,212.38,2,Office Supplies,Desk Accessories
TXNVX0BW2SUXP,CUST12152195,2026-07-13 21:16:52.670844,254.52,1,Home & Garden,Kitchen Appliances
TXNX8RD610SW7,CUST12152195,2026-07-15 21:16:52.670844,200.38,3,Food & Beverages,Organic Products
TXNC26SKLSVTU,CUST12152195,2026-07-15 21:16:52.670844,303.27,5,Home & Garden,Decor
TXN0QIG4UAJVR,CUST12152195,2026-07-15 21:16:52.670844,321.15,5,Home & Garden,Decor
TXNWUJ4ACE2E8,CUST12152195,2026-07-14 21:16:52.670844,336.42,2,Automotive,Parts
TXN1HH5LNRPCM,CUST12152195,2026-07-15 21:16:52.670844,205.98,3,Sports & Outdoors,Bicycle
TXN8H6KC9XBHP,CUST12152195,2026-07-14 21:16:52.670844,254.54,2,Electronics,Smart Watch
TXN7YT53485JY,CUST12152195,2026-07-15 21:16:52.670844,198.43,4,Home & Garden,Decor
TXN5P2KIKYG39,CUST12152195,2026-07-16 21:16:52.670844,307.25,4,Electronics,Smart Watch
TXNKHCIODK40R,CUST12152195,2026-07-14 21:16:52.670844,246.24,2,Food & Beverages,Gourmet Food
TXND7NDXQUGTA,CUST12152195,2026-07-14 21:16:52.670844,370.1,4,Electronics,Smartphone
TXNQW1P9YB8AT,CUST12152195,2026-07-14 21:16:52.670844,309.09,3,Health & Beauty,Personal Care
TXNDWB0Q0Z5BB,CUST12152195,2026-07-15 21:16:52.670844,308.68,4,Office Supplies,Furniture
TXN7M8O8P3A6X,CUST12152195,2026-07-14 21:16:52.670844,287.81,2,Electronics,Tablet
TXNQMHVNPHMKD,CUST12152195,2026-07-14 21:16:52.670844,251.24,5,Books,Fiction
TXNDMYO7K7DYS,CUST12152195,2026-07-13 21:16:52.670844,386.7,4,Electronics,Smart Watch
TXNNWZYRRN2LJ,CUST12152195,2026-07-15 21:16:52.670844,331.73,5,Health & Beauty,Skincare
TXNRA22UF396F,CUST12152195,2026-07-16 21:16:52.670844,140.87,5,Toys & Games,Board Games
TXNQHP9GU5FJK,CUST12152195,2026-07-13 21:16:52.670844,343.65,5,Clothing,Jacket
TXNYVT4SGE6J9,CUST12152195,2026-07-16 21:16:52.670844,326.01,3,Books,Comics
TXNN7ZXPY051G,CUST12152195,2026-07-14 21:16:52.670844,274.92,5,Electronics,Laptop
TXNMXA0S9TJ61,CUST12152195,2026-07-15 21:16:52.670844,405.34,4,Office Supplies,Stationery
TXN0SQPP3Y0XH,CUST12152195,2026-07-15 21:16:52.670844,298.98,1,Automotive,Parts
TXN3C7RPH346O,CUST12152195,2026-07-16 21:16:52.670844,312.89,1,Home & Garden,Kitchen Appliances
TXNQ2OXG34E7E,CUST12152195,2026-07-16 21:16:52.670844,278.56,3,Toys & Games,Puzzles
TXN0B112X5C21,CUST12152195,2026-07-13 21:16:52.670844,292.2,4,Health & Beauty,Makeup
TXN9AZ11RXPX8,CUST12152195,2026-07-15 21:16:52.670844,272.5,4,Clothing,T-Shirt
TXNHMRS0ANDBE,CUST12152195,2026-07-14 21:16:52.670844,143.45,1,Clothing,T-Shirt
TXN2RQUEF4IK5,CUST12152195,2026-07-16 21:16:52.670844,366.44,3,Food & Beverages,Snacks
TXNBQSHEG9YGG,CUST12152195,2026-07-14 21:16:52.670844,318.01,3,Home & Garden,Kitchen Appliances
TXNMS9OKAYIPY,CUST12152195,2026-07-14 21:16:52.670844,332.27,2,Office Supplies,Desk Accessories
TXNY0E3OKECC3,CUST12152195,2026-07-14 21:16:52.670844,312.8,1,Automotive,Cleaning Supplies
TXN9XDJEUHOLO,CUST12152195,2026-07-13 21:16:52.670844,275.1,4,Food & Beverages,Snacks
TXNAVVNQWG1XR,CUST12152195,2026-07-13 21:16:52.670844,309.44,5,Sports & Outdoors,Fitness Equipment
TXNHPW0YZ2VJX,CUST12152195,2026-07-14 21:16:52.670844,424.38,4,Toys & Games,Video Games
TXN4GW1H2DDFM,CUST12152195,2026-07-14 21:16:52.670844,261.43,4,Books,Fiction
TXNTCUT66EM8O,CUST12152195,2026-07-16 21:16:52.670844,351.49,5,Sports & Outdoors,Sportswear
TXNRI78MDJZLJ,CUST12152195,2026-07-15 21:16:52.670844,298.05,5,Food & Beverages,Beverages
TXNKVOOUZKJKN,CUST12152195,2026-07-13 21:16:52.670844,343.88,1,Books,Magazines
TXNAFD9W51HM5,CUST12152195,2026-07-16 21:16:52.670844,207.38,1,Electronics,Tablet
TXNGZP500RG33,CUST12152195,2026-07-15 21:16:52.670844,198.61,5,Home & Garden,Bedding
TXNP1WGEHN8R7,CUST12152195,2026-07-16 21:16:52.670844,78.34,5,Automotive,Tools
TXNQP4DY37UH5,CUST12152195,2026-07-16 21:16:52.670844,306.65,3,Office Supplies,Desk Accessories
TXNZMN16AXU1S,CUST12152195,2026-07-13 21:16:52.670844,187.06,3,Home & Garden,Kitchen Appliances
TXNKJISOBVIFD,CUST23868860,2026-04-23 21:16:52.670844,126.64,1,Office Supplies,Stationery
TXN2Z2QWZQJGB,CUST23868860,2026-05-19 21:16:52.670844,89.01,2,Automotive,Tools
TXNRGYYJ0T9P7,CUST23868860,2025-09-24 21:16:52.670844,149.79,4,Sports & Outdoors,Sportswear
TXN66Q9TXBOI9,CUST23868860,2026-05-11 21:16:52.670844,137.59,5,Health & Beauty,Personal Care
TXNFEZXTQEHPE,CUST23868860,2025-11-11 21:16:52.670844,153.11,5,Office Supplies,Electronics
TXNNGAXWLQV23,CUST23868860,2026-02-22 21:16:52.670844,165.55,1,Clothing,Accessories
TXN5A2XQWMMWY,CUST23868860,2026-06-16 21:16:52.670844,156.08,3,Health & Beauty,Skincare
TXNHZZM2ESACD,CUST23868860,2026-03-01 21:16:52.670844,188.83,2,Home & Garden,Tools
TXNIQN6D0QZOY,CUST23868860,2025-12-29 21:16:52.670844,151.59,3,Automotive,Tools
TXNYFN3W2VBNC,CUST23868860,2025-11-17 21:16:52.670844,157.12,3,Health & Beauty,Personal Care
TXNLRONJ45MJL,CUST23868860,2026-05-04 21:16:52.670844,165.87,2,Sports & Outdoors,Bicycle
TXN97SGR2V67H,CUST23868860,2026-06-06 21:16:52.670844,189.85,4,Health & Beauty,Supplements
TXNPTS5318WXS,CUST23868860,2026-04-08 21:16:52.670844,170.99,3,Books,Fiction
TXN21VXVW3MMM,CUST23868860,2025-09-13 21:16:52.670844,224.54,3,Clothing,Dress
TXNQO1LB5MRWU,CUST23868860,2025-09-14 21:16:52.670844,173.83,2,Health & Beauty,Skincare
TXNIRURSPV7K0,CUST23868860,2026-01-13 21:16:52.670844,99.19,2,Food & Beverages,Beverages
TXNGBIXYPH7Y5,CUST23868860,2026-02-16 21:16:52.670844,121.82,5,Clothing,Accessories
TXNCX5BI02FSN,CUST23868860,2025-12-06 21:16:52.670844,111.3,3,Automotive,Cleaning Supplies
TXN9Y3PGB274I,CUST23868860,2025-10-18 21:16:52.670844,166.43,2,Food & Beverages,Snacks
TXNXLCPHNFJPU,CUST23868860,2026-04-17 21:16:52.670844,131.29,4,Electronics,Tablet
TXNDFDKZ9FML6,CUST23868860,2026-05-07 21:16:52.670844,128.21,4,Health & Beauty,Supplements
TXNC9XNARH3C7,CUST23868860,2026-06-22 21:16:52.670844,160.15,2,Toys & Games,Board Games
TXNI5HTIC85IL,CUST23868860,2026-05-29 21:16:52.670844,170.94,5,Toys & Games,Puzzles
TXNGX36TDJ88U,CUST66774443,2025-12-10 21:16:52.670844,54.71,2,Office Supplies,Stationery
TXNFBJFU89VTX,CUST66774443,2025-10-11 21:16:52.670844,69.53,5,Electronics,Smart Watch
TXNFLZZQ4UZI8,CUST66774443,2026-01-23 21:16:52.670844,84.19,4,Toys & Games,Action Figures
TXNC4LATBUJUW,CUST66774443,2025-11-19 21:16:52.670844,58.45,4,Books,Magazines
TXNPETH4OZX8J,CUST66774443,2025-12-07 21:16:52.670844,25.63,3,Automotive,Cleaning Supplies
TXN3HN4HG33Q7,CUST66774443,2025-10-19 21:16:52.670844,94.25,5,Health & Beauty,Supplements
TXNEKM439K66D,CUST66774443,2025-11-25 21:16:52.670844,63.42,2,Health & Beauty,Makeup
TXNYLPVOBL3F8,CUST66774443,2026-01-06 21:16:52.670844,44.06,4,Automotive,Parts
TXNKZEDSQSNAG,CUST07809975,2026-04-24 21:16:52.670844,224.86,1,Automotive,Cleaning Supplies
TXNQ3O3M8OTH0,CUST07809975,2026-04-18 21:16:52.670844,175.23,1,Health & Beauty,Skincare
TXNCHH3LB58W9,CUST07809975,2026-07-09 21:16:52.670844,355.31,4,Automotive,Tools
TXNCBONRABM9E,CUST07809975,2026-03-16 21:16:52.670844,162.84,5,Health & Beauty,Personal Care
TXNE0DO5NZON6,CUST07809975,2026-07-06 21:16:52.670844,253.72,5,Books,Educational
TXNL55HDKPPAN,CUST07809975,2026-05-17 21:16:52.670844,391.25,2,Automotive,Parts
TXNY1C3X66WCC,CUST07809975,2026-03-19 21:16:52.670844,301.4,1,Home & Garden,Bedding
TXN5KYLIKB721,CUST07809975,2026-07-01 21:16:52.670844,326.89,2,Health & Beauty,Personal Care
TXNQHKF2B2P23,CUST07809975,2026-05-30 21:16:52.670844,265.15,2,Electronics,Smartphone
TXNYKZG5RECFQ,CUST07809975,2026-03-28 21:16:52.670844,287.29,3,Books,Fiction
TXNFYO8DAGABM,CUST07809975,2026-05-30 21:16:52.670844,282.66,5,Clothing,Jacket
TXN81A1WQUW7I,CUST07809975,2026-05-27 21:16:52.670844,301.3,5,Office Supplies,Furniture
TXN7ZRCQSGI7D,CUST07809975,2026-07-11 21:16:52.670844,240.29,1,Office Supplies,Electronics
TXN1U06KAUL31,CUST07809975,2026-07-12 21:16:52.670844,257.88,1,Automotive,Tools
TXNX09UOLY66F,CUST07809975,2026-03-15 21:16:52.670844,58.97,4,Automotive,Parts
TXNVP02NRPKBT,CUST07809975,2026-03-23 21:16:52.670844,307.03,3,Food & Beverages,Snacks
TXNER6JYR16EK,CUST07809975,2026-07-03 21:16:52.670844,340.1,4,Automotive,Tools
TXNLD4YDCMXT8,CUST07809975,2026-04-27 21:16:52.670844,271.38,1,Toys & Games,Action Figures
TXN9JUWER9S6F,CUST07809975,2026-05-19 21:16:52.670844,166.11,4,Sports & Outdoors,Sportswear
TXN0BEXAH9HVT,CUST07809975,2026-03-18 21:16:52.670844,286.92,3,Toys & Games,Video Games
TXN90O2GVDLIP,CUST07809975,2026-06-26 21:16:52.670844,350.15,5,Home & Garden,Bedding
TXNHA5SLT80X6,CUST07809975,2026-05-19 21:16:52.670844,211.6,5,Sports & Outdoors,Sportswear
TXN39QFDANAWY,CUST07809975,2026-05-17 21:16:52.670844,183.86,4,Electronics,Tablet
TXNKPIOWHZSGG,CUST07809975,2026-03-22 21:16:52.670844,211.61,1,Office Supplies,Desk Accessories
TXNRX5ILDRRQR,CUST07809975,2026-05-30 21:16:52.670844,204.58,1,Sports & Outdoors,Camping Gear
TXNXO85FAW4PA,CUST07809975,2026-07-06 21:16:52.670844,403.21,5,Health & Beauty,Personal Care
TXN4XQ4WJWS7V,CUST07809975,2026-04-05 21:16:52.670844,126.8,3,Office Supplies,Stationery
TXNA7YTV7B0VF,CUST07809975,2026-07-11 21:16:52.670844,177.27,1,Automotive,Car Accessories
TXNJ2Q14WQ2DC,CUST07809975,2026-03-24 21:16:52.670844,195.18,3,Clothing,Jacket
TXNX6BXE9AFUY,CUST07809975,2026-06-25 21:16:52.670844,218.26,4,Books,Educational
TXN334C7CKHZS,CUST07809975,2026-06-16 21:16:52.670844,373.33,5,Sports & Outdoors,Camping Gear
TXNGLPIGF1B08,CUST07809975,2026-03-02 21:16:52.670844,373.67,4,Clothing,Shoes
TXN800LTMYWHT,CUST07809975,2026-07-12 21:16:52.670844,401.46,4,Food & Beverages,Gourmet Food
TXN61HDBJ18W2,CUST07809975,2026-03-29 21:16:52.670844,171.27,3,Clothing,Jacket
TXNH43MVTUX9N,CUST07809975,2026-03-21 21:16:52.670844,373.62,5,Sports & Outdoors,Sportswear
TXNU6TK1MCMOS,CUST07809975,2026-07-01 21:16:52.670844,191.94,5,Home & Garden,Furniture
TXN8R9M0WJD8W,CUST07809975,2026-05-12 21:16:52.670844,227.23,5,Clothing,Shoes
TXN83YFOKJMEI,CUST07809975,2026-06-11 21:16:52.670844,212.08,5,Health & Beauty,Skincare
TXNBZ0PCXZ7LF,CUST07809975,2026-03-02 21:16:52.670844,294.64,5,Toys & Games,Puzzles
TXN1F2YVLNTZQ,CUST07809975,2026-06-19 21:16:52.670844,240.25,3,Books,Magazines
TXNYVXAAG9125,CUST07809975,2026-04-23 21:16:52.670844,283.17,2,Home & Garden,Kitchen Appliances
TXN4LK4PI9UIH,CUST07809975,2026-03-07 21:16:52.670844,164.68,5,Food & Beverages,Beverages
TXNQ52TUKOB9I,CUST07809975,2026-03-27 21:16:52.670844,385.08,4,Clothing,T-Shirt
TXNBF7ALSITT2,CUST07809975,2026-03-24 21:16:52.670844,223.95,2,Health & Beauty,Makeup
TXNIB1Q2T1IJS,CUST07809975,2026-06-17 21:16:52.670844,307.11,4,Books,Educational
TXNPRK9SF33MP,CUST37089446,2026-01-02 21:16:52.670844,52.17,4,Clothing,Jeans
TXNDZM3Q1166M,CUST37089446,2025-12-24 21:16:52.670844,27.24,2,Health & Beauty,Skincare
TXNVALK5XQSDR,CUST37089446,2025-10-14 21:16:52.670844,90.81,5,Toys & Games,Video Games
TXN3VHXPFQ6HZ,CUST37089446,2025-09-26 21:16:52.670844,87.8,1,Health & Beauty,Supplements
TXNVR2MLN8QAL,CUST19278244,2026-07-10 21:16:52.670844,153.93,4,Office Supplies,Furniture
TXNTO4616G045,CUST19278244,2026-06-19 21:16:52.670844,160.36,4,Books,Educational
TXNRAW5PZDIOS,CUST19278244,2026-06-26 21:16:52.670844,142.87,2,Toys & Games,Board Games
TXN2MO84TF3DG,CUST19278244,2026-06-20 21:16:52.670844,35.73,4,Home & Garden,Tools
TXNRMS5SL85G1,CUST19278244,2026-07-03 21:16:52.670844,82.54,2,Toys & Games,Board Games
TXN7EL6CW3RJG,CUST19278244,2026-06-13 21:16:52.670844,196.51,2,Home & Garden,Tools
TXN9M3RTD3QR2,CUST19278244,2026-07-04 21:16:52.670844,138.41,5,Toys & Games,Action Figures
TXNKPA7UR1OYG,CUST19278244,2026-06-17 21:16:52.670844,86.84,4,Home & Garden,Decor
TXNG4T7YUBGGM,CUST19278244,2026-06-15 21:16:52.670844,116.75,1,Clothing,Jeans
TXNG63NH342AE,CUST19278244,2026-06-11 21:16:52.670844,115.17,4,Automotive,Car Accessories
TXN0P35VHF816,CUST19278244,2026-06-15 21:16:52.670844,115.64,2,Health & Beauty,Supplements
TXN0LNME4BVHA,CUST19278244,2026-06-08 21:16:52.670844,84.25,3,Food & Beverages,Gourmet Food
TXNC2WVJDZRXZ,CUST19278244,2026-07-18 21:16:52.670844,98.26,5,Health & Beauty,Supplements
TXNNVP7NJUS48,CUST90392135,2025-08-17 21:16:52.670844,58.81,1,Clothing,Jeans
TXN6YJSS4VD67,CUST90392135,2025-12-27 21:16:52.670844,104.39,5,Home & Garden,Decor
TXN8PEK46X57X,CUST90392135,2025-07-25 21:16:52.670844,57.2,4,Electronics,Smart Watch
TXNUZ7M8PVRO8,CUST90392135,2025-12-13 21:16:52.670844,94.73,4,Office Supplies,Stationery
TXNAS53E42KRP,CUST90392135,2025-10-24 21:16:52.670844,76.87,4,Home & Garden,Tools
TXNLCPXYNMBA7,CUST90392135,2025-06-29 21:16:52.670844,85.46,3,Home & Garden,Decor
TXNKFURKTTQ3A,CUST47408529,2025-08-21 21:16:52.670844,101.92,5,Automotive,Tools
TXNT6V163J1AC,CUST47408529,2025-09-15 21:16:52.670844,196.45,2,Food & Beverages,Organic Products
TXNNR6L2PZBG1,CUST47408529,2025-12-23 21:16:52.670844,223.99,5,Food & Beverages,Organic Products
TXNSC7CDFQ10J,CUST47408529,2025-10-06 21:16:52.670844,162.87,1,Electronics,Camera
TXN4V4LC8322T,CUST47408529,2025-09-04 21:16:52.670844,186.69,3,Clothing,Shoes
TXNRNYWS7S8AT,CUST47408529,2026-01-21 21:16:52.670844,209.4,1,Toys & Games,Video Games
TXNT61X2UUPOE,CUST47408529,2026-03-04 21:16:52.670844,143.2,5,Health & Beauty,Makeup
TXNCAB0AD1PCV,CUST47408529,2025-10-27 21:16:52.670844,120.04,3,Automotive,Car Accessories
TXNO6F2VRF624,CUST47408529,2025-08-30 21:16:52.670844,152.67,2,Office Supplies,Furniture
TXNEJ2KI5CUFY,CUST47408529,2025-12-18 21:16:52.670844,242.42,2,Home & Garden,Decor
TXNZX6R94ZB8N,CUST74769664,2026-06-01 21:16:52.670844,156.97,1,Toys & Games,Video Games
TXNBE32ULBKW4,CUST74769664,2026-06-08 21:16:52.670844,222.29,3,Office Supplies,Stationery
TXNOJEYG4LZ4W,CUST74769664,2026-06-13 21:16:52.670844,299.77,2,Office Supplies,Furniture
TXND4VYIF3CGJ,CUST74769664,2026-06-24 21:16:52.670844,124.37,1,Toys & Games,Puzzles
TXNZ53JF9RLYZ,CUST74769664,2026-06-25 21:16:52.670844,197.11,4,Health & Beauty,Supplements
TXNW2EBQS5WRD,CUST74769664,2026-06-16 21:16:52.670844,108.74,1,Clothing,Shoes
TXNKK49HADS2P,CUST74769664,2026-06-25 21:16:52.670844,114.45,3,Food & Beverages,Gourmet Food
TXNJS6482DXKO,CUST74769664,2026-06-07 21:16:52.670844,150.46,3,Toys & Games,Action Figures
TXNB7O2Y9YEBV,CUST74769664,2026-06-22 21:16:52.670844,175.2,4,Sports & Outdoors,Sportswear
TXNVRGILI43U9,CUST74769664,2026-06-01 21:16:52.670844,153.55,5,Books,Comics
TXNBW824P8UZH,CUST74769664,2026-06-15 21:16:52.670844,172.04,5,Automotive,Cleaning Supplies
TXNS1HMZY0YJY,CUST74769664,2026-06-19 21:16:52.670844,159.21,4,Books,Non-Fiction
TXNII0THZIFBM,CUST74769664,2026-06-07 21:16:52.670844,201.91,4,Books,Magazines
TXNVQFNMBQGFA,CUST74769664,2026-06-25 21:16:52.670844,225.54,4,Office Supplies,Furniture
TXNI2XL8REZ0X,CUST74769664,2026-06-12 21:16:52.670844,236.05,1,Food & Beverages,Beverages
TXNRO0JBFFMDB,CUST74769664,2026-06-20 21:16:52.670844,142.37,1,Office Supplies,Stationery
TXNUINH08F7KL,CUST74769664,2026-06-05 21:16:52.670844,268.05,4,Automotive,Car Accessories
TXN6882HDONWS,CUST74769664,2026-06-19 21:16:52.670844,246.99,2,Health & Beauty,Supplements
TXNJUOY02E4T9,CUST74769664,2026-06-04 21:16:52.670844,205.98,5,Home & Garden,Decor
TXNH49IW1Y05L,CUST74769664,2026-06-06 21:16:52.670844,253.92,1,Office Supplies,Furniture
TXNASRQEXDJ5P,CUST74769664,2026-06-14 21:16:52.670844,246.23,5,Automotive,Car Accessories
TXN6Y1QIEWO62,CUST74769664,2026-06-19 21:16:52.670844,310.62,2,Toys & Games,Board Games
TXNHG653G3TUQ,CUST74769664,2026-06-06 21:16:52.670844,143.77,2,Health & Beauty,Supplements
TXN7JFCYBRHE2,CUST74769664,2026-06-25 21:16:52.670844,302.29,4,Food & Beverages,Snacks
TXN1YXQO6UJQS,CUST39285136,2025-05-25 21:16:52.670844,316.65,2,Automotive,Tools
TXN94DJAISZI1,CUST39285136,2026-04-17 21:16:52.670844,201.83,1,Food & Beverages,Organic Products
TXNFW12LV0M93,CUST39285136,2026-06-02 21:16:52.670844,348.91,4,Sports & Outdoors,Bicycle
TXNN1WR2ZFB54,CUST39285136,2025-10-25 21:16:52.670844,271.74,5,Electronics,Headphones
TXNAAV6G32XF4,CUST39285136,2025-01-17 21:16:52.670844,247.37,5,Automotive,Cleaning Supplies
TXNB4R7RGJO9E,CUST39285136,2026-02-07 21:16:52.670844,231.59,1,Food & Beverages,Gourmet Food
TXNTFLCGVHO55,CUST39285136,2025-07-07 21:16:52.670844,211.39,1,Home & Garden,Furniture
TXNHMDLBL4VHR,CUST39285136,2025-12-05 21:16:52.670844,337.35,4,Food & Beverages,Beverages
TXNQ09P288B19,CUST39285136,2025-02-06 21:16:52.670844,312.32,2,Electronics,Smartphone
TXN2FLGZO1BP7,CUST39285136,2025-01-20 21:16:52.670844,382.88,3,Electronics,Tablet
TXNH3H5X430PL,CUST39285136,2025-11-29 21:16:52.670844,306.35,2,Food & Beverages,Snacks
TXN3QXI4IT5L4,CUST39285136,2026-02-28 21:16:52.670844,314.51,4,Automotive,Parts
TXN1JBIBXOIE1,CUST39285136,2025-11-09 21:16:52.670844,231.12,4,Health & Beauty,Skincare
TXNCDGHTQAYRN,CUST39285136,2025-03-06 21:16:52.670844,233.67,1,Books,Educational
TXNUZLCH6MQNY,CUST39285136,2026-03-26 21:16:52.670844,234.55,2,Food & Beverages,Snacks
TXNFEMTL8H2F4,CUST81375349,2026-03-15 21:16:52.670844,104.18,2,Clothing,Accessories
TXNGHZXEJ3U7D,CUST81375349,2026-05-12 21:16:52.670844,142.91,2,Office Supplies,Desk Accessories
TXNGQRQMLLNWA,CUST81375349,2026-01-08 21:16:52.670844,244.0,1,Office Supplies,Stationery
TXNBDLLOJQRCC,CUST81375349,2026-05-27 21:16:52.670844,291.96,5,Electronics,Headphones
TXNGB2KGQKUDD,CUST81375349,2026-01-25 21:16:52.670844,175.38,2,Home & Garden,Decor
TXNBCD2432TGH,CUST81375349,2026-01-22 21:16:52.670844,200.37,5,Automotive,Car Accessories
TXN34AAXUAC5P,CUST81375349,2026-04-02 21:16:52.670844,116.23,4,Clothing,Accessories
TXNEE8U0AOBFU,CUST81375349,2026-06-01 21:16:52.670844,206.77,1,Electronics,Tablet
TXNLCK8P4G2P7,CUST81375349,2026-05-22 21:16:52.670844,188.11,2,Sports & Outdoors,Fitness Equipment
TXNKECZ0P53DS,CUST81375349,2025-12-26 21:16:52.670844,183.76,1,Clothing,Accessories
TXNCPV8ALSSAE,CUST81375349,2026-02-22 21:16:52.670844,119.6,1,Sports & Outdoors,Sportswear
TXN1YI5YRQRUX,CUST81375349,2026-01-28 21:16:52.670844,149.6,3,Electronics,Smartphone
TXN9JP0G2YMIK,CUST81375349,2026-05-13 21:16:52.670844,262.37,2,Health & Beauty,Supplements
TXN64R5WJ4BRR,CUST81375349,2026-05-15 21:16:52.670844,56.76,2,Books,Educational
TXNFSWK4T7Q3P,CUST81375349,2026-01-19 21:16:52.670844,164.65,2,Toys & Games,Board Games
TXN5TBUMYILKN,CUST81375349,2026-04-11 21:16:52.670844,168.53,1,Electronics,Tablet
TXN8TCA8EJBHY,CUST81375349,2025-12-25 21:16:52.670844,142.65,3,Automotive,Parts
TXNCTFAASZ19P,CUST81375349,2026-04-05 21:16:52.670844,211.11,5,Toys & Games,Puzzles
TXN1MYNPMWC50,CUST81375349,2026-04-09 21:16:52.670844,107.31,2,Clothing,Jacket
TXN7RLU0LVXKF,CUST81375349,2026-06-21 21:16:52.670844,303.0,3,Health & Beauty,Supplements
TXN6464T2H14G,CUST81375349,2025-12-31 21:16:52.670844,147.67,5,Books,Non-Fiction
TXNJ9WIJIVNNZ,CUST81375349,2026-04-01 21:16:52.670844,217.12,1,Sports & Outdoors,Bicycle
TXN9ILZJO7OSW,CUST81375349,2026-04-06 21:16:52.670844,179.06,1,Health & Beauty,Makeup
TXNTXL7TD0AUA,CUST81375349,2026-05-25 21:16:52.670844,275.85,4,Health & Beauty,Personal Care
TXNF5AAWGPCCE,CUST81375349,2026-02-11 21:16:52.670844,191.37,5,Automotive,Parts
TXN6981E448OJ,CUST81375349,2026-04-03 21:16:52.670844,182.76,5,Toys & Games,Puzzles
TXN0WFTVTHC83,CUST81375349,2026-01-15 21:16:52.670844,228.52,5,Automotive,Parts
TXN5T4KFEW2NV,CUST81375349,2025-12-14 21:16:52.670844,181.46,2,Home & Garden,Furniture
TXNU2B63LTD8E,CUST81375349,2026-01-14 21:16:52.670844,194.3,4,Food & Beverages,Organic Products
TXNQ3GCXH0B22,CUST72521221,2024-11-05 21:16:52.670844,118.87,4,Books,Fiction
TXNLJHYAPLHBA,CUST45715469,2026-03-04 21:16:52.670844,271.23,3,Toys & Games,Action Figures
TXNXYJ247EB0P,CUST45715469,2026-03-22 21:16:52.670844,150.02,5,Food & Beverages,Organic Products
TXN5GSZO76SOB,CUST45715469,2026-03-23 21:16:52.670844,192.0,5,Food & Beverages,Snacks
TXNY5MDT94YPH,CUST45715469,2026-03-20 21:16:52.670844,310.93,2,Health & Beauty,Skincare
TXN2L87X85OES,CUST45715469,2026-03-30 21:16:52.670844,257.13,1,Automotive,Tools
TXN7ZA9AYZX63,CUST45715469,2026-02-05 21:16:52.670844,302.68,1,Health & Beauty,Personal Care
TXNPWY9I9MD48,CUST45715469,2026-05-17 21:16:52.670844,323.24,2,Home & Garden,Furniture
TXNFMAB6XZMS2,CUST45715469,2026-03-31 21:16:52.670844,185.74,5,Home & Garden,Bedding
TXNAAK99A4N4V,CUST45715469,2026-02-01 21:16:52.670844,269.18,2,Sports & Outdoors,Sportswear
TXN35YVHHE8DH,CUST45715469,2026-04-29 21:16:52.670844,251.99,1,Office Supplies,Furniture
TXNMGDF46W46D,CUST45715469,2026-01-19 21:16:52.670844,238.56,5,Automotive,Parts
TXNDDF1CGZSGJ,CUST45715469,2026-01-15 21:16:52.670844,324.78,1,Health & Beauty,Skincare
TXN2C70MFE8VQ,CUST45715469,2026-02-09 21:16:52.670844,174.37,4,Toys & Games,Board Games
TXN2C96R7LKEJ,CUST45715469,2026-01-19 21:16:52.670844,189.58,5,Automotive,Tools
TXN7AC4V1T5IG,CUST45715469,2026-04-27 21:16:52.670844,290.37,3,Office Supplies,Furniture
TXNB4VI3FUZEF,CUST45715469,2026-02-11 21:16:52.670844,211.29,3,Clothing,T-Shirt
TXNLZBGBMCCYA,CUST68883953,2025-12-14 21:16:52.670844,403.41,5,Electronics,Camera
TXNM97JVTQQ7U,CUST68883953,2026-03-26 21:16:52.670844,159.71,5,Sports & Outdoors,Fitness Equipment
TXNQI1CPMTX6C,CUST68883953,2026-02-13 21:16:52.670844,642.83,1,Office Supplies,Desk Accessories
TXNGLA5DC5HYN,CUST68883953,2025-10-10 21:16:52.670844,405.42,3,Automotive,Cleaning Supplies
TXN3L97FBMARP,CUST68883953,2025-10-09 21:16:52.670844,415.86,1,Automotive,Car Accessories
TXN63SE66WM5Q,CUST68883953,2025-11-01 21:16:52.670844,259.23,2,Electronics,Camera
TXNOK6QZORVOI,CUST68883953,2026-04-24 21:16:52.670844,467.03,1,Health & Beauty,Personal Care
TXN3QBHX99C1I,CUST68883953,2025-11-22 21:16:52.670844,304.45,4,Home & Garden,Furniture
TXNT9L5R0SI2T,CUST68883953,2026-02-02 21:16:52.670844,259.02,2,Office Supplies,Electronics
TXN88UXOWTX6T,CUST68883953,2025-09-20 21:16:52.670844,293.39,4,Health & Beauty,Personal Care
TXNUD7TZG0TXH,CUST68883953,2026-03-06 21:16:52.670844,355.85,2,Electronics,Smartphone
TXN0K1B196LGO,CUST68883953,2025-11-29 21:16:52.670844,323.28,4,Sports & Outdoors,Bicycle
TXNB4ZHKA1TA7,CUST68883953,2025-11-19 21:16:52.670844,249.36,4,Office Supplies,Furniture
TXNIAS6J3VKZM,CUST68883953,2025-09-01 21:16:52.670844,215.78,3,Food & Beverages,Snacks
TXN0T6KB9FGDG,CUST68883953,2026-04-25 21:16:52.670844,359.38,3,Electronics,Camera
TXNZYXOVIHRDE,CUST68883953,2025-11-05 21:16:52.670844,454.85,5,Automotive,Car Accessories
TXNSNMMQZ0GRS,CUST68883953,2026-04-04 21:16:52.670844,264.42,2,Food & Beverages,Gourmet Food
TXN2J2RETNBJH,CUST68883953,2026-02-04 21:16:52.670844,524.81,3,Office Supplies,Desk Accessories
TXN6MEINTJPWG,CUST68883953,2025-09-06 21:16:52.670844,251.91,4,Books,Educational
TXNMJSWZ4J3IK,CUST68883953,2026-02-25 21:16:52.670844,406.49,3,Clothing,Jeans
TXNVDQPD4RDKG,CUST68883953,2025-10-18 21:16:52.670844,522.19,2,Toys & Games,Puzzles
TXN9DI887Z06X,CUST68883953,2026-04-09 21:16:52.670844,462.69,3,Clothing,T-Shirt
TXN1IMR3IMYRV,CUST68883953,2025-12-29 21:16:52.670844,253.11,3,Office Supplies,Electronics
TXNVUUGTW6NID,CUST68883953,2026-04-13 21:16:52.670844,518.4,5,Office Supplies,Furniture
TXNXSK8NRVUJR,CUST68883953,2026-05-06 21:16:52.670844,461.9,1,Automotive,Tools
TXNPC8QLSZ2XL,CUST68883953,2026-03-28 21:16:52.670844,400.9,5,Books,Fiction
TXNQ6HKVIXTEN,CUST68883953,2025-07-28 21:16:52.670844,298.23,3,Toys & Games,Puzzles
TXNO2UPULV554,CUST68883953,2025-10-04 21:16:52.670844,435.74,3,Office Supplies,Desk Accessories
TXNIP4SL6UQIH,CUST68883953,2025-12-15 21:16:52.670844,603.55,1,Automotive,Parts
TXNBQ63MHZW2Z,CUST68883953,2025-07-24 21:16:52.670844,422.94,3,Food & Beverages,Gourmet Food
TXNRDQ9C9F3DU,CUST68883953,2025-08-26 21:16:52.670844,349.15,2,Clothing,Jeans
TXNY63JPDZD30,CUST68883953,2026-02-12 21:16:52.670844,393.38,5,Office Supplies,Desk Accessories
TXNEAQTSSV09P,CUST68883953,2026-06-15 21:16:52.670844,635.25,1,Automotive,Parts
TXNV9QQX2K6WN,CUST68883953,2026-02-10 21:16:52.670844,412.05,3,Clothing,T-Shirt
TXNIT8VS4WSN9,CUST68883953,2026-05-22 21:16:52.670844,522.66,2,Home & Garden,Furniture
TXN49ECDHTB5V,CUST68883953,2026-04-18 21:16:52.670844,421.12,2,Books,Comics
TXN3QQKRE92UO,CUST68883953,2025-11-18 21:16:52.670844,150.47,2,Toys & Games,Action Figures
TXNQP2ZNGGBFM,CUST68883953,2025-07-31 21:16:52.670844,306.69,3,Home & Garden,Furniture
TXNEF28C8MAZY,CUST68883953,2026-04-20 21:16:52.670844,411.02,5,Toys & Games,Puzzles
TXN69W51M1D7R,CUST68883953,2025-11-04 21:16:52.670844,361.17,5,Toys & Games,Action Figures
TXNZ0DSMQWL4E,CUST68883953,2026-01-14 21:16:52.670844,423.15,3,Books,Comics
TXNE2QT9CTNK8,CUST68883953,2025-10-01 21:16:52.670844,310.46,4,Health & Beauty,Personal Care
TXNYEOMPQNHY4,CUST68883953,2026-01-21 21:16:52.670844,320.04,4,Sports & Outdoors,Sportswear
TXNIB2MKJCOC0,CUST68883953,2025-11-28 21:16:52.670844,338.05,4,Food & Beverages,Organic Products
TXN17ZYB9RNPX,CUST68883953,2025-11-15 21:16:52.670844,462.87,2,Clothing,Jeans
TXN3T86POY1Y9,CUST68883953,2025-10-16 21:16:52.670844,141.13,5,Office Supplies,Furniture
TXNQAGE0FTP8O,CUST68883953,2026-01-12 21:16:52.670844,526.69,1,Sports & Outdoors,Bicycle
TXNN98O0F8HYJ,CUST87906209,2026-04-29 21:16:52.670844,71.24,4,Toys & Games,Video Games
TXNZS4BUE5LVB,CUST87906209,2026-05-07 21:16:52.670844,47.15,2,Sports & Outdoors,Camping Gear
TXNEZETMPQ4XI,CUST87906209,2026-04-23 21:16:52.670844,60.66,1,Toys & Games,Action Figures
TXN3T14OFUSEA,CUST87906209,2026-04-22 21:16:52.670844,26.23,2,Health & Beauty,Personal Care
TXNNADCBT814S,CUST87906209,2026-04-14 21:16:52.670844,91.47,4,Electronics,Tablet
TXNDASJYR5MOZ,CUST53404655,2025-12-20 21:16:52.670844,129.23,3,Food & Beverages,Snacks
TXNZP5T5VWLUE,CUST53404655,2025-10-31 21:16:52.670844,196.18,4,Sports & Outdoors,Fitness Equipment
TXNOHW2O4RSIS,CUST53404655,2026-01-31 21:16:52.670844,117.11,4,Food & Beverages,Beverages
TXNIS0MJVKZOZ,CUST53404655,2025-09-18 21:16:52.670844,176.61,2,Health & Beauty,Supplements
TXNQR637HDGI6,CUST53404655,2025-06-17 21:16:52.670844,127.26,5,Home & Garden,Decor
TXN4VBQU6QK13,CUST53404655,2026-04-28 21:16:52.670844,90.0,1,Automotive,Tools
TXNN73M58OMS7,CUST53404655,2026-03-04 21:16:52.670844,125.08,4,Home & Garden,Tools
TXNN1OJL8GJ7O,CUST53404655,2025-12-06 21:16:52.670844,239.42,1,Sports & Outdoors,Fitness Equipment
TXN2C2WO8TOQQ,CUST53404655,2026-04-17 21:16:52.670844,111.26,1,Clothing,Accessories
TXNDT8MYC441K,CUST53404655,2026-05-01 21:16:52.670844,184.53,2,Sports & Outdoors,Fitness Equipment
TXN3EZSKTPCY3,CUST53404655,2025-09-24 21:16:52.670844,99.81,2,Clothing,T-Shirt
TXNHLGVRLZ7U9,CUST53404655,2026-02-27 21:16:52.670844,184.16,1,Toys & Games,Action Figures
TXNB2D97E6JFM,CUST53404655,2026-05-27 21:16:52.670844,176.55,1,Office Supplies,Desk Accessories
TXN73AXDDPU7C,CUST53404655,2025-07-11 21:16:52.670844,163.87,3,Electronics,Smartphone
TXN18J133M4U7,CUST53404655,2025-08-07 21:16:52.670844,146.25,2,Food & Beverages,Snacks
TXNFD8I6G2X3I,CUST29653504,2026-06-16 21:16:52.670844,395.89,3,Sports & Outdoors,Camping Gear
TXN1B5UC62GRU,CUST29653504,2026-07-03 21:16:52.670844,658.78,5,Books,Educational
TXNAHMY4SY1NS,CUST29653504,2026-07-04 21:16:52.670844,111.39,2,Home & Garden,Kitchen Appliances
TXNW8VHBC1DTI,CUST29653504,2026-06-30 21:16:52.670844,243.67,1,Automotive,Cleaning Supplies
TXNETVWO0NP85,CUST29653504,2026-06-28 21:16:52.670844,494.24,1,Automotive,Parts
TXNZDDFPH7VH0,CUST29653504,2026-06-25 21:16:52.670844,558.2,1,Food & Beverages,Beverages
TXNGQOFYE7OED,CUST29653504,2026-06-30 21:16:52.670844,520.99,2,Home & Garden,Bedding
TXN0R97BUT0VD,CUST29653504,2026-06-15 21:16:52.670844,125.94,3,Sports & Outdoors,Bicycle
TXNM2QT8BGFV2,CUST29653504,2026-06-22 21:16:52.670844,292.41,4,Toys & Games,Video Games
TXN835MFQU00W,CUST29653504,2026-06-24 21:16:52.670844,340.39,5,Health & Beauty,Personal Care
TXNZFR3GOXUR0,CUST29653504,2026-07-05 21:16:52.670844,130.55,2,Toys & Games,Video Games
TXN3XLKIUSK36,CUST29653504,2026-06-13 21:16:52.670844,174.88,5,Home & Garden,Furniture
TXNXK85LF91DU,CUST29653504,2026-06-18 21:16:52.670844,387.09,5,Health & Beauty,Supplements
TXNT4GDUGX20W,CUST29653504,2026-06-25 21:16:52.670844,195.96,4,Toys & Games,Board Games
TXNZLLRPO0DSO,CUST29653504,2026-06-12 21:16:52.670844,453.22,1,Toys & Games,Action Figures
TXNJN3UQCQ6CV,CUST29653504,2026-06-20 21:16:52.670844,256.35,4,Electronics,Smartphone
TXN9AYNVV204H,CUST29653504,2026-06-13 21:16:52.670844,511.86,1,Health & Beauty,Makeup
TXN6ETYJ81TVG,CUST29653504,2026-06-26 21:16:52.670844,483.02,5,Home & Garden,Furniture
TXNY5WHDNTFWC,CUST29653504,2026-07-07 21:16:52.670844,473.74,1,Books,Non-Fiction
TXNPW1F8BGJ5Q,CUST29653504,2026-06-13 21:16:52.670844,387.93,1,Food & Beverages,Gourmet Food
TXNXSV4UJT09L,CUST29653504,2026-06-16 21:16:52.670844,469.36,3,Electronics,Headphones
TXNYJC24GE4AW,CUST29653504,2026-06-11 21:16:52.670844,430.16,4,Books,Comics
TXNOM6UEJV39W,CUST29653504,2026-06-17 21:16:52.670844,304.57,4,Books,Fiction
TXNZCQ45ROBZP,CUST29653504,2026-07-01 21:16:52.670844,372.86,3,Books,Magazines
TXNIWSUB7WKEE,CUST29653504,2026-06-23 21:16:52.670844,421.6,1,Home & Garden,Kitchen Appliances
TXN325CYHGUEU,CUST29653504,2026-06-22 21:16:52.670844,477.09,3,Toys & Games,Video Games
TXN81GLIM4BYU,CUST29653504,2026-06-12 21:16:52.670844,390.48,1,Health & Beauty,Personal Care
TXN244C8MW9MM,CUST29653504,2026-06-27 21:16:52.670844,431.61,5,Home & Garden,Tools
TXN7NCEH2IADF,CUST29653504,2026-06-15 21:16:52.670844,193.46,2,Food & Beverages,Beverages
TXNIOKQGQXYIO,CUST29653504,2026-06-18 21:16:52.670844,266.04,4,Food & Beverages,Snacks
TXNT24SOUAQUH,CUST29653504,2026-06-22 21:16:52.670844,372.52,5,Automotive,Car Accessories
TXNED1P4JYYO5,CUST29653504,2026-06-22 21:16:52.670844,234.8,5,Home & Garden,Kitchen Appliances
TXN6PB8CQJMVB,CUST29653504,2026-06-13 21:16:52.670844,352.51,3,Electronics,Smart Watch
TXNYTGGWR34V4,CUST29653504,2026-06-18 21:16:52.670844,226.9,4,Electronics,Headphones
TXNUSWUEPTAXO,CUST29653504,2026-06-23 21:16:52.670844,370.98,2,Sports & Outdoors,Camping Gear
TXN5AVTGWYRMO,CUST29653504,2026-06-28 21:16:52.670844,413.82,1,Toys & Games,Puzzles
TXN3S6NU6CJDR,CUST29653504,2026-07-05 21:16:52.670844,380.81,3,Office Supplies,Desk Accessories
TXNH09DLA9LOT,CUST29653504,2026-06-30 21:16:52.670844,345.67,3,Health & Beauty,Makeup
TXN6Y76F0XFPD,CUST29653504,2026-06-18 21:16:52.670844,583.14,4,Home & Garden,Furniture
TXNVD1ZTMF73I,CUST93179729,2026-07-01 21:16:52.670844,209.69,5,Home & Garden,Furniture
TXNVGX0IPH960,CUST93179729,2026-05-22 21:16:52.670844,98.57,1,Books,Magazines
TXN643OXEFYMC,CUST93179729,2026-04-14 21:16:52.670844,209.25,4,Toys & Games,Puzzles
TXNED6662K2YC,CUST93179729,2026-03-03 21:16:52.670844,274.71,3,Office Supplies,Furniture
TXNCW885P9U6J,CUST93179729,2025-12-20 21:16:52.670844,148.13,4,Food & Beverages,Gourmet Food
TXN3EBK16C6C2,CUST93179729,2026-03-29 21:16:52.670844,120.11,2,Sports & Outdoors,Sportswear
TXN4TRUT2WVVZ,CUST93179729,2025-12-04 21:16:52.670844,89.69,5,Sports & Outdoors,Fitness Equipment
TXNBAKLCTCPYL,CUST93179729,2026-01-31 21:16:52.670844,184.19,4,Books,Fiction
TXNP0FEGQH4SW,CUST93179729,2026-04-27 21:16:52.670844,309.13,2,Home & Garden,Kitchen Appliances
TXNFRPGHQ6R5M,CUST93179729,2026-07-04 21:16:52.670844,179.22,3,Home & Garden,Furniture
TXNCDIOFC5QME,CUST93179729,2026-04-04 21:16:52.670844,239.54,1,Health & Beauty,Supplements
TXN9JG4FSI47K,CUST93179729,2026-03-21 21:16:52.670844,285.89,4,Food & Beverages,Gourmet Food
TXNUTY07K8RHQ,CUST93179729,2026-05-01 21:16:52.670844,171.24,3,Food & Beverages,Organic Products
TXN0V7DOZ5RB9,CUST93179729,2026-01-15 21:16:52.670844,224.09,5,Office Supplies,Stationery
TXNEJ0DDQNVZ4,CUST93179729,2026-04-12 21:16:52.670844,128.87,1,Books,Magazines
TXNZLPCCGZOBH,CUST93179729,2026-05-22 21:16:52.670844,143.96,4,Books,Magazines
TXNVZ60P8OHOH,CUST93179729,2025-12-05 21:16:52.670844,224.57,3,Food & Beverages,Beverages
TXNJUCQ2AVXFJ,CUST93179729,2026-04-05 21:16:52.670844,173.95,1,Toys & Games,Puzzles
TXNVPIMFZ87J9,CUST93179729,2026-04-08 21:16:52.670844,224.85,1,Sports & Outdoors,Fitness Equipment
TXNRRAJIWRN56,CUST93179729,2026-02-08 21:16:52.670844,179.28,5,Automotive,Car Accessories
TXNV08NP0PITV,CUST93179729,2026-01-30 21:16:52.670844,151.08,3,Books,Comics
TXNACVPIR10VN,CUST93179729,2026-03-26 21:16:52.670844,237.42,2,Electronics,Tablet
TXN66S5V8F3BR,CUST93179729,2026-04-28 21:16:52.670844,215.63,4,Office Supplies,Furniture
TXNKJNSLQU5VJ,CUST77859567,2026-04-03 21:16:52.670844,84.06,3,Health & Beauty,Makeup
TXNXHNM6A2NAR,CUST77859567,2026-06-01 21:16:52.670844,117.53,4,Office Supplies,Stationery
TXN4113H6LOUK,CUST77859567,2026-02-04 21:16:52.670844,39.67,1,Sports & Outdoors,Sportswear
TXNWY2GG7QDR3,CUST77859567,2026-04-09 21:16:52.670844,148.05,2,Sports & Outdoors,Fitness Equipment
TXNL0DNMJSXA7,CUST77859567,2026-03-02 21:16:52.670844,67.23,3,Home & Garden,Bedding
TXNP29ZHVIGM5,CUST77859567,2026-04-04 21:16:52.670844,157.56,5,Clothing,Jacket
TXNJJFCGWVBGH,CUST77859567,2026-05-23 21:16:52.670844,104.24,3,Electronics,Camera
TXN9K1NJ69367,CUST77859567,2026-05-03 21:16:52.670844,94.92,1,Electronics,Camera
TXNEOZ64MNAL4,CUST77859567,2026-03-15 21:16:52.670844,101.33,4,Health & Beauty,Skincare
TXNLRANFG99W9,CUST77859567,2026-03-21 21:16:52.670844,50.05,4,Toys & Games,Action Figures
TXN7ACDAX4LHL,CUST77859567,2026-03-08 21:16:52.670844,115.44,2,Toys & Games,Video Games
TXNEC01KCZJ64,CUST77859567,2026-05-24 21:16:52.670844,50.87,1,Food & Beverages,Gourmet Food
TXN1J521JTML8,CUST58215337,2025-08-27 21:16:52.670844,80.33,1,Sports & Outdoors,Fitness Equipment
TXNVAUB8BQW0L,CUST58215337,2025-09-19 21:16:52.670844,127.44,1,Toys & Games,Puzzles
TXNKMEE6BURZU,CUST58215337,2025-05-27 21:16:52.670844,62.36,2,Toys & Games,Board Games
TXNYXZPZRI63O,CUST69090063,2026-03-23 21:16:52.670844,102.14,5,Home & Garden,Decor
TXNPEY5HX7AAF,CUST69090063,2026-03-27 21:16:52.670844,80.48,4,Clothing,Jacket
TXNXEY0WK2LTL,CUST69090063,2026-03-31 21:16:52.670844,141.39,5,Home & Garden,Bedding
TXNQ9YBOW1D1R,CUST69090063,2026-03-28 21:16:52.670844,160.98,2,Electronics,Tablet
TXNY713ATR6AD,CUST69090063,2026-03-20 21:16:52.670844,109.86,4,Health & Beauty,Supplements
TXN17AKLOUL43,CUST69090063,2026-03-24 21:16:52.670844,90.44,1,Home & Garden,Decor
TXNVDVPSBZXID,CUST69090063,2026-03-30 21:16:52.670844,150.05,1,Automotive,Cleaning Supplies
TXNZYV6V2D12A,CUST69090063,2026-04-01 21:16:52.670844,79.46,1,Toys & Games,Action Figures
TXNYJLWBVU8CB,CUST69090063,2026-03-30 21:16:52.670844,100.59,3,Electronics,Camera
TXNW5AEFH2XMY,CUST63377013,2025-07-18 21:16:52.670844,242.27,1,Food & Beverages,Snacks
TXNFU8NLO7VMS,CUST63377013,2025-06-20 21:16:52.670844,265.17,2,Home & Garden,Decor
TXNDAPNARAMZ4,CUST63377013,2025-12-06 21:16:52.670844,120.89,5,Health & Beauty,Personal Care
TXNYZYULHJIXY,CUST63377013,2025-08-24 21:16:52.670844,157.58,2,Office Supplies,Stationery
TXNK5GF56SK5D,CUST63377013,2025-12-04 21:16:52.670844,129.51,5,Health & Beauty,Personal Care
TXNW04YBD5B3Y,CUST63377013,2025-06-23 21:16:52.670844,194.84,2,Home & Garden,Kitchen Appliances
TXNC88QJ0RX5P,CUST63377013,2025-09-03 21:16:52.670844,172.12,4,Toys & Games,Video Games
TXNE4HELCVMUJ,CUST63377013,2025-10-01 21:16:52.670844,193.87,2,Electronics,Headphones
TXNWTN9ZOHOLW,CUST30943819,2026-04-19 21:16:52.670844,220.46,3,Toys & Games,Puzzles
TXNQPKLUU4YYP,CUST30943819,2026-05-03 21:16:52.670844,163.75,5,Health & Beauty,Supplements
TXNJVC2U6ZVJ8,CUST30943819,2026-01-29 21:16:52.670844,228.25,5,Health & Beauty,Makeup
TXNYKZ55CRMI5,CUST30943819,2026-03-07 21:16:52.670844,84.97,1,Home & Garden,Kitchen Appliances
TXNMOVJC2W4NW,CUST30943819,2026-03-31 21:16:52.670844,205.71,4,Electronics,Laptop
TXN115R5N0WYM,CUST30943819,2026-01-19 21:16:52.670844,154.04,3,Office Supplies,Stationery
TXNYZK4549RWA,CUST30943819,2026-02-11 21:16:52.670844,120.31,1,Electronics,Camera
TXNGQ45R6XEEU,CUST30943819,2026-05-10 21:16:52.670844,154.82,3,Books,Non-Fiction
TXNRULZKI3W2L,CUST30943819,2026-05-15 21:16:52.670844,133.75,5,Clothing,Jacket
TXNOTKODCJCOQ,CUST30943819,2026-05-28 21:16:52.670844,159.58,3,Toys & Games,Board Games
TXNYU461TTYNP,CUST30943819,2026-05-05 21:16:52.670844,246.94,1,Health & Beauty,Makeup
TXNJFXHF99WOX,CUST30943819,2026-03-23 21:16:52.670844,145.0,1,Books,Fiction
TXN0WH3QOK10B,CUST30943819,2026-04-18 21:16:52.670844,166.38,3,Clothing,Dress
TXNH42FG3YP7C,CUST30943819,2026-03-01 21:16:52.670844,253.6,1,Toys & Games,Action Figures
TXNQ6MUONXFOR,CUST30943819,2026-03-18 21:16:52.670844,244.93,2,Automotive,Cleaning Supplies
TXNQCZVPS4IVG,CUST30943819,2026-04-15 21:16:52.670844,162.37,2,Books,Comics
TXNTOMDB59QDC,CUST30943819,2026-05-25 21:16:52.670844,219.75,5,Health & Beauty,Supplements
TXNZE4LXNJBFN,CUST30943819,2026-01-13 21:16:52.670844,159.68,3,Books,Comics
TXN4ZMCH4658W,CUST30943819,2026-02-26 21:16:52.670844,154.41,1,Books,Fiction
TXNF4CDZS8ORZ,CUST30943819,2026-02-08 21:16:52.670844,131.28,1,Clothing,T-Shirt
TXNY44Y4LWDQB,CUST30943819,2026-03-27 21:16:52.670844,72.16,5,Food & Beverages,Gourmet Food
TXNRXVYCA6VUO,CUST30943819,2026-05-11 21:16:52.670844,113.98,1,Automotive,Car Accessories
TXNAGP6PZ7S94,CUST40357175,2026-02-12 21:16:52.670844,290.53,2,Toys & Games,Video Games
TXNLSIPVE3VWJ,CUST40357175,2025-10-29 21:16:52.670844,384.35,1,Home & Garden,Decor
TXN5CSRP0Z0AP,CUST40357175,2025-05-06 21:16:52.670844,426.95,5,Home & Garden,Bedding
TXN67O4CHQZPY,CUST40357175,2025-07-11 21:16:52.670844,299.32,4,Office Supplies,Stationery
TXN4XBOJREYRP,CUST40357175,2026-03-03 21:16:52.670844,291.84,4,Office Supplies,Stationery
TXNL4EQL1ROC0,CUST40357175,2025-02-27 21:16:52.670844,249.07,2,Clothing,Jacket
TXNC1HZLYXS5X,CUST40357175,2025-05-07 21:16:52.670844,271.52,2,Health & Beauty,Makeup
TXNXAOYAI8CPV,CUST40357175,2025-10-27 21:16:52.670844,299.12,2,Automotive,Tools
TXN5WCDJSNZHM,CUST40357175,2025-12-29 21:16:52.670844,262.07,2,Office Supplies,Stationery
TXNZ3ZE94VC54,CUST40357175,2025-04-12 21:16:52.670844,356.69,1,Books,Magazines
TXNH8L0XF8IHF,CUST40357175,2025-12-26 21:16:52.670844,288.42,2,Home & Garden,Kitchen Appliances
TXNIIAGBSEYRZ,CUST40357175,2025-07-29 21:16:52.670844,265.87,2,Sports & Outdoors,Sportswear
TXN8GRPMY6JCQ,CUST40357175,2025-03-05 21:16:52.670844,347.16,1,Books,Comics
TXNSH1E2O2PY3,CUST40357175,2025-12-09 21:16:52.670844,225.47,5,Automotive,Cleaning Supplies
TXN4KH9GCL9P2,CUST40357175,2025-09-06 21:16:52.670844,186.96,1,Home & Garden,Decor
TXNEIRFZYABC7,CUST40357175,2026-02-21 21:16:52.670844,212.2,2,Automotive,Car Accessories
TXN8ZR8IZXU81,CUST40357175,2026-03-18 21:16:52.670844,257.23,1,Food & Beverages,Snacks
TXNVQ8QN3GNA5,CUST40357175,2026-03-04 21:16:52.670844,297.02,4,Toys & Games,Puzzles
TXNS20ZDWVO8B,CUST40357175,2025-03-21 21:16:52.670844,350.47,3,Electronics,Laptop
TXNX5CRYETZAX,CUST40357175,2026-03-02 21:16:52.670844,270.74,4,Electronics,Camera
TXNLIAI623MC7,CUST67050505,2024-12-11 21:16:52.670844,133.55,3,Office Supplies,Furniture
TXN1E490G83TB,CUST67050505,2024-10-13 21:16:52.670844,110.65,3,Food & Beverages,Gourmet Food
TXNMQW9AMQPSJ,CUST67050505,2024-09-03 21:16:52.670844,107.67,5,Food & Beverages,Gourmet Food
TXNFIWSH2QCPF,CUST67050505,2024-09-23 21:16:52.670844,122.58,4,Food & Beverages,Beverages
TXNECN6Q17DEO,CUST67050505,2024-09-22 21:16:52.670844,95.94,3,Books,Educational
TXN4B89VHAYGB,CUST67050505,2024-11-25 21:16:52.670844,172.13,2,Food & Beverages,Gourmet Food
TXN7RAHQVTTFX,CUST73311384,2026-05-02 21:16:52.670844,214.03,1,Clothing,T-Shirt
TXNEK0Y4HZJPU,CUST73311384,2026-05-22 21:16:52.670844,210.7,1,Food & Beverages,Beverages
TXN6220UW8L9P,CUST73311384,2026-07-16 21:16:52.670844,169.16,2,Automotive,Cleaning Supplies
TXN7ATL0YBAP3,CUST73311384,2026-05-02 21:16:52.670844,292.88,2,Health & Beauty,Skincare
TXN21XWXXUN8V,CUST73311384,2026-06-08 21:16:52.670844,191.55,5,Electronics,Smart Watch
TXNO4MSFA8ZHB,CUST73311384,2026-07-10 21:16:52.670844,201.51,2,Food & Beverages,Organic Products
TXNTJT88L3QSB,CUST73311384,2026-06-21 21:16:52.670844,107.37,3,Sports & Outdoors,Bicycle
TXNHEJ67EIPOE,CUST73311384,2026-07-21 21:16:52.670844,146.08,1,Electronics,Smart Watch
TXNREF4H0BAUC,CUST73311384,2026-07-08 21:16:52.670844,214.1,5,Office Supplies,Desk Accessories
TXN51OBMBRN5P,CUST73311384,2026-06-26 21:16:52.670844,148.82,4,Food & Beverages,Gourmet Food
TXNSH5L2HVHNL,CUST73311384,2026-06-09 21:16:52.670844,180.77,1,Automotive,Tools
TXNZ68SR6VW29,CUST73311384,2026-05-16 21:16:52.670844,158.45,1,Sports & Outdoors,Bicycle
TXN86V3GGD3S4,CUST73311384,2026-05-07 21:16:52.670844,273.75,4,Toys & Games,Action Figures
TXNUML0J6IZSC,CUST73311384,2026-05-27 21:16:52.670844,156.98,5,Electronics,Headphones
TXNU6O69HAKE6,CUST73311384,2026-05-05 21:16:52.670844,239.48,5,Food & Beverages,Beverages
TXN5FUSBPKHT7,CUST73311384,2026-05-06 21:16:52.670844,204.57,5,Office Supplies,Electronics
TXNQIRPO3CVRZ,CUST73311384,2026-05-12 21:16:52.670844,99.46,4,Books,Non-Fiction
TXNGGBJJ4JRQM,CUST73311384,2026-06-11 21:16:52.670844,219.55,2,Home & Garden,Tools
TXNE0B9RTK1PP,CUST73311384,2026-06-11 21:16:52.670844,310.88,1,Home & Garden,Kitchen Appliances
TXNVW3RQU0POE,CUST73311384,2026-06-18 21:16:52.670844,256.73,4,Sports & Outdoors,Fitness Equipment
TXN5KNHLLQ8LG,CUST73311384,2026-06-15 21:16:52.670844,262.58,4,Automotive,Cleaning Supplies
TXNAE1ZH2VV0D,CUST73311384,2026-07-08 21:16:52.670844,229.55,1,Clothing,Jeans
TXNW2FNS74QYO,CUST73311384,2026-06-05 21:16:52.670844,185.49,1,Sports & Outdoors,Sportswear
TXNQZ1AIUIBGG,CUST47317188,2026-01-25 21:16:52.670844,67.45,1,Clothing,Dress
TXNS6B4YR2C8A,CUST47317188,2026-01-26 21:16:52.670844,99.31,5,Automotive,Cleaning Supplies
TXN63LIW6412E,CUST47317188,2026-01-12 21:16:52.670844,134.93,1,Automotive,Car Accessories
TXNLINXQCR6K1,CUST47317188,2026-01-23 21:16:52.670844,95.64,5,Food & Beverages,Organic Products
TXNCOPJOHMSYI,CUST47317188,2026-01-25 21:16:52.670844,80.89,3,Books,Magazines
TXNXZ4GBAB7RF,CUST47317188,2026-01-17 21:16:52.670844,77.66,2,Automotive,Car Accessories
TXNTSYD61120A,CUST47317188,2026-01-31 21:16:52.670844,108.77,4,Books,Comics
TXN69QYJRG0ZR,CUST47317188,2026-01-31 21:16:52.670844,151.49,3,Toys & Games,Board Games
TXN973POB5OGN,CUST48956322,2026-05-24 21:16:52.670844,169.05,3,Automotive,Tools
TXNLOKTY68II6,CUST48956322,2026-05-17 21:16:52.670844,168.21,4,Health & Beauty,Supplements
TXNH1L2MXPVCQ,CUST48956322,2026-06-11 21:16:52.670844,89.4,3,Automotive,Cleaning Supplies
TXN36EAHF869V,CUST48956322,2026-06-16 21:16:52.670844,157.84,1,Home & Garden,Furniture
TXNSWPPA6OEN7,CUST48956322,2026-06-05 21:16:52.670844,174.69,2,Sports & Outdoors,Camping Gear
TXN7PY1LB5FGS,CUST48956322,2026-05-13 21:16:52.670844,161.74,2,Books,Comics
TXNNEL276KBXV,CUST48956322,2026-05-12 21:16:52.670844,224.4,2,Food & Beverages,Beverages
TXNMW6YEASRZ5,CUST48956322,2026-05-12 21:16:52.670844,126.77,2,Electronics,Laptop
TXN0O2J2P2ON8,CUST48956322,2026-05-30 21:16:52.670844,149.37,4,Automotive,Cleaning Supplies
TXNXMVATV0Y0L,CUST48956322,2026-05-21 21:16:52.670844,172.29,1,Health & Beauty,Supplements
TXN58KXY2E9HH,CUST48956322,2026-05-07 21:16:52.670844,142.73,2,Toys & Games,Video Games
TXN3XCLMGSHZ5,CUST48956322,2026-05-12 21:16:52.670844,130.56,5,Home & Garden,Decor
TXNR1GYO0P3HB,CUST48956322,2026-05-17 21:16:52.670844,180.45,1,Health & Beauty,Makeup
TXN9K2S49S1BM,CUST48956322,2026-05-26 21:16:52.670844,153.71,4,Food & Beverages,Beverages
TXNNWNZXITFJ6,CUST52109279,2026-05-19 21:16:52.670844,110.77,5,Sports & Outdoors,Bicycle
TXNKCP02ROXO3,CUST52109279,2026-05-12 21:16:52.670844,85.35,3,Toys & Games,Puzzles
TXNJ2OHWUQ7SO,CUST52109279,2026-05-22 21:16:52.670844,99.33,2,Food & Beverages,Snacks
TXN69P8TAPF34,CUST52109279,2026-05-28 21:16:52.670844,39.99,5,Books,Magazines
TXNO7TLJHE7CI,CUST52109279,2026-05-27 21:16:52.670844,66.73,3,Electronics,Tablet
TXN3URKGG3Z50,CUST52109279,2026-05-22 21:16:52.670844,95.86,2,Automotive,Parts
TXNLZDILPEBOZ,CUST52109279,2026-05-22 21:16:52.670844,99.21,4,Health & Beauty,Makeup
TXNGGO4ZMVNQN,CUST52109279,2026-06-01 21:16:52.670844,48.86,5,Food & Beverages,Snacks
TXNO5CS0HFDCO,CUST52109279,2026-06-04 21:16:52.670844,98.98,1,Books,Fiction
TXNLTN6B5PX5U,CUST52109279,2026-05-14 21:16:52.670844,123.84,4,Toys & Games,Board Games
TXNDBZBCTG9T2,CUST48706088,2026-04-10 21:16:52.670844,170.74,2,Automotive,Car Accessories
TXNDUBHPIRDVB,CUST48706088,2026-04-18 21:16:52.670844,223.06,1,Sports & Outdoors,Camping Gear
TXNW4DGJXJBWA,CUST48706088,2026-04-16 21:16:52.670844,168.99,5,Health & Beauty,Personal Care
TXN120JARIQ2N,CUST48706088,2026-03-28 21:16:52.670844,158.12,2,Clothing,Jeans
TXNBY3LZV6XEI,CUST48706088,2026-03-20 21:16:52.670844,149.58,1,Sports & Outdoors,Fitness Equipment
TXN34G5WQSJ6U,CUST48706088,2026-04-19 21:16:52.670844,290.0,4,Electronics,Laptop
TXN0H7PRY0GZ0,CUST48706088,2026-03-26 21:16:52.670844,256.36,5,Books,Educational
TXNCQ16HPZV6E,CUST48706088,2026-03-20 21:16:52.670844,81.66,2,Sports & Outdoors,Sportswear
TXNQIWN8L3DBG,CUST48706088,2026-04-01 21:16:52.670844,185.09,4,Books,Educational
TXNI773677467,CUST28608973,2026-01-25 21:16:52.670844,127.05,1,Books,Educational
TXNTPHHPV8U2K,CUST28608973,2026-03-20 21:16:52.670844,105.39,2,Electronics,Smartphone
TXNAEMDJORYPH,CUST28608973,2026-03-24 21:16:52.670844,120.25,2,Home & Garden,Tools
TXN5N498DDJAH,CUST28608973,2026-02-26 21:16:52.670844,114.16,1,Office Supplies,Desk Accessories
TXNQYFFCIAN65,CUST28608973,2026-01-31 21:16:52.670844,71.49,5,Home & Garden,Tools
TXNS3SL8ZOCAU,CUST28608973,2026-01-24 21:16:52.670844,62.65,3,Food & Beverages,Organic Products
TXNQOJUTAV5CX,CUST28608973,2026-01-23 21:16:52.670844,56.02,2,Health & Beauty,Personal Care
TXNU9WVEY1383,CUST33862644,2025-07-22 21:16:52.670844,51.83,4,Clothing,Jacket
TXNQ2AKNBRF3N,CUST33862644,2025-05-21 21:16:52.670844,92.23,3,Toys & Games,Puzzles
TXNTDYJMDO10J,CUST33862644,2025-03-06 21:16:52.670844,45.41,4,Office Supplies,Electronics
TXNQP695B9IO1,CUST33862644,2025-11-01 21:16:52.670844,56.24,3,Food & Beverages,Organic Products
TXNIHBS885VYH,CUST33862644,2025-01-04 21:16:52.670844,74.44,4,Electronics,Laptop
TXNZUBP1KJZIP,CUST33862644,2025-04-20 21:16:52.670844,51.64,5,Sports & Outdoors,Camping Gear
TXNPLTYRFCLR2,CUST62920429,2025-12-16 21:16:52.670844,199.27,2,Office Supplies,Electronics
TXN5USZQEY6OW,CUST62920429,2025-05-20 21:16:52.670844,208.56,2,Health & Beauty,Supplements
TXNNTJEUKF6C6,CUST62920429,2026-03-11 21:16:52.670844,157.55,4,Electronics,Tablet
TXNSWUA04NS8W,CUST62920429,2025-04-24 21:16:52.670844,173.36,3,Books,Educational
TXNSPBCBKK2TL,CUST79483942,2025-12-03 21:16:52.670844,133.94,5,Home & Garden,Tools
TXNQPY4DLDYZ7,CUST79483942,2026-03-23 21:16:52.670844,94.08,3,Health & Beauty,Skincare
TXN9TS84XDEZY,CUST79483942,2025-04-17 21:16:52.670844,68.26,2,Electronics,Laptop
TXNI00MZYO785,CUST79483942,2025-07-10 21:16:52.670844,114.23,3,Clothing,Shoes
TXNGXP89ASLUM,CUST79483942,2024-11-29 21:16:52.670844,118.89,5,Electronics,Headphones
TXNOM8ZC4A8VW,CUST79483942,2024-07-24 21:16:52.670844,173.3,5,Home & Garden,Furniture
TXN0KLFLQT4QB,CUST79483942,2025-01-08 21:16:52.670844,84.69,4,Automotive,Tools
TXNNQGUEADHJ8,CUST79483942,2025-10-25 21:16:52.670844,131.41,2,Toys & Games,Board Games
TXNW5BX30SGYY,CUST79483942,2025-11-14 21:16:52.670844,132.21,4,Books,Comics
TXNM9XGZ4HZXA,CUST79483942,2025-12-17 21:16:52.670844,169.84,4,Office Supplies,Desk Accessories
TXNYORXPDKB02,CUST79483942,2025-02-02 21:16:52.670844,65.01,1,Sports & Outdoors,Bicycle
TXNYNKCH75PE5,CUST79483942,2025-06-23 21:16:52.670844,120.79,1,Home & Garden,Kitchen Appliances
TXNN7NA8WB5HB,CUST79483942,2025-08-30 21:16:52.670844,144.51,2,Sports & Outdoors,Sportswear
TXN3CE8T1I8H2,CUST79483942,2025-09-21 21:16:52.670844,97.63,3,Office Supplies,Electronics
TXN0PVFSZ3C96,CUST79483942,2026-01-14 21:16:52.670844,61.66,1,Electronics,Smart Watch
TXNGWLJHYR6FT,CUST79483942,2026-06-03 21:16:52.670844,110.31,3,Electronics,Tablet
TXNEXPO4Y2ENQ,CUST31007904,2026-04-10 21:16:52.670844,230.03,1,Sports & Outdoors,Camping Gear
TXNVH46E7MJX6,CUST31007904,2026-02-08 21:16:52.670844,210.68,5,Health & Beauty,Skincare
TXNUFOPJ6FU3B,CUST31007904,2026-03-22 21:16:52.670844,210.16,3,Home & Garden,Decor
TXNHP2MRO8GSR,CUST31007904,2026-03-05 21:16:52.670844,339.93,5,Sports & Outdoors,Bicycle
TXN4PTX7127XQ,CUST31007904,2026-04-12 21:16:52.670844,148.76,2,Books,Non-Fiction
TXN5OY9A0LUTJ,CUST31007904,2026-04-10 21:16:52.670844,102.27,3,Office Supplies,Electronics
TXNGX2MQ46SIR,CUST31007904,2026-06-01 21:16:52.670844,308.88,3,Health & Beauty,Skincare
TXNXNCSZFNJMN,CUST31007904,2026-06-05 21:16:52.670844,210.77,2,Clothing,Accessories
TXNUE2B54U6L1,CUST31007904,2026-04-24 21:16:52.670844,108.42,2,Food & Beverages,Gourmet Food
TXNNOBF7MLBN8,CUST31007904,2026-04-08 21:16:52.670844,279.49,3,Home & Garden,Furniture
TXNPQUJIJAX2X,CUST31007904,2026-02-15 21:16:52.670844,312.39,2,Clothing,Dress
TXNQY2E3PI3N5,CUST31007904,2026-05-17 21:16:52.670844,321.18,2,Books,Educational
TXNFMR25AC2HK,CUST31007904,2026-03-05 21:16:52.670844,354.72,1,Sports & Outdoors,Camping Gear
TXN5KD7CCYD8Y,CUST31007904,2026-02-13 21:16:52.670844,323.46,5,Electronics,Smartphone
TXN34BC8V3SQE,CUST31007904,2026-02-27 21:16:52.670844,259.55,3,Clothing,Dress
TXN7CQTJTMTNR,CUST31007904,2026-06-04 21:16:52.670844,268.34,1,Books,Non-Fiction
TXNC6WHYB0YRV,CUST31007904,2026-06-08 21:16:52.670844,412.05,4,Books,Non-Fiction
TXNBHYU6XWQDN,CUST31007904,2026-02-13 21:16:52.670844,293.89,5,Office Supplies,Desk Accessories
TXN7E2G859K48,CUST42693755,2026-03-10 21:16:52.670844,37.7,2,Sports & Outdoors,Bicycle
TXNSXS6VSH8BJ,CUST42693755,2026-05-19 21:16:52.670844,74.75,5,Home & Garden,Bedding
TXNFKWCA14UB8,CUST42693755,2026-02-26 21:16:52.670844,90.16,2,Automotive,Tools
TXNX9IPOTMVY7,CUST42693755,2026-03-24 21:16:52.670844,123.46,1,Food & Beverages,Beverages
TXNOUKRO4N7AT,CUST42693755,2026-03-03 21:16:52.670844,103.73,5,Toys & Games,Action Figures
TXNX3R3VZKDP6,CUST42693755,2026-04-22 21:16:52.670844,70.34,2,Office Supplies,Electronics
TXNGF1DAEFKVO,CUST42693755,2026-03-22 21:16:52.670844,114.92,1,Clothing,T-Shirt
TXN9X7ZRKRNO1,CUST42693755,2026-04-10 21:16:52.670844,83.59,2,Automotive,Car Accessories
TXN6P244JSEGD,CUST49270441,2026-03-02 21:16:52.670844,209.62,5,Clothing,Accessories
TXNKV1WUU1EXY,CUST49270441,2026-02-25 21:16:52.670844,235.13,5,Sports & Outdoors,Sportswear
TXNJQXJQNKRWF,CUST49270441,2026-02-22 21:16:52.670844,225.63,3,Toys & Games,Action Figures
TXNX0616BVNBA,CUST49270441,2026-03-02 21:16:52.670844,168.16,5,Food & Beverages,Gourmet Food
TXNWJ7ZJB6U2M,CUST49270441,2026-03-05 21:16:52.670844,151.44,3,Office Supplies,Stationery
TXNTO27QSTP5I,CUST49270441,2026-02-27 21:16:52.670844,213.67,5,Toys & Games,Puzzles
TXNNO3VDXIF61,CUST49270441,2026-03-03 21:16:52.670844,239.01,3,Home & Garden,Kitchen Appliances
TXN1U58M9FMWH,CUST49270441,2026-03-02 21:16:52.670844,93.34,3,Food & Beverages,Gourmet Food
TXNVPQJXKFMKY,CUST58203611,2026-04-14 21:16:52.670844,168.03,2,Clothing,Accessories
TXNXFZ3FA749D,CUST58203611,2026-04-26 21:16:52.670844,155.45,5,Books,Educational
TXNWUB4JUNW5U,CUST58203611,2026-04-07 21:16:52.670844,144.18,3,Clothing,Jeans
TXNG9ILX35F6O,CUST58203611,2026-04-04 21:16:52.670844,263.9,5,Toys & Games,Board Games
TXN5M816HSI7R,CUST58203611,2026-04-27 21:16:52.670844,175.24,5,Health & Beauty,Makeup
TXNUTS7EN7YR2,CUST58203611,2026-04-07 21:16:52.670844,159.2,1,Health & Beauty,Personal Care
TXNOEZFCSTKOM,CUST58203611,2026-04-24 21:16:52.670844,161.74,2,Electronics,Camera
TXNW8CTRGA5XL,CUST22840952,2025-08-06 21:16:52.670844,156.66,3,Health & Beauty,Supplements
TXN68QPUOW8ZF,CUST22840952,2024-11-11 21:16:52.670844,66.1,2,Food & Beverages,Snacks
TXNW7RATGA4RD,CUST22840952,2026-05-26 21:16:52.670844,87.94,2,Health & Beauty,Supplements
TXNUJVAR6PAD3,CUST22840952,2025-10-14 21:16:52.670844,157.85,4,Automotive,Car Accessories
TXNBSE1EX7I0N,CUST22840952,2025-06-22 21:16:52.670844,169.97,1,Home & Garden,Bedding
TXNL4YP2DP8KQ,CUST22840952,2025-01-26 21:16:52.670844,153.9,2,Toys & Games,Action Figures
TXNSYXQS1FPA1,CUST22840952,2024-12-21 21:16:52.670844,157.47,5,Office Supplies,Stationery
TXNUDUNP79Z1V,CUST22840952,2024-11-15 21:16:52.670844,220.88,3,Toys & Games,Action Figures
TXNG8TMT59CF2,CUST22840952,2024-08-05 21:16:52.670844,107.53,3,Toys & Games,Action Figures
TXNCC33JM26SK,CUST22840952,2025-10-26 21:16:52.670844,164.83,5,Automotive,Tools
TXNUSBS3R97IT,CUST22840952,2024-11-12 21:16:52.670844,219.19,2,Food & Beverages,Beverages
TXN1DE8D74TC5,CUST41469780,2025-11-02 21:16:52.670844,145.5,1,Food & Beverages,Snacks
TXN3P1AL39N0T,CUST41469780,2025-09-02 21:16:52.670844,92.42,3,Books,Non-Fiction
TXNP75VMY3M0C,CUST41469780,2025-11-29 21:16:52.670844,118.31,4,Home & Garden,Furniture
TXNGBIO8I070R,CUST41469780,2025-01-20 21:16:52.670844,156.08,5,Food & Beverages,Snacks
TXN2NLUPA46UN,CUST41469780,2025-09-14 21:16:52.670844,194.56,5,Electronics,Smartphone
TXNLGJY21TFNO,CUST41469780,2025-03-05 21:16:52.670844,178.88,3,Sports & Outdoors,Fitness Equipment
TXNSURDSFG87S,CUST41469780,2025-01-08 21:16:52.670844,92.92,5,Electronics,Tablet
TXNSQI3EG0N2K,CUST41469780,2025-12-27 21:16:52.670844,73.31,5,Sports & Outdoors,Bicycle
TXN35RDX5ALCR,CUST62298066,2026-04-24 21:16:52.670844,174.94,3,Food & Beverages,Gourmet Food
TXN3PQFFYKYYD,CUST62298066,2025-10-16 21:16:52.670844,110.68,5,Home & Garden,Decor
TXN0NEICVDOMW,CUST62298066,2025-11-20 21:16:52.670844,91.89,1,Toys & Games,Puzzles
TXN1PH6L5UFKF,CUST62298066,2026-03-17 21:16:52.670844,64.4,4,Sports & Outdoors,Camping Gear
TXN223MXC73KZ,CUST62298066,2026-01-17 21:16:52.670844,156.73,1,Clothing,Shoes
TXN4JZQQTHQET,CUST62298066,2025-10-23 21:16:52.670844,212.99,5,Electronics,Smart Watch
TXNN2U6ZVSOD3,CUST62298066,2025-11-12 21:16:52.670844,118.01,3,Electronics,Smartphone
TXN372OM0X0IT,CUST60068843,2025-10-04 21:16:52.670844,141.41,3,Home & Garden,Decor
TXNN564VS6QFB,CUST60068843,2025-12-22 21:16:52.670844,105.96,1,Office Supplies,Electronics
TXNNQI37LUF1S,CUST60068843,2025-11-28 21:16:52.670844,145.74,2,Books,Fiction
TXNB0OE9YCFIU,CUST60068843,2025-10-12 21:16:52.670844,160.89,3,Food & Beverages,Gourmet Food
TXNDHXL8WAXY7,CUST60068843,2025-10-09 21:16:52.670844,176.52,4,Toys & Games,Action Figures
TXN37VK7NHHFN,CUST60068843,2026-01-24 21:16:52.670844,137.39,3,Food & Beverages,Beverages
TXN4C7Z461YLP,CUST60068843,2026-04-04 21:16:52.670844,167.37,2,Electronics,Laptop
TXNRMRPNK80A1,CUST60068843,2026-01-30 21:16:52.670844,162.53,3,Automotive,Car Accessories
TXN7PAZ7FDVB0,CUST60068843,2025-12-21 21:16:52.670844,173.69,1,Office Supplies,Electronics
TXNPKD4JNPZ13,CUST60068843,2026-04-05 21:16:52.670844,115.33,2,Automotive,Cleaning Supplies
TXN9BU4KXNE5C,CUST60068843,2025-12-19 21:16:52.670844,182.4,1,Books,Comics
TXNLDSLF5H4H4,CUST60068843,2026-01-16 21:16:52.670844,166.88,3,Clothing,Dress
TXNM5VEQK6JTI,CUST60068843,2026-05-02 21:16:52.670844,149.82,4,Food & Beverages,Organic Products
TXNXFJMF639MB,CUST60068843,2026-05-24 21:16:52.670844,105.03,3,Toys & Games,Puzzles
TXNADNXUP6B85,CUST60068843,2025-09-30 21:16:52.670844,116.27,5,Sports & Outdoors,Camping Gear
TXN3RBAOHWH1Z,CUST60068843,2026-01-03 21:16:52.670844,164.78,3,Books,Magazines
TXNA3ZZ1JHEBI,CUST60068843,2025-11-30 21:16:52.670844,73.47,4,Office Supplies,Desk Accessories
TXNUTNNPNVF6H,CUST60068843,2026-02-09 21:16:52.670844,171.23,4,Automotive,Parts
TXNODFZRY5ZGO,CUST60068843,2026-05-18 21:16:52.670844,145.96,5,Food & Beverages,Snacks
TXN5GPY4RU6VZ,CUST54880388,2025-08-07 21:16:52.670844,240.63,4,Home & Garden,Decor
TXN2Q4UNYBCCX,CUST54880388,2025-12-18 21:16:52.670844,307.87,3,Automotive,Tools
TXNU1TVGLMHHN,CUST54880388,2026-04-10 21:16:52.670844,128.1,3,Clothing,T-Shirt
TXNF0ZPX24UHV,CUST54880388,2025-10-29 21:16:52.670844,399.23,4,Sports & Outdoors,Camping Gear
TXN467IOQF7XR,CUST54880388,2026-03-05 21:16:52.670844,341.69,2,Home & Garden,Decor
TXN7Z4D127OKQ,CUST54880388,2026-03-15 21:16:52.670844,241.87,2,Toys & Games,Video Games
TXN19NBG0ST3G,CUST54880388,2026-05-03 21:16:52.670844,336.03,5,Clothing,Dress
TXNMBM1AFS1U4,CUST54880388,2025-07-12 21:16:52.670844,303.54,1,Automotive,Parts
TXNVMLD23VMYA,CUST54880388,2025-12-29 21:16:52.670844,367.04,4,Electronics,Smartphone
TXN6UHURX2M0B,CUST54880388,2025-08-28 21:16:52.670844,380.08,2,Food & Beverages,Gourmet Food
TXND4JO5WX6O1,CUST54880388,2025-11-08 21:16:52.670844,401.75,3,Office Supplies,Desk Accessories
TXNG4NAWKJ41C,CUST54880388,2025-11-01 21:16:52.670844,448.27,5,Clothing,Jacket
TXNDZE8KQHWC4,CUST54880388,2025-07-13 21:16:52.670844,343.8,2,Home & Garden,Furniture
TXN1BEAW44XYW,CUST54880388,2025-07-01 21:16:52.670844,289.95,1,Sports & Outdoors,Sportswear
TXNNN0RZA5FUE,CUST54880388,2025-12-24 21:16:52.670844,162.5,4,Electronics,Smart Watch
TXNMXRE1BX6T6,CUST54880388,2025-04-24 21:16:52.670844,335.8,3,Toys & Games,Video Games
TXNKX0S4BUM5O,CUST54880388,2026-04-29 21:16:52.670844,228.63,3,Books,Comics
TXN4917ZS9RTG,CUST54880388,2025-09-11 21:16:52.670844,396.46,3,Office Supplies,Stationery
TXN1JCWRUFX8Y,CUST91257979,2025-11-29 21:16:52.670844,148.06,4,Office Supplies,Desk Accessories
TXN5963DU1DO7,CUST91257979,2026-04-10 21:16:52.670844,318.22,1,Automotive,Car Accessories
TXNMKYKD0V4DX,CUST91257979,2026-05-23 21:16:52.670844,170.29,5,Health & Beauty,Skincare
TXNKWQZ7DKR9F,CUST91257979,2026-01-25 21:16:52.670844,145.84,5,Food & Beverages,Beverages
TXNVUQ9KG4G4U,CUST91257979,2025-10-25 21:16:52.670844,328.41,1,Home & Garden,Furniture
TXN1RM7AL93FM,CUST91257979,2026-05-21 21:16:52.670844,376.05,5,Home & Garden,Decor
TXNIS94WRGQNL,CUST91257979,2025-12-16 21:16:52.670844,373.57,5,Automotive,Car Accessories
TXNY2JOJEJGGA,CUST91257979,2026-04-25 21:16:52.670844,180.7,1,Toys & Games,Board Games
TXN86S87WYL9N,CUST91257979,2026-03-28 21:16:52.670844,353.49,3,Books,Fiction
TXNUCRWH32TE3,CUST91257979,2026-04-10 21:16:52.670844,268.29,2,Office Supplies,Furniture
TXN8JN53PUOBV,CUST91257979,2025-12-07 21:16:52.670844,229.74,2,Sports & Outdoors,Bicycle
TXN3AC4AP98HW,CUST91257979,2026-01-22 21:16:52.670844,241.7,4,Automotive,Car Accessories
TXNLW4EFD0RHE,CUST91257979,2026-01-18 21:16:52.670844,210.83,1,Electronics,Tablet
TXNTA09NEOVTE,CUST91257979,2025-11-07 21:16:52.670844,331.77,4,Automotive,Parts
TXNDUSCXC2BLQ,CUST91257979,2026-02-21 21:16:52.670844,436.29,4,Sports & Outdoors,Bicycle
TXNKSYSKPHLYU,CUST91257979,2026-04-17 21:16:52.670844,387.8,2,Electronics,Headphones
TXNMANGKYL1KD,CUST91257979,2026-01-12 21:16:52.670844,269.89,4,Toys & Games,Puzzles
TXN9NRUAEW4NL,CUST91257979,2026-03-10 21:16:52.670844,407.44,3,Clothing,Dress
TXN0JMUBEAGOT,CUST29876585,2026-03-28 21:16:52.670844,156.59,1,Health & Beauty,Skincare
TXNJADVSL04LI,CUST29876585,2026-04-09 21:16:52.670844,133.02,1,Clothing,Accessories
TXN1OFFN6XVIH,CUST29876585,2026-06-17 21:16:52.670844,120.51,2,Electronics,Laptop
TXNDUZXWXB60N,CUST29876585,2026-03-23 21:16:52.670844,119.15,2,Toys & Games,Board Games
TXNNM6Q3LFE8F,CUST29876585,2026-02-23 21:16:52.670844,140.28,1,Books,Comics
TXNC87S3C2IDF,CUST29876585,2026-04-25 21:16:52.670844,80.57,1,Office Supplies,Desk Accessories
TXNTGX41Y5QH1,CUST29876585,2026-03-16 21:16:52.670844,96.01,2,Home & Garden,Decor
TXNJ42EJB1EH0,CUST29876585,2026-03-28 21:16:52.670844,153.93,4,Automotive,Car Accessories
TXNRZFJLXX1LH,CUST29876585,2026-03-31 21:16:52.670844,130.42,1,Toys & Games,Puzzles
TXNT2KGYYBQV3,CUST29876585,2026-04-03 21:16:52.670844,94.4,2,Office Supplies,Electronics
TXNRAQDYW6LV8,CUST29876585,2026-05-24 21:16:52.670844,107.38,2,Office Supplies,Desk Accessories
TXNCH653KBSIT,CUST29876585,2026-03-26 21:16:52.670844,162.77,3,Electronics,Laptop
TXN1523VRG9BV,CUST29876585,2026-02-27 21:16:52.670844,157.79,1,Toys & Games,Video Games
TXNM5BW3PQSVJ,CUST29876585,2026-05-26 21:16:52.670844,103.6,3,Office Supplies,Stationery
TXN28T90JR959,CUST29876585,2026-05-16 21:16:52.670844,114.54,5,Toys & Games,Puzzles
TXNNASEVGK0W1,CUST29876585,2026-04-20 21:16:52.670844,114.13,1,Food & Beverages,Gourmet Food
TXN9IPX8HREA3,CUST29876585,2026-05-09 21:16:52.670844,169.96,4,Toys & Games,Video Games
TXNQTTXX428TR,CUST29876585,2026-03-20 21:16:52.670844,163.07,2,Toys & Games,Puzzles
TXNB7QZIZ7BJX,CUST10837865,2026-03-04 21:16:52.670844,250.14,4,Books,Educational
TXNCU6SUFPRY0,CUST10837865,2026-04-14 21:16:52.670844,272.37,5,Sports & Outdoors,Bicycle
TXN1ORKJEKSPU,CUST10837865,2026-02-18 21:16:52.670844,224.81,5,Clothing,Jacket
TXNOY13WUWCEC,CUST10837865,2026-03-19 21:16:52.670844,238.33,3,Home & Garden,Tools
TXNL77U2LPZK4,CUST10837865,2026-04-09 21:16:52.670844,211.99,3,Toys & Games,Action Figures
TXNW96INM8H59,CUST10837865,2026-02-24 21:16:52.670844,196.06,3,Electronics,Smartphone
TXNB0WV1QSYLY,CUST10837865,2026-05-25 21:16:52.670844,190.55,4,Automotive,Cleaning Supplies
TXNHP8W9YFAGB,CUST10837865,2025-11-24 21:16:52.670844,318.62,3,Toys & Games,Action Figures
TXNYSCYQVQ4CI,CUST10837865,2025-11-22 21:16:52.670844,198.17,3,Books,Comics
TXN5FCBTKDZEM,CUST10837865,2026-03-05 21:16:52.670844,363.62,5,Food & Beverages,Beverages
TXNTHXIYZXBN3,CUST93127659,2026-07-07 21:16:52.670844,67.74,2,Clothing,T-Shirt
TXNB10MIOOTP9,CUST93127659,2026-07-03 21:16:52.670844,98.97,2,Office Supplies,Desk Accessories
TXNQ9QM690ENY,CUST93127659,2026-07-06 21:16:52.670844,101.26,5,Automotive,Parts
TXNUZIMPJ8DNV,CUST93127659,2026-07-02 21:16:52.670844,133.98,3,Office Supplies,Desk Accessories
TXNEVJ39H8I75,CUST93127659,2026-07-04 21:16:52.670844,117.69,1,Health & Beauty,Skincare
TXNWK8URDZCRW,CUST93127659,2026-07-09 21:16:52.670844,70.3,4,Clothing,T-Shirt
TXNUIMPIZZ805,CUST93127659,2026-07-09 21:16:52.670844,138.85,3,Books,Fiction
TXNURO9Q8CFF6,CUST93127659,2026-07-02 21:16:52.670844,197.23,5,Health & Beauty,Supplements
TXNJLVZH9T32K,CUST93127659,2026-07-09 21:16:52.670844,159.11,1,Sports & Outdoors,Bicycle
TXNXFBHWXPEKY,CUST93127659,2026-07-02 21:16:52.670844,105.45,3,Health & Beauty,Personal Care
TXNV20B76AB6Z,CUST93127659,2026-07-08 21:16:52.670844,196.56,2,Books,Educational
TXNPNBSHJIHE5,CUST93127659,2026-07-09 21:16:52.670844,134.32,4,Books,Comics
TXN6FKNI960X5,CUST93127659,2026-07-06 21:16:52.670844,164.57,4,Office Supplies,Electronics
TXNW4BNX5V4M2,CUST93127659,2026-07-09 21:16:52.670844,197.58,1,Office Supplies,Electronics
TXNEUZJIDCZV1,CUST93127659,2026-07-02 21:16:52.670844,169.72,4,Food & Beverages,Snacks
TXN0HV3FI1NOL,CUST93127659,2026-07-03 21:16:52.670844,210.66,1,Books,Non-Fiction
TXNDXGTLY2KMI,CUST93127659,2026-07-08 21:16:52.670844,137.68,4,Food & Beverages,Gourmet Food
TXNTBRA9VNWFY,CUST93127659,2026-07-02 21:16:52.670844,121.36,3,Sports & Outdoors,Fitness Equipment
TXNJXM3NS1E1O,CUST93127659,2026-07-03 21:16:52.670844,161.31,2,Automotive,Parts
TXNGWPEYHMLUW,CUST93127659,2026-07-03 21:16:52.670844,148.67,1,Health & Beauty,Skincare
TXNKOVPPDP542,CUST93127659,2026-07-07 21:16:52.670844,205.08,3,Office Supplies,Stationery
TXNVESTHDBLGZ,CUST93127659,2026-07-02 21:16:52.670844,209.19,4,Home & Garden,Kitchen Appliances
TXNIXW9UOWDXL,CUST93127659,2026-07-03 21:16:52.670844,120.23,5,Electronics,Smartphone
TXNU1EVSKOIZS,CUST93127659,2026-07-08 21:16:52.670844,137.3,3,Clothing,Shoes
TXN6TXXB1E7F1,CUST93127659,2026-07-03 21:16:52.670844,132.76,1,Electronics,Tablet
TXNX2V71O4OQA,CUST93127659,2026-07-04 21:16:52.670844,137.17,1,Books,Magazines
TXNI416OWVA83,CUST93127659,2026-07-02 21:16:52.670844,103.0,1,Toys & Games,Action Figures
TXNAIB8SV718Z,CUST93127659,2026-07-06 21:16:52.670844,115.67,5,Food & Beverages,Organic Products
TXNJW9MDF0GSH,CUST93127659,2026-07-08 21:16:52.670844,108.26,5,Automotive,Tools
TXND7LANE9MXX,CUST93127659,2026-07-07 21:16:52.670844,142.41,4,Automotive,Parts
TXNHG2SOD4BDM,CUST93127659,2026-07-09 21:16:52.670844,201.3,3,Food & Beverages,Gourmet Food
TXNYWKXFI1Y2F,CUST93127659,2026-07-08 21:16:52.670844,170.48,2,Home & Garden,Furniture
TXNF2OM67JPZI,CUST74519552,2026-06-04 21:16:52.670844,331.17,3,Clothing,Dress
TXNCHN3DSXOEI,CUST74519552,2026-06-10 21:16:52.670844,195.9,4,Sports & Outdoors,Camping Gear
TXNDRBXSLCCT2,CUST74519552,2026-05-19 21:16:52.670844,113.84,2,Clothing,Accessories
TXNXXI9F2DAMH,CUST74519552,2026-05-31 21:16:52.670844,124.35,5,Food & Beverages,Beverages
TXNN9U5D14BPG,CUST74519552,2026-05-19 21:16:52.670844,241.68,2,Sports & Outdoors,Camping Gear
TXNJXA2NDK2IV,CUST74519552,2026-06-04 21:16:52.670844,239.98,1,Home & Garden,Tools
TXN5X7PVLQKLO,CUST53009222,2026-04-11 21:16:52.670844,267.18,3,Home & Garden,Tools
TXNL2Y3WTANB1,CUST53009222,2026-01-03 21:16:52.670844,190.48,2,Clothing,Accessories
TXNJYOQ8FO5U1,CUST53009222,2026-05-21 21:16:52.670844,166.59,4,Home & Garden,Kitchen Appliances
TXNQKMSQZZTH6,CUST53009222,2026-02-15 21:16:52.670844,130.73,1,Automotive,Tools
TXN9F5EDCX1PI,CUST53009222,2026-02-09 21:16:52.670844,139.08,4,Food & Beverages,Snacks
TXNM7ZHHDVIAV,CUST53009222,2025-10-28 21:16:52.670844,176.67,4,Office Supplies,Electronics
TXNA9I49UPPRU,CUST53009222,2026-02-19 21:16:52.670844,195.41,5,Food & Beverages,Organic Products
TXNPWRDOFRZAH,CUST53009222,2026-04-27 21:16:52.670844,172.75,1,Home & Garden,Bedding
TXNMWTZ4QJ3C8,CUST53009222,2026-02-07 21:16:52.670844,48.99,5,Home & Garden,Bedding
TXNISXDSFSWBF,CUST53009222,2026-04-22 21:16:52.670844,202.03,4,Sports & Outdoors,Fitness Equipment
TXNTJMIM1QQ2X,CUST53009222,2026-03-25 21:16:52.670844,168.27,2,Home & Garden,Decor
TXN31WH8B817D,CUST53009222,2025-12-16 21:16:52.670844,209.21,2,Office Supplies,Stationery
TXN6MJ2ETBWYF,CUST53009222,2025-11-30 21:16:52.670844,173.57,4,Automotive,Parts
TXNKJM7J4WBRO,CUST87092066,2026-03-10 21:16:52.670844,148.94,2,Food & Beverages,Gourmet Food
TXNYDBEGL3FV2,CUST87092066,2026-04-04 21:16:52.670844,90.86,2,Food & Beverages,Beverages
TXNS91HWEXYC1,CUST87092066,2026-05-02 21:16:52.670844,66.83,5,Electronics,Smartphone
TXN6KO3UI2W94,CUST87092066,2026-04-18 21:16:52.670844,110.41,4,Automotive,Car Accessories
TXNYGGYZM5NTP,CUST87092066,2026-02-20 21:16:52.670844,103.27,1,Food & Beverages,Organic Products
TXN3HI2JZBVON,CUST87092066,2026-06-11 21:16:52.670844,150.36,4,Books,Magazines
TXNPVWY1I2HLP,CUST87092066,2026-05-02 21:16:52.670844,141.97,3,Health & Beauty,Supplements
TXNZXR4UWWC4D,CUST87092066,2026-06-28 21:16:52.670844,61.98,2,Office Supplies,Electronics
TXNE19F7JVY73,CUST87092066,2026-05-30 21:16:52.670844,139.63,4,Clothing,Shoes
TXNI494NZHHQV,CUST87092066,2026-06-15 21:16:52.670844,136.39,2,Books,Fiction
TXNFDXKMA9WQ9,CUST87092066,2026-07-15 21:16:52.670844,103.25,1,Automotive,Cleaning Supplies
TXN35NJO6Y8MH,CUST87092066,2026-05-02 21:16:52.670844,122.42,1,Home & Garden,Decor
TXN2NTK9ZXFKY,CUST87092066,2026-07-15 21:16:52.670844,160.57,3,Sports & Outdoors,Bicycle
TXNDRK3ZG8H6O,CUST53582187,2026-05-20 21:16:52.670844,68.51,1,Toys & Games,Puzzles
TXNC39LUVDYUL,CUST53582187,2026-05-18 21:16:52.670844,70.79,3,Health & Beauty,Supplements
TXN7RJPXIC4B4,CUST53582187,2026-05-16 21:16:52.670844,70.84,3,Toys & Games,Board Games
TXNLCBNW20QNI,CUST53582187,2026-05-17 21:16:52.670844,97.57,2,Home & Garden,Decor
TXNS77B7HT0WU,CUST53582187,2026-05-22 21:16:52.670844,71.39,4,Sports & Outdoors,Bicycle
TXNZS0Y6WJX5S,CUST72985182,2026-05-25 21:16:52.670844,61.18,3,Electronics,Smartphone
TXNZWBT04G186,CUST72985182,2026-05-27 21:16:52.670844,190.66,4,Clothing,Shoes
TXNRF6SABM538,CUST72985182,2026-06-13 21:16:52.670844,129.17,3,Toys & Games,Video Games
TXN4EKVH17ZZ7,CUST72985182,2026-06-25 21:16:52.670844,158.79,1,Books,Comics
TXNSRE58Q4HHX,CUST72985182,2026-06-13 21:16:52.670844,160.58,4,Home & Garden,Tools
TXNCLV2G9JZQK,CUST72985182,2026-06-20 21:16:52.670844,100.14,5,Electronics,Tablet
TXNMO2W0WGG4K,CUST72985182,2026-06-06 21:16:52.670844,213.18,4,Automotive,Tools
TXNFIMEV1C5YM,CUST72985182,2026-06-30 21:16:52.670844,186.33,2,Sports & Outdoors,Camping Gear
TXNKXQWI6BFG3,CUST72985182,2026-06-30 21:16:52.670844,99.1,5,Electronics,Camera
TXNV8MPSKUGT5,CUST72985182,2026-06-12 21:16:52.670844,182.87,1,Electronics,Smartphone
TXN1AKG9A1ZYV,CUST72985182,2026-06-18 21:16:52.670844,208.9,3,Sports & Outdoors,Camping Gear
TXN6F3RRQOV3V,CUST72985182,2026-07-03 21:16:52.670844,149.86,5,Electronics,Laptop
TXNZCMZAXM9KJ,CUST72985182,2026-06-12 21:16:52.670844,111.77,3,Sports & Outdoors,Sportswear
TXNHQ26G70LT3,CUST72985182,2026-06-10 21:16:52.670844,220.31,5,Sports & Outdoors,Camping Gear
TXNE1PNN5PXXZ,CUST72985182,2026-06-13 21:16:52.670844,154.58,2,Clothing,Shoes
TXN0MCR3SUX8O,CUST72985182,2026-05-20 21:16:52.670844,115.06,1,Books,Comics
TXN8DNO7550OU,CUST72985182,2026-06-23 21:16:52.670844,183.49,2,Health & Beauty,Skincare
TXN26HA4VEJWB,CUST72985182,2026-06-05 21:16:52.670844,146.91,2,Electronics,Headphones
TXN8CXCAZ8MB2,CUST21145998,2026-02-07 21:16:52.670844,294.48,2,Automotive,Parts
TXN6BDPN37Z72,CUST21145998,2025-08-20 21:16:52.670844,310.49,4,Electronics,Camera
TXNHJJ9NC44NZ,CUST21145998,2025-01-23 21:16:52.670844,431.56,3,Automotive,Cleaning Supplies
TXNFZWOT3PJBV,CUST21145998,2025-10-03 21:16:52.670844,334.14,2,Health & Beauty,Supplements
TXNQPXG4RSLHR,CUST21145998,2024-08-13 21:16:52.670844,263.6,5,Books,Non-Fiction
TXNFKOB9KUX1Z,CUST21145998,2025-10-25 21:16:52.670844,238.18,5,Home & Garden,Kitchen Appliances
TXNAXG560HNO5,CUST21145998,2026-05-23 21:16:52.670844,372.29,3,Clothing,Jacket
TXNAXXP7TW1L7,CUST21145998,2024-12-09 21:16:52.670844,207.57,5,Automotive,Tools
TXNOW4Y2NEHZH,CUST21145998,2025-07-06 21:16:52.670844,267.48,3,Office Supplies,Furniture
TXN50ZZ3MSPRC,CUST21145998,2024-12-28 21:16:52.670844,405.78,4,Home & Garden,Tools
TXNETYALAV2AI,CUST21145998,2024-08-11 21:16:52.670844,396.37,5,Health & Beauty,Makeup
TXN1RYLCHMV3X,CUST21145998,2024-11-22 21:16:52.670844,10.0,3,Automotive,Cleaning Supplies
TXN6YEH7U0KHL,CUST21145998,2026-01-09 21:16:52.670844,417.31,5,Office Supplies,Electronics
TXNYA8O252CGS,CUST21145998,2025-06-23 21:16:52.670844,349.52,4,Home & Garden,Furniture
TXNOZPN11DFR3,CUST21145998,2025-06-21 21:16:52.670844,258.72,5,Food & Beverages,Beverages
TXNMHYWQQ3MTV,CUST21145998,2025-04-13 21:16:52.670844,238.83,2,Health & Beauty,Skincare
TXNRSPYR24JEF,CUST21145998,2025-06-27 21:16:52.670844,320.35,1,Books,Comics
TXNUROHFEW03O,CUST21145998,2025-09-02 21:16:52.670844,232.15,4,Office Supplies,Desk Accessories
TXNFVRM7XW5G2,CUST21145998,2026-02-25 21:16:52.670844,319.2,2,Health & Beauty,Supplements
TXN3D6VXCYON2,CUST21145998,2025-05-07 21:16:52.670844,206.8,1,Health & Beauty,Makeup
TXNUOV0B9YQ25,CUST32935136,2024-12-20 21:16:52.670844,86.45,5,Sports & Outdoors,Camping Gear
TXN5J5UN4PDAD,CUST32935136,2025-01-04 21:16:52.670844,59.21,4,Sports & Outdoors,Fitness Equipment
TXNNIWCWZQPMP,CUST32935136,2024-12-30 21:16:52.670844,83.74,5,Health & Beauty,Personal Care
TXN5TMWBCC1MS,CUST32935136,2024-11-20 21:16:52.670844,34.52,2,Sports & Outdoors,Sportswear
TXNSE6GW0EWFD,CUST32935136,2024-12-06 21:16:52.670844,66.88,3,Sports & Outdoors,Camping Gear
TXNM6FCAFF216,CUST32935136,2024-12-29 21:16:52.670844,113.96,1,Sports & Outdoors,Bicycle
TXN7I5DECBONI,CUST32935136,2024-12-27 21:16:52.670844,85.83,5,Sports & Outdoors,Sportswear
TXNOMTOJW5R0E,CUST29911139,2026-06-03 21:16:52.670844,169.5,4,Health & Beauty,Skincare
TXNGSCI0TH02Z,CUST29911139,2026-06-28 21:16:52.670844,206.19,5,Home & Garden,Tools
TXNFZ72ZDVNJG,CUST29911139,2026-06-11 21:16:52.670844,213.51,2,Electronics,Smartphone
TXNEN98HEIH9P,CUST29911139,2026-06-12 21:16:52.670844,107.69,4,Automotive,Car Accessories
TXNGGGY2P2VOK,CUST29911139,2026-06-20 21:16:52.670844,196.44,5,Health & Beauty,Supplements
TXN8271KQI5X2,CUST29911139,2026-05-29 21:16:52.670844,148.19,4,Electronics,Headphones
TXNV6XZ3WCSBZ,CUST29911139,2026-05-25 21:16:52.670844,82.33,3,Electronics,Laptop
TXN8I5MKDR4J6,CUST29911139,2026-06-08 21:16:52.670844,199.49,5,Home & Garden,Kitchen Appliances
TXNC7O2TQL5AQ,CUST29911139,2026-05-27 21:16:52.670844,219.44,5,Home & Garden,Furniture
TXN5L77XXSNI8,CUST29911139,2026-06-16 21:16:52.670844,106.5,5,Office Supplies,Stationery
TXNWNCD5K90VV,CUST29911139,2026-06-17 21:16:52.670844,270.33,5,Sports & Outdoors,Bicycle
TXNDW7C6FFX3A,CUST29911139,2026-06-24 21:16:52.670844,249.23,4,Books,Fiction
TXNFXWY7IF6X0,CUST29911139,2026-06-10 21:16:52.670844,142.96,2,Electronics,Headphones
TXNQ533PO8I4X,CUST29911139,2026-05-24 21:16:52.670844,202.26,1,Books,Magazines
TXNP8I7KAQ8X5,CUST29911139,2026-05-24 21:16:52.670844,145.61,5,Toys & Games,Puzzles
TXN7BEICT7NDY,CUST29911139,2026-06-24 21:16:52.670844,203.88,5,Health & Beauty,Skincare
TXN3S4KF4A0CM,CUST29911139,2026-06-26 21:16:52.670844,194.43,2,Sports & Outdoors,Bicycle
TXNNQQ3B4KBAC,CUST29911139,2026-05-26 21:16:52.670844,132.64,4,Home & Garden,Kitchen Appliances
TXNMYQHR256MN,CUST49801605,2026-03-24 21:16:52.670844,126.63,3,Automotive,Parts
TXNG3MAYX4HNB,CUST49801605,2026-05-08 21:16:52.670844,76.45,3,Sports & Outdoors,Fitness Equipment
TXNJOI6S3KBBK,CUST49801605,2026-02-17 21:16:52.670844,110.24,2,Clothing,Jacket
TXNV12MMMQVOA,CUST49801605,2026-02-13 21:16:52.670844,103.4,5,Books,Magazines
TXNE49UWD9AVX,CUST49801605,2026-02-24 21:16:52.670844,139.6,3,Toys & Games,Puzzles
TXN1LGLP0VHIH,CUST33187294,2026-05-01 21:16:52.670844,56.44,4,Home & Garden,Bedding
TXNA28CXMQ407,CUST33187294,2026-06-18 21:16:52.670844,90.23,4,Health & Beauty,Personal Care
TXNX3UAZ1S1I3,CUST33187294,2026-04-02 21:16:52.670844,86.16,3,Office Supplies,Electronics
TXN6B2CYD1B8J,CUST33187294,2026-06-14 21:16:52.670844,70.49,5,Health & Beauty,Personal Care
TXNMU0OIK10FL,CUST33187294,2026-05-08 21:16:52.670844,66.61,3,Sports & Outdoors,Camping Gear
TXN0Q5WM5NOOH,CUST33187294,2026-04-14 21:16:52.670844,68.16,3,Electronics,Smartphone
TXNNC4IBTW3DG,CUST37013481,2026-04-05 21:16:52.670844,151.65,5,Toys & Games,Board Games
TXNQLBN5QO8FX,CUST37013481,2026-02-21 21:16:52.670844,157.07,4,Home & Garden,Kitchen Appliances
TXNX5D9K64IUX,CUST37013481,2026-02-02 21:16:52.670844,297.4,3,Office Supplies,Electronics
TXN9ICICMBEKW,CUST37013481,2026-03-25 21:16:52.670844,171.05,4,Office Supplies,Stationery
TXNFXF9U5GWUR,CUST37013481,2026-02-05 21:16:52.670844,131.17,4,Office Supplies,Electronics
TXN6GT2BCT034,CUST37013481,2025-10-30 21:16:52.670844,290.71,2,Office Supplies,Furniture
TXNJ1K8CJTCD7,CUST37013481,2026-04-19 21:16:52.670844,181.96,1,Health & Beauty,Makeup
TXNUWU2ZHKYYA,CUST37013481,2026-03-07 21:16:52.670844,262.12,2,Clothing,T-Shirt
TXNH9428CAH2W,CUST37013481,2026-01-09 21:16:52.670844,147.23,5,Electronics,Headphones
TXNXMTYSHCEJE,CUST40034456,2025-08-28 21:16:52.670844,103.37,5,Electronics,Smart Watch
TXN9XWMIALOFO,CUST40034456,2025-12-31 21:16:52.670844,115.7,4,Sports & Outdoors,Camping Gear
TXNILUQMXM0EV,CUST40034456,2025-12-10 21:16:52.670844,99.58,1,Office Supplies,Furniture
TXNLCESBGRO3R,CUST40034456,2026-02-04 21:16:52.670844,244.81,2,Electronics,Camera
TXNNE5H1OC45H,CUST24244613,2025-07-05 21:16:52.670844,685.24,2,Office Supplies,Furniture
TXNH478UR2KF5,CUST24244613,2025-09-20 21:16:52.670844,485.74,4,Home & Garden,Furniture
TXNTWY8HW2KP9,CUST24244613,2025-11-03 21:16:52.670844,285.48,4,Books,Magazines
TXNDFS9G6JGS9,CUST24244613,2025-10-05 21:16:52.670844,368.08,3,Office Supplies,Furniture
TXNAHGO2K4LJL,CUST24244613,2026-03-08 21:16:52.670844,594.05,5,Books,Non-Fiction
TXNJEL8D31WRB,CUST24244613,2025-04-14 21:16:52.670844,365.56,5,Home & Garden,Decor
TXNE0N9M1F4IR,CUST24244613,2025-06-28 21:16:52.670844,334.69,2,Electronics,Camera
TXN7T7YL7UZRP,CUST24244613,2025-02-25 21:16:52.670844,469.92,2,Automotive,Tools
TXNZ3C3AX1MD6,CUST24244613,2025-03-08 21:16:52.670844,540.35,5,Sports & Outdoors,Camping Gear
TXNDJAUKNWD6N,CUST24244613,2026-02-01 21:16:52.670844,406.09,4,Health & Beauty,Supplements
TXNRLJVN8GXOS,CUST24244613,2026-06-03 21:16:52.670844,147.15,1,Electronics,Smartphone
TXNIW1ZZ630LU,CUST24244613,2025-10-17 21:16:52.670844,386.95,4,Electronics,Laptop
TXNT8ZQA3C6Q8,CUST24244613,2026-03-05 21:16:52.670844,364.74,3,Food & Beverages,Organic Products
TXNVUGW0NE23I,CUST24244613,2025-04-20 21:16:52.670844,685.9,2,Books,Fiction
TXNH7X83AJK5V,CUST24244613,2026-03-12 21:16:52.670844,558.53,5,Automotive,Tools
TXNT8IMS09E9M,CUST24244613,2025-07-05 21:16:52.670844,234.63,2,Automotive,Car Accessories
TXNEM7LSXSILS,CUST24244613,2025-05-31 21:16:52.670844,507.47,5,Automotive,Car Accessories
TXNOCRM772CZ4,CUST24244613,2026-05-08 21:16:52.670844,232.38,2,Home & Garden,Tools
TXNAUSWS36Z55,CUST24244613,2025-06-25 21:16:52.670844,436.11,2,Home & Garden,Decor
TXNZKRV2M5SE3,CUST24244613,2025-12-29 21:16:52.670844,254.31,1,Clothing,Jeans
TXNODMFFG1VXC,CUST24244613,2025-10-14 21:16:52.670844,256.51,1,Clothing,Shoes
TXNHQKRIV4UGX,CUST24244613,2026-02-03 21:16:52.670844,690.31,4,Electronics,Smart Watch
TXNML5B60S1D6,CUST24244613,2026-03-26 21:16:52.670844,560.72,5,Office Supplies,Stationery
TXNGUCDZ5LDUD,CUST24244613,2025-07-19 21:16:52.670844,528.89,5,Automotive,Tools
TXNNX8XD4IWWS,CUST24244613,2025-05-19 21:16:52.670844,327.61,2,Food & Beverages,Organic Products
TXNMYZBJ8Y9DD,CUST24244613,2026-03-23 21:16:52.670844,397.36,4,Automotive,Car Accessories
TXNLFEJI2TWLM,CUST24244613,2026-03-01 21:16:52.670844,342.06,2,Books,Magazines
TXNES8JTM56VQ,CUST24244613,2024-12-04 21:16:52.670844,355.36,3,Office Supplies,Desk Accessories
TXNZ70UHO86Q3,CUST24244613,2026-04-16 21:16:52.670844,424.46,3,Home & Garden,Kitchen Appliances
TXN1WVK3JQB9E,CUST24244613,2025-02-13 21:16:52.670844,422.63,1,Books,Educational
TXNVHHZY04ZF0,CUST24244613,2026-06-30 21:16:52.670844,306.4,3,Electronics,Laptop
TXNF6Z53ELTGE,CUST24244613,2024-08-16 21:16:52.670844,371.94,4,Food & Beverages,Beverages
TXNOTMT3OPR69,CUST24244613,2025-10-18 21:16:52.670844,311.1,4,Electronics,Smart Watch
TXNLRY9AWQ476,CUST24244613,2025-06-20 21:16:52.670844,313.42,1,Books,Comics
TXNVXJV1IMTQY,CUST24244613,2025-06-05 21:16:52.670844,338.49,3,Home & Garden,Kitchen Appliances
TXNHN0ZOI36VW,CUST24244613,2025-06-22 21:16:52.670844,354.09,2,Food & Beverages,Gourmet Food
TXNM65EOL2YW7,CUST24244613,2026-06-19 21:16:52.670844,223.59,1,Electronics,Camera
TXNNIADYDZUHH,CUST24244613,2025-01-20 21:16:52.670844,339.11,4,Electronics,Smart Watch
TXN72XXEW6M8E,CUST24244613,2025-06-24 21:16:52.670844,488.38,1,Office Supplies,Desk Accessories
TXNGD99F2C3HR,CUST24244613,2024-08-04 21:16:52.670844,514.54,3,Home & Garden,Tools
TXNAQ2DIRWQF5,CUST24244613,2025-11-05 21:16:52.670844,449.86,1,Toys & Games,Puzzles
TXN3ZFPC8GBUM,CUST24244613,2025-08-13 21:16:52.670844,329.54,4,Health & Beauty,Skincare
TXNIM8S6VQP8C,CUST24244613,2025-04-01 21:16:52.670844,199.42,2,Sports & Outdoors,Bicycle
TXNHQI09GTQN2,CUST24244613,2024-08-20 21:16:52.670844,302.1,3,Books,Fiction
TXNQ5Y6EPMKSP,CUST24244613,2025-08-21 21:16:52.670844,516.69,5,Health & Beauty,Supplements
TXNQ3SCBTBDPK,CUST24244613,2024-07-27 21:16:52.670844,305.17,1,Office Supplies,Desk Accessories
TXN82IOB5MN77,CUST24244613,2024-08-17 21:16:52.670844,376.0,4,Office Supplies,Desk Accessories
TXNJ0T1VHS150,CUST24244613,2024-11-03 21:16:52.670844,513.02,3,Health & Beauty,Skincare
TXNJ2RT33RV36,CUST24244613,2025-01-13 21:16:52.670844,297.87,4,Clothing,Dress
TXNTEP4AB6UJL,CUST24244613,2026-05-13 21:16:52.670844,423.69,5,Home & Garden,Kitchen Appliances
TXNRHW0QTISJ0,CUST04988140,2024-09-03 21:16:52.670844,19.2,5,Food & Beverages,Snacks
TXN1NRAAXORA4,CUST04988140,2025-09-07 21:16:52.670844,56.17,4,Health & Beauty,Personal Care
TXNO5L5WLQ4JJ,CUST04988140,2025-07-19 21:16:52.670844,64.42,5,Sports & Outdoors,Camping Gear
TXN43UGFQHB4P,CUST69577662,2026-02-20 21:16:52.670844,97.3,4,Sports & Outdoors,Fitness Equipment
TXN9374N5SBHK,CUST69577662,2026-03-29 21:16:52.670844,91.99,1,Sports & Outdoors,Bicycle
TXNMYA8Z37V46,CUST69577662,2025-11-30 21:16:52.670844,89.16,5,Health & Beauty,Makeup
TXN0BQ2LTJCJC,CUST69577662,2026-05-17 21:16:52.670844,126.59,2,Clothing,Jeans
TXNW2MCN0BY9K,CUST69577662,2025-11-30 21:16:52.670844,147.03,5,Books,Non-Fiction
TXN66U9XIP242,CUST69577662,2026-04-20 21:16:52.670844,184.3,1,Automotive,Car Accessories
TXNR1W3436WEJ,CUST69577662,2026-01-24 21:16:52.670844,141.12,2,Books,Educational
TXNW879E45YXO,CUST69577662,2026-05-12 21:16:52.670844,131.61,1,Clothing,Jeans
TXN9DP80LK6R0,CUST69577662,2026-05-25 21:16:52.670844,131.72,2,Clothing,T-Shirt
TXN4K4QR0KJ3O,CUST69577662,2025-11-03 21:16:52.670844,131.09,5,Electronics,Camera
TXNW3EZ01QKPL,CUST69577662,2025-09-25 21:16:52.670844,85.37,5,Home & Garden,Decor
TXNXODIYHA8T9,CUST69577662,2026-04-12 21:16:52.670844,78.07,1,Automotive,Tools
TXNRTWIG08SKS,CUST69577662,2026-01-29 21:16:52.670844,131.18,2,Automotive,Cleaning Supplies
TXN4UJCWDF910,CUST69577662,2026-04-15 21:16:52.670844,105.83,4,Clothing,Accessories
TXNHDPCAMVCBB,CUST69577662,2025-09-14 21:16:52.670844,75.32,1,Electronics,Smart Watch
TXNWTNRA2XKC5,CUST69577662,2026-05-12 21:16:52.670844,144.68,5,Books,Comics
TXN5JKJ8372B4,CUST69577662,2026-06-22 21:16:52.670844,128.87,2,Food & Beverages,Snacks
TXNWUCOMNM88C,CUST69577662,2025-12-11 21:16:52.670844,112.25,3,Home & Garden,Furniture
TXN4AGL999P6R,CUST69577662,2025-12-06 21:16:52.670844,130.77,3,Electronics,Smartphone
TXN6ISXENCTCE,CUST57227600,2026-06-05 21:16:52.670844,231.06,3,Sports & Outdoors,Bicycle
TXNMDY2S1TD98,CUST57227600,2026-06-05 21:16:52.670844,141.78,5,Health & Beauty,Personal Care
TXNRP6KX5RTNF,CUST57227600,2026-06-05 21:16:52.670844,140.41,2,Books,Non-Fiction
TXNMXSEXOOUPV,CUST57227600,2026-01-10 21:16:52.670844,151.89,5,Office Supplies,Furniture
TXND6DEHQ6BZ8,CUST57227600,2026-01-20 21:16:52.670844,238.45,3,Books,Comics
TXN98WL2A4CO7,CUST57227600,2026-06-13 21:16:52.670844,201.89,4,Toys & Games,Video Games
TXNERIHW79NQK,CUST57227600,2026-04-03 21:16:52.670844,110.68,2,Food & Beverages,Gourmet Food
TXNU21XEFZO0Y,CUST57227600,2026-01-09 21:16:52.670844,223.77,4,Electronics,Laptop
TXNJ1LXIX9LBH,CUST57227600,2026-01-16 21:16:52.670844,252.88,1,Home & Garden,Furniture
TXNNBS6QR5I42,CUST57227600,2026-06-28 21:16:52.670844,116.87,5,Sports & Outdoors,Sportswear
TXNFLOHMF9BH7,CUST57227600,2026-03-19 21:16:52.670844,113.14,1,Toys & Games,Action Figures
TXN0OP5B2PPQ2,CUST81454019,2026-01-08 21:16:52.670844,70.7,4,Electronics,Camera
TXNW2DWAY5X7N,CUST81454019,2025-10-06 21:16:52.670844,71.9,1,Clothing,Dress
TXN8OID1V0MZG,CUST81454019,2025-09-21 21:16:52.670844,66.32,4,Food & Beverages,Gourmet Food
TXN9BPJZSLI1V,CUST81454019,2025-12-14 21:16:52.670844,77.05,2,Home & Garden,Bedding
TXNZU2XD4T39F,CUST81454019,2025-09-26 21:16:52.670844,38.7,3,Books,Educational
TXNGU8W0UC22C,CUST81454019,2025-10-09 21:16:52.670844,78.73,3,Office Supplies,Furniture
TXNYF4I0M7KPN,CUST81454019,2026-01-26 21:16:52.670844,72.51,3,Food & Beverages,Snacks
TXNARRY33KMX3,CUST81454019,2025-08-29 21:16:52.670844,120.08,1,Health & Beauty,Makeup
TXNWV6XR4DZE0,CUST81454019,2025-09-07 21:16:52.670844,48.53,2,Books,Fiction
TXNL2TEAP89SA,CUST51368414,2026-06-20 21:16:52.670844,308.58,3,Toys & Games,Action Figures
TXNEMIPGQA735,CUST51368414,2025-09-02 21:16:52.670844,610.63,3,Clothing,T-Shirt
TXNY8ADIRMQ0X,CUST51368414,2025-09-12 21:16:52.670844,454.01,1,Office Supplies,Electronics
TXN13GEGZPXOE,CUST51368414,2026-01-12 21:16:52.670844,313.29,1,Office Supplies,Stationery
TXN4B99GSSTID,CUST51368414,2025-12-13 21:16:52.670844,432.42,4,Electronics,Laptop
TXN4THI6IWRDE,CUST51368414,2025-11-30 21:16:52.670844,426.96,4,Automotive,Parts
TXNQINGR4LEY6,CUST51368414,2025-09-26 21:16:52.670844,513.23,2,Home & Garden,Bedding
TXNEV8YCUXA0B,CUST51368414,2026-03-27 21:16:52.670844,561.16,2,Office Supplies,Electronics
TXN25ITX75JJM,CUST51368414,2025-12-28 21:16:52.670844,448.32,3,Toys & Games,Action Figures
TXNLO9KVNUF2Z,CUST51368414,2025-12-15 21:16:52.670844,376.61,4,Books,Fiction
TXNQP7KE4HUK5,CUST51368414,2025-12-08 21:16:52.670844,607.61,1,Books,Educational
TXN0HB914AW0K,CUST51368414,2026-03-18 21:16:52.670844,418.26,4,Office Supplies,Stationery
TXNXLJLNZTSOF,CUST51368414,2026-02-16 21:16:52.670844,181.96,3,Electronics,Laptop
TXNWOEZ4YEISE,CUST51368414,2026-01-02 21:16:52.670844,418.11,5,Sports & Outdoors,Bicycle
TXNU1CLFSR3GZ,CUST51368414,2026-03-02 21:16:52.670844,664.35,1,Automotive,Cleaning Supplies
TXN78UF433DJS,CUST51368414,2025-11-08 21:16:52.670844,165.39,3,Food & Beverages,Organic Products
TXNKG6ZH4NAPF,CUST51368414,2026-03-27 21:16:52.670844,564.98,4,Sports & Outdoors,Bicycle
TXNX2H16VZ2VX,CUST51368414,2025-11-23 21:16:52.670844,417.69,4,Health & Beauty,Supplements
TXN3Z4GWPT701,CUST51368414,2026-05-09 21:16:52.670844,374.62,4,Toys & Games,Puzzles
TXN6SKXSRBT46,CUST51368414,2025-09-29 21:16:52.670844,200.17,1,Home & Garden,Furniture
TXN2V4HPFRY32,CUST51368414,2026-03-12 21:16:52.670844,127.75,3,Home & Garden,Decor
TXNATSC8KM3EB,CUST51368414,2026-01-10 21:16:52.670844,442.51,3,Clothing,Dress
TXNN9HRZ7ACCZ,CUST51368414,2026-02-08 21:16:52.670844,526.12,1,Books,Fiction
TXNJ101P3FB7N,CUST51368414,2026-02-24 21:16:52.670844,635.29,3,Home & Garden,Decor
TXN0TEFFO2ACG,CUST51368414,2025-09-29 21:16:52.670844,426.76,1,Home & Garden,Bedding
TXN1ONX9XIEIS,CUST51368414,2026-04-24 21:16:52.670844,287.1,1,Clothing,T-Shirt
TXNDUZ7C8AMAW,CUST51368414,2025-12-04 21:16:52.670844,481.71,3,Home & Garden,Decor
TXNIXP0AHAG38,CUST51368414,2026-02-23 21:16:52.670844,290.54,3,Clothing,T-Shirt
TXNAF9X6O7LH8,CUST51368414,2025-10-23 21:16:52.670844,295.23,3,Clothing,Accessories
TXNO7JZ0GCB10,CUST51368414,2026-02-23 21:16:52.670844,511.51,4,Books,Fiction
TXNU30NK1QB7Z,CUST51368414,2025-09-10 21:16:52.670844,509.96,3,Toys & Games,Action Figures
TXNE6SW74S968,CUST51368414,2026-04-09 21:16:52.670844,427.37,3,Toys & Games,Video Games
TXNFLGRYSNPEI,CUST51368414,2026-03-17 21:16:52.670844,483.3,2,Home & Garden,Kitchen Appliances
TXNKEJVXOLYCO,CUST51368414,2026-06-26 21:16:52.670844,285.18,1,Books,Educational
TXNOG3ODSNQ3M,CUST51368414,2026-02-27 21:16:52.670844,500.57,5,Automotive,Parts
TXNUH9USPDBWS,CUST51368414,2025-11-30 21:16:52.670844,300.2,5,Food & Beverages,Gourmet Food
TXN9N6KQVMLYH,CUST51368414,2026-03-28 21:16:52.670844,473.93,3,Clothing,Jeans
TXNCAI4XI08XG,CUST51368414,2025-12-27 21:16:52.670844,473.62,1,Toys & Games,Puzzles
TXN4ON02MU8GQ,CUST51368414,2026-05-27 21:16:52.670844,104.91,5,Clothing,Jeans
TXNGKGINCUUSI,CUST51368414,2026-01-03 21:16:52.670844,579.02,4,Sports & Outdoors,Bicycle
TXN9B8U273H5X,CUST51368414,2025-10-16 21:16:52.670844,515.98,5,Health & Beauty,Personal Care
TXNAN6Y6VY7PO,CUST51368414,2026-03-20 21:16:52.670844,493.44,1,Home & Garden,Decor
TXNH524YJTP5T,CUST51368414,2026-03-25 21:16:52.670844,451.79,2,Toys & Games,Video Games
TXNEGI10MYEVN,CUST51368414,2026-06-29 21:16:52.670844,401.89,3,Automotive,Car Accessories
TXN0YSEOG0SIG,CUST67785119,2026-03-11 21:16:52.670844,172.16,1,Sports & Outdoors,Camping Gear
TXN965Z2ZBSU8,CUST67785119,2026-03-01 21:16:52.670844,143.03,4,Food & Beverages,Beverages
TXNLXAQQBC73S,CUST67785119,2026-01-20 21:16:52.670844,228.37,2,Home & Garden,Kitchen Appliances
TXN88M224F7SA,CUST67785119,2026-01-29 21:16:52.670844,172.86,4,Books,Educational
TXNI9Q5Q1C19E,CUST67785119,2026-02-23 21:16:52.670844,231.9,2,Toys & Games,Puzzles
TXNVZ37GTVW5Z,CUST67785119,2026-04-11 21:16:52.670844,118.19,2,Automotive,Parts
TXN28LN7S6QPX,CUST67785119,2026-01-01 21:16:52.670844,192.36,2,Automotive,Cleaning Supplies
TXN60WE2J08B9,CUST67785119,2026-03-26 21:16:52.670844,170.54,1,Toys & Games,Puzzles
TXNJZU0VN5BKY,CUST44707835,2026-06-02 21:16:52.670844,414.99,2,Home & Garden,Tools
TXN6YJ146OHN4,CUST44707835,2026-05-25 21:16:52.670844,486.08,3,Home & Garden,Bedding
TXNXIEY8AGCLY,CUST44707835,2026-07-02 21:16:52.670844,446.71,3,Health & Beauty,Personal Care
TXNS3AQN0EMBE,CUST44707835,2026-07-07 21:16:52.670844,454.37,1,Toys & Games,Puzzles
TXNJOGYH9I8RS,CUST44707835,2026-05-25 21:16:52.670844,484.8,5,Toys & Games,Video Games
TXN3803OQGQX9,CUST44707835,2026-06-26 21:16:52.670844,473.99,4,Books,Fiction
TXNBL3ZFNDSQQ,CUST44707835,2026-07-02 21:16:52.670844,660.67,1,Sports & Outdoors,Sportswear
TXNHHOT3NPMSM,CUST44707835,2026-05-15 21:16:52.670844,540.55,2,Sports & Outdoors,Bicycle
TXNOGJC9RTKUD,CUST44707835,2026-06-07 21:16:52.670844,279.69,3,Office Supplies,Desk Accessories
TXN21RXNTS9DQ,CUST44707835,2026-04-22 21:16:52.670844,555.93,3,Automotive,Cleaning Supplies
TXN7RGMQ8S6BC,CUST44707835,2026-05-17 21:16:52.670844,325.08,4,Automotive,Parts
TXNN3GNWYPHN5,CUST44707835,2026-05-13 21:16:52.670844,472.38,3,Automotive,Parts
TXNLDK57JPNKA,CUST44707835,2026-06-17 21:16:52.670844,658.7,4,Electronics,Headphones
TXN4E7PC2STEL,CUST44707835,2026-05-29 21:16:52.670844,558.55,1,Electronics,Smartphone
TXNZRA9P5OAMB,CUST44707835,2026-07-02 21:16:52.670844,445.72,5,Clothing,Jacket
TXNVHN6DUGF7U,CUST44707835,2026-06-20 21:16:52.670844,488.96,4,Home & Garden,Tools
TXNS10YGD4XV2,CUST44707835,2026-05-15 21:16:52.670844,397.66,3,Books,Fiction
TXNZOW18CRTVH,CUST44707835,2026-06-14 21:16:52.670844,387.92,3,Electronics,Headphones
TXNZDLWEE8IVC,CUST44707835,2026-06-13 21:16:52.670844,454.2,5,Home & Garden,Decor
TXNR7K349MXQ2,CUST44707835,2026-06-03 21:16:52.670844,444.47,3,Automotive,Cleaning Supplies
TXNH5FLPUP90B,CUST44707835,2026-07-04 21:16:52.670844,389.18,5,Office Supplies,Electronics
TXNILPWLBNDRA,CUST44707835,2026-04-21 21:16:52.670844,301.33,1,Books,Educational
TXN6ZUZBSUNAP,CUST44707835,2026-05-25 21:16:52.670844,474.43,2,Clothing,Jacket
TXNO2JN7P72P4,CUST44707835,2026-05-11 21:16:52.670844,492.08,2,Home & Garden,Decor
TXN1MAUUKUM7M,CUST44707835,2026-04-28 21:16:52.670844,530.31,5,Toys & Games,Puzzles
TXNPQ7KQY831O,CUST44707835,2026-06-23 21:16:52.670844,495.2,1,Books,Comics
TXNRLVSLEZCZM,CUST44707835,2026-07-06 21:16:52.670844,726.38,3,Clothing,Dress
TXN3RKCEBUPZD,CUST44707835,2026-06-29 21:16:52.670844,592.44,1,Food & Beverages,Beverages
TXNR0AK2JTKSQ,CUST44707835,2026-07-05 21:16:52.670844,245.78,3,Health & Beauty,Skincare
TXN9KKS9HWCAA,CUST44707835,2026-05-10 21:16:52.670844,353.71,5,Sports & Outdoors,Sportswear
TXNRKRTIBIQHH,CUST44707835,2026-04-20 21:16:52.670844,590.21,5,Automotive,Car Accessories
TXNL0B43LANCG,CUST44707835,2026-06-27 21:16:52.670844,618.95,3,Food & Beverages,Organic Products
TXNI9X7RYYSSG,CUST44707835,2026-05-13 21:16:52.670844,295.54,2,Books,Comics
TXN6EUEMD17P5,CUST44707835,2026-07-09 21:16:52.670844,539.11,4,Sports & Outdoors,Bicycle
TXN62K8TZY98K,CUST44707835,2026-06-25 21:16:52.670844,458.43,3,Sports & Outdoors,Camping Gear
TXNT4J88L6UTD,CUST44707835,2026-05-09 21:16:52.670844,473.62,1,Toys & Games,Video Games
TXNUI86PAA7T0,CUST44707835,2026-05-11 21:16:52.670844,548.43,5,Electronics,Laptop
TXNU2VZSCLYOJ,CUST44707835,2026-06-27 21:16:52.670844,330.97,4,Electronics,Tablet
TXNM8A9RN6OWK,CUST44707835,2026-05-24 21:16:52.670844,407.63,5,Food & Beverages,Beverages
TXNEQD2K5DVJ4,CUST44707835,2026-05-08 21:16:52.670844,333.31,2,Food & Beverages,Organic Products
TXNEKQ43I9HGM,CUST44707835,2026-07-04 21:16:52.670844,420.5,1,Automotive,Cleaning Supplies
TXNU3ADKCB3DA,CUST44707835,2026-05-17 21:16:52.670844,417.66,5,Clothing,Accessories
TXNRE89XJXS2P,CUST06915742,2025-10-12 21:16:52.670844,95.35,2,Sports & Outdoors,Fitness Equipment
TXNWV7KZMRIU9,CUST06915742,2025-11-30 21:16:52.670844,124.69,4,Automotive,Tools
TXNNU0B7VNYEM,CUST06915742,2025-08-16 21:16:52.670844,175.38,1,Automotive,Cleaning Supplies
TXNB5N7BMLDZT,CUST06915742,2025-12-21 21:16:52.670844,163.46,1,Home & Garden,Bedding
TXNAKH8AORIDJ,CUST06915742,2026-04-17 21:16:52.670844,102.02,5,Health & Beauty,Personal Care
TXNWLF99XCEVO,CUST06915742,2025-12-16 21:16:52.670844,151.16,1,Sports & Outdoors,Fitness Equipment
TXN33QQHNJL04,CUST36065656,2026-06-16 21:16:52.670844,156.26,1,Clothing,Accessories
TXNTC8U4PP5A7,CUST36065656,2026-04-24 21:16:52.670844,183.18,5,Toys & Games,Action Figures
TXNZMFT56J5SJ,CUST36065656,2026-04-02 21:16:52.670844,102.52,1,Electronics,Smartphone
TXNWE84MD10IQ,CUST36065656,2026-04-28 21:16:52.670844,210.42,4,Toys & Games,Board Games
TXNNZA5SX04H4,CUST36065656,2026-03-24 21:16:52.670844,162.29,4,Books,Educational
TXNQ0GMGYL6ZJ,CUST36065656,2026-04-03 21:16:52.670844,120.73,4,Sports & Outdoors,Fitness Equipment
TXN0PGH2LQ0OZ,CUST36065656,2026-04-27 21:16:52.670844,159.66,3,Office Supplies,Electronics
TXNUPBOX72626,CUST36065656,2026-06-13 21:16:52.670844,88.86,5,Health & Beauty,Supplements
TXNX7V728FPU5,CUST36065656,2026-07-06 21:16:52.670844,52.28,1,Sports & Outdoors,Sportswear
TXNEY674FH09P,CUST36065656,2026-06-01 21:16:52.670844,176.16,4,Clothing,Dress
TXNX9QGO0XWBD,CUST36065656,2026-03-30 21:16:52.670844,11.91,4,Food & Beverages,Beverages
TXN1VZTVNYD9W,CUST36065656,2026-04-01 21:16:52.670844,125.51,5,Clothing,Dress
TXNDCDVJQL1UD,CUST36065656,2026-04-17 21:16:52.670844,146.54,5,Home & Garden,Tools
TXNF3JERRF8FW,CUST36065656,2026-06-07 21:16:52.670844,132.62,2,Health & Beauty,Makeup
TXNTWTX6J4Q9W,CUST36065656,2026-06-24 21:16:52.670844,190.4,1,Office Supplies,Stationery
TXNSS9DPDPPWY,CUST36065656,2026-06-15 21:16:52.670844,128.68,4,Electronics,Tablet
TXNI7N5RDE3CU,CUST36065656,2026-03-06 21:16:52.670844,210.2,1,Automotive,Car Accessories
TXNPR2AWNKKJD,CUST36065656,2026-04-19 21:16:52.670844,125.46,5,Books,Comics
TXNK1WYMAD42M,CUST36065656,2026-06-03 21:16:52.670844,65.47,2,Electronics,Smart Watch
TXNEFKRX1UZL8,CUST36065656,2026-06-17 21:16:52.670844,92.53,5,Food & Beverages,Organic Products
TXNX11FGHAIVM,CUST32730506,2026-06-22 21:16:52.670844,357.87,3,Automotive,Tools
TXNGSW4TEXPSW,CUST32730506,2026-06-18 21:16:52.670844,237.96,1,Health & Beauty,Makeup
TXNUPOV8L79ML,CUST32730506,2026-06-18 21:16:52.670844,220.06,4,Automotive,Tools
TXNNAOANQ6VIR,CUST32730506,2026-06-15 21:16:52.670844,254.11,1,Automotive,Cleaning Supplies
TXNM0HADSBCS4,CUST32730506,2026-06-11 21:16:52.670844,189.0,5,Health & Beauty,Personal Care
TXNQ6XPNZEPMD,CUST32730506,2026-06-15 21:16:52.670844,172.27,3,Books,Non-Fiction
TXNG6FCU8S09W,CUST32730506,2026-06-23 21:16:52.670844,175.36,4,Food & Beverages,Gourmet Food
TXNBX3WRAH4IK,CUST32730506,2026-06-20 21:16:52.670844,274.29,2,Sports & Outdoors,Bicycle
TXNIMEF0BXRCM,CUST32730506,2026-06-12 21:16:52.670844,307.94,4,Health & Beauty,Skincare
TXNTZTXS21CZH,CUST32730506,2026-06-11 21:16:52.670844,172.54,2,Food & Beverages,Gourmet Food
TXNC2Y4YVPI6P,CUST32730506,2026-06-11 21:16:52.670844,271.46,4,Books,Magazines
TXN4O9D4QH4Q8,CUST32730506,2026-06-18 21:16:52.670844,340.65,5,Toys & Games,Video Games
TXNBFPCH2RZV5,CUST32730506,2026-06-22 21:16:52.670844,274.38,4,Clothing,Jeans
TXNRDZP8RT2D5,CUST32730506,2026-06-22 21:16:52.670844,261.5,4,Health & Beauty,Makeup
TXNTYDI944AL1,CUST32730506,2026-06-18 21:16:52.670844,212.5,3,Books,Comics
TXNDY4JF3YE77,CUST32730506,2026-06-09 21:16:52.670844,202.98,1,Office Supplies,Electronics
TXNYIAD5SE2JR,CUST32730506,2026-06-13 21:16:52.670844,179.53,3,Toys & Games,Video Games
TXN8C1QQ4II4H,CUST32730506,2026-06-16 21:16:52.670844,209.21,4,Sports & Outdoors,Sportswear
TXN2PTE4RH8VA,CUST32730506,2026-06-12 21:16:52.670844,261.86,1,Electronics,Headphones
TXN6P1JYFLK2L,CUST32730506,2026-06-15 21:16:52.670844,202.16,4,Automotive,Car Accessories
TXNHK2X5E9ASH,CUST32730506,2026-06-12 21:16:52.670844,285.99,5,Books,Fiction
TXN2ZA9BIXDNC,CUST32730506,2026-06-11 21:16:52.670844,236.38,3,Clothing,Accessories
TXNB1TALDIZWU,CUST32730506,2026-06-23 21:16:52.670844,206.1,4,Toys & Games,Puzzles
TXNI4QCWM0PR5,CUST32730506,2026-06-22 21:16:52.670844,235.88,2,Automotive,Cleaning Supplies
TXNGA8V98MA0J,CUST32730506,2026-06-20 21:16:52.670844,173.21,1,Food & Beverages,Gourmet Food
TXN8KFVIBN5RQ,CUST32730506,2026-06-18 21:16:52.670844,302.63,4,Clothing,Jacket
TXN44MBNKSJMH,CUST32730506,2026-06-17 21:16:52.670844,240.14,2,Clothing,T-Shirt
TXN2M6G4W8KTW,CUST32730506,2026-06-20 21:16:52.670844,180.12,2,Home & Garden,Bedding
TXN6BFBGNLS9O,CUST32730506,2026-06-21 21:16:52.670844,263.11,5,Automotive,Cleaning Supplies
TXNSQL770Y9HG,CUST32730506,2026-06-16 21:16:52.670844,312.59,2,Clothing,Shoes
TXNTMNWTVESYK,CUST32730506,2026-06-16 21:16:52.670844,226.93,1,Office Supplies,Furniture
TXNPX5A09K8YT,CUST32730506,2026-06-07 21:16:52.670844,307.29,4,Food & Beverages,Snacks
TXNZODCSEEXH7,CUST32730506,2026-06-09 21:16:52.670844,286.18,4,Food & Beverages,Gourmet Food
TXN1A6ICPC4ZF,CUST32730506,2026-06-22 21:16:52.670844,240.14,2,Health & Beauty,Makeup
TXNCQEP9HZXUY,CUST32730506,2026-06-14 21:16:52.670844,105.35,2,Books,Magazines
TXNQVNSBQ3QOH,CUST32730506,2026-06-07 21:16:52.670844,403.99,1,Electronics,Headphones
TXN78ROF173M5,CUST32730506,2026-06-11 21:16:52.670844,289.49,1,Automotive,Car Accessories
TXN3XKBVL4L1C,CUST32730506,2026-06-13 21:16:52.670844,171.43,2,Sports & Outdoors,Bicycle
TXN020QL398U5,CUST32730506,2026-06-10 21:16:52.670844,135.18,1,Home & Garden,Decor
TXNMEAYZ08HGW,CUST32730506,2026-06-15 21:16:52.670844,238.74,5,Office Supplies,Electronics
TXNPXMEK71SZA,CUST32730506,2026-06-08 21:16:52.670844,194.28,2,Clothing,T-Shirt
TXNAC87FRVR41,CUST32730506,2026-06-13 21:16:52.670844,105.84,4,Food & Beverages,Snacks
TXNJ2XS71560E,CUST32730506,2026-06-16 21:16:52.670844,264.25,5,Sports & Outdoors,Sportswear
TXNU1ML0NRS2X,CUST37957109,2025-12-03 21:16:52.670844,33.07,2,Health & Beauty,Personal Care
TXNX9A1ETI3XI,CUST37957109,2025-08-13 21:16:52.670844,105.73,2,Clothing,T-Shirt
TXNK4IE1GMM62,CUST37957109,2026-02-12 21:16:52.670844,72.7,2,Food & Beverages,Gourmet Food
TXNW3GWVX1JJJ,CUST37957109,2025-08-25 21:16:52.670844,36.2,5,Toys & Games,Action Figures
TXNR11K90C9S1,CUST37957109,2025-09-25 21:16:52.670844,67.22,2,Home & Garden,Bedding
TXNNLQX9ZOPZ4,CUST37957109,2025-01-29 21:16:52.670844,79.38,1,Office Supplies,Furniture
TXNZLO2CN32NF,CUST37957109,2025-02-26 21:16:52.670844,59.62,2,Home & Garden,Bedding
TXNGZPTOR9TMS,CUST37957109,2025-11-05 21:16:52.670844,77.96,3,Clothing,T-Shirt
TXNI0JN45807J,CUST37957109,2025-06-02 21:16:52.670844,76.65,4,Health & Beauty,Makeup
TXND8O5HUDDJ4,CUST94184908,2025-09-17 21:16:52.670844,191.86,4,Electronics,Smartphone
TXNAAUQ54P93L,CUST94184908,2025-07-24 21:16:52.670844,164.82,1,Health & Beauty,Supplements
TXNYQ8GNSMLCD,CUST94184908,2025-06-28 21:16:52.670844,241.48,5,Books,Magazines
TXN151JN9YCKF,CUST94184908,2026-03-16 21:16:52.670844,283.82,5,Toys & Games,Action Figures
TXNVRKSYBMVGL,CUST94184908,2026-05-29 21:16:52.670844,145.77,1,Home & Garden,Bedding
TXN0ZL668QRZR,CUST94184908,2026-01-23 21:16:52.670844,189.26,2,Sports & Outdoors,Camping Gear
TXNB76L6OSFWN,CUST94184908,2026-03-19 21:16:52.670844,268.64,1,Clothing,Dress
TXNSI1Y22E8DE,CUST94184908,2026-03-21 21:16:52.670844,309.46,1,Clothing,Jacket
TXN0IWAIEEWZE,CUST94184908,2025-10-16 21:16:52.670844,235.19,3,Books,Non-Fiction
TXNCVULXF5B03,CUST94184908,2025-09-20 21:16:52.670844,128.04,5,Electronics,Headphones
TXNAAZN168RS0,CUST94184908,2026-04-27 21:16:52.670844,242.69,5,Office Supplies,Stationery
TXNP3NUHUA7E7,CUST94184908,2025-07-16 21:16:52.670844,190.47,1,Clothing,Shoes
TXN6OOV3YPOL3,CUST94184908,2025-10-10 21:16:52.670844,245.83,3,Home & Garden,Bedding
TXNS7PYL4DEHB,CUST94184908,2026-04-23 21:16:52.670844,100.42,2,Automotive,Parts
TXNOJEFX1RNKU,CUST94184908,2025-10-24 21:16:52.670844,221.87,1,Toys & Games,Puzzles
TXNKS1HPE41QB,CUST94184908,2025-11-10 21:16:52.670844,185.68,1,Automotive,Car Accessories
TXNJYSALSY7J2,CUST94184908,2025-07-15 21:16:52.670844,109.17,3,Electronics,Smartphone
TXNXEH77LX28Z,CUST94184908,2025-09-27 21:16:52.670844,214.56,4,Food & Beverages,Organic Products
TXNK5WWM7VRDI,CUST94184908,2026-03-11 21:16:52.670844,195.39,5,Books,Comics
TXNWMRLGGIHGX,CUST94184908,2025-11-16 21:16:52.670844,322.13,2,Clothing,Jeans
TXN26W1PDAA8J,CUST94184908,2025-07-13 21:16:52.670844,227.2,4,Electronics,Headphones
TXNLSG8OEJOHA,CUST94184908,2025-09-16 21:16:52.670844,126.74,4,Health & Beauty,Personal Care
TXNP3BY838V0A,CUST94184908,2025-12-18 21:16:52.670844,217.24,3,Clothing,Jeans
TXNLF85QRUDB9,CUST94184908,2026-04-23 21:16:52.670844,190.62,3,Home & Garden,Kitchen Appliances
TXNXNS7J6FTU1,CUST67512061,2026-01-04 21:16:52.670844,225.67,3,Toys & Games,Video Games
TXNSJGIA6OUZI,CUST67512061,2026-01-20 21:16:52.670844,228.04,3,Clothing,Dress
TXNYNURSYZK43,CUST67512061,2025-08-28 21:16:52.670844,207.15,2,Books,Non-Fiction
TXNUNR1N4YIKL,CUST67512061,2026-04-04 21:16:52.670844,198.59,5,Sports & Outdoors,Camping Gear
TXNBX9PNP6H4D,CUST62069221,2026-07-13 21:16:52.670844,140.95,5,Electronics,Camera
TXNBADVIZN2V4,CUST62069221,2026-07-14 21:16:52.670844,109.3,5,Health & Beauty,Skincare
TXN74S3XUWU7J,CUST62069221,2026-07-13 21:16:52.670844,95.43,3,Toys & Games,Board Games
TXNBKE8X8EZWL,CUST62069221,2026-07-13 21:16:52.670844,175.13,2,Books,Non-Fiction
TXNLQFY7BZBSV,CUST62069221,2026-07-16 21:16:52.670844,85.13,5,Food & Beverages,Gourmet Food
TXNBNY3ZDMLWU,CUST62069221,2026-07-14 21:16:52.670844,152.16,3,Clothing,T-Shirt
TXN0711F9HPLM,CUST62069221,2026-07-15 21:16:52.670844,86.55,5,Sports & Outdoors,Sportswear
TXN47TAWPOCKO,CUST62069221,2026-07-14 21:16:52.670844,87.86,4,Food & Beverages,Gourmet Food
TXN9QG7LDQ2YU,CUST62069221,2026-07-14 21:16:52.670844,48.8,5,Clothing,Accessories
TXNK1NOK8B08W,CUST62069221,2026-07-16 21:16:52.670844,149.83,4,Health & Beauty,Makeup
TXN2312AIPHTF,CUST62069221,2026-07-17 21:16:52.670844,104.47,1,Health & Beauty,Skincare
TXNXZJRPASR83,CUST62069221,2026-07-16 21:16:52.670844,163.27,4,Books,Magazines
TXNQN3PJH928A,CUST62069221,2026-07-16 21:16:52.670844,195.03,1,Toys & Games,Board Games
TXNCVLUFERJAR,CUST62069221,2026-07-14 21:16:52.670844,98.49,1,Food & Beverages,Beverages
TXNXR7I2MBY98,CUST62069221,2026-07-14 21:16:52.670844,109.93,1,Office Supplies,Stationery
TXNVALMAENIRY,CUST62069221,2026-07-16 21:16:52.670844,96.17,5,Clothing,Jeans
TXNGKMGA510ZT,CUST62069221,2026-07-17 21:16:52.670844,128.55,5,Office Supplies,Furniture
TXNU5ODD4ZBYL,CUST62069221,2026-07-13 21:16:52.670844,91.77,4,Electronics,Tablet
TXN3X2PCFTMN4,CUST62069221,2026-07-13 21:16:52.670844,188.06,3,Electronics,Smart Watch
TXNGIY89KH0CI,CUST62069221,2026-07-16 21:16:52.670844,151.08,5,Food & Beverages,Organic Products
TXNB9M9QPHDAR,CUST62069221,2026-07-17 21:16:52.670844,93.63,3,Office Supplies,Desk Accessories
TXNG6GM426UXW,CUST62069221,2026-07-16 21:16:52.670844,186.41,4,Toys & Games,Action Figures
TXN5HZTAQGTU9,CUST62069221,2026-07-14 21:16:52.670844,197.9,4,Clothing,Dress
TXNL2GKHOIWCQ,CUST62069221,2026-07-16 21:16:52.670844,178.74,5,Toys & Games,Board Games
TXN95D759UUN5,CUST62069221,2026-07-16 21:16:52.670844,106.22,2,Automotive,Parts
TXNSE5OCGQHXL,CUST62069221,2026-07-17 21:16:52.670844,138.52,1,Toys & Games,Action Figures
TXN8GBN9I2A3T,CUST62069221,2026-07-14 21:16:52.670844,124.04,1,Toys & Games,Action Figures
TXNVXE5QDA0F0,CUST62069221,2026-07-15 21:16:52.670844,153.14,3,Electronics,Laptop
TXNDLOM5SGCZC,CUST62069221,2026-07-16 21:16:52.670844,199.54,5,Toys & Games,Puzzles
TXNRCBQI4SWXX,CUST62069221,2026-07-15 21:16:52.670844,186.4,2,Clothing,Jeans
TXNCEXUEWY3GI,CUST62069221,2026-07-13 21:16:52.670844,103.03,1,Office Supplies,Furniture
TXN08EEEY2IBL,CUST62069221,2026-07-15 21:16:52.670844,154.65,4,Electronics,Smartphone
TXNUAZEIWAC11,CUST62069221,2026-07-16 21:16:52.670844,160.52,2,Electronics,Smartphone
TXNJAVHHG8437,CUST62069221,2026-07-13 21:16:52.670844,122.61,4,Sports & Outdoors,Sportswear
TXNCS7ENFCOMU,CUST75041349,2025-12-10 21:16:52.670844,143.24,3,Books,Fiction
TXNHEB3AF843B,CUST75041349,2026-03-18 21:16:52.670844,121.54,4,Books,Magazines
TXNS2XVGB8KPX,CUST75041349,2026-01-13 21:16:52.670844,256.16,5,Automotive,Parts
TXNF5HWZ8TSFI,CUST75041349,2026-07-01 21:16:52.670844,166.57,5,Toys & Games,Puzzles
TXN1RGSJT7VW2,CUST75041349,2025-11-21 21:16:52.670844,171.03,5,Health & Beauty,Makeup
TXN6STQAJKGX7,CUST75041349,2026-05-29 21:16:52.670844,129.21,3,Automotive,Tools
TXNHN9U89EG1M,CUST75041349,2026-07-03 21:16:52.670844,133.13,2,Automotive,Parts
TXNAVXY4618MG,CUST75041349,2025-11-30 21:16:52.670844,180.47,2,Health & Beauty,Personal Care
TXNWX3JSD7BPS,CUST75041349,2026-01-01 21:16:52.670844,101.83,2,Electronics,Smart Watch
TXNKMD7RLT4VE,CUST75041349,2025-11-13 21:16:52.670844,110.58,4,Food & Beverages,Gourmet Food
TXNFLBF7HJSP7,CUST75041349,2026-05-03 21:16:52.670844,133.05,1,Health & Beauty,Makeup
TXNLIJT66YMKO,CUST75041349,2026-05-21 21:16:52.670844,129.3,2,Books,Educational
TXNFAKUIICUHF,CUST75041349,2025-11-21 21:16:52.670844,164.02,5,Sports & Outdoors,Camping Gear
TXNK253NMDA6P,CUST75041349,2026-03-30 21:16:52.670844,167.32,5,Clothing,Jacket
TXNNFWOIUME5U,CUST75041349,2026-07-12 21:16:52.670844,127.39,1,Home & Garden,Furniture
TXNKWOXR9OGBD,CUST75041349,2026-06-05 21:16:52.670844,212.8,2,Books,Fiction
TXNBYRO5R5UHL,CUST75041349,2026-05-25 21:16:52.670844,154.29,4,Electronics,Headphones
TXN3PEXV5RNZB,CUST75041349,2025-11-28 21:16:52.670844,177.19,3,Electronics,Smart Watch
TXN9CRY9YQOL5,CUST75041349,2025-11-17 21:16:52.670844,71.57,3,Electronics,Laptop
TXNK20FCLLXMJ,CUST75041349,2026-03-24 21:16:52.670844,186.53,2,Sports & Outdoors,Sportswear
TXN4JJLJD7O0A,CUST75041349,2025-11-12 21:16:52.670844,150.6,2,Toys & Games,Puzzles
TXNF3H76836FS,CUST75041349,2026-03-16 21:16:52.670844,236.9,1,Automotive,Parts
TXNLOGDK9HHUV,CUST75041349,2026-06-18 21:16:52.670844,180.59,4,Automotive,Parts
TXN045M13GTK0,CUST30582362,2026-02-08 21:16:52.670844,164.31,3,Books,Educational
TXNKGULO30AAJ,CUST30582362,2026-02-27 21:16:52.670844,73.28,5,Home & Garden,Kitchen Appliances
TXNH3CCTBUX0L,CUST30582362,2026-03-22 21:16:52.670844,123.87,5,Toys & Games,Action Figures
TXNN1RSNTP4WV,CUST30582362,2026-03-04 21:16:52.670844,160.72,1,Toys & Games,Video Games
TXNSAUCPYXQEN,CUST30582362,2026-03-01 21:16:52.670844,177.04,3,Health & Beauty,Makeup
TXNMHRC6UD4MP,CUST16091744,2025-01-29 21:16:52.670844,103.01,3,Electronics,Tablet
TXN1EYJT2HH7O,CUST16091744,2025-01-10 21:16:52.670844,54.93,3,Electronics,Tablet
TXNTULJ6PIOTH,CUST16091744,2025-09-26 21:16:52.670844,68.29,3,Home & Garden,Bedding
TXND1ZOJCGKS6,CUST16091744,2025-06-07 21:16:52.670844,92.24,3,Clothing,Accessories
TXN4RVVKZ5H40,CUST16091744,2024-10-03 21:16:52.670844,70.38,3,Automotive,Parts
TXNWFSS60BWUB,CUST16091744,2025-10-09 21:16:52.670844,65.69,1,Health & Beauty,Supplements
TXNG8LBJL04AB,CUST16091744,2026-04-26 21:16:52.670844,70.7,4,Sports & Outdoors,Sportswear
TXN1N0ZZWLPM5,CUST16091744,2025-08-03 21:16:52.670844,27.36,3,Sports & Outdoors,Camping Gear
TXNJR3AV6QLFI,CUST16091744,2026-03-13 21:16:52.670844,52.68,2,Electronics,Headphones
TXNMCNMSYKIK2,CUST54958096,2025-02-26 21:16:52.670844,114.88,1,Books,Non-Fiction
TXNYUIQ95K6VI,CUST54958096,2025-01-30 21:16:52.670844,119.7,1,Clothing,T-Shirt
TXNE2S86ESBVR,CUST54958096,2025-08-17 21:16:52.670844,83.19,4,Books,Magazines
TXN6NV2LE2G2P,CUST54958096,2025-01-21 21:16:52.670844,105.49,1,Health & Beauty,Personal Care
TXNC68AFKCLPN,CUST54958096,2025-03-12 21:16:52.670844,147.19,2,Health & Beauty,Skincare
TXN8DLTWJB34C,CUST54958096,2024-10-02 21:16:52.670844,152.8,1,Automotive,Car Accessories
TXNFIIFJ4EZK1,CUST54958096,2025-06-15 21:16:52.670844,120.3,2,Health & Beauty,Supplements
TXN3VG6P9SRT2,CUST54958096,2025-04-26 21:16:52.670844,104.74,3,Automotive,Tools
TXNH381BIARSN,CUST54958096,2024-10-06 21:16:52.670844,132.28,2,Automotive,Tools
TXNM57SP271V9,CUST54958096,2026-02-07 21:16:52.670844,162.29,3,Toys & Games,Action Figures
TXNUB1VDYUOAT,CUST67559231,2025-08-12 21:16:52.670844,96.03,3,Home & Garden,Kitchen Appliances
TXN06QUABFQDT,CUST72743419,2025-05-25 21:16:52.670844,186.75,1,Automotive,Cleaning Supplies
TXN0EXTE8LC82,CUST72743419,2025-12-11 21:16:52.670844,232.11,2,Office Supplies,Stationery
TXNQGF1SHXSDZ,CUST72743419,2025-12-22 21:16:52.670844,121.78,1,Automotive,Cleaning Supplies
TXN7R6Y2RWWWP,CUST72743419,2025-07-10 21:16:52.670844,172.92,4,Automotive,Parts
TXNQW1GG87B19,CUST72743419,2026-06-01 21:16:52.670844,193.07,1,Home & Garden,Bedding
TXNX4UAAMNZGZ,CUST72743419,2025-12-09 21:16:52.670844,205.66,5,Office Supplies,Stationery
TXN267HFXKOUH,CUST72743419,2026-06-03 21:16:52.670844,153.42,1,Office Supplies,Electronics
TXNMC27FXMCGP,CUST72743419,2026-06-26 21:16:52.670844,245.97,5,Automotive,Parts
TXNKDQS1GP7QU,CUST72743419,2025-12-19 21:16:52.670844,179.22,5,Office Supplies,Stationery
TXNH31O6E9VJG,CUST72743419,2025-12-08 21:16:52.670844,221.44,2,Home & Garden,Furniture
TXNB7UOC62WYX,CUST72743419,2026-05-05 21:16:52.670844,261.54,5,Food & Beverages,Beverages
TXNRG0M2FM5W2,CUST11226137,2026-05-29 21:16:52.670844,131.88,4,Automotive,Tools
TXNLXYJ1GNL3D,CUST11226137,2026-07-15 21:16:52.670844,167.67,2,Automotive,Tools
TXN4OE0BX8AAI,CUST11226137,2026-05-08 21:16:52.670844,174.8,2,Electronics,Smartphone
TXNPMSBZ4KKUX,CUST11226137,2026-06-15 21:16:52.670844,46.32,5,Automotive,Cleaning Supplies
TXNFTCMKYIRV3,CUST11226137,2026-07-01 21:16:52.670844,124.83,5,Books,Comics
TXNX2DRMDZPR6,CUST11226137,2026-05-01 21:16:52.670844,43.82,4,Food & Beverages,Gourmet Food
TXNIT0KXHDGCP,CUST11226137,2026-04-28 21:16:52.670844,185.29,2,Sports & Outdoors,Bicycle
TXNLR0JCOMQ0K,CUST11226137,2026-05-14 21:16:52.670844,57.32,1,Health & Beauty,Makeup
TXNUU9GZ7NFT3,CUST11226137,2026-06-17 21:16:52.670844,257.45,5,Books,Non-Fiction
TXN987GAP2HL4,CUST11226137,2026-07-14 21:16:52.670844,219.88,3,Food & Beverages,Beverages
TXNQAQ99Q0HLH,CUST11226137,2026-05-24 21:16:52.670844,232.17,4,Sports & Outdoors,Fitness Equipment
TXNQ23IVVV906,CUST11226137,2026-05-04 21:16:52.670844,202.63,4,Toys & Games,Board Games
TXNQHPW4FWMFB,CUST11226137,2026-07-02 21:16:52.670844,216.57,5,Home & Garden,Furniture
TXNP82EE3CO92,CUST11226137,2026-07-12 21:16:52.670844,139.01,3,Clothing,Accessories
TXN3PTX4PZ0IR,CUST11226137,2026-07-13 21:16:52.670844,223.29,5,Health & Beauty,Personal Care
TXNVWT78GJ4L6,CUST11226137,2026-07-18 21:16:52.670844,305.99,4,Home & Garden,Decor
TXNISK5BEP4IG,CUST11226137,2026-06-24 21:16:52.670844,16.98,3,Toys & Games,Board Games
TXNCDFFVMDOJ1,CUST11226137,2026-06-06 21:16:52.670844,199.12,4,Food & Beverages,Beverages
TXNG27XHBLG2X,CUST11226137,2026-05-20 21:16:52.670844,138.41,4,Home & Garden,Furniture
TXNVC64NKPC71,CUST11226137,2026-06-06 21:16:52.670844,186.35,3,Electronics,Smart Watch
TXNRIWQTE39J8,CUST11226137,2026-07-17 21:16:52.670844,177.94,2,Books,Educational
TXNHSFFOU84K3,CUST86150534,2026-03-24 21:16:52.670844,95.76,2,Automotive,Car Accessories
TXNQSCMBC8MTE,CUST86150534,2025-12-19 21:16:52.670844,82.79,5,Health & Beauty,Supplements
TXNKERB2ID363,CUST86150534,2025-11-14 21:16:52.670844,82.66,5,Food & Beverages,Gourmet Food
TXNQS3QQ0WRGX,CUST86150534,2026-05-20 21:16:52.670844,93.62,4,Office Supplies,Desk Accessories
TXNGRJRPKPNYO,CUST97354542,2026-04-25 21:16:52.670844,217.18,1,Home & Garden,Furniture
TXN26R8JTKDLL,CUST97354542,2025-06-30 21:16:52.670844,172.52,2,Home & Garden,Furniture
TXNJDSSDIQ1TU,CUST97354542,2025-12-29 21:16:52.670844,161.09,4,Books,Educational
TXNKJDA8YC7AB,CUST97354542,2025-11-02 21:16:52.670844,195.47,2,Clothing,Shoes
TXNPEYBPY4V28,CUST97354542,2025-08-02 21:16:52.670844,194.29,2,Books,Educational
TXNLAVLLTHPYR,CUST97354542,2026-05-28 21:16:52.670844,86.73,5,Clothing,Jeans
TXNZGO0GODKX1,CUST97354542,2026-03-18 21:16:52.670844,180.57,4,Health & Beauty,Supplements
TXNB2QKIAN9GQ,CUST97354542,2026-05-25 21:16:52.670844,171.06,2,Food & Beverages,Beverages
TXN86LF0TFLOU,CUST97354542,2025-05-16 21:16:52.670844,165.86,5,Automotive,Parts
TXN1SW1ZWSYEF,CUST84818747,2026-07-19 21:16:52.670844,316.31,1,Sports & Outdoors,Fitness Equipment
TXNJ5EYJEZU6R,CUST84818747,2026-07-20 21:16:52.670844,463.72,5,Toys & Games,Action Figures
TXNRO19LO9P10,CUST84818747,2026-07-08 21:16:52.670844,565.37,2,Electronics,Camera
TXNMT8S2NDHVM,CUST84818747,2026-07-11 21:16:52.670844,298.61,1,Automotive,Car Accessories
TXND8G5OODUXU,CUST84818747,2026-07-20 21:16:52.670844,172.26,2,Office Supplies,Stationery
TXN8EVGRFCHSD,CUST84818747,2026-07-13 21:16:52.670844,426.7,1,Sports & Outdoors,Fitness Equipment
TXNT3P0LNG3QX,CUST84818747,2026-07-11 21:16:52.670844,323.91,1,Books,Magazines
TXNKDKY3CN028,CUST84818747,2026-07-08 21:16:52.670844,297.12,3,Office Supplies,Desk Accessories
TXN5QZYGLVBW4,CUST84818747,2026-07-08 21:16:52.670844,470.54,3,Clothing,Jeans
TXNKQU7J6D99M,CUST84818747,2026-07-22 21:16:52.670844,444.71,4,Sports & Outdoors,Fitness Equipment
TXNINW3QKEZ2J,CUST84818747,2026-07-13 21:16:52.670844,330.47,3,Sports & Outdoors,Fitness Equipment
TXNDAD8348OWH,CUST84818747,2026-07-13 21:16:52.670844,430.29,1,Automotive,Car Accessories
TXN2Y8V972X5O,CUST84818747,2026-07-18 21:16:52.670844,746.37,1,Clothing,Jeans
TXN7ITDJETTXP,CUST84818747,2026-07-17 21:16:52.670844,560.63,4,Electronics,Tablet
TXNEEG2ZB192C,CUST84818747,2026-07-14 21:16:52.670844,382.41,2,Health & Beauty,Personal Care
TXN2S5WHL51BB,CUST84818747,2026-07-16 21:16:52.670844,466.97,4,Electronics,Smart Watch
TXN32OPCCFMJQ,CUST84818747,2026-07-13 21:16:52.670844,639.71,2,Food & Beverages,Snacks
TXN3FVUE07LAI,CUST84818747,2026-07-11 21:16:52.670844,482.46,4,Toys & Games,Puzzles
TXN99N26C13XM,CUST84818747,2026-07-22 21:16:52.670844,502.69,1,Electronics,Laptop
TXN0GFJE1M15I,CUST84818747,2026-07-22 21:16:52.670844,601.38,3,Automotive,Parts
TXNAKE0YITU9C,CUST84818747,2026-07-21 21:16:52.670844,493.58,1,Food & Beverages,Beverages
TXN08WVF51I2J,CUST84818747,2026-07-17 21:16:52.670844,393.03,1,Office Supplies,Electronics
TXN0UYRL6SL1L,CUST84818747,2026-07-14 21:16:52.670844,234.17,1,Office Supplies,Stationery
TXN1ENHNVIPZG,CUST84818747,2026-07-16 21:16:52.670844,217.39,2,Clothing,Dress
TXN0T9HZ3YRYD,CUST84818747,2026-07-14 21:16:52.670844,458.55,5,Toys & Games,Action Figures
TXNHSNKCJDEVI,CUST84818747,2026-07-11 21:16:52.670844,374.52,3,Automotive,Cleaning Supplies
TXNBQLGTYTBHT,CUST84818747,2026-07-11 21:16:52.670844,467.6,1,Health & Beauty,Skincare
TXN0JHXZ3L9V0,CUST84818747,2026-07-19 21:16:52.670844,438.95,5,Office Supplies,Furniture
TXN5NPTRZACBA,CUST84818747,2026-07-20 21:16:52.670844,162.43,2,Sports & Outdoors,Sportswear
TXN5DAXYR7Z6W,CUST84818747,2026-07-11 21:16:52.670844,305.72,5,Automotive,Cleaning Supplies
TXN320AN0DP98,CUST84818747,2026-07-16 21:16:52.670844,207.69,1,Sports & Outdoors,Sportswear
TXNR1U3GB9NBD,CUST84818747,2026-07-21 21:16:52.670844,500.44,1,Food & Beverages,Organic Products
TXNZ438VX5OSN,CUST84818747,2026-07-17 21:16:52.670844,318.34,1,Clothing,Accessories
TXNVQNOMNX8US,CUST84818747,2026-07-20 21:16:52.670844,548.56,1,Books,Fiction
TXN2T7SYGJCN6,CUST84818747,2026-07-09 21:16:52.670844,534.61,4,Sports & Outdoors,Sportswear
TXNGUSLS6ZKF5,CUST84818747,2026-07-13 21:16:52.670844,406.86,2,Office Supplies,Desk Accessories
TXNQM91HC6SPJ,CUST84818747,2026-07-15 21:16:52.670844,448.94,3,Automotive,Cleaning Supplies
TXNWRSQRKPBU4,CUST84818747,2026-07-12 21:16:52.670844,492.7,3,Automotive,Cleaning Supplies
TXNHI3V0ZPLAN,CUST84818747,2026-07-12 21:16:52.670844,401.26,5,Books,Fiction
TXNET9TEQGCVQ,CUST84818747,2026-07-22 21:16:52.670844,516.57,1,Office Supplies,Stationery
TXN02EKX16RKU,CUST84818747,2026-07-09 21:16:52.670844,570.33,2,Health & Beauty,Skincare
TXN5OQK5Q7YL3,CUST84818747,2026-07-13 21:16:52.670844,373.16,4,Sports & Outdoors,Bicycle
TXN90KC7DPA3A,CUST84818747,2026-07-10 21:16:52.670844,290.59,1,Health & Beauty,Makeup
TXNNZN72GP2YG,CUST84818747,2026-07-21 21:16:52.670844,565.28,5,Electronics,Camera
TXNG7OMVK5O6H,CUST84818747,2026-07-16 21:16:52.670844,455.85,5,Office Supplies,Desk Accessories
TXNL1FGOFYVSU,CUST84818747,2026-07-13 21:16:52.670844,216.65,1,Food & Beverages,Beverages
TXNAY1HYEXXUG,CUST84818747,2026-07-19 21:16:52.670844,499.4,4,Automotive,Parts
TXNM0MQUTHP2X,CUST84818747,2026-07-13 21:16:52.670844,488.76,3,Clothing,Dress
TXN9PIPMJEY50,CUST57664792,2026-05-02 21:16:52.670844,122.14,4,Health & Beauty,Supplements
TXN95W57NKWAY,CUST57664792,2026-05-06 21:16:52.670844,43.55,4,Home & Garden,Decor
TXNKWUEDDK48S,CUST57664792,2026-03-24 21:16:52.670844,87.45,5,Electronics,Smart Watch
TXNTKWMYEG2Y6,CUST57664792,2026-05-11 21:16:52.670844,82.66,2,Health & Beauty,Personal Care
TXNK0IMF247YT,CUST03779210,2025-01-21 21:16:52.670844,61.96,1,Clothing,Shoes
TXN9YDXA0RDEP,CUST03779210,2025-03-04 21:16:52.670844,52.23,2,Automotive,Tools
TXNIEK14CMWMJ,CUST03779210,2025-09-15 21:16:52.670844,90.41,2,Clothing,Shoes
TXNWCJTMIVJ1Y,CUST03779210,2026-02-06 21:16:52.670844,101.86,1,Office Supplies,Electronics
TXN70WB7X2A2Y,CUST03779210,2025-06-04 21:16:52.670844,60.76,5,Health & Beauty,Makeup
TXNZJ33HEH23X,CUST03779210,2025-02-19 21:16:52.670844,92.23,3,Office Supplies,Furniture
TXN34LHJ1Q9XN,CUST03779210,2026-03-08 21:16:52.670844,71.39,4,Automotive,Tools
TXNOXRLC7ZGTK,CUST03779210,2025-12-29 21:16:52.670844,108.71,2,Clothing,Accessories
TXNF0IGWWE8XN,CUST03779210,2025-12-15 21:16:52.670844,108.54,5,Electronics,Tablet
TXNQAO359OCDQ,CUST03779210,2025-02-16 21:16:52.670844,50.91,5,Health & Beauty,Makeup
TXN1I0K1TPMAV,CUST03779210,2026-02-26 21:16:52.670844,76.22,3,Clothing,Shoes
TXNUJEGUXI2GJ,CUST03779210,2024-11-10 21:16:52.670844,46.43,1,Electronics,Headphones
TXNDL14337HHC,CUST03779210,2025-05-31 21:16:52.670844,61.49,2,Clothing,Jacket
TXN113GIW2IIQ,CUST03779210,2025-07-21 21:16:52.670844,68.56,1,Electronics,Tablet
TXNNJ0J3JV8QG,CUST03779210,2025-06-21 21:16:52.670844,87.43,5,Home & Garden,Furniture
TXN41EAOYDAMJ,CUST03779210,2026-04-09 21:16:52.670844,53.57,2,Food & Beverages,Beverages
TXNY1TY54WH5M,CUST03779210,2026-04-22 21:16:52.670844,88.37,5,Health & Beauty,Personal Care
TXNYV41B5I389,CUST03779210,2025-05-04 21:16:52.670844,105.43,2,Home & Garden,Furniture
TXNBCI1D33Y4S,CUST03779210,2025-06-20 21:16:52.670844,53.61,3,Books,Fiction
TXNA03SK0BILZ,CUST03779210,2024-11-19 21:16:52.670844,110.4,2,Automotive,Cleaning Supplies
TXN4QZNQMNUOY,CUST03779210,2025-05-01 21:16:52.670844,36.93,2,Books,Educational
TXNS6SPXRSAHT,CUST03779210,2024-10-12 21:16:52.670844,56.18,2,Health & Beauty,Makeup
TXNWEHB3IAO2E,CUST10173936,2026-04-12 21:16:52.670844,566.54,2,Clothing,Dress
TXN0VW360CME2,CUST10173936,2026-06-06 21:16:52.670844,464.75,5,Clothing,Accessories
TXNL7BT0ZWXP0,CUST10173936,2026-04-13 21:16:52.670844,427.75,2,Home & Garden,Bedding
TXNW3XXDLMOIT,CUST10173936,2026-02-24 21:16:52.670844,352.96,1,Clothing,Shoes
TXNI6JC33D310,CUST10173936,2026-03-05 21:16:52.670844,484.63,4,Food & Beverages,Gourmet Food
TXNU1G1G7WF85,CUST10173936,2026-06-19 21:16:52.670844,440.73,4,Clothing,Jeans
TXNQSA559EOR8,CUST10173936,2026-05-21 21:16:52.670844,559.29,5,Books,Non-Fiction
TXNM1VOJ38DBC,CUST10173936,2026-06-14 21:16:52.670844,401.12,1,Books,Magazines
TXNLDS3G75YXU,CUST10173936,2026-06-23 21:16:52.670844,486.71,5,Automotive,Parts
TXNPSJIE6ZSQM,CUST10173936,2026-03-01 21:16:52.670844,557.81,4,Automotive,Cleaning Supplies
TXNTI2I0BIWIV,CUST10173936,2026-06-04 21:16:52.670844,159.23,4,Books,Magazines
TXN4VW7W1Z9IN,CUST10173936,2026-06-06 21:16:52.670844,565.54,1,Home & Garden,Tools
TXNMC8X61J5V0,CUST10173936,2026-06-07 21:16:52.670844,590.65,5,Health & Beauty,Supplements
TXN9JQ54CTUFI,CUST10173936,2026-07-07 21:16:52.670844,307.44,1,Automotive,Tools
TXNIQ257R5048,CUST10173936,2026-06-22 21:16:52.670844,349.9,1,Food & Beverages,Gourmet Food
TXNHPM6MXB6R7,CUST10173936,2026-06-20 21:16:52.670844,503.47,3,Home & Garden,Furniture
TXNNIP92P9X6Q,CUST10173936,2026-05-17 21:16:52.670844,396.7,5,Health & Beauty,Supplements
TXNWGQC7KTVF8,CUST10173936,2026-05-05 21:16:52.670844,528.29,2,Home & Garden,Kitchen Appliances
TXNIUYU2LB0N5,CUST10173936,2026-04-23 21:16:52.670844,315.28,5,Books,Magazines
TXNHSR6BX9K63,CUST10173936,2026-06-22 21:16:52.670844,296.06,3,Office Supplies,Desk Accessories
TXNPU2L18P4WU,CUST10173936,2026-07-14 21:16:52.670844,473.04,4,Toys & Games,Board Games
TXNE3V9YAJMJX,CUST10173936,2026-06-30 21:16:52.670844,505.19,1,Toys & Games,Action Figures
TXNZBSAOQMVPI,CUST10173936,2026-07-07 21:16:52.670844,397.97,1,Health & Beauty,Skincare
TXNKRLRPHL4PE,CUST10173936,2026-06-13 21:16:52.670844,578.44,4,Food & Beverages,Gourmet Food
TXN5G1S9LXNSC,CUST10173936,2026-04-17 21:16:52.670844,550.79,2,Books,Non-Fiction
TXNFEYDWLIRDQ,CUST10173936,2026-02-03 21:16:52.670844,335.89,2,Electronics,Tablet
TXN7FSVJOAJWT,CUST10173936,2026-04-02 21:16:52.670844,520.99,1,Home & Garden,Furniture
TXN7W55QDLKV9,CUST10173936,2026-06-18 21:16:52.670844,433.58,1,Toys & Games,Board Games
TXN78X70CQNQ7,CUST10173936,2026-03-31 21:16:52.670844,622.03,5,Office Supplies,Electronics
TXNJGV6GCCKLL,CUST35794602,2026-01-23 21:16:52.670844,262.95,2,Electronics,Camera
TXN2QML9STSQI,CUST35794602,2026-01-13 21:16:52.670844,271.74,5,Books,Non-Fiction
TXNGBL2AGXT09,CUST35794602,2026-02-14 21:16:52.670844,150.59,5,Food & Beverages,Beverages
TXNTZRS5PJISA,CUST35794602,2026-02-03 21:16:52.670844,253.58,3,Health & Beauty,Skincare
TXNCVR8J7IEGB,CUST35794602,2026-05-25 21:16:52.670844,256.35,3,Automotive,Car Accessories
TXNSIMS3O98CF,CUST35794602,2026-03-08 21:16:52.670844,265.92,3,Electronics,Smart Watch
TXNPGD045Q83B,CUST35794602,2026-01-16 21:16:52.670844,315.56,3,Food & Beverages,Beverages
TXNC6R1BYKBW3,CUST35794602,2026-04-03 21:16:52.670844,284.55,2,Clothing,T-Shirt
TXNTZS5DG4UR7,CUST35794602,2026-02-18 21:16:52.670844,127.75,5,Sports & Outdoors,Camping Gear
TXNZVOCNNTVA3,CUST35794602,2026-01-24 21:16:52.670844,268.05,1,Health & Beauty,Skincare
TXNLE1QVDB619,CUST35794602,2026-03-16 21:16:52.670844,152.75,3,Food & Beverages,Snacks
TXN3QII8SPW5R,CUST35794602,2026-05-28 21:16:52.670844,240.99,4,Office Supplies,Electronics
TXND8RSY7ODUR,CUST35794602,2026-01-13 21:16:52.670844,250.37,3,Clothing,Accessories
TXNQGLRZ7OEKJ,CUST35794602,2026-02-01 21:16:52.670844,277.91,4,Toys & Games,Puzzles
TXN2868C8DCIW,CUST35794602,2026-04-08 21:16:52.670844,225.2,4,Automotive,Cleaning Supplies
TXNP7FJ33QAWD,CUST35794602,2026-01-31 21:16:52.670844,161.35,4,Home & Garden,Tools
TXNCR12ONSNC0,CUST35794602,2026-02-13 21:16:52.670844,118.91,3,Home & Garden,Decor
TXNH01ZSZX7VU,CUST35794602,2026-03-19 21:16:52.670844,124.22,2,Electronics,Camera
TXNLB9P8J7K3X,CUST35794602,2026-03-19 21:16:52.670844,209.5,3,Toys & Games,Action Figures
TXN2Q6UC1NXS0,CUST35794602,2026-03-24 21:16:52.670844,216.82,5,Automotive,Cleaning Supplies
TXNSEKD6XGFN6,CUST46072526,2026-03-29 21:16:52.670844,187.52,2,Office Supplies,Furniture
TXN6XXHRB4NZR,CUST46072526,2026-04-12 21:16:52.670844,184.57,3,Home & Garden,Decor
TXN3GTD8JW86Q,CUST46072526,2026-04-11 21:16:52.670844,173.55,4,Office Supplies,Electronics
TXN8ZEVSLJC86,CUST46072526,2026-04-06 21:16:52.670844,233.8,5,Office Supplies,Desk Accessories
TXNBVGZOIYQMP,CUST46072526,2026-04-16 21:16:52.670844,233.36,5,Office Supplies,Stationery
TXNRZOBH7A0BT,CUST46072526,2026-05-25 21:16:52.670844,227.9,1,Automotive,Car Accessories
TXN5BS4G7EAGN,CUST01100728,2026-06-20 21:16:52.670844,148.64,2,Automotive,Car Accessories
TXN1OI7P404BN,CUST01100728,2026-06-22 21:16:52.670844,75.26,3,Home & Garden,Kitchen Appliances
TXNGZ9A1UVDDJ,CUST01100728,2026-06-22 21:16:52.670844,122.41,5,Sports & Outdoors,Fitness Equipment
TXN0TIMWNAQ3T,CUST01100728,2026-06-24 21:16:52.670844,128.09,4,Automotive,Car Accessories
TXNDHTAO7VIUH,CUST01100728,2026-06-16 21:16:52.670844,162.0,3,Sports & Outdoors,Bicycle
TXNA28G5Z5TW1,CUST01100728,2026-06-18 21:16:52.670844,167.7,2,Clothing,Shoes
TXN9PJM8XJQF3,CUST01100728,2026-06-21 21:16:52.670844,130.13,4,Health & Beauty,Skincare
TXNHDP3SGPJDG,CUST01100728,2026-06-16 21:16:52.670844,42.26,2,Books,Comics
TXNW8AOS19GN3,CUST01100728,2026-06-23 21:16:52.670844,83.66,1,Toys & Games,Puzzles
TXNLR4GK3K5G9,CUST01100728,2026-06-24 21:16:52.670844,127.16,2,Food & Beverages,Beverages
TXNWWWMBFLGDT,CUST01100728,2026-06-17 21:16:52.670844,91.38,3,Toys & Games,Puzzles
TXNORKPEKPM32,CUST01100728,2026-06-20 21:16:52.670844,115.09,4,Health & Beauty,Supplements
TXNHJG0803X97,CUST01100728,2026-06-20 21:16:52.670844,157.26,4,Home & Garden,Tools
TXNT1C0KIEB08,CUST01100728,2026-06-17 21:16:52.670844,163.06,2,Electronics,Laptop
TXN3Y774IDKSN,CUST01100728,2026-06-23 21:16:52.670844,170.74,4,Electronics,Laptop
TXN74FA6QIJHF,CUST01100728,2026-06-19 21:16:52.670844,90.15,4,Food & Beverages,Snacks
TXNVT4CU326WO,CUST01100728,2026-06-23 21:16:52.670844,161.18,5,Automotive,Car Accessories
TXNNLW6MXENOR,CUST01100728,2026-06-20 21:16:52.670844,55.15,1,Electronics,Headphones
TXNWMP910YWPI,CUST01100728,2026-06-24 21:16:52.670844,119.14,1,Automotive,Car Accessories
TXN8FW02QIX5Y,CUST01100728,2026-06-20 21:16:52.670844,38.65,1,Clothing,Accessories
TXNX79YIRCMHM,CUST56803148,2025-11-23 21:16:52.670844,69.77,3,Books,Educational
TXNVXPVK6HOTY,CUST56803148,2025-12-12 21:16:52.670844,111.34,5,Office Supplies,Furniture
TXNKXFN73ZUEY,CUST56803148,2026-02-06 21:16:52.670844,66.35,4,Automotive,Cleaning Supplies
TXN9IMST6VY01,CUST56803148,2026-02-27 21:16:52.670844,79.26,5,Sports & Outdoors,Sportswear
TXNAFM20TLZFA,CUST56803148,2025-12-11 21:16:52.670844,75.61,5,Sports & Outdoors,Sportswear
TXNBLAEBLQZBO,CUST03188568,2026-05-28 21:16:52.670844,331.63,4,Health & Beauty,Makeup
TXN54GKPFJCIP,CUST03188568,2026-05-27 21:16:52.670844,193.75,4,Clothing,Shoes
TXNTVG6T0WCH1,CUST03188568,2026-07-02 21:16:52.670844,259.13,3,Office Supplies,Desk Accessories
TXN6GDH85JD5B,CUST03188568,2026-06-11 21:16:52.670844,238.15,5,Office Supplies,Desk Accessories
TXN4REQ5389W2,CUST03188568,2026-05-30 21:16:52.670844,273.43,4,Toys & Games,Puzzles
TXNGY7500QN6S,CUST03188568,2026-06-04 21:16:52.670844,415.4,4,Home & Garden,Decor
TXNLFORM2ZB1H,CUST03188568,2026-06-19 21:16:52.670844,316.59,1,Automotive,Parts
TXN8PQGUPCMHZ,CUST03188568,2026-07-07 21:16:52.670844,378.21,4,Sports & Outdoors,Bicycle
TXNLTR8F4F7PX,CUST03188568,2026-06-27 21:16:52.670844,290.67,1,Clothing,Accessories
TXNVS8WES0999,CUST03188568,2026-07-10 21:16:52.670844,322.88,4,Sports & Outdoors,Fitness Equipment
TXNIEF61K7KZW,CUST03188568,2026-06-17 21:16:52.670844,272.24,5,Sports & Outdoors,Camping Gear
TXNHRY1906KAC,CUST03188568,2026-06-13 21:16:52.670844,328.69,5,Electronics,Smartphone
TXN0OAGQ871JW,CUST03188568,2026-07-09 21:16:52.670844,300.79,3,Sports & Outdoors,Fitness Equipment
TXNQU3B6WRDYX,CUST03188568,2026-06-14 21:16:52.670844,185.65,4,Office Supplies,Desk Accessories
TXN6Z16SLZJ92,CUST03188568,2026-06-19 21:16:52.670844,132.98,5,Home & Garden,Tools
TXNKD6CF4ATI5,CUST03188568,2026-05-28 21:16:52.670844,325.15,3,Home & Garden,Tools
TXNCESPZCILP9,CUST03188568,2026-05-30 21:16:52.670844,226.8,5,Books,Educational
TXNF7RSSK6WKE,CUST03188568,2026-07-14 21:16:52.670844,222.63,5,Clothing,T-Shirt
TXNCXZMKCAVFZ,CUST03188568,2026-06-04 21:16:52.670844,224.51,2,Health & Beauty,Supplements
TXNMH8A379ODK,CUST03188568,2026-06-19 21:16:52.670844,291.63,5,Electronics,Laptop
TXNZ6P0LZ9VO5,CUST03188568,2026-05-26 21:16:52.670844,324.07,5,Automotive,Parts
TXNLHYSBH3ZEN,CUST13663445,2026-02-21 21:16:52.670844,193.81,5,Clothing,Jacket
TXNHZL4GNQB2Y,CUST13663445,2026-06-26 21:16:52.670844,595.0,3,Clothing,Jacket
TXN5TK0ISY6Y1,CUST13663445,2026-06-08 21:16:52.670844,348.85,4,Electronics,Headphones
TXN7SA4G5V1FZ,CUST13663445,2026-02-05 21:16:52.670844,350.54,3,Toys & Games,Board Games
TXN5P0F93W86L,CUST13663445,2026-05-21 21:16:52.670844,214.18,3,Toys & Games,Action Figures
TXNCU2NB9Y1QB,CUST13663445,2025-11-14 21:16:52.670844,276.85,3,Sports & Outdoors,Bicycle
TXND1LO5FO8IP,CUST13663445,2026-04-21 21:16:52.670844,637.21,5,Sports & Outdoors,Fitness Equipment
TXNHS3N8OZKS7,CUST13663445,2026-06-15 21:16:52.670844,545.47,2,Toys & Games,Board Games
TXNU0AOBOSPKO,CUST13663445,2025-10-24 21:16:52.670844,445.78,2,Office Supplies,Desk Accessories
TXNJSDEOFNRKG,CUST13663445,2026-03-27 21:16:52.670844,598.86,4,Clothing,Jacket
TXNIA4OC95SZG,CUST13663445,2026-05-29 21:16:52.670844,538.16,3,Home & Garden,Kitchen Appliances
TXN2XNVDJLIGD,CUST13663445,2026-05-13 21:16:52.670844,533.91,5,Books,Fiction
TXNB0P5POROWT,CUST13663445,2026-03-12 21:16:52.670844,429.24,2,Health & Beauty,Skincare
TXNGT64D3CBU2,CUST13663445,2026-05-30 21:16:52.670844,300.21,1,Books,Fiction
TXN4Z7UP340UG,CUST13663445,2026-06-19 21:16:52.670844,450.73,2,Sports & Outdoors,Camping Gear
TXNL56AJOOJFF,CUST13663445,2025-12-02 21:16:52.670844,472.01,2,Automotive,Cleaning Supplies
TXNTR0C0ZIXGP,CUST13663445,2026-04-22 21:16:52.670844,239.62,4,Home & Garden,Furniture
TXNS5FW6Y40CK,CUST13663445,2026-03-15 21:16:52.670844,445.94,3,Food & Beverages,Organic Products
TXN340RGWH5D6,CUST13663445,2025-11-22 21:16:52.670844,630.53,4,Food & Beverages,Organic Products
TXN3OFICSMKIV,CUST13663445,2026-06-12 21:16:52.670844,631.54,4,Electronics,Camera
TXN5OPMP6H5OZ,CUST13663445,2026-04-10 21:16:52.670844,463.42,1,Clothing,Jacket
TXN2QZB3RDTII,CUST75060897,2025-10-28 21:16:52.670844,120.39,2,Office Supplies,Desk Accessories
TXNDO7RO68BDE,CUST75060897,2025-12-18 21:16:52.670844,225.02,3,Office Supplies,Stationery
TXN97TI4MJO54,CUST75060897,2025-10-14 21:16:52.670844,220.16,4,Books,Fiction
TXN6KQHZQT6C6,CUST75060897,2025-04-11 21:16:52.670844,300.91,1,Home & Garden,Tools
TXNI5G0NO7BHQ,CUST75060897,2024-11-28 21:16:52.670844,164.32,1,Books,Comics
TXNQIEJTVMYQC,CUST75060897,2025-06-21 21:16:52.670844,187.43,1,Sports & Outdoors,Bicycle
TXN775HZFF5CP,CUST75060897,2024-12-28 21:16:52.670844,193.63,4,Office Supplies,Electronics
TXNS9KL4VFH9F,CUST75060897,2026-01-11 21:16:52.670844,82.41,4,Office Supplies,Furniture
TXN4WAGXCXC5E,CUST75060897,2025-11-06 21:16:52.670844,199.44,3,Food & Beverages,Gourmet Food
TXN52K744C2P1,CUST90421723,2025-06-25 21:16:52.670844,32.9,3,Clothing,Jacket
TXNIUM3Z1B5R5,CUST90421723,2024-10-25 21:16:52.670844,44.25,5,Electronics,Headphones
TXNP9U6HVDPK7,CUST90421723,2025-04-20 21:16:52.670844,44.86,5,Food & Beverages,Beverages
TXNVK1EK6THRU,CUST90421723,2024-09-17 21:16:52.670844,31.15,2,Food & Beverages,Organic Products
TXNVVUE8NUT4E,CUST90421723,2025-04-11 21:16:52.670844,52.96,5,Books,Magazines
TXNWDIVMFIF9H,CUST90421723,2024-11-14 21:16:52.670844,58.76,5,Food & Beverages,Gourmet Food
TXNRFE03I1T0T,CUST90421723,2025-10-13 21:16:52.670844,88.4,1,Electronics,Laptop
TXNS3YTPXZC72,CUST90421723,2025-03-20 21:16:52.670844,71.91,4,Automotive,Cleaning Supplies
TXNA9MCRL85OT,CUST90421723,2025-01-08 21:16:52.670844,71.5,4,Electronics,Smartphone
TXNUSBR9JBFPZ,CUST34051916,2026-04-15 21:16:52.670844,74.14,3,Clothing,T-Shirt
TXNV0GOBFH2B7,CUST34051916,2026-04-16 21:16:52.670844,96.57,3,Office Supplies,Stationery
TXN158ZYQWPFP,CUST34051916,2026-03-21 21:16:52.670844,153.85,3,Books,Educational
TXN6830EZIMYI,CUST34051916,2026-03-13 21:16:52.670844,109.6,1,Food & Beverages,Beverages
TXNG6E3ANT4QU,CUST53545137,2026-06-20 21:16:52.670844,119.66,5,Food & Beverages,Beverages
TXNFKK1CDH24D,CUST53545137,2026-07-01 21:16:52.670844,261.39,2,Home & Garden,Decor
TXNU1SKFMJG1H,CUST53545137,2026-06-19 21:16:52.670844,158.75,4,Electronics,Laptop
TXNJDZDENFHBD,CUST53545137,2026-07-14 21:16:52.670844,253.36,1,Toys & Games,Action Figures
TXNU2X0DKOOXG,CUST53545137,2026-06-19 21:16:52.670844,219.42,1,Books,Non-Fiction
TXND6NSZ508Z2,CUST53545137,2026-06-25 21:16:52.670844,268.81,2,Clothing,Shoes
TXNVDKAABABAP,CUST53545137,2026-07-18 21:16:52.670844,234.81,4,Office Supplies,Furniture
TXN7T1EMKDD90,CUST53545137,2026-07-21 21:16:52.670844,258.3,4,Home & Garden,Bedding
TXNUGY5WXMRBO,CUST53545137,2026-07-12 21:16:52.670844,270.08,1,Sports & Outdoors,Camping Gear
TXNUD4DISEO3M,CUST53545137,2026-07-20 21:16:52.670844,279.69,2,Food & Beverages,Snacks
TXNWX5Z9O3OYO,CUST53545137,2026-06-18 21:16:52.670844,249.46,3,Office Supplies,Electronics
TXNAOT3WFO4UH,CUST53545137,2026-07-01 21:16:52.670844,374.21,4,Office Supplies,Furniture
TXNNISQHG1J66,CUST53545137,2026-06-25 21:16:52.670844,240.84,4,Electronics,Headphones
TXNWW84NHC8EU,CUST53545137,2026-06-26 21:16:52.670844,377.24,5,Toys & Games,Action Figures
TXNT2GYYWFO7J,CUST53545137,2026-07-05 21:16:52.670844,341.63,1,Toys & Games,Video Games
TXNJ1FTSJIZGG,CUST53545137,2026-06-18 21:16:52.670844,215.84,4,Clothing,Jacket
TXNFJ7W1GDIER,CUST53545137,2026-06-19 21:16:52.670844,260.06,1,Food & Beverages,Beverages
TXN5K5J7KBFJC,CUST53545137,2026-06-21 21:16:52.670844,113.49,4,Electronics,Tablet
TXN4T118JVR05,CUST53545137,2026-07-21 21:16:52.670844,226.18,2,Sports & Outdoors,Bicycle
TXN9XE4073ZU6,CUST53545137,2026-07-01 21:16:52.670844,331.6,3,Office Supplies,Electronics
TXNYZ4CL7VIRP,CUST53545137,2026-07-12 21:16:52.670844,292.35,1,Health & Beauty,Makeup
TXN5LTFIRUQW8,CUST53545137,2026-06-21 21:16:52.670844,257.91,5,Office Supplies,Furniture
TXN6RNIF12LBU,CUST53545137,2026-07-08 21:16:52.670844,160.64,4,Electronics,Tablet
TXNKH68NX07QB,CUST53545137,2026-07-17 21:16:52.670844,183.97,4,Home & Garden,Furniture
TXNCKIQAJSXL4,CUST53545137,2026-07-02 21:16:52.670844,250.34,2,Health & Beauty,Skincare
TXNJTN1QI5XM0,CUST53545137,2026-07-03 21:16:52.670844,278.66,1,Automotive,Tools
TXN2NY3K91M5A,CUST53545137,2026-07-04 21:16:52.670844,333.54,3,Health & Beauty,Makeup
TXNRK5NAWW4GS,CUST53545137,2026-06-22 21:16:52.670844,190.9,5,Food & Beverages,Organic Products
TXNGQDK8JXUIV,CUST53545137,2026-07-04 21:16:52.670844,102.72,2,Clothing,T-Shirt
TXN0NHWMVGNGV,CUST53545137,2026-07-12 21:16:52.670844,359.47,2,Electronics,Smartphone
TXNWOZ84D1JJG,CUST57024668,2026-05-23 21:16:52.670844,78.11,5,Home & Garden,Decor
TXNOX0S06AX55,CUST57024668,2026-06-15 21:16:52.670844,163.63,3,Toys & Games,Action Figures
TXNOA9XC5UYCX,CUST57024668,2026-06-20 21:16:52.670844,157.96,1,Books,Fiction
TXN7BIVZSRM35,CUST57024668,2026-05-30 21:16:52.670844,135.6,5,Health & Beauty,Personal Care
TXNYAF8KREERJ,CUST57024668,2026-06-04 21:16:52.670844,155.58,5,Sports & Outdoors,Bicycle
TXN8QB7BT6MBR,CUST57024668,2026-06-02 21:16:52.670844,159.02,4,Electronics,Headphones
TXNHO2Q0YXK0R,CUST57024668,2026-06-11 21:16:52.670844,91.33,5,Electronics,Smart Watch
TXNU9ZLIO7ZXD,CUST57024668,2026-05-22 21:16:52.670844,20.95,5,Food & Beverages,Gourmet Food
TXN5VSZY64630,CUST57024668,2026-05-22 21:16:52.670844,117.79,2,Home & Garden,Bedding
TXN8N07AQWQB0,CUST57024668,2026-06-12 21:16:52.670844,114.42,3,Electronics,Camera
TXNCWQGVWNJGX,CUST40211285,2026-07-13 21:16:52.670844,253.03,4,Health & Beauty,Personal Care
TXNXTQWR2FYQ8,CUST40211285,2026-04-13 21:16:52.670844,461.32,2,Books,Magazines
TXNVUV5MTTX1J,CUST40211285,2026-06-26 21:16:52.670844,390.97,1,Home & Garden,Kitchen Appliances
TXNBHPJRZCJ9X,CUST40211285,2026-03-20 21:16:52.670844,439.1,5,Sports & Outdoors,Fitness Equipment
TXNT2K0CP8YNP,CUST40211285,2026-04-20 21:16:52.670844,328.14,3,Books,Comics
TXN48VATV35JA,CUST40211285,2026-05-30 21:16:52.670844,523.84,1,Home & Garden,Bedding
TXNCUNL3NOZWR,CUST40211285,2026-05-29 21:16:52.670844,359.04,2,Electronics,Smart Watch
TXNAEHFMDFU4P,CUST40211285,2026-06-23 21:16:52.670844,334.46,1,Food & Beverages,Beverages
TXNMEMSGEE51B,CUST40211285,2026-04-26 21:16:52.670844,686.35,4,Automotive,Car Accessories
TXN9G4VB1GPTG,CUST40211285,2026-04-20 21:16:52.670844,458.47,1,Office Supplies,Electronics
TXNGBIZE64DBT,CUST40211285,2026-05-25 21:16:52.670844,244.63,2,Toys & Games,Action Figures
TXNGMXDXXWCYA,CUST40211285,2026-03-02 21:16:52.670844,301.87,3,Automotive,Parts
TXNE17V2PGQEF,CUST40211285,2026-06-22 21:16:52.670844,371.88,2,Clothing,Dress
TXNQ48D64TPMV,CUST40211285,2026-04-13 21:16:52.670844,413.36,3,Sports & Outdoors,Camping Gear
TXNNGUYRDAOUE,CUST40211285,2026-06-20 21:16:52.670844,378.21,2,Food & Beverages,Beverages
TXN286PE18BDG,CUST40211285,2026-03-25 21:16:52.670844,288.16,4,Home & Garden,Bedding
TXNGURQ4111WB,CUST40211285,2026-03-05 21:16:52.670844,139.17,1,Office Supplies,Stationery
TXNUHR47XVBQH,CUST40211285,2026-05-07 21:16:52.670844,249.61,4,Office Supplies,Stationery
TXNHJCFI137C5,CUST40211285,2026-06-10 21:16:52.670844,421.84,3,Electronics,Smartphone
TXNERU8AL76IT,CUST40211285,2026-02-12 21:16:52.670844,324.81,1,Home & Garden,Decor
TXNXC19PIWUFS,CUST40211285,2026-04-03 21:16:52.670844,525.48,1,Home & Garden,Furniture
TXN30X7KRFXMY,CUST40211285,2026-03-23 21:16:52.670844,493.79,4,Clothing,Shoes
TXNROWO160643,CUST40211285,2026-02-11 21:16:52.670844,537.26,4,Toys & Games,Video Games
TXNR179H8VI9V,CUST40211285,2026-05-03 21:16:52.670844,331.18,1,Automotive,Parts
TXNJ5AEUP4X7K,CUST40211285,2026-04-05 21:16:52.670844,524.84,3,Health & Beauty,Skincare
TXNHI72LF8PKT,CUST94314291,2026-04-24 21:16:52.670844,293.37,5,Office Supplies,Desk Accessories
TXNON5HU7FAY5,CUST94314291,2026-05-01 21:16:52.670844,219.71,5,Health & Beauty,Supplements
TXNL3UGGH2HC7,CUST94314291,2026-03-22 21:16:52.670844,367.68,5,Sports & Outdoors,Camping Gear
TXN6TTDNXDOIJ,CUST94314291,2026-05-27 21:16:52.670844,265.42,3,Automotive,Cleaning Supplies
TXN2VUE4JPREX,CUST94314291,2026-05-13 21:16:52.670844,274.21,4,Electronics,Camera
TXNUI7AQ5S2SX,CUST94314291,2026-04-23 21:16:52.670844,333.55,4,Health & Beauty,Personal Care
TXNAP32SEH2OW,CUST94314291,2026-04-18 21:16:52.670844,359.56,3,Health & Beauty,Supplements
TXN25WAOMDEZE,CUST94314291,2026-04-13 21:16:52.670844,264.07,3,Sports & Outdoors,Bicycle
TXNZV1INQJ7RI,CUST94314291,2026-04-02 21:16:52.670844,420.72,3,Home & Garden,Bedding
TXNS22NUXTQAW,CUST94314291,2026-05-06 21:16:52.670844,304.64,5,Electronics,Smartphone
TXN77OQTWVOW7,CUST94314291,2026-04-03 21:16:52.670844,285.19,3,Clothing,Accessories
TXNYZKK2PTZGZ,CUST94314291,2026-03-29 21:16:52.670844,362.24,3,Books,Magazines
TXNG856IK2TNU,CUST94314291,2026-04-08 21:16:52.670844,168.65,4,Automotive,Tools
TXNLEIX83WMT0,CUST94314291,2026-05-14 21:16:52.670844,148.36,3,Sports & Outdoors,Bicycle
TXN7SBBLOGCTX,CUST94314291,2026-03-23 21:16:52.670844,255.41,1,Clothing,Jeans
TXNPVWNJUNTBY,CUST94314291,2026-05-07 21:16:52.670844,83.64,5,Health & Beauty,Skincare
TXN8VTD2QDEGT,CUST94314291,2026-05-24 21:16:52.670844,511.17,1,Sports & Outdoors,Bicycle
TXNSB21MF5I3U,CUST94314291,2026-05-02 21:16:52.670844,162.53,2,Sports & Outdoors,Fitness Equipment
TXN6FQ3GV28Y1,CUST94314291,2026-05-27 21:16:52.670844,136.81,1,Food & Beverages,Beverages
TXNUGVGX75TGN,CUST94314291,2026-03-22 21:16:52.670844,422.4,3,Clothing,T-Shirt
TXNMFPT893GFB,CUST94314291,2026-04-21 21:16:52.670844,236.87,3,Toys & Games,Video Games
TXN7UV0IF1TUC,CUST94314291,2026-04-05 21:16:52.670844,245.09,1,Electronics,Headphones
TXNPDASPN49EP,CUST94314291,2026-03-26 21:16:52.670844,339.27,3,Home & Garden,Bedding
TXNW9SESVVS0Z,CUST94314291,2026-03-29 21:16:52.670844,392.7,1,Office Supplies,Desk Accessories
TXNUPE11O3ZDX,CUST64321725,2026-03-28 21:16:52.670844,162.88,2,Home & Garden,Tools
TXNHZFMO37GPU,CUST64321725,2026-04-10 21:16:52.670844,237.95,1,Home & Garden,Furniture
TXN2IATPW79N9,CUST64321725,2026-05-04 21:16:52.670844,286.43,5,Toys & Games,Action Figures
TXNDIS37KI2GY,CUST64321725,2026-05-13 21:16:52.670844,298.89,2,Sports & Outdoors,Sportswear
TXN9NCWRV9P75,CUST64321725,2026-03-10 21:16:52.670844,210.69,1,Toys & Games,Puzzles
TXNN91QCWH3YJ,CUST64321725,2026-04-01 21:16:52.670844,197.48,5,Food & Beverages,Beverages
TXNT52OO5AMIN,CUST64321725,2026-03-15 21:16:52.670844,225.47,5,Automotive,Car Accessories
TXNYC0AUDA3Y0,CUST64321725,2026-01-15 21:16:52.670844,192.5,4,Health & Beauty,Skincare
TXNJD078PVQM1,CUST64321725,2026-01-27 21:16:52.670844,352.55,3,Home & Garden,Decor
TXNBUBE9I52TC,CUST64321725,2026-05-02 21:16:52.670844,289.21,4,Food & Beverages,Gourmet Food
TXNDBH7ZDEDP5,CUST14636310,2026-01-05 21:16:52.670844,285.74,5,Home & Garden,Decor
TXNHPROE29SEL,CUST14636310,2026-05-27 21:16:52.670844,297.7,5,Office Supplies,Desk Accessories
TXN6RO0IJPACJ,CUST14636310,2026-05-02 21:16:52.670844,163.71,4,Clothing,T-Shirt
TXN4TDLN89QAS,CUST14636310,2025-11-10 21:16:52.670844,255.84,1,Clothing,Jacket
TXNMJXIR3IJBP,CUST22217219,2025-03-17 21:16:52.670844,218.77,4,Books,Non-Fiction
TXNRFSSE47RCQ,CUST22217219,2026-03-07 21:16:52.670844,123.84,2,Sports & Outdoors,Bicycle
TXN8AAXE8IHMV,CUST22217219,2025-07-13 21:16:52.670844,151.41,1,Health & Beauty,Supplements
TXNGKPEOA8BFR,CUST22217219,2025-09-30 21:16:52.670844,215.41,1,Toys & Games,Action Figures
TXNTLYFV3011M,CUST22217219,2026-06-25 21:16:52.670844,206.13,5,Toys & Games,Puzzles
TXNA6B0SQUQVD,CUST22217219,2026-01-28 21:16:52.670844,266.57,5,Food & Beverages,Gourmet Food
TXNIYTD2CPXP3,CUST22217219,2026-04-16 21:16:52.670844,237.02,4,Clothing,Jeans
TXNIRRZ35SY86,CUST22217219,2025-07-13 21:16:52.670844,109.94,2,Health & Beauty,Supplements
TXN7JK0PYNZRD,CUST22217219,2026-06-18 21:16:52.670844,180.52,2,Sports & Outdoors,Sportswear
TXNJ2D235XROI,CUST22217219,2026-05-29 21:16:52.670844,194.38,2,Home & Garden,Tools
TXN2RJJ9215RB,CUST22217219,2025-12-29 21:16:52.670844,286.24,5,Health & Beauty,Skincare
TXNLXE6YA4UTP,CUST22217219,2026-03-14 21:16:52.670844,127.4,5,Home & Garden,Kitchen Appliances
TXN9280C4RXR9,CUST22217219,2026-04-12 21:16:52.670844,116.99,4,Clothing,Dress
TXN8P4LXEI6WR,CUST22217219,2025-11-06 21:16:52.670844,239.94,5,Home & Garden,Bedding
TXNSL40T4CNLK,CUST02031688,2025-11-04 21:16:52.670844,122.15,3,Automotive,Parts
TXNVSH08K9V7Q,CUST02031688,2026-05-26 21:16:52.670844,114.12,2,Office Supplies,Desk Accessories
TXN49T129JAYL,CUST02031688,2026-05-03 21:16:52.670844,98.94,1,Automotive,Car Accessories
TXN8X5FF1YWTZ,CUST02031688,2025-07-08 21:16:52.670844,173.35,2,Health & Beauty,Skincare
TXN20KZ204NO1,CUST02031688,2026-01-02 21:16:52.670844,125.21,3,Clothing,Jacket
TXNM8DT5NQ4SU,CUST02031688,2025-06-20 21:16:52.670844,59.18,3,Clothing,Accessories
TXNVLJA3UDZN5,CUST02031688,2025-08-28 21:16:52.670844,112.65,3,Office Supplies,Electronics
TXNAYKB47UYX4,CUST02031688,2025-12-27 21:16:52.670844,114.79,4,Clothing,T-Shirt
TXNJI7QZAO1FB,CUST02031688,2026-05-13 21:16:52.670844,112.82,3,Clothing,Dress
TXN1DHO1BDNM1,CUST02031688,2025-10-03 21:16:52.670844,182.7,2,Clothing,Shoes
TXNXS6VDVAW6A,CUST02031688,2025-12-22 21:16:52.670844,136.0,4,Sports & Outdoors,Fitness Equipment
TXNHU1UX9T8OI,CUST38823191,2026-06-27 21:16:52.670844,118.62,2,Office Supplies,Stationery
TXNHN4LR6L1A7,CUST38823191,2026-07-02 21:16:52.670844,63.81,4,Office Supplies,Desk Accessories
TXNHVKAPSHX7P,CUST38823191,2026-01-21 21:16:52.670844,94.6,1,Clothing,Accessories
TXNBJ365A3LST,CUST38823191,2026-06-22 21:16:52.670844,122.91,4,Clothing,Jacket
TXNGPT2C7SLD3,CUST38823191,2025-11-17 21:16:52.670844,104.48,1,Home & Garden,Decor
TXNFXI7K5IC95,CUST38823191,2025-11-06 21:16:52.670844,130.57,5,Toys & Games,Video Games
TXN0ANVW5XBHD,CUST38823191,2025-11-08 21:16:52.670844,34.13,1,Food & Beverages,Snacks
TXNGTSLJGT3L3,CUST38823191,2026-05-05 21:16:52.670844,129.36,5,Sports & Outdoors,Bicycle
TXNCE2MFOOIB3,CUST38823191,2026-03-30 21:16:52.670844,86.94,2,Office Supplies,Electronics
TXNAGA1Z91N71,CUST38823191,2025-11-11 21:16:52.670844,96.48,5,Home & Garden,Kitchen Appliances
TXN688SQ60QY0,CUST38823191,2026-04-21 21:16:52.670844,75.0,3,Home & Garden,Furniture
TXNCSPAAUGNXD,CUST38823191,2026-02-11 21:16:52.670844,66.21,1,Automotive,Tools
TXNG4VARIKY17,CUST38823191,2026-06-22 21:16:52.670844,76.37,5,Automotive,Car Accessories
TXN69XDX4S7TB,CUST38823191,2026-02-12 21:16:52.670844,144.39,5,Health & Beauty,Personal Care
TXN3Y566WU09L,CUST62048778,2026-03-06 21:16:52.670844,240.88,2,Toys & Games,Board Games
TXND0704XLVUA,CUST62048778,2026-04-04 21:16:52.670844,265.16,4,Clothing,Accessories
TXNYWFHLWVU6E,CUST62048778,2026-03-17 21:16:52.670844,345.22,4,Food & Beverages,Beverages
TXNH5XPQJ57EK,CUST62048778,2026-05-20 21:16:52.670844,317.57,4,Clothing,Accessories
TXNNCCQMU4ZFB,CUST62048778,2026-04-12 21:16:52.670844,187.41,4,Toys & Games,Board Games
TXN4C6Y62GLYO,CUST62048778,2026-05-27 21:16:52.670844,176.8,3,Food & Beverages,Gourmet Food
TXNCE5IFIBALO,CUST62048778,2026-04-29 21:16:52.670844,318.8,4,Food & Beverages,Snacks
TXNE55VBD6CBJ,CUST62048778,2026-05-18 21:16:52.670844,295.71,5,Books,Non-Fiction
TXN4ORJL8WMWV,CUST62048778,2026-03-23 21:16:52.670844,156.08,3,Sports & Outdoors,Fitness Equipment
TXNY0KOEOB21Z,CUST62048778,2026-05-11 21:16:52.670844,306.88,5,Automotive,Parts
TXNBLRPMBIYAM,CUST62048778,2026-03-23 21:16:52.670844,310.24,5,Electronics,Smartphone
TXN6H3546Z7EK,CUST62048778,2026-04-26 21:16:52.670844,438.43,2,Toys & Games,Board Games
TXN8VJ5YBZU9M,CUST62048778,2026-04-28 21:16:52.670844,159.79,1,Office Supplies,Stationery
TXNUVFW1S6LZE,CUST62048778,2026-03-27 21:16:52.670844,409.42,5,Toys & Games,Video Games
TXN1987LL7PCW,CUST62048778,2026-04-22 21:16:52.670844,223.61,2,Home & Garden,Decor
TXNVRZPB0YJEN,CUST62048778,2026-05-20 21:16:52.670844,156.01,3,Home & Garden,Tools
TXNBDK0Y1GQBB,CUST62048778,2026-03-11 21:16:52.670844,186.42,5,Electronics,Laptop
TXNQLAJG24V9R,CUST62048778,2026-03-25 21:16:52.670844,307.72,5,Home & Garden,Furniture
TXNTP35C3GFZD,CUST62048778,2026-04-16 21:16:52.670844,237.48,1,Sports & Outdoors,Sportswear
TXNXVR2RT7Y9V,CUST62048778,2026-05-01 21:16:52.670844,95.89,1,Food & Beverages,Snacks
TXN8TX9QB1RWH,CUST62048778,2026-04-17 21:16:52.670844,177.26,4,Health & Beauty,Makeup
TXNR5IATIB8O9,CUST62048778,2026-04-19 21:16:52.670844,398.74,2,Toys & Games,Board Games
TXNFUSRIXEFWM,CUST62048778,2026-04-07 21:16:52.670844,209.24,2,Health & Beauty,Makeup
TXNKOPJL2EB35,CUST92512789,2025-02-26 21:16:52.670844,158.79,3,Automotive,Car Accessories
TXN9LAQCZ4DYJ,CUST48981169,2026-06-08 21:16:52.670844,144.05,3,Clothing,Shoes
TXNN2PW13U8Q3,CUST48981169,2026-06-04 21:16:52.670844,171.21,5,Toys & Games,Board Games
TXNSN595JS7SY,CUST48981169,2026-06-29 21:16:52.670844,268.74,5,Automotive,Tools
TXNPY1S90QPCE,CUST48981169,2026-06-17 21:16:52.670844,134.71,3,Home & Garden,Decor
TXNBXETOR22B1,CUST48981169,2026-07-05 21:16:52.670844,231.52,1,Toys & Games,Board Games
TXNYIHYNEE0NH,CUST48981169,2026-06-01 21:16:52.670844,138.77,3,Automotive,Cleaning Supplies
TXNC18ZPO602X,CUST48981169,2026-06-21 21:16:52.670844,228.23,1,Toys & Games,Board Games
TXN39X6SXCUQU,CUST48981169,2026-06-13 21:16:52.670844,121.03,4,Automotive,Tools
TXNGW9Y0SEMWG,CUST48981169,2026-06-29 21:16:52.670844,260.54,3,Automotive,Cleaning Supplies
TXNQKUTMXCJNI,CUST48981169,2026-06-30 21:16:52.670844,244.4,3,Home & Garden,Furniture
TXNU0CMFSRCBR,CUST48981169,2026-06-03 21:16:52.670844,240.73,1,Clothing,Jacket
TXNMUUT2Q0N1P,CUST48981169,2026-06-27 21:16:52.670844,227.1,4,Toys & Games,Puzzles
TXN1E7EMS31FA,CUST48981169,2026-06-20 21:16:52.670844,256.15,4,Home & Garden,Kitchen Appliances
TXNR5F9MC53RN,CUST48981169,2026-06-08 21:16:52.670844,236.02,1,Food & Beverages,Gourmet Food
TXNDVS5AOI4V8,CUST48981169,2026-06-11 21:16:52.670844,239.46,5,Books,Comics
TXNTPQJ6LHW15,CUST48981169,2026-06-24 21:16:52.670844,274.67,3,Sports & Outdoors,Camping Gear
TXNGARFGYGP8F,CUST48981169,2026-06-14 21:16:52.670844,239.97,2,Books,Fiction
TXNZ59OLKFPUJ,CUST48981169,2026-06-26 21:16:52.670844,87.81,4,Food & Beverages,Gourmet Food
TXNXEPS3OZKXT,CUST48981169,2026-06-06 21:16:52.670844,240.04,5,Office Supplies,Electronics
TXNG03RPYLZSP,CUST48981169,2026-06-22 21:16:52.670844,152.25,4,Clothing,Accessories
TXNN702LPHZVA,CUST48981169,2026-06-11 21:16:52.670844,293.26,5,Sports & Outdoors,Fitness Equipment
TXNM78Z6YLVA9,CUST48981169,2026-06-25 21:16:52.670844,294.82,1,Electronics,Camera
TXNC2ZQ2FS1IQ,CUST48981169,2026-06-10 21:16:52.670844,182.0,1,Health & Beauty,Makeup
TXNRF4VIX7DRO,CUST80007382,2026-06-04 21:16:52.670844,122.61,3,Health & Beauty,Skincare
TXNN1EAYSDBAZ,CUST80007382,2026-04-22 21:16:52.670844,82.13,4,Health & Beauty,Skincare
TXNYIX8WK0EC8,CUST80007382,2026-05-11 21:16:52.670844,71.36,1,Clothing,Shoes
TXNXMUDEULEKO,CUST80007382,2026-05-24 21:16:52.670844,137.92,1,Office Supplies,Desk Accessories
TXNXSMARR854U,CUST80007382,2026-04-22 21:16:52.670844,128.67,2,Clothing,Jeans
TXNXV411SA7A4,CUST80007382,2026-04-02 21:16:52.670844,159.13,1,Toys & Games,Video Games
TXNGJL0PKUMT5,CUST80007382,2026-04-05 21:16:52.670844,71.95,1,Automotive,Cleaning Supplies
TXNK38AXUBHLY,CUST80007382,2026-03-27 21:16:52.670844,174.48,1,Books,Magazines
TXND99T7UHW91,CUST80007382,2026-04-03 21:16:52.670844,83.79,2,Office Supplies,Desk Accessories
TXN2F5IWPB699,CUST80007382,2026-03-29 21:16:52.670844,62.55,3,Clothing,Shoes
TXNI9AYCRN2QG,CUST80007382,2026-05-07 21:16:52.670844,70.66,2,Books,Educational
TXN2ERNDERBI1,CUST80007382,2026-05-20 21:16:52.670844,121.96,4,Toys & Games,Board Games
TXNGHF6ACH5R7,CUST80007382,2026-04-03 21:16:52.670844,111.6,5,Home & Garden,Tools
TXNFXSWYGF540,CUST80007382,2026-04-11 21:16:52.670844,126.09,4,Clothing,Jacket
TXNRL9HGK7TC7,CUST80007382,2026-06-01 21:16:52.670844,84.12,2,Office Supplies,Stationery
TXNQSWOPKDO9E,CUST80007382,2026-04-14 21:16:52.670844,155.2,5,Home & Garden,Decor
TXNZQA3GGNJLL,CUST80007382,2026-05-26 21:16:52.670844,144.72,3,Food & Beverages,Snacks
TXNXPAUD6RHSA,CUST80007382,2026-03-24 21:16:52.670844,117.87,1,Clothing,Jacket
TXNOCWH8H4EKB,CUST80007382,2026-05-18 21:16:52.670844,115.28,1,Automotive,Tools
TXN8MQIDLKGB5,CUST80007382,2026-05-13 21:16:52.670844,56.66,3,Clothing,Accessories
TXNG7EXVO24EB,CUST80007382,2026-06-03 21:16:52.670844,141.15,3,Health & Beauty,Skincare
TXNFEESNYVQR6,CUST80007382,2026-05-21 21:16:52.670844,47.73,1,Sports & Outdoors,Sportswear
TXNLU4JLC66CG,CUST71853550,2025-12-09 21:16:52.670844,52.07,5,Sports & Outdoors,Camping Gear
TXNFWJ4WLNO3S,CUST71853550,2025-11-04 21:16:52.670844,59.6,4,Clothing,Accessories
TXNHOXFS4NB6E,CUST71853550,2025-07-14 21:16:52.670844,77.43,2,Health & Beauty,Makeup
TXNQ0DBW3D3GV,CUST71853550,2025-08-10 21:16:52.670844,68.22,1,Health & Beauty,Skincare
TXNGYQLRUNSQP,CUST71853550,2025-09-22 21:16:52.670844,40.05,1,Electronics,Smart Watch
TXN6IOD3KGAL4,CUST71853550,2025-11-09 21:16:52.670844,48.55,5,Electronics,Camera
TXN1O9GETDWV7,CUST71853550,2025-07-15 21:16:52.670844,70.8,1,Home & Garden,Bedding
TXNZKCHMU19HT,CUST71853550,2026-01-28 21:16:52.670844,56.11,2,Home & Garden,Furniture
TXN9VB472MYEE,CUST71853550,2025-12-24 21:16:52.670844,23.65,2,Home & Garden,Furniture
TXN2LV79TM71F,CUST27967724,2026-02-07 21:16:52.670844,85.1,2,Home & Garden,Tools
TXNWNVKXGF1MW,CUST27967724,2025-11-10 21:16:52.670844,92.42,3,Books,Magazines
TXNAZFNXGPU76,CUST27967724,2026-02-27 21:16:52.670844,42.88,4,Electronics,Smartphone
TXNSK6ODMYVLB,CUST27967724,2025-10-28 21:16:52.670844,55.43,2,Home & Garden,Decor
TXNP948OV5HLM,CUST27967724,2026-02-09 21:16:52.670844,41.83,2,Automotive,Tools
TXN8ZAJ27CBHD,CUST27967724,2025-11-10 21:16:52.670844,91.5,5,Books,Magazines
TXNJ75ZF8ECCF,CUST27967724,2026-01-08 21:16:52.670844,65.75,4,Health & Beauty,Skincare
TXNGQPN7TQSR2,CUST27967724,2025-11-14 21:16:52.670844,35.67,5,Clothing,T-Shirt
TXNI67C4F2AS3,CUST27967724,2025-11-13 21:16:52.670844,67.0,4,Toys & Games,Video Games
TXNFCE47P8EQC,CUST86884420,2026-03-24 21:16:52.670844,74.88,5,Books,Non-Fiction
TXNSOMKSPVSB2,CUST86884420,2026-06-21 21:16:52.670844,150.62,1,Electronics,Laptop
TXNO33B3039QZ,CUST86884420,2026-06-26 21:16:52.670844,125.51,5,Books,Magazines
TXNL5ZM5ZURJY,CUST86884420,2026-05-12 21:16:52.670844,109.71,5,Clothing,T-Shirt
TXND33BZG6LPF,CUST86884420,2026-03-14 21:16:52.670844,153.77,4,Books,Fiction
TXNW8HMIM9IW2,CUST86884420,2026-06-08 21:16:52.670844,167.95,5,Books,Comics
TXN5E1TXGOBDM,CUST86884420,2026-05-09 21:16:52.670844,192.03,2,Toys & Games,Action Figures
TXNR4JPCIJANI,CUST86884420,2026-03-15 21:16:52.670844,32.19,5,Electronics,Tablet
TXNJU1T3KYZYI,CUST86884420,2026-06-28 21:16:52.670844,145.19,1,Sports & Outdoors,Camping Gear
TXNMDTLHEEAW1,CUST86884420,2026-05-27 21:16:52.670844,179.19,1,Sports & Outdoors,Fitness Equipment
TXNLDF2QT4Z9Z,CUST86884420,2026-06-12 21:16:52.670844,130.91,4,Office Supplies,Furniture
TXN42RH23VEHZ,CUST86884420,2026-05-08 21:16:52.670844,138.21,4,Toys & Games,Action Figures
TXNMAOVM4G76Q,CUST86884420,2026-04-19 21:16:52.670844,112.55,5,Office Supplies,Furniture
TXN4194XD5DU7,CUST86884420,2026-05-04 21:16:52.670844,221.44,2,Toys & Games,Puzzles
TXNVWN6YW3K6D,CUST86884420,2026-03-09 21:16:52.670844,125.43,1,Electronics,Smart Watch
TXNW1N2JKOW5L,CUST86884420,2026-05-28 21:16:52.670844,127.91,1,Food & Beverages,Organic Products
TXNGN2KIGG62O,CUST86884420,2026-06-18 21:16:52.670844,167.02,4,Clothing,Accessories
TXN69XGXCWPHU,CUST86884420,2026-03-08 21:16:52.670844,143.69,4,Books,Magazines
TXN99Q1MXO1PH,CUST86884420,2026-06-14 21:16:52.670844,194.68,5,Food & Beverages,Gourmet Food
TXNZQBGRC5EGP,CUST86884420,2026-06-04 21:16:52.670844,10.0,4,Home & Garden,Kitchen Appliances
TXNOMV2TWZQNJ,CUST86884420,2026-05-03 21:16:52.670844,188.97,4,Toys & Games,Video Games
TXN826SX110XM,CUST86884420,2026-06-18 21:16:52.670844,109.79,3,Health & Beauty,Supplements
TXNPOB5H1AVAS,CUST86884420,2026-05-05 21:16:52.670844,178.1,3,Sports & Outdoors,Sportswear
TXNQS9I8ZUO76,CUST86884420,2026-04-24 21:16:52.670844,112.77,2,Automotive,Parts
TXNX3Z69XL55E,CUST86884420,2026-06-14 21:16:52.670844,153.18,1,Health & Beauty,Skincare
TXN9CKER1ONMT,CUST86884420,2026-03-21 21:16:52.670844,126.87,3,Electronics,Smartphone
TXNHQPAZ2PBI3,CUST86884420,2026-03-29 21:16:52.670844,106.87,4,Clothing,T-Shirt
TXN2SHZRYACQC,CUST86884420,2026-04-20 21:16:52.670844,141.69,3,Clothing,Dress
TXNETJKOP1X1W,CUST86884420,2026-05-07 21:16:52.670844,202.75,1,Office Supplies,Stationery
TXNDUUAVJ5VRB,CUST86884420,2026-05-01 21:16:52.670844,187.86,1,Electronics,Smartphone
TXNEPCV5FN20U,CUST86884420,2026-05-16 21:16:52.670844,115.19,4,Clothing,T-Shirt
TXNMRUHGWGVTA,CUST86884420,2026-05-08 21:16:52.670844,74.12,1,Food & Beverages,Gourmet Food
TXNR2A46AJI90,CUST86884420,2026-05-29 21:16:52.670844,87.36,2,Books,Fiction
TXN67NFQ876EE,CUST86884420,2026-06-11 21:16:52.670844,107.45,4,Books,Comics
TXN3WOK32J7G6,CUST86884420,2026-04-26 21:16:52.670844,57.58,1,Electronics,Smart Watch
TXNHOJ7X8TJW8,CUST86884420,2026-04-18 21:16:52.670844,215.81,5,Clothing,Jacket
TXN0X2W2486DJ,CUST86884420,2026-05-11 21:16:52.670844,186.16,4,Clothing,T-Shirt
TXNW1AT2RRE73,CUST86884420,2026-05-30 21:16:52.670844,40.62,4,Electronics,Tablet
TXNJ3URBSHFOB,CUST86884420,2026-05-01 21:16:52.670844,62.72,2,Office Supplies,Desk Accessories
TXN292QF9NE66,CUST86884420,2026-06-10 21:16:52.670844,155.44,5,Books,Non-Fiction
TXNIYPQ9Y6GX1,CUST86884420,2026-06-07 21:16:52.670844,82.17,5,Office Supplies,Electronics
TXNXHU1DJDBBQ,CUST86884420,2026-05-07 21:16:52.670844,102.71,2,Office Supplies,Furniture
TXN9PFUGMVCY7,CUST86884420,2026-03-07 21:16:52.670844,117.72,5,Food & Beverages,Beverages
TXNENGVRONNE8,CUST86884420,2026-03-12 21:16:52.670844,93.4,1,Health & Beauty,Personal Care
TXNA95ZRFO1T3,CUST86884420,2026-04-04 21:16:52.670844,115.56,1,Sports & Outdoors,Sportswear
TXNOOQ0IPOCMJ,CUST86884420,2026-03-07 21:16:52.670844,137.73,1,Automotive,Car Accessories
TXNZCRI6EKMOO,CUST86884420,2026-06-14 21:16:52.670844,95.62,2,Automotive,Cleaning Supplies
TXNEK0T0A982W,CUST86884420,2026-03-12 21:16:52.670844,159.18,3,Clothing,Jeans
TXNKYJC3W82AU,CUST86884420,2026-03-26 21:16:52.670844,98.32,2,Books,Comics
TXNAK5U04EYOL,CUST50759464,2026-02-18 21:16:52.670844,97.85,4,Automotive,Tools
TXN1MRC4F2DGA,CUST50759464,2025-10-20 21:16:52.670844,72.16,5,Office Supplies,Furniture
TXNS2B5XCJ43V,CUST50759464,2025-11-11 21:16:52.670844,123.75,1,Clothing,T-Shirt
TXNEMRAFJMPF7,CUST50759464,2026-02-21 21:16:52.670844,106.91,1,Toys & Games,Puzzles
TXND0BTDH5WLA,CUST50759464,2025-12-15 21:16:52.670844,120.16,3,Books,Educational
TXNM2EFGKWLE9,CUST50759464,2026-02-02 21:16:52.670844,75.31,4,Health & Beauty,Makeup
TXNTIT9DL3OA0,CUST50759464,2025-10-13 21:16:52.670844,100.46,3,Electronics,Laptop
TXNFBW47S6XLY,CUST50759464,2025-11-15 21:16:52.670844,52.2,2,Office Supplies,Electronics
TXN79Y0CC3DG6,CUST50759464,2025-12-24 21:16:52.670844,83.7,3,Health & Beauty,Skincare
TXN6RT4U0JW9Z,CUST64189932,2026-02-28 21:16:52.670844,238.19,2,Books,Educational
TXN5NCTCN9384,CUST64189932,2026-06-13 21:16:52.670844,107.66,3,Food & Beverages,Organic Products
TXN5CT3BFFY5V,CUST64189932,2026-02-13 21:16:52.670844,143.14,1,Home & Garden,Bedding
TXNUGFO9MO81A,CUST64189932,2026-04-21 21:16:52.670844,144.55,2,Sports & Outdoors,Camping Gear
TXNHGMG283XZI,CUST64189932,2026-05-25 21:16:52.670844,67.91,1,Home & Garden,Bedding
TXNND0FT97G2O,CUST64189932,2026-04-20 21:16:52.670844,215.44,4,Clothing,Jacket
TXNYSA8UI4W1P,CUST64189932,2026-06-17 21:16:52.670844,166.34,1,Clothing,Accessories
TXNB9KKHIFMWN,CUST64189932,2026-06-09 21:16:52.670844,235.1,4,Electronics,Headphones
TXNGGRUNDHTJ2,CUST64189932,2026-06-01 21:16:52.670844,126.58,5,Office Supplies,Desk Accessories
TXNHQTAS3MZKK,CUST64189932,2026-02-19 21:16:52.670844,272.73,2,Toys & Games,Video Games
TXNASQM8EJNOK,CUST64189932,2026-05-10 21:16:52.670844,192.45,1,Clothing,Dress
TXNRLI1R8Q9SU,CUST64189932,2026-03-13 21:16:52.670844,271.44,1,Food & Beverages,Snacks
TXNT6EZMWALIX,CUST64189932,2026-06-14 21:16:52.670844,242.27,3,Food & Beverages,Snacks
TXN4J2D4TSVT6,CUST64189932,2026-01-28 21:16:52.670844,252.68,4,Toys & Games,Action Figures
TXN9VPSNK764X,CUST64189932,2026-02-26 21:16:52.670844,202.42,5,Sports & Outdoors,Camping Gear
TXNIID76KJWKQ,CUST64189932,2026-02-14 21:16:52.670844,272.94,1,Clothing,Jacket
TXNWISVN870BS,CUST64189932,2026-06-26 21:16:52.670844,243.27,3,Automotive,Cleaning Supplies
TXN28RFYVFD0G,CUST64189932,2026-02-24 21:16:52.670844,248.96,5,Sports & Outdoors,Bicycle
TXNROLFC3UWL1,CUST32638113,2026-05-03 21:16:52.670844,384.74,5,Toys & Games,Action Figures
TXN1C76A83RJL,CUST32638113,2026-03-01 21:16:52.670844,618.61,2,Office Supplies,Stationery
TXNEI80GC9C8D,CUST32638113,2026-06-22 21:16:52.670844,583.01,1,Office Supplies,Stationery
TXN0INTYZP6F8,CUST32638113,2026-06-17 21:16:52.670844,497.95,5,Electronics,Tablet
TXNQQRGNJ5WBC,CUST32638113,2026-03-11 21:16:52.670844,490.15,1,Clothing,Jeans
TXNKV3VX6D72Y,CUST32638113,2026-03-08 21:16:52.670844,468.53,5,Sports & Outdoors,Bicycle
TXNRBD8P5MTB6,CUST32638113,2026-04-24 21:16:52.670844,509.85,1,Office Supplies,Desk Accessories
TXNG77Z1IJLB7,CUST32638113,2026-04-05 21:16:52.670844,509.22,3,Automotive,Parts
TXN0W8V1XGH45,CUST32638113,2026-06-24 21:16:52.670844,705.35,5,Electronics,Laptop
TXNNR6UP17JJJ,CUST32638113,2026-06-21 21:16:52.670844,651.47,3,Food & Beverages,Beverages
TXNM70V53PQ8W,CUST32638113,2026-05-07 21:16:52.670844,626.47,1,Clothing,Accessories
TXNJRYMROJW0W,CUST32638113,2026-05-21 21:16:52.670844,378.77,3,Health & Beauty,Supplements
TXNTAK9R4QZUS,CUST32638113,2026-03-18 21:16:52.670844,788.54,1,Home & Garden,Kitchen Appliances
TXNCLPOELA2EI,CUST32638113,2026-05-15 21:16:52.670844,679.36,3,Toys & Games,Action Figures
TXNQI9YUM30P3,CUST32638113,2026-06-10 21:16:52.670844,454.15,2,Home & Garden,Bedding
TXNE2UD8CGWRB,CUST32638113,2026-04-23 21:16:52.670844,432.79,4,Electronics,Smart Watch
TXN8BJP0B9PS9,CUST32638113,2026-05-22 21:16:52.670844,586.93,2,Food & Beverages,Snacks
TXN2O49VJJ5BW,CUST32638113,2026-04-01 21:16:52.670844,378.51,1,Health & Beauty,Makeup
TXN0ZP3BV6GAF,CUST32638113,2026-05-30 21:16:52.670844,609.12,3,Office Supplies,Furniture
TXNMO3MP2LSC6,CUST32638113,2026-03-05 21:16:52.670844,566.3,4,Office Supplies,Stationery
TXNSBTJA2ATB0,CUST32638113,2026-05-20 21:16:52.670844,276.52,4,Food & Beverages,Organic Products
TXNC9GDZXFR3C,CUST32638113,2026-04-25 21:16:52.670844,539.65,5,Books,Educational
TXNY8RXI2E2OX,CUST32638113,2026-05-16 21:16:52.670844,271.68,3,Clothing,T-Shirt
TXNZDN2BQ1X7L,CUST32638113,2026-03-26 21:16:52.670844,587.77,5,Books,Magazines
TXNCU015OQ1MC,CUST32638113,2026-06-21 21:16:52.670844,398.04,4,Books,Fiction
TXNTVYJ8BCQYJ,CUST32638113,2026-04-13 21:16:52.670844,397.03,1,Home & Garden,Decor
TXN7GZH7QYK1S,CUST32638113,2026-04-16 21:16:52.670844,904.01,1,Sports & Outdoors,Camping Gear
TXNZKWRUF5R1E,CUST32638113,2026-06-09 21:16:52.670844,797.7,3,Clothing,Shoes
TXNFD730EU7Q8,CUST70384489,2025-04-07 21:16:52.670844,317.18,1,Clothing,Dress
TXNF5S3YIS0VW,CUST70384489,2025-06-11 21:16:52.670844,378.47,4,Health & Beauty,Personal Care
TXNKY3KEXB6IA,CUST70384489,2026-05-06 21:16:52.670844,487.29,5,Books,Fiction
TXNLY9W5Z4GWV,CUST70384489,2025-09-03 21:16:52.670844,279.87,4,Office Supplies,Desk Accessories
TXND92EHBYBJM,CUST70384489,2026-03-12 21:16:52.670844,266.03,1,Home & Garden,Decor
TXNFVF5CNTKIQ,CUST70384489,2025-06-03 21:16:52.670844,467.34,5,Sports & Outdoors,Sportswear
TXNUS02JHBY5A,CUST70384489,2026-03-15 21:16:52.670844,263.71,4,Food & Beverages,Organic Products
TXNM1WWHAT66L,CUST70384489,2025-10-30 21:16:52.670844,340.41,1,Sports & Outdoors,Sportswear
TXNUSJHUZY18Z,CUST70384489,2025-03-20 21:16:52.670844,370.26,3,Food & Beverages,Gourmet Food
TXN1R4R7RMUR5,CUST70384489,2026-05-21 21:16:52.670844,301.02,4,Office Supplies,Desk Accessories
TXN4II1NJT7P0,CUST70384489,2026-06-15 21:16:52.670844,320.17,4,Home & Garden,Tools
TXNF9SPRFIEMC,CUST70384489,2026-05-01 21:16:52.670844,370.14,3,Electronics,Camera
TXNASZE4EW6JP,CUST70384489,2025-06-15 21:16:52.670844,325.75,2,Sports & Outdoors,Camping Gear
TXNZ7Y6U6PQXA,CUST70384489,2025-06-08 21:16:52.670844,415.85,2,Automotive,Tools
TXN999PJU2R0O,CUST70384489,2025-04-15 21:16:52.670844,200.8,3,Clothing,T-Shirt
TXNJJ7PJG6EL8,CUST70384489,2025-07-20 21:16:52.670844,261.37,3,Health & Beauty,Skincare
TXNI6Z7UJF829,CUST70384489,2025-12-11 21:16:52.670844,335.11,3,Automotive,Car Accessories
TXNGWX8W8QXJH,CUST70384489,2026-01-19 21:16:52.670844,282.23,2,Toys & Games,Video Games
TXNQZI90ZSXO8,CUST70384489,2025-10-05 21:16:52.670844,393.21,4,Books,Fiction
TXNYHK64UQ0H4,CUST70384489,2025-10-29 21:16:52.670844,276.51,2,Sports & Outdoors,Fitness Equipment
TXN6WNZBVTSED,CUST70384489,2025-05-13 21:16:52.670844,411.91,4,Toys & Games,Video Games
TXNPCBRJYD3D0,CUST70384489,2026-04-18 21:16:52.670844,86.18,5,Health & Beauty,Skincare
TXN3D45TCHC8M,CUST70384489,2026-03-05 21:16:52.670844,345.27,3,Home & Garden,Furniture
TXNE8NFV27P65,CUST70384489,2025-10-19 21:16:52.670844,604.03,2,Office Supplies,Desk Accessories
TXN96QLYCDRV8,CUST70384489,2026-05-05 21:16:52.670844,429.32,3,Clothing,Dress
TXNHKJ0P5UNR0,CUST70384489,2026-01-26 21:16:52.670844,375.93,5,Home & Garden,Tools
TXN9UPXL7R28V,CUST70384489,2026-04-24 21:16:52.670844,280.65,1,Toys & Games,Action Figures
TXNT0HITK27O3,CUST70384489,2025-09-04 21:16:52.670844,183.39,2,Electronics,Camera
TXNW33BRXXOD9,CUST70384489,2026-01-13 21:16:52.670844,248.95,2,Home & Garden,Tools
TXND89EZT9KZ7,CUST21418316,2026-04-09 21:16:52.670844,135.52,5,Home & Garden,Bedding
TXNEVIIGJADJ7,CUST21418316,2026-02-27 21:16:52.670844,150.22,2,Toys & Games,Video Games
TXNLS0RURZ03M,CUST21418316,2026-01-09 21:16:52.670844,92.24,2,Toys & Games,Puzzles
TXNAA73K1SY6G,CUST21418316,2025-10-24 21:16:52.670844,80.92,3,Electronics,Smart Watch
TXN9YDI173PV4,CUST21418316,2025-12-17 21:16:52.670844,153.09,5,Electronics,Tablet
TXNIH6JLN7187,CUST21418316,2025-12-26 21:16:52.670844,121.95,5,Toys & Games,Puzzles
TXN83VGB13UI7,CUST21418316,2026-01-16 21:16:52.670844,72.04,5,Electronics,Tablet
TXNT1Q511DA1S,CUST21418316,2025-07-06 21:16:52.670844,114.55,4,Office Supplies,Furniture
TXNI7SYGP4399,CUST21418316,2025-06-09 21:16:52.670844,120.58,5,Food & Beverages,Beverages
TXNZL4RVKI4PA,CUST91363382,2026-02-25 21:16:52.670844,233.46,1,Office Supplies,Stationery
TXN5TOKOHPKWI,CUST91363382,2025-10-06 21:16:52.670844,163.83,3,Clothing,Accessories
TXN3BQZEMM46U,CUST91363382,2024-08-24 21:16:52.670844,128.28,4,Clothing,Accessories
TXN7RX5QDYEUA,CUST91363382,2025-01-03 21:16:52.670844,119.7,4,Health & Beauty,Skincare
TXN1QJJGQZK5U,CUST91363382,2026-01-08 21:16:52.670844,149.92,1,Books,Non-Fiction
TXNDZD0G96PLU,CUST91363382,2026-05-11 21:16:52.670844,179.75,3,Health & Beauty,Skincare
TXNAQMNAXL06Y,CUST91363382,2025-06-02 21:16:52.670844,108.23,5,Health & Beauty,Supplements
TXNUEIRF0B1QL,CUST91363382,2025-07-19 21:16:52.670844,136.06,4,Food & Beverages,Beverages
TXNF1XDKLD58T,CUST91363382,2025-10-16 21:16:52.670844,156.65,3,Books,Non-Fiction
TXNKGB81T7FOR,CUST91363382,2025-09-10 21:16:52.670844,69.99,1,Books,Educational
TXNQTOFLV25AD,CUST91363382,2025-10-22 21:16:52.670844,167.27,2,Automotive,Tools
TXNQNS92ETI5V,CUST91363382,2025-11-14 21:16:52.670844,117.22,4,Home & Garden,Furniture
TXNIU23WZ3ZS8,CUST91363382,2025-09-15 21:16:52.670844,170.96,1,Automotive,Car Accessories
TXNC4VSN5A8L3,CUST91363382,2024-12-19 21:16:52.670844,191.18,3,Electronics,Camera
TXNPQDCJVHJ18,CUST91363382,2025-01-12 21:16:52.670844,77.51,3,Health & Beauty,Skincare
TXNVQKB903W1R,CUST91363382,2025-09-12 21:16:52.670844,193.37,2,Electronics,Headphones
TXNEJYHK77BQT,CUST91363382,2025-04-14 21:16:52.670844,126.46,5,Electronics,Laptop
TXNEMJROGRM8I,CUST91363382,2025-09-16 21:16:52.670844,210.84,2,Automotive,Tools
TXN1JEGAUJZ9Z,CUST91363382,2025-01-13 21:16:52.670844,174.15,5,Electronics,Tablet
TXNUQA3BZUF6I,CUST91363382,2026-06-17 21:16:52.670844,182.94,1,Office Supplies,Desk Accessories
TXNJ0EKK9XC7X,CUST91363382,2025-08-08 21:16:52.670844,158.46,3,Health & Beauty,Makeup
TXNWO0LK6S98T,CUST91363382,2025-07-14 21:16:52.670844,156.53,1,Books,Comics
TXN4YMG8UBJK4,CUST91363382,2024-10-30 21:16:52.670844,156.07,3,Food & Beverages,Organic Products
TXNT3T105KLVR,CUST24605848,2024-08-11 21:16:52.670844,121.31,4,Toys & Games,Video Games
TXN1Z6L25TCHI,CUST24605848,2024-08-10 21:16:52.670844,179.9,2,Sports & Outdoors,Fitness Equipment
TXNN5HDYL8ZNX,CUST24605848,2024-07-26 21:16:52.670844,161.96,4,Office Supplies,Furniture
TXNTXK692CKE9,CUST24605848,2024-08-13 21:16:52.670844,99.46,1,Home & Garden,Furniture
TXNYVCRYIC26Y,CUST32034723,2025-11-19 21:16:52.670844,59.14,4,Books,Educational
TXNCQ7SJMA06X,CUST32034723,2025-11-19 21:16:52.670844,140.61,4,Food & Beverages,Gourmet Food
TXNN4C8390HGM,CUST32034723,2026-02-16 21:16:52.670844,105.22,3,Health & Beauty,Personal Care
TXNXR40RVKDVD,CUST32034723,2025-09-07 21:16:52.670844,136.22,5,Books,Magazines
TXNVN4AJO5QMW,CUST32034723,2025-12-06 21:16:52.670844,114.58,4,Food & Beverages,Beverages
TXNRUXQMO9YRO,CUST32034723,2025-10-19 21:16:52.670844,90.51,1,Books,Non-Fiction
TXNDBZRLDHFAS,CUST51192439,2025-08-08 21:16:52.670844,302.13,4,Books,Educational
TXNFDEEL8NBZ2,CUST51192439,2026-03-16 21:16:52.670844,399.69,1,Books,Educational
TXNRLRM45NF13,CUST51192439,2026-01-11 21:16:52.670844,331.33,1,Books,Non-Fiction
TXNF1Y54HUCLY,CUST51192439,2026-01-14 21:16:52.670844,484.36,2,Sports & Outdoors,Fitness Equipment
TXNVYLAK3TSMS,CUST51192439,2026-02-20 21:16:52.670844,339.45,2,Electronics,Headphones
TXNA160LJIS0J,CUST51192439,2025-07-17 21:16:52.670844,229.38,4,Books,Magazines
TXNOT2MN75T6X,CUST51192439,2026-05-04 21:16:52.670844,245.17,5,Automotive,Tools
TXNQZO6IIU7F4,CUST51192439,2026-06-20 21:16:52.670844,277.71,2,Health & Beauty,Supplements
TXNX4DI9Q78M5,CUST51192439,2025-10-14 21:16:52.670844,321.87,5,Clothing,T-Shirt
TXND682XP8FJR,CUST51192439,2026-01-02 21:16:52.670844,516.1,2,Health & Beauty,Supplements
TXNXYCGIHGURK,CUST51192439,2026-06-11 21:16:52.670844,391.24,5,Toys & Games,Puzzles
TXNT09BLQZD6X,CUST51192439,2026-05-11 21:16:52.670844,368.07,3,Electronics,Tablet
TXN8H88KKSN0M,CUST51192439,2025-07-29 21:16:52.670844,458.61,2,Automotive,Parts
TXNRA4ARK6SCF,CUST51192439,2025-12-01 21:16:52.670844,345.62,1,Automotive,Cleaning Supplies
TXNE5OVSPX3CU,CUST51192439,2026-06-07 21:16:52.670844,288.51,2,Clothing,Shoes
TXNP1SBF4PAXV,CUST51192439,2025-07-21 21:16:52.670844,468.38,2,Home & Garden,Bedding
TXNWS4C9Y9BSV,CUST51192439,2026-04-28 21:16:52.670844,490.92,5,Clothing,Shoes
TXNJKDAMTU9AF,CUST51192439,2025-09-17 21:16:52.670844,326.24,5,Automotive,Cleaning Supplies
TXNUWNU4DWMUW,CUST51192439,2026-04-23 21:16:52.670844,443.99,3,Clothing,Accessories
TXNJV1T9JMEFG,CUST51192439,2026-04-09 21:16:52.670844,420.89,3,Clothing,Shoes
TXNECBUX3EMWI,CUST51192439,2025-11-25 21:16:52.670844,331.45,1,Food & Beverages,Snacks
TXNIC17HQR5BD,CUST51192439,2026-05-24 21:16:52.670844,323.94,4,Automotive,Tools
TXNU3YUUT1ID8,CUST51192439,2025-07-19 21:16:52.670844,291.99,5,Home & Garden,Bedding
TXN2W9BOBYMV4,CUST51192439,2025-11-27 21:16:52.670844,363.33,3,Automotive,Tools
TXN2YPVWEY147,CUST51192439,2026-04-28 21:16:52.670844,375.5,5,Automotive,Car Accessories
TXNGMW1GK7FAO,CUST51192439,2026-06-05 21:16:52.670844,142.47,5,Electronics,Laptop
TXNJOHFH618RB,CUST51192439,2026-05-28 21:16:52.670844,576.74,5,Electronics,Smartphone
TXNPBVDZM08UH,CUST51192439,2025-10-01 21:16:52.670844,356.21,1,Office Supplies,Furniture
TXN56762S14QM,CUST51192439,2026-01-15 21:16:52.670844,349.16,1,Books,Educational
TXN13VI11HQAL,CUST51192439,2025-08-04 21:16:52.670844,284.12,4,Home & Garden,Kitchen Appliances
TXNU9FJQ4H8WF,CUST51192439,2026-04-30 21:16:52.670844,364.87,3,Health & Beauty,Personal Care
TXNB8LI22IJQ2,CUST51192439,2026-06-11 21:16:52.670844,189.8,1,Office Supplies,Stationery
TXN3MMOXB1X6T,CUST51192439,2026-05-09 21:16:52.670844,316.13,4,Health & Beauty,Skincare
TXN231NFVGEGF,CUST51192439,2026-03-31 21:16:52.670844,354.46,1,Books,Educational
TXN5KNG0FSNOQ,CUST51192439,2025-10-25 21:16:52.670844,499.21,1,Food & Beverages,Organic Products
TXN0K01ZLO3YN,CUST51192439,2026-02-10 21:16:52.670844,318.97,3,Electronics,Smartphone
TXN6EFUM27XUL,CUST51192439,2025-08-11 21:16:52.670844,359.96,2,Health & Beauty,Makeup
TXNQWT45ZH4MF,CUST51192439,2026-03-19 21:16:52.670844,401.72,1,Office Supplies,Desk Accessories
TXNOCFQ2HN2YQ,CUST51192439,2025-07-31 21:16:52.670844,288.83,1,Clothing,Jacket
TXN2J5VSD14II,CUST51192439,2025-07-05 21:16:52.670844,199.5,3,Home & Garden,Kitchen Appliances
TXNPH59929FZM,CUST51192439,2025-12-25 21:16:52.670844,309.32,4,Home & Garden,Bedding
TXNKUFHZ0W4GS,CUST51192439,2026-05-11 21:16:52.670844,210.94,1,Food & Beverages,Beverages
TXNHOH0HNY3W9,CUST51192439,2026-02-13 21:16:52.670844,303.99,3,Office Supplies,Electronics
TXNA4M1FTG8B3,CUST51192439,2025-08-03 21:16:52.670844,591.14,5,Food & Beverages,Beverages
TXN5EP3CWNFRP,CUST51192439,2025-07-26 21:16:52.670844,126.61,1,Health & Beauty,Personal Care
TXNFAWQGPINDC,CUST51192439,2025-09-30 21:16:52.670844,310.05,3,Health & Beauty,Personal Care
TXN9FZMJUBVUU,CUST51192439,2026-01-29 21:16:52.670844,175.98,2,Clothing,Dress
TXN1GKH3Z1CNS,CUST51192439,2026-06-05 21:16:52.670844,233.21,4,Automotive,Cleaning Supplies
TXNC3WPFW8G3Q,CUST60184956,2025-11-01 21:16:52.670844,184.9,4,Toys & Games,Action Figures
TXNUDP8CUOHTL,CUST60184956,2026-04-18 21:16:52.670844,273.31,5,Sports & Outdoors,Bicycle
TXN67AGEQQO7Z,CUST60184956,2025-11-17 21:16:52.670844,421.27,5,Automotive,Tools
TXNR6IMOP6L0Y,CUST60184956,2026-07-03 21:16:52.670844,235.04,4,Office Supplies,Desk Accessories
TXNYGLPH5LHZH,CUST60184956,2026-02-03 21:16:52.670844,561.25,3,Home & Garden,Furniture
TXNS40DZPZ9LZ,CUST60184956,2026-01-06 21:16:52.670844,294.96,3,Books,Magazines
TXNE7OUDB3RYQ,CUST60184956,2026-03-02 21:16:52.670844,262.64,4,Books,Comics
TXN2KQNQF6ALX,CUST60184956,2025-10-24 21:16:52.670844,294.14,5,Food & Beverages,Organic Products
TXNG1XUE4L1U0,CUST60184956,2026-02-21 21:16:52.670844,132.71,3,Food & Beverages,Snacks
TXNUSWD1GNG7N,CUST60184956,2025-12-22 21:16:52.670844,277.52,4,Clothing,T-Shirt
TXNS9BGJ9H543,CUST60184956,2026-05-10 21:16:52.670844,364.71,3,Sports & Outdoors,Camping Gear
TXNHZPHV5MNS4,CUST60184956,2026-06-19 21:16:52.670844,456.58,3,Home & Garden,Tools
TXNC121N1BIWH,CUST60184956,2026-05-30 21:16:52.670844,242.73,3,Food & Beverages,Beverages
TXNLU0LOAFHTV,CUST60184956,2026-03-27 21:16:52.670844,258.5,1,Automotive,Car Accessories
TXNCZ7GOXN7V4,CUST60184956,2025-10-15 21:16:52.670844,327.31,3,Electronics,Camera
TXN55XSQPZSEN,CUST60184956,2026-06-11 21:16:52.670844,521.48,2,Sports & Outdoors,Camping Gear
TXNZ5CCIL9C2E,CUST60184956,2026-02-21 21:16:52.670844,432.13,4,Automotive,Car Accessories
TXNRHBVHF3DDK,CUST60184956,2026-02-01 21:16:52.670844,222.92,3,Food & Beverages,Gourmet Food
TXNDWIMYDPGUV,CUST60184956,2026-05-03 21:16:52.670844,280.22,4,Toys & Games,Board Games
TXNU5G4F1RHXW,CUST60184956,2026-02-18 21:16:52.670844,346.92,5,Automotive,Cleaning Supplies
TXN0NLDZB7EWC,CUST60184956,2026-06-08 21:16:52.670844,283.42,3,Sports & Outdoors,Bicycle
TXNIYX4D5YDT5,CUST60184956,2026-04-01 21:16:52.670844,351.57,5,Electronics,Laptop
TXNU8MJYSGI3I,CUST60184956,2026-06-28 21:16:52.670844,327.11,1,Office Supplies,Stationery
TXNI1ZARJZOGR,CUST60184956,2026-02-07 21:16:52.670844,461.17,3,Food & Beverages,Organic Products
TXNS7M0CBD41A,CUST60184956,2025-10-14 21:16:52.670844,244.69,3,Automotive,Parts
TXNLCEEZLLEZ0,CUST60184956,2026-01-02 21:16:52.670844,304.48,3,Automotive,Tools
TXN093IQ1I62L,CUST60184956,2026-02-06 21:16:52.670844,316.02,3,Books,Non-Fiction
TXNQ32KTJ6V98,CUST60184956,2026-02-17 21:16:52.670844,255.12,1,Books,Comics
TXNAXT8YNKP2K,CUST60184956,2026-02-17 21:16:52.670844,272.02,4,Home & Garden,Kitchen Appliances
TXNQ4P8RGGNTP,CUST60184956,2026-04-03 21:16:52.670844,363.67,5,Food & Beverages,Organic Products
TXNQ891GLUZQ5,CUST60184956,2025-12-05 21:16:52.670844,201.45,4,Health & Beauty,Makeup
TXNJ63UXSHF19,CUST60184956,2026-05-13 21:16:52.670844,218.44,1,Health & Beauty,Makeup
TXNSWXRVOZQ6N,CUST04755910,2026-03-08 21:16:52.670844,196.33,1,Clothing,Jeans
TXNZQ9K5Y3KM6,CUST04755910,2026-04-14 21:16:52.670844,212.6,4,Home & Garden,Kitchen Appliances
TXN5J48PQKOKE,CUST04755910,2026-03-26 21:16:52.670844,218.36,5,Toys & Games,Action Figures
TXNUR226JC95Q,CUST04755910,2025-12-16 21:16:52.670844,204.91,2,Toys & Games,Video Games
TXNUCPBH0UPPT,CUST04755910,2026-03-04 21:16:52.670844,165.45,5,Food & Beverages,Gourmet Food
TXNGHNIS96OV1,CUST04755910,2025-11-28 21:16:52.670844,288.56,1,Sports & Outdoors,Fitness Equipment
TXNYXKPES7KKD,CUST04755910,2025-11-13 21:16:52.670844,244.59,1,Electronics,Laptop
TXNSXQVSZU0Y5,CUST04755910,2026-04-10 21:16:52.670844,190.76,4,Automotive,Car Accessories
TXNLEA5KX6JMQ,CUST04755910,2026-05-21 21:16:52.670844,228.76,2,Books,Educational
TXNHJ4J9LAT0O,CUST04755910,2026-03-19 21:16:52.670844,219.3,1,Automotive,Cleaning Supplies
TXN0KZ8N4Q7WZ,CUST04755910,2026-01-26 21:16:52.670844,197.76,4,Health & Beauty,Supplements
TXN8TMYM5DTWI,CUST04755910,2026-05-08 21:16:52.670844,98.33,5,Home & Garden,Furniture
TXN2P6WUT8OUE,CUST04755910,2026-02-14 21:16:52.670844,177.6,5,Clothing,Jeans
TXNPDERO16AMT,CUST04755910,2025-12-12 21:16:52.670844,139.81,3,Health & Beauty,Skincare
TXNL8RJ354YFQ,CUST04755910,2025-11-24 21:16:52.670844,250.84,1,Electronics,Laptop
TXN0Q5PIOX10U,CUST04755910,2026-05-14 21:16:52.670844,172.92,2,Food & Beverages,Beverages
TXNKHYCZSPJV3,CUST04755910,2025-10-11 21:16:52.670844,158.92,1,Sports & Outdoors,Bicycle
TXNZT5RYLTO5G,CUST04755910,2026-05-24 21:16:52.670844,178.44,4,Electronics,Smartphone
TXNJHGXNXULTL,CUST04755910,2026-05-24 21:16:52.670844,344.3,2,Books,Fiction
TXNPYETORB3IC,CUST00333373,2026-03-23 21:16:52.670844,259.83,5,Electronics,Smartphone
TXNJTP0F4YXSI,CUST00333373,2026-03-27 21:16:52.670844,193.4,4,Office Supplies,Furniture
TXNSZMN39VS6Q,CUST00333373,2026-03-21 21:16:52.670844,180.37,1,Home & Garden,Decor
TXN13WY6R3CDM,CUST00333373,2026-03-22 21:16:52.670844,112.6,3,Toys & Games,Action Figures
TXN7LU31MASWD,CUST00333373,2026-03-28 21:16:52.670844,191.56,3,Toys & Games,Board Games
TXN6PHR1IZK5J,CUST00333373,2026-03-17 21:16:52.670844,233.35,5,Office Supplies,Electronics
TXNKPX7WP9YMW,CUST00333373,2026-03-27 21:16:52.670844,252.78,2,Sports & Outdoors,Fitness Equipment
TXNVNNN47JDWD,CUST00333373,2026-03-19 21:16:52.670844,174.17,4,Toys & Games,Video Games
TXN5QER961JSI,CUST00333373,2026-03-27 21:16:52.670844,274.74,3,Automotive,Car Accessories
TXN3LBC5HBIRT,CUST41753599,2026-04-03 21:16:52.670844,70.87,3,Health & Beauty,Skincare
TXNH9466VJUWK,CUST41753599,2026-04-02 21:16:52.670844,54.46,4,Clothing,Accessories
TXNO66WNHG7AW,CUST41753599,2026-01-19 21:16:52.670844,31.29,4,Clothing,T-Shirt
TXNL2C9BRPFBZ,CUST41753599,2026-02-04 21:16:52.670844,57.1,3,Clothing,Jacket
TXNC1TWF7E4I5,CUST41753599,2026-03-25 21:16:52.670844,78.52,3,Office Supplies,Desk Accessories
TXNX2YVX3E3GW,CUST41753599,2026-02-17 21:16:52.670844,70.97,5,Health & Beauty,Supplements
TXN17EKTRNO04,CUST67577363,2025-12-28 21:16:52.670844,52.01,4,Food & Beverages,Gourmet Food
TXNUXHPYUU0TA,CUST67577363,2025-12-19 21:16:52.670844,85.06,1,Sports & Outdoors,Camping Gear
TXNYHULWTI8XH,CUST67577363,2026-02-23 21:16:52.670844,60.18,5,Electronics,Camera
TXN7STP7J4FH1,CUST67577363,2026-01-11 21:16:52.670844,68.83,3,Food & Beverages,Gourmet Food
TXNT6PIMR0Z6O,CUST67577363,2026-01-07 21:16:52.670844,47.74,2,Toys & Games,Puzzles
TXN70LFJRS93S,CUST67577363,2025-12-24 21:16:52.670844,64.77,1,Office Supplies,Desk Accessories
TXN4I8IO5EN2J,CUST90446609,2025-09-06 21:16:52.670844,211.72,3,Toys & Games,Video Games
TXNP7OBKV2WSW,CUST90446609,2026-06-03 21:16:52.670844,121.22,5,Home & Garden,Furniture
TXN8HF3FPP9CJ,CUST90446609,2025-05-06 21:16:52.670844,138.66,2,Books,Non-Fiction
TXNKKA9F5DSJL,CUST90446609,2025-10-07 21:16:52.670844,126.17,1,Automotive,Tools
TXNKNONQVENIR,CUST90446609,2025-06-02 21:16:52.670844,65.38,1,Automotive,Car Accessories
TXNA95V2R5G5J,CUST90446609,2026-03-27 21:16:52.670844,134.91,2,Books,Educational
TXNPHEU7CCEEC,CUST90446609,2026-02-10 21:16:52.670844,118.51,4,Automotive,Car Accessories
TXN98UBHWC6Z4,CUST90446609,2026-05-13 21:16:52.670844,166.72,5,Electronics,Laptop
TXNL2H27Z36HM,CUST90446609,2025-07-09 21:16:52.670844,171.45,3,Toys & Games,Action Figures
TXN1IPK31KSFB,CUST90446609,2026-03-14 21:16:52.670844,190.8,5,Food & Beverages,Snacks
TXN13VYWMFI9I,CUST90446609,2025-12-07 21:16:52.670844,213.36,4,Health & Beauty,Makeup
TXNVGWV5LBMUQ,CUST90446609,2025-03-26 21:16:52.670844,111.49,5,Toys & Games,Action Figures
TXNXCIHSDPFHD,CUST90446609,2026-06-19 21:16:52.670844,93.85,5,Office Supplies,Electronics
TXNP3XN9TF4WQ,CUST90446609,2025-12-14 21:16:52.670844,149.33,5,Clothing,T-Shirt
TXNS5FIRTRR9W,CUST90446609,2025-08-14 21:16:52.670844,113.03,4,Books,Magazines
TXNAUHZ8HX6YY,CUST90446609,2025-12-26 21:16:52.670844,179.05,4,Food & Beverages,Organic Products
TXNW2UBV0JHPR,CUST90446609,2026-05-23 21:16:52.670844,121.43,4,Clothing,Jeans
TXN5RYH2FY7UR,CUST90446609,2025-09-28 21:16:52.670844,123.12,4,Sports & Outdoors,Camping Gear
TXNDIG6FGG10O,CUST07015869,2026-01-20 21:16:52.670844,40.65,4,Clothing,Shoes
TXN68SQ5A6PIR,CUST07015869,2025-12-12 21:16:52.670844,59.46,5,Automotive,Tools
TXN5R3IPJ2YNF,CUST07015869,2026-01-03 21:16:52.670844,77.92,1,Toys & Games,Puzzles
TXNA4GQ6BZANG,CUST07015869,2026-01-23 21:16:52.670844,71.24,2,Electronics,Camera
TXNT8NK63QNL6,CUST07015869,2026-03-01 21:16:52.670844,63.47,2,Automotive,Car Accessories
TXN58PO3LQ119,CUST07015869,2026-03-06 21:16:52.670844,38.51,2,Food & Beverages,Organic Products
TXNJT7SKHVFR0,CUST07015869,2026-01-01 21:16:52.670844,55.46,2,Home & Garden,Kitchen Appliances
TXNL9PPULUN63,CUST07015869,2025-12-26 21:16:52.670844,66.93,5,Sports & Outdoors,Bicycle
TXND7O20N0DE1,CUST78198410,2025-11-08 21:16:52.670844,95.62,2,Toys & Games,Puzzles
TXNDVTEEB7CR5,CUST78198410,2026-01-24 21:16:52.670844,166.88,3,Clothing,Dress
TXN28HZC60TM3,CUST78198410,2025-12-04 21:16:52.670844,166.22,4,Food & Beverages,Organic Products
TXNA6M43GLBVS,CUST78198410,2025-12-10 21:16:52.670844,86.9,5,Automotive,Car Accessories
TXNAQK052FGGQ,CUST78198410,2025-11-27 21:16:52.670844,161.76,4,Office Supplies,Electronics
TXNHYKI0CW8D9,CUST90606875,2025-12-18 21:16:52.670844,170.84,4,Clothing,T-Shirt
TXNNXI3CS15Y9,CUST90606875,2026-03-15 21:16:52.670844,119.44,4,Home & Garden,Kitchen Appliances
TXN16BG3FWNY4,CUST90606875,2026-02-19 21:16:52.670844,162.69,4,Toys & Games,Board Games
TXN43LQHWENDF,CUST90606875,2026-04-01 21:16:52.670844,111.05,4,Clothing,Jeans
TXNFJ67UAOOL0,CUST90606875,2026-02-09 21:16:52.670844,149.51,4,Home & Garden,Furniture
TXNOOJI5TATG3,CUST90606875,2025-10-30 21:16:52.670844,122.92,2,Toys & Games,Video Games
TXN8BLBTPKM16,CUST90606875,2026-02-03 21:16:52.670844,110.68,2,Health & Beauty,Makeup
TXN7AFG01C7ZU,CUST90606875,2026-01-08 21:16:52.670844,89.61,4,Books,Non-Fiction
TXN8UY7N0MNQ7,CUST55471704,2025-10-20 21:16:52.670844,215.31,5,Electronics,Laptop
TXNOJ91WN3J8H,CUST55471704,2025-08-16 21:16:52.670844,130.75,4,Electronics,Laptop
TXNYWXA3QR69J,CUST55471704,2025-12-21 21:16:52.670844,187.56,5,Food & Beverages,Organic Products
TXNEMFC3FMJKY,CUST55471704,2026-01-12 21:16:52.670844,164.9,5,Automotive,Car Accessories
TXNDGZIPLZMJZ,CUST55471704,2025-10-24 21:16:52.670844,199.78,1,Health & Beauty,Personal Care
TXNEDP896KA1E,CUST55471704,2026-01-21 21:16:52.670844,225.8,3,Home & Garden,Furniture
TXNGAL4MC6Q9M,CUST94584083,2025-06-30 21:16:52.670844,257.66,2,Clothing,Dress
TXN5PWCWLVYSX,CUST94584083,2026-03-04 21:16:52.670844,283.94,1,Office Supplies,Electronics
TXN8752XA60H4,CUST94584083,2026-01-25 21:16:52.670844,205.26,1,Electronics,Laptop
TXNAQTTYVFH9Q,CUST94584083,2026-02-28 21:16:52.670844,230.01,2,Automotive,Tools
TXNL7MCPBECWH,CUST94584083,2024-11-02 21:16:52.670844,133.6,1,Health & Beauty,Supplements
TXNEAQWL41TYR,CUST94584083,2025-07-17 21:16:52.670844,223.15,5,Home & Garden,Kitchen Appliances
TXN9L1LAOCS0H,CUST94584083,2025-02-17 21:16:52.670844,193.82,2,Sports & Outdoors,Camping Gear
TXNEH9SDNK60H,CUST94584083,2025-11-02 21:16:52.670844,205.97,4,Toys & Games,Video Games
TXNSSUUCYGSWM,CUST94584083,2026-07-04 21:16:52.670844,249.63,4,Food & Beverages,Gourmet Food
TXND9OGJIRXJ2,CUST94584083,2025-12-11 21:16:52.670844,404.49,3,Home & Garden,Furniture
TXNS07H4PV0T1,CUST94584083,2025-11-06 21:16:52.670844,300.55,1,Automotive,Parts
TXNGON1PEFVXV,CUST94584083,2025-11-08 21:16:52.670844,331.42,1,Health & Beauty,Skincare
TXNJ6UE25MHBR,CUST94584083,2025-09-26 21:16:52.670844,235.95,4,Automotive,Parts
TXNRUTJD1YCPM,CUST94584083,2026-05-22 21:16:52.670844,229.37,4,Sports & Outdoors,Bicycle
TXNLLVL0966ZN,CUST94584083,2025-05-13 21:16:52.670844,138.0,1,Food & Beverages,Snacks
TXNFXDXNOW5CQ,CUST94584083,2025-03-02 21:16:52.670844,303.75,1,Toys & Games,Puzzles
TXNKNXEUQ6NHK,CUST94584083,2025-09-29 21:16:52.670844,297.42,1,Sports & Outdoors,Sportswear
TXNRJ9PZ7Z7PO,CUST94584083,2026-01-23 21:16:52.670844,216.63,3,Automotive,Cleaning Supplies
TXN8VFBWXYWB2,CUST94584083,2025-11-08 21:16:52.670844,277.13,5,Health & Beauty,Personal Care
TXNOFKAOBAC0S,CUST94584083,2024-09-28 21:16:52.670844,266.2,4,Office Supplies,Furniture
TXNFJL5V35OUD,CUST94584083,2026-06-17 21:16:52.670844,327.24,5,Food & Beverages,Beverages
TXNQESQ6HC6ZM,CUST94584083,2024-11-24 21:16:52.670844,234.48,2,Office Supplies,Desk Accessories
TXNFBV7W1JIUU,CUST94584083,2025-01-22 21:16:52.670844,305.33,2,Clothing,Jeans
TXNHUIXU7I70F,CUST94584083,2026-04-18 21:16:52.670844,208.77,2,Toys & Games,Puzzles
TXNMGT3YIXDKX,CUST94584083,2024-10-31 21:16:52.670844,352.13,2,Health & Beauty,Makeup
TXNFJ5LOLM03V,CUST80634984,2026-02-28 21:16:52.670844,61.56,5,Books,Magazines
TXNKDDFUC9ZCA,CUST80634984,2026-04-20 21:16:52.670844,85.49,4,Toys & Games,Board Games
TXN2AASYIT3OZ,CUST80634984,2026-04-15 21:16:52.670844,115.79,1,Electronics,Smartphone
TXN2FHA8P9620,CUST80634984,2026-06-21 21:16:52.670844,91.96,2,Health & Beauty,Supplements
TXNSKK0FXTU13,CUST80634984,2026-06-18 21:16:52.670844,115.74,2,Automotive,Cleaning Supplies
TXNNUF58S75PT,CUST80634984,2026-04-05 21:16:52.670844,88.88,5,Toys & Games,Action Figures
TXN21R1PYVR5D,CUST80634984,2026-06-14 21:16:52.670844,76.34,3,Electronics,Camera
TXN13N3XTYIF2,CUST80634984,2026-03-29 21:16:52.670844,62.61,3,Clothing,Dress
TXN3NCQSL5GZK,CUST80634984,2026-04-21 21:16:52.670844,94.92,1,Electronics,Headphones
TXNNAPNO3JTCM,CUST80634984,2026-06-30 21:16:52.670844,93.36,3,Books,Non-Fiction
TXNOPXCP4PL3C,CUST80634984,2026-04-22 21:16:52.670844,89.0,5,Food & Beverages,Gourmet Food
TXNPPZYUFV5N4,CUST80634984,2026-05-18 21:16:52.670844,59.1,2,Automotive,Parts
TXN5YIK7Y7K41,CUST80634984,2026-04-15 21:16:52.670844,123.62,2,Toys & Games,Video Games
TXNXLVKMVRKTK,CUST80634984,2026-06-16 21:16:52.670844,91.45,1,Sports & Outdoors,Sportswear
TXNGN995T6S7D,CUST80634984,2026-06-03 21:16:52.670844,90.78,1,Electronics,Smart Watch
TXNMLOU9TEKKB,CUST86453297,2026-06-05 21:16:52.670844,163.03,1,Toys & Games,Puzzles
TXNEI6EFYIK5A,CUST86453297,2026-05-17 21:16:52.670844,73.58,3,Sports & Outdoors,Fitness Equipment
TXNZOJRMWLKXC,CUST86453297,2026-03-16 21:16:52.670844,226.15,1,Health & Beauty,Supplements
TXNTY4R9L9OBG,CUST86453297,2026-06-26 21:16:52.670844,241.52,2,Clothing,T-Shirt
TXNBMIAXDA8TS,CUST86453297,2026-05-01 21:16:52.670844,158.45,4,Health & Beauty,Makeup
TXN503E5UOOLB,CUST86453297,2026-03-16 21:16:52.670844,149.16,1,Health & Beauty,Skincare
TXNKYQHVEYX6E,CUST86453297,2026-07-09 21:16:52.670844,151.66,1,Food & Beverages,Organic Products
TXNHO21T8MIWR,CUST86453297,2026-06-12 21:16:52.670844,53.09,2,Office Supplies,Stationery
TXNHP9IH7N6OZ,CUST86453297,2026-06-27 21:16:52.670844,219.88,2,Books,Comics
TXNTCVIGL9CSK,CUST86453297,2026-06-15 21:16:52.670844,182.6,5,Clothing,T-Shirt
TXNSUGKJI3LF4,CUST86453297,2026-03-21 21:16:52.670844,129.02,2,Sports & Outdoors,Camping Gear
TXNQWE1CEK8ID,CUST86453297,2026-03-16 21:16:52.670844,140.64,3,Books,Educational
TXNPI5AX9B9YK,CUST86453297,2026-06-08 21:16:52.670844,170.87,2,Office Supplies,Electronics
TXNYWHKPNRSXC,CUST86453297,2026-04-19 21:16:52.670844,140.43,4,Toys & Games,Board Games
TXNBJQ03OKDQ4,CUST86453297,2026-05-25 21:16:52.670844,117.21,4,Toys & Games,Board Games
TXNPECQIQHZE7,CUST86453297,2026-05-03 21:16:52.670844,131.33,1,Health & Beauty,Personal Care
TXNSMANFMQTCR,CUST86453297,2026-04-17 21:16:52.670844,185.46,2,Health & Beauty,Personal Care
TXNXIEFWFBH45,CUST86453297,2026-06-21 21:16:52.670844,173.84,3,Clothing,Dress
TXN4ZXYZB9QF5,CUST86453297,2026-05-23 21:16:52.670844,150.94,4,Toys & Games,Action Figures
TXNWX5F953943,CUST86453297,2026-06-05 21:16:52.670844,240.3,1,Office Supplies,Stationery
TXNDH1WSMTJ7B,CUST86453297,2026-06-04 21:16:52.670844,118.64,3,Home & Garden,Bedding
TXNJYI6UPYTCP,CUST86453297,2026-07-10 21:16:52.670844,190.06,1,Toys & Games,Action Figures
TXNSF3OAKNLWD,CUST86453297,2026-04-16 21:16:52.670844,110.1,2,Home & Garden,Furniture
TXNQP9WS0BVDI,CUST86453297,2026-04-08 21:16:52.670844,132.53,2,Office Supplies,Stationery
TXN4GU4NUP2T6,CUST86453297,2026-05-03 21:16:52.670844,150.21,4,Books,Comics
TXN5PPI1XX5VV,CUST86453297,2026-07-08 21:16:52.670844,137.94,1,Automotive,Cleaning Supplies
TXNFN2O644P4R,CUST86453297,2026-05-24 21:16:52.670844,222.53,3,Toys & Games,Puzzles
TXNQYQYL67RT0,CUST86453297,2026-05-15 21:16:52.670844,122.95,5,Food & Beverages,Snacks
TXNQIMLJRUOW9,CUST86453297,2026-03-22 21:16:52.670844,102.15,2,Office Supplies,Electronics
TXNWP9ZU5U1S0,CUST86453297,2026-03-25 21:16:52.670844,138.36,4,Office Supplies,Electronics
TXN0C03RUNXLY,CUST86453297,2026-04-29 21:16:52.670844,143.11,2,Clothing,Jacket
TXNWLQ4OZ5NEO,CUST86453297,2026-04-10 21:16:52.670844,161.34,1,Food & Beverages,Beverages
TXNNU7AQWFNHQ,CUST86453297,2026-04-27 21:16:52.670844,188.69,5,Books,Non-Fiction
TXNI8LZDLFARN,CUST86453297,2026-07-04 21:16:52.670844,129.62,2,Health & Beauty,Makeup
TXN0O00YHK5N1,CUST86453297,2026-04-15 21:16:52.670844,68.34,1,Food & Beverages,Organic Products
TXN8M5Y0Z81Z9,CUST86453297,2026-07-04 21:16:52.670844,187.16,3,Toys & Games,Board Games
TXN0HWRDBNQYT,CUST86453297,2026-04-21 21:16:52.670844,141.67,5,Health & Beauty,Supplements
TXNP9YL6FTSVW,CUST86453297,2026-06-25 21:16:52.670844,147.29,2,Toys & Games,Board Games
TXNNHD6VBJQN6,CUST86453297,2026-06-18 21:16:52.670844,158.35,4,Sports & Outdoors,Bicycle
TXNKFWFN56EK1,CUST86453297,2026-04-28 21:16:52.670844,93.89,5,Toys & Games,Video Games
TXNB3L1Z1G4DM,CUST86453297,2026-05-19 21:16:52.670844,86.48,4,Clothing,Jacket
TXN5EQYQZ2TV5,CUST86453297,2026-05-02 21:16:52.670844,115.21,2,Office Supplies,Desk Accessories
TXNYFP9UN0KZJ,CUST63481489,2026-03-16 21:16:52.670844,170.99,2,Clothing,Jacket
TXNXUSH7HM0BH,CUST63481489,2026-03-03 21:16:52.670844,139.31,4,Home & Garden,Kitchen Appliances
TXNFJY18YZ6G9,CUST63481489,2026-02-07 21:16:52.670844,374.79,5,Health & Beauty,Supplements
TXNE9IJMD09XG,CUST63481489,2026-04-08 21:16:52.670844,171.11,3,Clothing,Jacket
TXN22NI0VUZIS,CUST63481489,2025-12-14 21:16:52.670844,139.72,3,Health & Beauty,Personal Care
TXNLB4C2CTUA5,CUST63481489,2026-05-19 21:16:52.670844,205.6,5,Office Supplies,Stationery
TXNPWUAHYAS7Y,CUST63481489,2025-09-03 21:16:52.670844,339.58,2,Health & Beauty,Makeup
TXNRPBU0TF5U9,CUST63481489,2026-04-21 21:16:52.670844,109.76,4,Toys & Games,Video Games
TXNRMQWXCZTH3,CUST63481489,2026-04-17 21:16:52.670844,347.24,4,Automotive,Cleaning Supplies
TXN2GWB8XBE2Q,CUST63481489,2025-11-17 21:16:52.670844,302.97,3,Home & Garden,Kitchen Appliances
TXN26QWO72KDL,CUST63481489,2026-04-05 21:16:52.670844,369.82,1,Automotive,Tools
TXN0SDVS5UML2,CUST63481489,2025-08-26 21:16:52.670844,269.98,1,Sports & Outdoors,Bicycle
TXNXJBS783FI0,CUST63481489,2026-04-29 21:16:52.670844,215.67,4,Sports & Outdoors,Sportswear
TXNUTQEO2OWI1,CUST63481489,2026-03-09 21:16:52.670844,271.8,1,Automotive,Car Accessories
TXN2GK75EGXS0,CUST63481489,2026-06-03 21:16:52.670844,320.61,1,Health & Beauty,Skincare
TXNQ6P65JDFH4,CUST63481489,2026-04-02 21:16:52.670844,189.65,3,Automotive,Tools
TXNX8M2RUI1HS,CUST63481489,2026-05-18 21:16:52.670844,291.16,4,Food & Beverages,Gourmet Food
TXNO58OGYBCYS,CUST40117271,2026-02-04 21:16:52.670844,189.72,1,Clothing,Accessories
TXNU2GSDIS320,CUST40117271,2026-02-06 21:16:52.670844,183.34,1,Home & Garden,Furniture
TXNUJM4MVANLO,CUST40117271,2026-01-21 21:16:52.670844,139.96,3,Sports & Outdoors,Bicycle
TXNRNI3QTJKU4,CUST40117271,2026-01-11 21:16:52.670844,91.9,5,Toys & Games,Action Figures
TXN8GRDGSVRVH,CUST19028863,2026-04-30 21:16:52.670844,160.27,5,Electronics,Laptop
TXNBKMLI7CRQP,CUST19028863,2026-04-03 21:16:52.670844,55.11,4,Automotive,Tools
TXNIPTFH032MQ,CUST19028863,2026-02-09 21:16:52.670844,131.94,5,Home & Garden,Kitchen Appliances
TXN89T7OHBUNU,CUST19028863,2026-02-13 21:16:52.670844,133.1,5,Health & Beauty,Skincare
TXNPKTBAT969Z,CUST19028863,2026-04-26 21:16:52.670844,150.24,1,Electronics,Laptop
TXNKLVKWTVI4G,CUST19028863,2026-02-21 21:16:52.670844,104.38,3,Electronics,Smartphone
TXNCKJLNG9LW9,CUST19028863,2026-03-24 21:16:52.670844,66.31,2,Office Supplies,Furniture
TXNAL3G1EBVXI,CUST19028863,2026-06-08 21:16:52.670844,79.78,3,Office Supplies,Stationery
TXNQNDXJYH0ZJ,CUST19028863,2026-06-12 21:16:52.670844,112.15,4,Automotive,Parts
TXNHBJQBEZYPM,CUST19028863,2025-11-15 21:16:52.670844,138.4,2,Electronics,Tablet
TXNWDQNPASC74,CUST19028863,2026-04-09 21:16:52.670844,116.81,1,Sports & Outdoors,Fitness Equipment
TXN14QVG7QG61,CUST19028863,2025-10-15 21:16:52.670844,108.78,5,Books,Magazines
TXNALJHWYYWCF,CUST19028863,2026-06-09 21:16:52.670844,157.87,1,Toys & Games,Board Games
TXN0LU8W4F7RQ,CUST19028863,2026-02-20 21:16:52.670844,185.33,3,Food & Beverages,Organic Products
TXNXKLRI1DVHP,CUST19028863,2025-09-28 21:16:52.670844,96.72,5,Books,Fiction
TXN9MGSPSQSYD,CUST19028863,2025-09-14 21:16:52.670844,143.34,2,Office Supplies,Furniture
TXNVOC96ZDF96,CUST19028863,2025-09-03 21:16:52.670844,162.48,2,Home & Garden,Decor
TXN9TFYJXDUGR,CUST19028863,2025-10-05 21:16:52.670844,140.69,4,Home & Garden,Bedding
TXN81BLY5V082,CUST19028863,2025-11-09 21:16:52.670844,126.9,4,Toys & Games,Action Figures
TXNQ6MG09FR4Y,CUST19028863,2026-06-22 21:16:52.670844,179.7,5,Home & Garden,Furniture
TXNF700KRAF1M,CUST19028863,2026-05-17 21:16:52.670844,202.85,4,Clothing,Shoes
TXNPJ1JN5K24U,CUST19028863,2025-08-04 21:16:52.670844,137.21,2,Books,Comics
TXN3PY598TJJE,CUST19028863,2026-04-19 21:16:52.670844,118.14,5,Books,Fiction
TXNK9YQVKCUZB,CUST19028863,2025-08-20 21:16:52.670844,157.55,2,Office Supplies,Electronics
TXNICT71KRRNO,CUST19028863,2026-05-15 21:16:52.670844,112.9,3,Health & Beauty,Personal Care
TXNYZW7WFLXWW,CUST19028863,2026-01-03 21:16:52.670844,109.79,2,Health & Beauty,Personal Care
TXNX6NN2NWKJ8,CUST19028863,2026-04-14 21:16:52.670844,165.09,3,Office Supplies,Stationery
TXNJENCH634RL,CUST19028863,2026-03-29 21:16:52.670844,87.83,1,Food & Beverages,Beverages
TXNS1FJCJMA1X,CUST19028863,2026-05-31 21:16:52.670844,107.0,5,Electronics,Smartphone
TXNHFTGO6IIF2,CUST19028863,2026-01-31 21:16:52.670844,123.55,1,Sports & Outdoors,Bicycle
TXNHPHS5BO0AY,CUST19028863,2025-09-17 21:16:52.670844,120.24,4,Sports & Outdoors,Camping Gear
TXNL6BYCS1PGI,CUST19028863,2026-01-25 21:16:52.670844,122.23,2,Office Supplies,Electronics
TXN8RK3JGC8VJ,CUST19028863,2026-02-22 21:16:52.670844,78.81,5,Food & Beverages,Gourmet Food
TXN38NQ82KMH7,CUST19028863,2025-10-10 21:16:52.670844,99.91,5,Food & Beverages,Snacks
TXN28SAKH6A4X,CUST19028863,2025-08-17 21:16:52.670844,115.1,3,Sports & Outdoors,Camping Gear
TXN210SCAX7LO,CUST19028863,2025-11-02 21:16:52.670844,108.53,5,Toys & Games,Action Figures
TXNEHG2J9FSA6,CUST19028863,2025-11-24 21:16:52.670844,177.16,4,Clothing,Dress
TXN9URXG1MK6V,CUST19028863,2026-05-09 21:16:52.670844,131.59,1,Office Supplies,Desk Accessories
TXN8122M2H4IU,CUST19028863,2026-04-07 21:16:52.670844,105.59,4,Clothing,T-Shirt
TXN42K1JDFBZP,CUST19028863,2026-03-18 21:16:52.670844,135.25,1,Books,Comics
TXNCOEN78VK1O,CUST19028863,2025-09-14 21:16:52.670844,68.7,5,Food & Beverages,Beverages
TXNVP988LZUDA,CUST19028863,2025-10-09 21:16:52.670844,85.97,4,Office Supplies,Furniture
TXN1T31C1IFT9,CUST19028863,2026-02-01 21:16:52.670844,147.95,3,Electronics,Tablet
TXNE2XZPQLEZQ,CUST19028863,2026-03-29 21:16:52.670844,147.66,4,Automotive,Car Accessories
TXN6EKZI12GKC,CUST19028863,2026-04-24 21:16:52.670844,77.91,1,Clothing,T-Shirt
TXNK3NC009QIC,CUST19028863,2026-03-05 21:16:52.670844,102.01,1,Toys & Games,Video Games
TXNLXIGKZ6BCM,CUST19028863,2025-10-31 21:16:52.670844,155.97,3,Food & Beverages,Organic Products
TXNA240T3BH41,CUST19028863,2026-03-19 21:16:52.670844,164.81,3,Health & Beauty,Skincare
TXNA5VDVS5WY6,CUST86797600,2026-06-08 21:16:52.670844,174.63,1,Books,Comics
TXNSRTBA5FIHG,CUST86797600,2026-04-21 21:16:52.670844,97.33,3,Sports & Outdoors,Fitness Equipment
TXNHU9VU3RK8Z,CUST86797600,2026-04-11 21:16:52.670844,325.29,2,Sports & Outdoors,Camping Gear
TXNVSSJ618F5U,CUST86797600,2026-05-28 21:16:52.670844,174.49,2,Office Supplies,Furniture
TXN7BEP3IO8ZL,CUST86797600,2026-03-22 21:16:52.670844,148.66,2,Food & Beverages,Beverages
TXN28NC85SBO1,CUST86797600,2026-05-08 21:16:52.670844,145.61,1,Books,Comics
TXNZJS0R7KRYI,CUST86797600,2026-02-27 21:16:52.670844,337.09,3,Clothing,T-Shirt
TXNUHAFL6AD9E,CUST86797600,2026-04-11 21:16:52.670844,269.36,3,Office Supplies,Electronics
TXNB9DBV3AEFM,CUST86797600,2026-03-04 21:16:52.670844,112.79,3,Automotive,Tools
TXNDQB80SAY42,CUST86797600,2026-05-27 21:16:52.670844,262.53,4,Clothing,Accessories
TXN00K2I3YIW5,CUST86797600,2026-05-29 21:16:52.670844,344.27,2,Toys & Games,Action Figures
TXN8I1ISQVVNM,CUST86797600,2026-04-07 21:16:52.670844,249.99,1,Home & Garden,Decor
TXN4WQCU9K9CQ,CUST86797600,2026-03-29 21:16:52.670844,149.69,4,Automotive,Cleaning Supplies
TXNELIZNUIUXN,CUST00429579,2026-03-13 21:16:52.670844,208.2,4,Sports & Outdoors,Fitness Equipment
TXNB8KWUCQJ4Z,CUST00429579,2025-10-19 21:16:52.670844,110.14,1,Food & Beverages,Snacks
TXNKXGSHUAZ9T,CUST00429579,2026-02-03 21:16:52.670844,176.59,4,Food & Beverages,Gourmet Food
TXNK5D57QUN2U,CUST00429579,2026-01-09 21:16:52.670844,234.15,3,Clothing,T-Shirt
TXNWYAZARQUQX,CUST00429579,2026-01-25 21:16:52.670844,274.43,4,Food & Beverages,Gourmet Food
TXN2RWIYTIDZ6,CUST00429579,2026-02-04 21:16:52.670844,197.78,2,Food & Beverages,Snacks
TXNCXTQIIV39P,CUST00429579,2026-01-25 21:16:52.670844,258.06,5,Automotive,Tools
TXNIGOWZSBSOI,CUST00429579,2026-01-27 21:16:52.670844,124.75,1,Health & Beauty,Skincare
TXNNTAEYNBCTU,CUST00429579,2026-05-19 21:16:52.670844,146.71,5,Home & Garden,Decor
TXNUZNF6TNCV9,CUST00429579,2026-02-12 21:16:52.670844,156.66,2,Food & Beverages,Beverages
TXNQJ0E84P4IZ,CUST00429579,2026-02-28 21:16:52.670844,179.14,1,Books,Non-Fiction
TXN0W2TFX5G72,CUST00429579,2026-04-08 21:16:52.670844,242.06,3,Sports & Outdoors,Sportswear
TXNJIMEGIV1LG,CUST13276004,2025-03-24 21:16:52.670844,171.8,4,Clothing,Accessories
TXNS9BP2GNFAR,CUST13276004,2025-09-17 21:16:52.670844,164.86,3,Clothing,Shoes
TXNR0WZWYX19O,CUST13276004,2025-11-17 21:16:52.670844,184.57,4,Office Supplies,Electronics
TXNLBPBD0ESV1,CUST13276004,2026-05-27 21:16:52.670844,234.0,2,Home & Garden,Furniture
TXNNTPX2ZNNXU,CUST13276004,2026-01-08 21:16:52.670844,99.73,3,Toys & Games,Action Figures
TXN9TTN35A1HR,CUST13276004,2026-03-09 21:16:52.670844,157.54,2,Clothing,Jeans
TXN6X3S2BSRAN,CUST13276004,2025-05-22 21:16:52.670844,164.65,4,Office Supplies,Furniture
TXNLZDAMNUOO2,CUST13276004,2024-12-03 21:16:52.670844,171.42,5,Automotive,Parts
TXNVK4TVJ1BR3,CUST13276004,2025-05-04 21:16:52.670844,129.3,2,Automotive,Cleaning Supplies
TXNVO9GLMIQ8P,CUST13276004,2025-05-10 21:16:52.670844,126.42,3,Health & Beauty,Makeup
TXN7P6H1ARLIP,CUST13276004,2025-03-06 21:16:52.670844,207.32,4,Clothing,Accessories
TXNP9YP8DPR0M,CUST13276004,2025-01-08 21:16:52.670844,228.61,4,Sports & Outdoors,Camping Gear
TXNLC05X8MDX5,CUST13276004,2025-10-01 21:16:52.670844,211.52,3,Automotive,Car Accessories
TXNHF00I6U78S,CUST13276004,2025-03-04 21:16:52.670844,118.49,1,Electronics,Smartphone
TXNP40L5P6LKE,CUST13276004,2025-12-28 21:16:52.670844,77.2,5,Books,Magazines
TXN6XXL6DB74R,CUST13276004,2025-08-29 21:16:52.670844,182.06,4,Automotive,Car Accessories
TXN1SQO67WJYE,CUST13276004,2025-10-14 21:16:52.670844,140.76,5,Clothing,T-Shirt
TXN1GLYI8Z9JX,CUST13276004,2025-05-19 21:16:52.670844,194.63,1,Clothing,Accessories
TXNFXNDOJ4AT4,CUST13276004,2026-05-18 21:16:52.670844,96.99,5,Toys & Games,Puzzles
TXNN5MKBLG5S0,CUST13276004,2025-10-26 21:16:52.670844,158.8,4,Electronics,Tablet
TXNWWEJ3BGLBD,CUST13276004,2025-09-05 21:16:52.670844,134.55,1,Health & Beauty,Supplements
TXN7U72Y5JH1B,CUST13276004,2025-05-02 21:16:52.670844,256.05,4,Toys & Games,Puzzles
TXNT9L7GBAI7O,CUST40780605,2026-06-02 21:16:52.670844,153.67,2,Sports & Outdoors,Camping Gear
TXN6GNOZHDZKW,CUST40780605,2026-05-27 21:16:52.670844,162.7,3,Electronics,Smartphone
TXNZFPOGVYPCK,CUST40780605,2026-05-20 21:16:52.670844,122.93,4,Sports & Outdoors,Sportswear
TXNZX9P9RH285,CUST40780605,2026-05-26 21:16:52.670844,143.19,2,Office Supplies,Desk Accessories
TXN4EC711C7O4,CUST40780605,2026-05-19 21:16:52.670844,161.16,2,Electronics,Smartphone
TXN0Z380HHZVX,CUST40780605,2026-05-18 21:16:52.670844,105.58,1,Office Supplies,Furniture
TXN8QNX0LR04F,CUST40780605,2026-05-17 21:16:52.670844,152.21,2,Electronics,Smart Watch
TXNJEV16J6S5J,CUST40780605,2026-05-17 21:16:52.670844,188.67,4,Office Supplies,Stationery
TXNINCSGV7J0X,CUST40780605,2026-05-16 21:16:52.670844,99.91,1,Electronics,Tablet
TXND1JWMNCYH0,CUST40780605,2026-06-01 21:16:52.670844,232.52,5,Books,Non-Fiction
TXN3HWELKVFD6,CUST40780605,2026-05-21 21:16:52.670844,81.28,2,Office Supplies,Desk Accessories
TXN80TX4ETNFY,CUST40780605,2026-05-20 21:16:52.670844,98.21,2,Home & Garden,Kitchen Appliances
TXN31KE90YD8G,CUST40780605,2026-05-23 21:16:52.670844,138.94,3,Electronics,Laptop
TXNXKJ1NYQNX9,CUST40780605,2026-05-24 21:16:52.670844,191.48,4,Clothing,Dress
TXNXPAPS4S2VJ,CUST40780605,2026-05-30 21:16:52.670844,92.82,3,Health & Beauty,Personal Care
TXNXH1KFZ37RH,CUST40780605,2026-06-01 21:16:52.670844,175.71,3,Electronics,Laptop
TXNAH7XJSLAR4,CUST40780605,2026-06-02 21:16:52.670844,187.56,2,Home & Garden,Tools
TXNVEWDEWOHN3,CUST40780605,2026-05-29 21:16:52.670844,171.93,4,Electronics,Smart Watch
TXN48LY15K94H,CUST00892139,2026-06-24 21:16:52.670844,143.2,1,Home & Garden,Decor
TXNH761DDC10G,CUST00892139,2026-03-19 21:16:52.670844,143.86,4,Toys & Games,Puzzles
TXNZRHULL575W,CUST00892139,2026-02-03 21:16:52.670844,77.01,5,Sports & Outdoors,Sportswear
TXNA041G48V0H,CUST00892139,2026-06-09 21:16:52.670844,165.83,3,Health & Beauty,Makeup
TXNZZ7F8Q4PE1,CUST00892139,2026-06-22 21:16:52.670844,281.64,2,Toys & Games,Video Games
TXNWMDQIQ5V2Y,CUST00892139,2026-02-09 21:16:52.670844,134.26,2,Books,Educational
TXNJH3QXPNIDW,CUST00892139,2026-04-11 21:16:52.670844,168.29,4,Food & Beverages,Organic Products
TXNMESRU1DEZO,CUST00892139,2026-02-11 21:16:52.670844,80.88,1,Toys & Games,Action Figures
TXN8KV33UMNCN,CUST00892139,2026-01-30 21:16:52.670844,158.64,4,Automotive,Parts
TXNYFG9HNF0EP,CUST00892139,2026-06-15 21:16:52.670844,162.01,1,Clothing,Jeans
TXNKD3I9ZIZI7,CUST00892139,2026-02-25 21:16:52.670844,141.02,4,Health & Beauty,Skincare
TXNFUJKS0AOJR,CUST00892139,2026-01-16 21:16:52.670844,205.58,2,Automotive,Cleaning Supplies
TXNQ9S0XWYICJ,CUST00892139,2026-01-13 21:16:52.670844,124.9,4,Home & Garden,Furniture
TXNFHP3CS04XW,CUST00892139,2026-04-08 21:16:52.670844,143.75,3,Electronics,Tablet
TXN58PFB9EG8B,CUST00892139,2026-02-27 21:16:52.670844,225.41,2,Sports & Outdoors,Camping Gear
TXNWBXNDYTJCR,CUST00892139,2026-06-01 21:16:52.670844,172.76,2,Home & Garden,Tools
TXNYQ7CR6YHSQ,CUST00892139,2026-05-28 21:16:52.670844,154.16,1,Clothing,Jeans
TXNF1FSJY8V16,CUST69871594,2026-01-11 21:16:52.670844,222.28,1,Toys & Games,Action Figures
TXN6XZ42ULNL8,CUST69871594,2026-01-01 21:16:52.670844,196.06,5,Automotive,Parts
TXNH967ILIT4B,CUST69871594,2026-03-26 21:16:52.670844,224.6,3,Books,Fiction
TXN9VSB5MRZ8B,CUST69871594,2026-06-03 21:16:52.670844,290.75,4,Food & Beverages,Beverages
TXN0T2DQFQUDW,CUST69871594,2026-01-14 21:16:52.670844,288.61,4,Office Supplies,Stationery
TXNOM77NBP8I3,CUST69871594,2026-04-09 21:16:52.670844,240.96,1,Sports & Outdoors,Bicycle
TXNK1YZPAU7W7,CUST69871594,2026-05-20 21:16:52.670844,135.71,3,Food & Beverages,Gourmet Food
TXNRFZ6AFWPXR,CUST69871594,2026-05-19 21:16:52.670844,91.48,3,Books,Educational
TXNQZO7N13KY7,CUST69871594,2026-01-31 21:16:52.670844,172.97,3,Office Supplies,Desk Accessories
TXNTFREA1DPWF,CUST69871594,2026-02-01 21:16:52.670844,171.62,5,Office Supplies,Electronics
TXNHQHFUZ9EJK,CUST69871594,2026-02-18 21:16:52.670844,240.02,2,Toys & Games,Action Figures
TXNC4OA219FF0,CUST69871594,2026-01-25 21:16:52.670844,124.23,4,Home & Garden,Bedding
TXNTA6U9FH2NS,CUST69871594,2026-04-10 21:16:52.670844,244.43,2,Food & Beverages,Snacks
TXNFSTB42VYE4,CUST69871594,2026-04-05 21:16:52.670844,268.77,3,Electronics,Tablet
TXNFTX5DC8W1M,CUST69871594,2026-01-30 21:16:52.670844,256.32,5,Electronics,Headphones
TXNSPU57YS2FK,CUST86024740,2026-06-10 21:16:52.670844,150.65,4,Office Supplies,Stationery
TXNSK9ADZ67IR,CUST86024740,2025-12-31 21:16:52.670844,95.21,4,Office Supplies,Desk Accessories
TXNXDGXG2BYM5,CUST86024740,2026-05-27 21:16:52.670844,212.14,1,Food & Beverages,Gourmet Food
TXNUVGQ3GLQWI,CUST86024740,2026-05-16 21:16:52.670844,195.03,4,Electronics,Laptop
TXNYGXVIMS6WE,CUST86024740,2025-07-27 21:16:52.670844,177.48,4,Automotive,Tools
TXN9CUMETNJBD,CUST86024740,2025-12-09 21:16:52.670844,239.0,3,Books,Educational
TXNL5VCCXQTBG,CUST86024740,2026-02-10 21:16:52.670844,253.55,4,Toys & Games,Puzzles
TXNKHIIIIMRG4,CUST86024740,2025-09-14 21:16:52.670844,84.22,2,Home & Garden,Tools
TXNFMTQU7CQZJ,CUST86024740,2026-04-04 21:16:52.670844,127.84,3,Sports & Outdoors,Camping Gear
TXNIWD5OGRK0J,CUST86024740,2026-06-14 21:16:52.670844,169.41,2,Clothing,Jeans
TXNGPGR3EVCJ2,CUST86024740,2026-02-28 21:16:52.670844,172.61,3,Toys & Games,Video Games
TXNM7FIV48SLM,CUST86024740,2026-01-25 21:16:52.670844,298.85,4,Toys & Games,Action Figures
TXNZGEDP8E5TP,CUST86024740,2026-04-21 21:16:52.670844,255.64,4,Automotive,Cleaning Supplies
TXNBLEAMO3GYG,CUST86024740,2025-08-23 21:16:52.670844,154.06,5,Office Supplies,Desk Accessories
TXNGQXCGK6K49,CUST86024740,2025-10-02 21:16:52.670844,191.77,5,Books,Educational
TXNBU8724GP58,CUST86024740,2025-10-12 21:16:52.670844,142.51,2,Health & Beauty,Makeup
TXNYXN8QFGSFP,CUST86024740,2025-07-06 21:16:52.670844,233.11,5,Clothing,Jacket
TXNFOBGPSP5A4,CUST86024740,2026-01-24 21:16:52.670844,276.81,4,Books,Comics
TXNAIO9QPKTCT,CUST86024740,2025-09-16 21:16:52.670844,158.47,4,Automotive,Tools
TXNFYN714A6TU,CUST86024740,2026-03-24 21:16:52.670844,241.05,2,Food & Beverages,Organic Products
TXNGFQNNSXBN2,CUST97926381,2026-01-05 21:16:52.670844,66.18,2,Health & Beauty,Supplements
TXNZLGN64JP2V,CUST97926381,2026-01-13 21:16:52.670844,24.57,2,Clothing,Accessories
TXN9Y4ETJDP7N,CUST97926381,2026-01-23 21:16:52.670844,121.22,5,Home & Garden,Furniture
TXNY1L5XPSXIW,CUST97926381,2026-01-18 21:16:52.670844,40.85,1,Health & Beauty,Skincare
TXN2SCEC4KCP3,CUST97926381,2026-01-12 21:16:52.670844,47.88,4,Home & Garden,Kitchen Appliances
TXNUNMIOHRX37,CUST97926381,2026-01-22 21:16:52.670844,50.8,5,Office Supplies,Furniture
TXN2DNEOV3JJ7,CUST97926381,2026-02-06 21:16:52.670844,64.57,3,Automotive,Cleaning Supplies
TXN9H7CH78DHY,CUST97926381,2026-01-24 21:16:52.670844,55.57,3,Sports & Outdoors,Bicycle
TXN8BGACQKZ3N,CUST97926381,2026-01-31 21:16:52.670844,84.46,1,Electronics,Camera
TXNY2JD620JRE,CUST81564636,2026-03-06 21:16:52.670844,116.65,1,Automotive,Tools
TXNXJPRARE1YP,CUST81564636,2026-02-23 21:16:52.670844,96.22,3,Home & Garden,Furniture
TXNB832THM916,CUST81564636,2026-02-21 21:16:52.670844,69.67,2,Health & Beauty,Supplements
TXN5FZ1AYMBEU,CUST81564636,2026-03-13 21:16:52.670844,102.17,4,Home & Garden,Bedding
TXNFWC3IBNO9R,CUST81564636,2025-10-13 21:16:52.670844,89.69,1,Home & Garden,Decor
TXN45V7BLYMRJ,CUST81564636,2026-03-16 21:16:52.670844,89.16,4,Clothing,Dress
TXNI4MJR68KHJ,CUST89106627,2026-07-08 21:16:52.670844,366.32,3,Electronics,Camera
TXNOSYATMKI09,CUST89106627,2026-07-12 21:16:52.670844,379.69,2,Automotive,Parts
TXNA6R64PZ3NU,CUST89106627,2026-04-25 21:16:52.670844,587.38,3,Sports & Outdoors,Sportswear
TXNE8EO83PGTH,CUST89106627,2026-05-08 21:16:52.670844,351.09,5,Food & Beverages,Beverages
TXN5NETB7SI4U,CUST89106627,2026-04-11 21:16:52.670844,323.08,4,Automotive,Car Accessories
TXN3ROLPLQNN6,CUST89106627,2026-07-01 21:16:52.670844,316.53,3,Office Supplies,Stationery
TXNUHUZKQTILP,CUST89106627,2026-04-29 21:16:52.670844,665.46,3,Electronics,Smart Watch
TXNBVCFTB0VYH,CUST89106627,2026-02-22 21:16:52.670844,240.25,4,Food & Beverages,Snacks
TXNQCFYQBOLYX,CUST89106627,2026-06-06 21:16:52.670844,343.23,4,Home & Garden,Tools
TXNITFJSZ3IWZ,CUST89106627,2026-02-27 21:16:52.670844,354.03,4,Health & Beauty,Supplements
TXN34QDOXG0BY,CUST89106627,2026-04-19 21:16:52.670844,324.25,1,Food & Beverages,Snacks
TXNSKX8QZNH06,CUST89106627,2026-05-29 21:16:52.670844,280.53,3,Automotive,Cleaning Supplies
TXNASG6WFFR4N,CUST89106627,2026-05-05 21:16:52.670844,345.69,3,Clothing,T-Shirt
TXN6M3U4NQYTE,CUST89106627,2026-02-22 21:16:52.670844,361.31,1,Automotive,Cleaning Supplies
TXNRFB6SPJOV6,CUST89106627,2026-06-27 21:16:52.670844,493.27,4,Books,Magazines
TXNSS9JSUQ8RG,CUST89106627,2026-04-01 21:16:52.670844,640.93,1,Office Supplies,Furniture
TXNBKVK12GH9E,CUST89106627,2026-02-01 21:16:52.670844,338.36,1,Toys & Games,Puzzles
TXNQD002RQM05,CUST89106627,2026-06-21 21:16:52.670844,327.23,5,Books,Magazines
TXN6UNL0BZ8NS,CUST89106627,2026-03-17 21:16:52.670844,270.44,2,Clothing,Dress
TXNMCRL5ZJUPY,CUST89106627,2026-05-03 21:16:52.670844,402.52,1,Food & Beverages,Organic Products
TXNJ7EDL0D9EV,CUST89106627,2026-05-20 21:16:52.670844,303.51,2,Food & Beverages,Gourmet Food
TXN3ND640K8B6,CUST89106627,2026-03-11 21:16:52.670844,614.97,3,Food & Beverages,Gourmet Food
TXNLBST7NH2QR,CUST89106627,2026-03-09 21:16:52.670844,424.55,2,Food & Beverages,Beverages
TXN1RT33SPH6K,CUST89106627,2026-06-01 21:16:52.670844,564.23,3,Food & Beverages,Gourmet Food
TXNDUN666HH30,CUST89106627,2026-02-03 21:16:52.670844,330.12,1,Food & Beverages,Gourmet Food
TXNUNT67Z1D9O,CUST89106627,2026-02-15 21:16:52.670844,282.7,2,Sports & Outdoors,Fitness Equipment
TXN6LTFAKABNX,CUST89106627,2026-04-24 21:16:52.670844,479.31,5,Clothing,Shoes
TXNNOZY5JSY7K,CUST89106627,2026-05-17 21:16:52.670844,370.9,1,Electronics,Camera
TXNOCC1122316,CUST89106627,2026-05-18 21:16:52.670844,429.43,1,Home & Garden,Furniture
TXN4K4HBMJIAZ,CUST89106627,2026-03-25 21:16:52.670844,154.14,4,Clothing,Jacket
TXN61I3LDE9CF,CUST38374800,2026-07-11 21:16:52.670844,173.13,2,Automotive,Parts
TXNSHWI5LSVVT,CUST38374800,2025-02-19 21:16:52.670844,375.9,3,Automotive,Car Accessories
TXNIR5GK4R668,CUST38374800,2024-10-19 21:16:52.670844,401.7,1,Clothing,Shoes
TXNK0XCZ0MKVS,CUST38374800,2025-07-28 21:16:52.670844,241.02,5,Automotive,Cleaning Supplies
TXNQUNU6VGUMA,CUST38374800,2025-11-22 21:16:52.670844,343.75,2,Electronics,Headphones
TXNKPMVB6PNOC,CUST38374800,2026-02-19 21:16:52.670844,300.8,1,Toys & Games,Puzzles
TXN66J461SVII,CUST38374800,2025-09-29 21:16:52.670844,222.39,5,Office Supplies,Desk Accessories
TXNWWR6KH1QPD,CUST38374800,2025-07-19 21:16:52.670844,62.54,1,Food & Beverages,Gourmet Food
TXNGH9HFHQ135,CUST38374800,2026-02-01 21:16:52.670844,205.18,4,Clothing,Accessories
TXN0G1Q4JW618,CUST38374800,2026-01-14 21:16:52.670844,382.85,2,Books,Educational
TXN5TZDW9YXKS,CUST38374800,2025-08-30 21:16:52.670844,218.61,2,Office Supplies,Furniture
TXNAHNKITZ3AI,CUST38374800,2025-11-30 21:16:52.670844,303.49,4,Clothing,Accessories
TXN822LJZ8SQI,CUST38374800,2026-05-16 21:16:52.670844,342.31,1,Automotive,Parts
TXN5R0MAFXXPV,CUST38374800,2025-11-15 21:16:52.670844,207.76,1,Automotive,Parts
TXNN8UI07AD45,CUST38374800,2025-06-19 21:16:52.670844,357.68,5,Clothing,Shoes
TXNKVCBFOZ6TN,CUST38374800,2025-02-11 21:16:52.670844,306.52,3,Home & Garden,Furniture
TXN16KWA1VWH9,CUST38374800,2025-02-06 21:16:52.670844,395.42,2,Electronics,Smartphone
TXNIJI6J4951Z,CUST38374800,2026-05-02 21:16:52.670844,268.46,4,Automotive,Car Accessories
TXNC8LTF4UPYI,CUST38374800,2024-09-30 21:16:52.670844,295.54,5,Sports & Outdoors,Sportswear
TXNUALZ9SE8Z3,CUST38374800,2025-10-28 21:16:52.670844,353.59,4,Sports & Outdoors,Fitness Equipment
TXNGEYZ5CRRIC,CUST38374800,2024-09-26 21:16:52.670844,332.63,4,Electronics,Smart Watch
TXNWNDV2EL0Y6,CUST00016872,2026-06-03 21:16:52.670844,197.8,1,Books,Magazines
TXNSLE1ZX60RK,CUST00016872,2026-06-03 21:16:52.670844,151.37,2,Toys & Games,Puzzles
TXNSZPSHMZFQ7,CUST00016872,2026-06-22 21:16:52.670844,175.68,3,Office Supplies,Electronics
TXN2IE7WSF9Y1,CUST00016872,2026-07-01 21:16:52.670844,205.04,5,Sports & Outdoors,Bicycle
TXNLZI2HPIWBM,CUST00016872,2026-06-18 21:16:52.670844,195.66,4,Food & Beverages,Gourmet Food
TXNEFMZ5413LY,CUST00016872,2026-06-05 21:16:52.670844,121.59,4,Automotive,Tools
TXNPF2441P7N3,CUST00016872,2026-06-09 21:16:52.670844,103.72,2,Food & Beverages,Gourmet Food
TXNZIC5A17H4A,CUST00016872,2026-06-23 21:16:52.670844,222.78,2,Health & Beauty,Makeup
TXN9PEPVD9HOR,CUST00016872,2026-06-05 21:16:52.670844,219.32,4,Electronics,Laptop
TXNLOMFE2VU0R,CUST00016872,2026-06-28 21:16:52.670844,149.22,4,Automotive,Tools
TXNLSP0F1AYY0,CUST00016872,2026-06-16 21:16:52.670844,46.27,1,Electronics,Smartphone
TXNWOKY6BI006,CUST00016872,2026-05-31 21:16:52.670844,187.44,1,Home & Garden,Kitchen Appliances
TXNJXWU03NNX0,CUST00016872,2026-06-12 21:16:52.670844,133.55,3,Food & Beverages,Organic Products
TXN0XWWT7ZN5C,CUST00016872,2026-06-10 21:16:52.670844,158.06,2,Automotive,Tools
TXNZN7NKU4PCO,CUST00016872,2026-06-14 21:16:52.670844,200.84,1,Sports & Outdoors,Sportswear
TXNIJKFHMES3Q,CUST00016872,2026-05-23 21:16:52.670844,194.85,4,Automotive,Tools
TXN8I1ANK8TZO,CUST00016872,2026-06-30 21:16:52.670844,156.63,2,Sports & Outdoors,Fitness Equipment
TXN6SN9PUR5OC,CUST00016872,2026-06-07 21:16:52.670844,114.69,5,Toys & Games,Video Games
TXN9QM5ZQGRVA,CUST00016872,2026-05-27 21:16:52.670844,121.35,3,Office Supplies,Furniture
TXNZVEZ2WT4NI,CUST00016872,2026-05-18 21:16:52.670844,123.46,5,Books,Educational
TXNWS2E4I033I,CUST00016872,2026-05-14 21:16:52.670844,164.37,4,Toys & Games,Video Games
TXNWT9I1EHN64,CUST00016872,2026-06-19 21:16:52.670844,149.49,1,Office Supplies,Electronics
TXN5CKB89WK5A,CUST00016872,2026-06-24 21:16:52.670844,138.16,1,Electronics,Smartphone
TXN5Q9BY70BOT,CUST00016872,2026-06-29 21:16:52.670844,219.24,3,Sports & Outdoors,Sportswear
TXNCG2XICNO04,CUST07959742,2026-06-28 21:16:52.670844,352.16,3,Books,Magazines
TXNV0X7CHF7XK,CUST07959742,2026-06-30 21:16:52.670844,596.97,2,Food & Beverages,Snacks
TXNPW6I98BKGH,CUST07959742,2026-06-24 21:16:52.670844,798.91,3,Electronics,Smartphone
TXNC36YVC5PKC,CUST07959742,2026-06-27 21:16:52.670844,535.9,4,Electronics,Camera
TXNSI6L01YQOA,CUST07959742,2026-06-20 21:16:52.670844,430.03,3,Health & Beauty,Supplements
TXNXRQT6XN6N0,CUST07959742,2026-06-24 21:16:52.670844,85.12,4,Food & Beverages,Beverages
TXNOAESSILDKZ,CUST07959742,2026-06-28 21:16:52.670844,528.89,5,Clothing,Accessories
TXNKCPSP5KQ2D,CUST07959742,2026-06-28 21:16:52.670844,243.36,2,Automotive,Parts
TXNNQ4O4GYY5A,CUST07959742,2026-06-20 21:16:52.670844,675.05,4,Toys & Games,Action Figures
TXNX1KLYEUJQ0,CUST07959742,2026-06-29 21:16:52.670844,687.65,4,Office Supplies,Desk Accessories
TXN1SU0XT3HXQ,CUST07959742,2026-06-20 21:16:52.670844,312.35,5,Electronics,Smartphone
TXNNE88TPQZ3Z,CUST07959742,2026-06-19 21:16:52.670844,389.85,3,Food & Beverages,Snacks
TXN936PP2YDZN,CUST07959742,2026-06-26 21:16:52.670844,733.34,4,Automotive,Tools
TXN6Q4W2YAN4R,CUST07959742,2026-06-30 21:16:52.670844,541.08,2,Food & Beverages,Beverages
TXNWWJPIZF3EM,CUST07959742,2026-06-23 21:16:52.670844,385.77,5,Health & Beauty,Supplements
TXN9SXRD4W1VS,CUST07959742,2026-06-24 21:16:52.670844,300.03,4,Home & Garden,Bedding
TXN9TEHDZV666,CUST07959742,2026-06-23 21:16:52.670844,481.71,2,Books,Non-Fiction
TXN1TUX7U2O6D,CUST07959742,2026-06-22 21:16:52.670844,193.77,2,Toys & Games,Video Games
TXNX0XCZ4AXBT,CUST07959742,2026-06-30 21:16:52.670844,584.86,1,Automotive,Cleaning Supplies
TXNKUMIBKJ3BU,CUST07959742,2026-06-20 21:16:52.670844,369.92,4,Electronics,Laptop
TXNYVJLYZ25S2,CUST07959742,2026-06-23 21:16:52.670844,484.06,1,Toys & Games,Video Games
TXNKH14H38DCR,CUST07959742,2026-06-18 21:16:52.670844,368.25,5,Food & Beverages,Beverages
TXN9UQLZXBOSU,CUST07959742,2026-06-25 21:16:52.670844,651.38,4,Automotive,Parts
TXNBAOOZQKTIB,CUST07959742,2026-06-20 21:16:52.670844,625.99,4,Sports & Outdoors,Bicycle
TXNL78LNJJKKL,CUST07959742,2026-06-29 21:16:52.670844,476.16,5,Sports & Outdoors,Bicycle
TXNQCJMT42MEK,CUST07959742,2026-06-25 21:16:52.670844,361.64,2,Electronics,Tablet
TXNGOXVQYI2ER,CUST07959742,2026-06-27 21:16:52.670844,279.81,4,Clothing,Shoes
TXND41IJTNV84,CUST07959742,2026-06-29 21:16:52.670844,555.75,5,Home & Garden,Kitchen Appliances
TXNWY8YZRW9O3,CUST07959742,2026-06-22 21:16:52.670844,546.29,5,Sports & Outdoors,Bicycle
TXNLHTCCPSMJE,CUST07959742,2026-06-29 21:16:52.670844,465.39,3,Health & Beauty,Supplements
TXND473U3Q8DH,CUST07959742,2026-06-23 21:16:52.670844,490.67,2,Books,Non-Fiction
TXNDY9Y6KTW91,CUST07959742,2026-06-27 21:16:52.670844,561.83,4,Books,Fiction
TXNH6RM3X10HR,CUST07959742,2026-06-29 21:16:52.670844,548.87,5,Clothing,Accessories
TXNPV8AIJW43Z,CUST07959742,2026-06-30 21:16:52.670844,675.72,3,Toys & Games,Video Games
TXNOAM0GEYEZG,CUST07959742,2026-06-28 21:16:52.670844,638.99,1,Electronics,Camera
TXNKNVCYJOLAM,CUST07959742,2026-06-21 21:16:52.670844,418.02,1,Books,Comics
TXNZYQ0PI1FPU,CUST07959742,2026-06-18 21:16:52.670844,454.06,4,Automotive,Parts
TXNQGEO1C30C6,CUST07959742,2026-06-21 21:16:52.670844,396.08,2,Automotive,Parts
TXNRIJITDQ54X,CUST07959742,2026-06-23 21:16:52.670844,387.51,3,Clothing,Dress
TXN86NAP8HR08,CUST07959742,2026-06-28 21:16:52.670844,486.81,4,Home & Garden,Decor
TXN12NJC9K8BN,CUST07959742,2026-06-27 21:16:52.670844,523.31,1,Office Supplies,Stationery
TXNF6F7LN0EUM,CUST82048176,2026-06-15 21:16:52.670844,389.14,4,Office Supplies,Stationery
TXNU79QB8NS7R,CUST82048176,2026-06-02 21:16:52.670844,182.97,2,Clothing,Shoes
TXNU0FZ92Q05H,CUST82048176,2026-06-05 21:16:52.670844,338.9,3,Office Supplies,Electronics
TXN29JUWA5W8A,CUST82048176,2026-06-10 21:16:52.670844,488.42,3,Food & Beverages,Beverages
TXNXO56TKZISF,CUST82048176,2026-06-25 21:16:52.670844,378.76,5,Health & Beauty,Supplements
TXNYJ5Q25V8LL,CUST82048176,2026-06-10 21:16:52.670844,343.49,1,Office Supplies,Furniture
TXNOK016O6REU,CUST82048176,2026-06-16 21:16:52.670844,363.97,4,Books,Non-Fiction
TXN4E5KPHOB8U,CUST82048176,2026-06-13 21:16:52.670844,367.09,2,Electronics,Smartphone
TXN7OBHILQ56D,CUST82048176,2026-06-08 21:16:52.670844,345.94,1,Toys & Games,Puzzles
TXN78X6SVL4B5,CUST82048176,2026-05-25 21:16:52.670844,379.68,1,Home & Garden,Tools
TXNKZQ7JFE8MN,CUST82048176,2026-06-20 21:16:52.670844,341.37,5,Sports & Outdoors,Fitness Equipment
TXNH0AY2DETF1,CUST82048176,2026-06-22 21:16:52.670844,271.15,3,Clothing,Shoes
TXNUN0V5V0HY5,CUST82048176,2026-06-10 21:16:52.670844,306.23,5,Automotive,Car Accessories
TXNG8BWJFPFKH,CUST82048176,2026-06-09 21:16:52.670844,160.81,1,Automotive,Parts
TXNVZIARTUBMW,CUST82048176,2026-06-04 21:16:52.670844,326.59,4,Electronics,Tablet
TXNPJD7K7PTIE,CUST82048176,2026-06-25 21:16:52.670844,201.08,5,Sports & Outdoors,Fitness Equipment
TXNY8VDXA1UHE,CUST82048176,2026-06-26 21:16:52.670844,210.15,1,Food & Beverages,Gourmet Food
TXN4MARP2C00N,CUST82048176,2026-06-11 21:16:52.670844,383.29,2,Toys & Games,Action Figures
TXNROG8EIGP5J,CUST82048176,2026-05-25 21:16:52.670844,294.81,5,Office Supplies,Electronics
TXN4Y3E22S0T6,CUST82048176,2026-05-27 21:16:52.670844,485.6,2,Home & Garden,Kitchen Appliances
TXNRJJSUH7TI5,CUST82048176,2026-06-12 21:16:52.670844,183.43,5,Health & Beauty,Personal Care
TXN3DRDA0GE2X,CUST82048176,2026-06-23 21:16:52.670844,278.26,4,Automotive,Tools
TXN68HV7J4MTD,CUST82048176,2026-06-06 21:16:52.670844,346.3,4,Electronics,Tablet
TXNJHMZID8G2G,CUST82048176,2026-06-17 21:16:52.670844,227.48,5,Electronics,Smart Watch
TXNRG3NZBZK95,CUST82048176,2026-06-01 21:16:52.670844,201.89,4,Sports & Outdoors,Bicycle
TXNDPYDJ6EXCX,CUST82048176,2026-06-01 21:16:52.670844,229.85,3,Toys & Games,Action Figures
TXNXD5MJV1RXE,CUST84458952,2026-01-17 21:16:52.670844,116.62,3,Books,Magazines
TXNF7OMUJJ0L6,CUST84458952,2026-02-01 21:16:52.670844,145.84,1,Toys & Games,Video Games
TXNY0GVA3R2TW,CUST84458952,2026-02-07 21:16:52.670844,164.37,5,Health & Beauty,Skincare
TXN28OHIHZCXD,CUST84458952,2025-11-23 21:16:52.670844,152.38,5,Food & Beverages,Beverages
TXNGR6RIZ0N2T,CUST84458952,2026-05-03 21:16:52.670844,149.78,2,Books,Fiction
TXNOGQ8VUI5ZE,CUST84458952,2026-04-28 21:16:52.670844,181.22,3,Automotive,Car Accessories
TXNTXE3ESID8L,CUST84458952,2025-12-14 21:16:52.670844,109.5,2,Food & Beverages,Snacks
TXNO0FHC2HG92,CUST84458952,2026-01-07 21:16:52.670844,146.49,2,Clothing,T-Shirt
TXNK9Z7QG339G,CUST84458952,2026-01-02 21:16:52.670844,233.33,3,Health & Beauty,Skincare
TXNFN1GZFB8QK,CUST84458952,2026-04-20 21:16:52.670844,128.55,5,Health & Beauty,Skincare
TXNS55GF3TXJN,CUST84458952,2026-03-29 21:16:52.670844,92.24,5,Electronics,Tablet
TXN1Y7RCJ3R7F,CUST84458952,2026-05-13 21:16:52.670844,143.02,4,Clothing,Jacket
TXN1ICX7038WO,CUST84458952,2026-04-08 21:16:52.670844,149.57,2,Clothing,Accessories
TXNNCWYZA9WWE,CUST84458952,2025-11-14 21:16:52.670844,89.67,1,Office Supplies,Desk Accessories
TXNSXBQ7RIT7Z,CUST84458952,2026-06-25 21:16:52.670844,100.12,3,Toys & Games,Board Games
TXNEJ6XUVK334,CUST84458952,2026-02-25 21:16:52.670844,137.91,3,Health & Beauty,Skincare
TXNPB40J749ED,CUST84458952,2026-04-10 21:16:52.670844,173.88,2,Electronics,Laptop
TXNKM0BQKDNAX,CUST84458952,2025-12-13 21:16:52.670844,132.87,4,Office Supplies,Stationery
TXNF4I6YSUGNF,CUST84458952,2026-05-11 21:16:52.670844,137.53,4,Sports & Outdoors,Sportswear
TXN2MZLUFD44T,CUST84458952,2026-06-19 21:16:52.670844,80.55,2,Sports & Outdoors,Sportswear
TXNQJ5YS49OXA,CUST84458952,2026-05-06 21:16:52.670844,182.71,1,Clothing,Dress
TXN703FPIGNM1,CUST24175868,2025-12-07 21:16:52.670844,603.84,1,Books,Educational
TXN6R0MNPQNH4,CUST24175868,2025-11-12 21:16:52.670844,379.31,1,Toys & Games,Action Figures
TXNXW1OAFIOOO,CUST24175868,2025-09-25 21:16:52.670844,258.04,2,Toys & Games,Puzzles
TXNKFWS350I3T,CUST24175868,2026-04-05 21:16:52.670844,442.06,5,Office Supplies,Stationery
TXNC05IYOASKL,CUST24175868,2026-04-09 21:16:52.670844,365.7,2,Electronics,Smartphone
TXNF65Q7JG2W3,CUST24175868,2026-06-26 21:16:52.670844,549.79,2,Books,Fiction
TXNSQJHF36ZVC,CUST24175868,2026-04-02 21:16:52.670844,357.47,5,Office Supplies,Stationery
TXN9FS4ITBFKW,CUST24175868,2026-02-08 21:16:52.670844,339.39,1,Food & Beverages,Organic Products
TXNFPU9DJR4G7,CUST24175868,2026-04-02 21:16:52.670844,442.47,5,Home & Garden,Decor
TXN1C7JGUJ0ND,CUST24175868,2025-11-21 21:16:52.670844,404.25,3,Electronics,Tablet
TXN69FJLE0TGK,CUST24175868,2026-04-07 21:16:52.670844,581.98,1,Health & Beauty,Makeup
TXNXTYBNANZCE,CUST24175868,2026-04-18 21:16:52.670844,401.88,3,Electronics,Smart Watch
TXNMFFGT20LEJ,CUST24175868,2026-05-08 21:16:52.670844,736.85,4,Books,Educational
TXNZ1EXCW4275,CUST24175868,2026-01-05 21:16:52.670844,539.69,3,Electronics,Tablet
TXNK5OSZAYH4R,CUST24175868,2025-12-03 21:16:52.670844,411.45,5,Toys & Games,Action Figures
TXNT2O7L1MWDR,CUST24175868,2025-10-28 21:16:52.670844,362.88,4,Health & Beauty,Makeup
TXN0OXZ2TUS7F,CUST24175868,2026-04-05 21:16:52.670844,555.97,4,Home & Garden,Furniture
TXN09E7PY2BB4,CUST24175868,2025-12-08 21:16:52.670844,477.98,4,Home & Garden,Furniture
TXNH15M0GXWAD,CUST24175868,2025-08-19 21:16:52.670844,470.96,5,Sports & Outdoors,Fitness Equipment
TXNGTQM6A8FF9,CUST24175868,2026-03-17 21:16:52.670844,476.62,1,Office Supplies,Stationery
TXNICU5A2TEZS,CUST24175868,2026-06-24 21:16:52.670844,402.64,4,Health & Beauty,Supplements
TXND83BQF6HLG,CUST24175868,2025-11-06 21:16:52.670844,515.71,2,Books,Educational
TXNT3Z4SEWULJ,CUST24175868,2025-10-02 21:16:52.670844,545.57,5,Food & Beverages,Gourmet Food
TXNI6TK8BTWHO,CUST24175868,2026-04-12 21:16:52.670844,391.09,1,Toys & Games,Action Figures
TXN20UD7D4VPV,CUST24175868,2026-04-19 21:16:52.670844,625.69,4,Home & Garden,Tools
TXN33RB85FTGJ,CUST24175868,2026-04-28 21:16:52.670844,635.3,5,Clothing,Shoes
TXNIMOKHCFJ01,CUST24175868,2025-10-01 21:16:52.670844,360.17,5,Automotive,Cleaning Supplies
TXND8ZGNVFN6D,CUST24175868,2025-08-12 21:16:52.670844,375.07,5,Food & Beverages,Gourmet Food
TXNEU1A5QXEJH,CUST24175868,2026-01-05 21:16:52.670844,444.2,2,Automotive,Tools
TXN6RZTD5NXPX,CUST24175868,2026-01-05 21:16:52.670844,414.25,1,Electronics,Smart Watch
TXN0DLXSHH62Q,CUST24175868,2026-06-03 21:16:52.670844,598.71,4,Health & Beauty,Makeup
TXN6YZ2Z1I1AJ,CUST24175868,2026-03-11 21:16:52.670844,556.65,1,Health & Beauty,Makeup
TXNWQTWCFBUCN,CUST24175868,2026-03-11 21:16:52.670844,472.57,5,Automotive,Parts
TXNFCJXDF6BXV,CUST24175868,2026-01-12 21:16:52.670844,381.57,2,Toys & Games,Board Games
TXN2TYVM6F9IH,CUST24175868,2026-04-19 21:16:52.670844,346.72,1,Electronics,Smartphone
TXNXV5RBXCUAV,CUST24175868,2026-04-11 21:16:52.670844,423.36,2,Clothing,Shoes
TXNDIMUQ58XFP,CUST24175868,2025-11-19 21:16:52.670844,415.11,3,Office Supplies,Desk Accessories
TXNJJ6FR8VFYW,CUST24175868,2025-11-27 21:16:52.670844,621.68,1,Health & Beauty,Makeup
TXNWK8ID19BST,CUST24175868,2026-05-09 21:16:52.670844,734.0,5,Food & Beverages,Beverages
TXNDZWB1VPBXI,CUST24175868,2026-03-27 21:16:52.670844,277.13,2,Automotive,Car Accessories
TXNQYOGWV9QN5,CUST24175868,2026-01-13 21:16:52.670844,458.07,2,Food & Beverages,Gourmet Food
TXNH0DUCHRBHC,CUST24175868,2026-05-24 21:16:52.670844,390.77,5,Books,Fiction
TXNWA5E5J6JQW,CUST24175868,2026-04-03 21:16:52.670844,318.04,2,Electronics,Smart Watch
TXNUH8EV8WK3J,CUST24175868,2026-05-27 21:16:52.670844,299.24,3,Home & Garden,Furniture
TXNBJW3YC622X,CUST24175868,2026-01-19 21:16:52.670844,412.63,3,Clothing,Dress
TXNM1IWH6QQXK,CUST24175868,2025-10-11 21:16:52.670844,304.56,2,Clothing,T-Shirt
TXNQNBTS91VVL,CUST24175868,2026-04-06 21:16:52.670844,441.25,5,Health & Beauty,Supplements
TXNMJ5QLYZOIG,CUST24175868,2025-12-24 21:16:52.670844,432.17,3,Toys & Games,Board Games
TXNSY29QW18GF,CUST24175868,2026-04-13 21:16:52.670844,273.41,4,Electronics,Tablet
TXNHSKQNV0824,CUST24175868,2025-10-18 21:16:52.670844,398.65,2,Food & Beverages,Snacks
TXNLF5GB0W7H4,CUST53660034,2026-01-01 21:16:52.670844,151.6,1,Home & Garden,Tools
TXNXSKLFPQ12A,CUST53660034,2026-03-03 21:16:52.670844,79.35,4,Sports & Outdoors,Bicycle
TXNSB9V3A22LC,CUST53660034,2026-01-16 21:16:52.670844,235.97,2,Home & Garden,Bedding
TXN8RJ2WMOPXD,CUST53660034,2026-03-27 21:16:52.670844,257.33,3,Home & Garden,Kitchen Appliances
TXNLQWFKC9XGM,CUST53660034,2025-12-14 21:16:52.670844,102.5,1,Clothing,Accessories
TXNQWXD13IO4D,CUST53660034,2026-03-13 21:16:52.670844,219.74,3,Books,Non-Fiction
TXNBKUG9V1YTV,CUST53660034,2025-10-06 21:16:52.670844,200.28,3,Toys & Games,Action Figures
TXNH3SIPD175X,CUST53660034,2025-12-23 21:16:52.670844,339.28,5,Clothing,T-Shirt
TXN9UBLRYCWVV,CUST53660034,2025-11-08 21:16:52.670844,219.87,5,Books,Educational
TXNGYJ6YE8V5P,CUST53660034,2026-05-08 21:16:52.670844,227.75,3,Clothing,Accessories
TXNHZXRVCGNKS,CUST53660034,2025-09-20 21:16:52.670844,386.74,2,Toys & Games,Puzzles
TXNQ50938UZ0P,CUST94008103,2024-09-13 21:16:52.670844,31.82,4,Food & Beverages,Snacks
TXN4A8XB2R6KR,CUST13449871,2025-11-06 21:16:52.670844,135.09,4,Books,Educational
TXN1NMCD12A0N,CUST13449871,2025-08-22 21:16:52.670844,99.19,1,Clothing,Shoes
TXN3R9HLW3JTC,CUST13449871,2026-02-16 21:16:52.670844,153.23,5,Clothing,Dress
TXNI913YEGLGV,CUST13449871,2025-11-28 21:16:52.670844,92.41,2,Food & Beverages,Organic Products
TXNCXJJA0BMIE,CUST13449871,2026-06-22 21:16:52.670844,141.5,2,Food & Beverages,Gourmet Food
TXN148RZ0CIEB,CUST13449871,2026-05-11 21:16:52.670844,145.04,3,Sports & Outdoors,Bicycle
TXNYVS13BJ1X2,CUST13449871,2026-05-17 21:16:52.670844,145.73,5,Books,Educational
TXN4B295CC4YP,CUST13449871,2025-11-17 21:16:52.670844,148.47,2,Food & Beverages,Organic Products
TXN5TIQNIXEVU,CUST13449871,2026-01-12 21:16:52.670844,88.01,4,Electronics,Tablet
TXNKKO4E83TG2,CUST13449871,2025-08-21 21:16:52.670844,88.97,5,Home & Garden,Furniture
TXNVUL68YSB6S,CUST13449871,2026-03-17 21:16:52.670844,125.4,1,Automotive,Car Accessories
TXNFO8EJ9JQU1,CUST13449871,2025-11-29 21:16:52.670844,162.13,2,Health & Beauty,Supplements
TXNWQOG286BRO,CUST13449871,2026-06-08 21:16:52.670844,166.87,5,Toys & Games,Puzzles
TXNEDEN3FJIW5,CUST13449871,2025-08-21 21:16:52.670844,187.15,4,Toys & Games,Puzzles
TXNVMM6RUYMUA,CUST13449871,2025-12-12 21:16:52.670844,131.65,4,Electronics,Camera
TXNHF3AKAAOCI,CUST13449871,2025-12-27 21:16:52.670844,151.82,4,Electronics,Laptop
TXNGWYFFRR1AF,CUST13449871,2026-04-10 21:16:52.670844,95.4,1,Food & Beverages,Snacks
TXNUV1U8ONEQY,CUST13449871,2026-05-15 21:16:52.670844,168.73,4,Health & Beauty,Skincare
TXNRCWTONV2CC,CUST13449871,2026-01-31 21:16:52.670844,114.4,2,Toys & Games,Action Figures
TXNBQ1PLRDCXG,CUST13449871,2025-11-04 21:16:52.670844,170.84,1,Home & Garden,Tools
TXND8LBH5ROH1,CUST13449871,2026-02-08 21:16:52.670844,101.37,5,Office Supplies,Furniture
TXNYWUT2P81I0,CUST13449871,2025-09-11 21:16:52.670844,67.75,2,Automotive,Tools
TXNMUD5CG8BCW,CUST45010363,2026-02-18 21:16:52.670844,128.07,2,Automotive,Cleaning Supplies
TXNNU0TWDQXUO,CUST45010363,2025-11-25 21:16:52.670844,175.14,1,Automotive,Car Accessories
TXNIG3RSBS42L,CUST45010363,2025-06-14 21:16:52.670844,195.32,5,Toys & Games,Action Figures
TXNKSC4ON5YAY,CUST45010363,2025-09-24 21:16:52.670844,208.38,1,Electronics,Camera
TXNBO7CYO6JT0,CUST45010363,2025-07-16 21:16:52.670844,156.25,4,Home & Garden,Kitchen Appliances
TXNGRD6FD2OWA,CUST45010363,2025-05-30 21:16:52.670844,198.14,3,Home & Garden,Decor
TXNS26QHYAFU5,CUST45010363,2025-04-20 21:16:52.670844,256.81,3,Automotive,Cleaning Supplies
TXN1OA1XR6TD8,CUST15946189,2026-04-01 21:16:52.670844,54.58,3,Automotive,Cleaning Supplies
TXN3SLMR1CPG2,CUST15946189,2026-04-05 21:16:52.670844,35.85,5,Sports & Outdoors,Bicycle
TXNT1UTM5GC5E,CUST15946189,2026-04-01 21:16:52.670844,40.47,4,Automotive,Tools
TXNEE5OPV6GZM,CUST15946189,2026-04-03 21:16:52.670844,80.52,1,Food & Beverages,Beverages
TXNI5ANXOZMGN,CUST90006603,2026-06-19 21:16:52.670844,256.47,1,Office Supplies,Electronics
TXNNXMF3KCTPX,CUST90006603,2026-06-18 21:16:52.670844,115.13,4,Office Supplies,Desk Accessories
TXN42HOX7PGQI,CUST90006603,2026-06-18 21:16:52.670844,327.08,2,Books,Comics
TXNIM4GE0RXNW,CUST90006603,2026-06-19 21:16:52.670844,351.27,2,Sports & Outdoors,Bicycle
TXNGPCF4U0S48,CUST90006603,2026-06-19 21:16:52.670844,451.02,5,Home & Garden,Tools
TXNL2KA1FF4W8,CUST90006603,2026-06-18 21:16:52.670844,190.78,5,Electronics,Smartphone
TXN73FXEAPEQK,CUST90006603,2026-06-18 21:16:52.670844,226.53,5,Sports & Outdoors,Bicycle
TXN5HUBTNSSEM,CUST90006603,2026-06-20 21:16:52.670844,164.59,4,Electronics,Smart Watch
TXNL3M9YHAH4E,CUST90006603,2026-06-18 21:16:52.670844,124.35,2,Clothing,Accessories
TXN0P1LG35RC2,CUST90006603,2026-06-21 21:16:52.670844,275.22,5,Food & Beverages,Snacks
TXNER1KKQOP0U,CUST90006603,2026-06-20 21:16:52.670844,185.34,4,Office Supplies,Furniture
TXN65F4UAUFQK,CUST83271961,2026-07-04 21:16:52.670844,63.16,5,Toys & Games,Puzzles
TXN4U4RXNMH9L,CUST83271961,2026-05-08 21:16:52.670844,44.47,2,Clothing,T-Shirt
TXN8VI011O6FU,CUST83271961,2026-05-31 21:16:52.670844,109.41,1,Office Supplies,Electronics
TXNIJJ2YUE275,CUST83271961,2026-06-17 21:16:52.670844,184.92,4,Clothing,Jacket
TXNYOLZFPBMPV,CUST83271961,2026-06-30 21:16:52.670844,152.24,5,Office Supplies,Stationery
TXNEVN9ECSETT,CUST83271961,2026-06-15 21:16:52.670844,115.97,5,Electronics,Tablet
TXN2TBBY359YA,CUST83271961,2026-04-19 21:16:52.670844,136.95,5,Toys & Games,Board Games
TXN3IOS55TVIP,CUST83271961,2026-04-30 21:16:52.670844,136.56,1,Electronics,Laptop
TXND0BUQDO8J6,CUST83271961,2026-04-19 21:16:52.670844,112.19,2,Sports & Outdoors,Sportswear
TXNCTHO19MC0Q,CUST83271961,2026-05-21 21:16:52.670844,81.17,3,Food & Beverages,Gourmet Food
TXNWFNZS48X9T,CUST83271961,2026-04-14 21:16:52.670844,89.55,2,Clothing,Jacket
TXNDGSCKKF2G3,CUST83271961,2026-05-25 21:16:52.670844,96.52,2,Health & Beauty,Personal Care
TXNAOE7YY37GQ,CUST83271961,2026-05-25 21:16:52.670844,143.85,1,Sports & Outdoors,Fitness Equipment
TXNT4FKJBKKBJ,CUST83271961,2026-05-01 21:16:52.670844,131.81,2,Clothing,Dress
TXNWHTQW1SMDH,CUST83271961,2026-06-24 21:16:52.670844,121.76,2,Books,Magazines
TXNB3I3UBYNLX,CUST83271961,2026-05-15 21:16:52.670844,62.46,2,Books,Comics
TXNOYUUOGG2ET,CUST69784807,2026-04-26 21:16:52.670844,240.58,4,Books,Magazines
TXN29D12TMTPL,CUST69784807,2025-11-09 21:16:52.670844,246.51,1,Books,Non-Fiction
TXNE8YJMOM3D9,CUST69784807,2026-06-24 21:16:52.670844,339.02,5,Toys & Games,Puzzles
TXN20CSXS23VP,CUST69784807,2026-02-25 21:16:52.670844,303.1,3,Automotive,Tools
TXNGXDNXQX5XR,CUST69784807,2026-03-21 21:16:52.670844,235.42,5,Books,Fiction
TXN3B57R46YXW,CUST69784807,2026-05-01 21:16:52.670844,63.86,1,Toys & Games,Action Figures
TXNZXZL53SX6A,CUST69784807,2026-05-12 21:16:52.670844,215.78,3,Health & Beauty,Skincare
TXN5XWQKL7A1O,CUST69784807,2026-06-22 21:16:52.670844,102.11,5,Toys & Games,Board Games
TXNTN43MQ4LE3,CUST69784807,2025-10-16 21:16:52.670844,347.39,2,Toys & Games,Action Figures
TXNP1QT7HIEA2,CUST69784807,2026-04-30 21:16:52.670844,271.14,1,Toys & Games,Board Games
TXN8WPSZD872I,CUST69784807,2026-02-14 21:16:52.670844,227.41,4,Clothing,Jeans
TXNGDT1JHGYA4,CUST69784807,2025-10-12 21:16:52.670844,188.87,1,Toys & Games,Board Games
TXN178VZZPKZY,CUST69784807,2026-01-24 21:16:52.670844,161.3,5,Books,Non-Fiction
TXNB2HMIGBORT,CUST69784807,2026-02-08 21:16:52.670844,320.79,3,Electronics,Camera
TXNZ9XRM93KRT,CUST69784807,2026-05-27 21:16:52.670844,188.62,3,Clothing,Accessories
TXNTJKV5WKYJC,CUST69784807,2026-04-22 21:16:52.670844,355.0,1,Electronics,Laptop
TXNH0KC1DNZX9,CUST69784807,2026-02-18 21:16:52.670844,164.76,1,Books,Educational
TXNKFZVN1KKGZ,CUST69784807,2025-12-09 21:16:52.670844,221.39,4,Office Supplies,Desk Accessories
TXNE5DBQEYRJH,CUST69784807,2025-11-17 21:16:52.670844,314.35,2,Automotive,Cleaning Supplies
TXN57EAMFQ7YB,CUST69784807,2026-06-10 21:16:52.670844,160.26,1,Office Supplies,Electronics
TXNRMW0CXLMBC,CUST69784807,2026-03-01 21:16:52.670844,195.49,1,Toys & Games,Action Figures
TXNZLW4ZH3OLR,CUST69784807,2026-02-08 21:16:52.670844,242.84,1,Food & Beverages,Organic Products
TXNB79DPEVVA1,CUST69784807,2026-05-28 21:16:52.670844,322.43,2,Health & Beauty,Personal Care
TXNC7SGKKKN0A,CUST69784807,2026-05-02 21:16:52.670844,249.41,2,Books,Fiction
TXNCJ7FEQ846C,CUST68865174,2026-05-25 21:16:52.670844,99.63,2,Toys & Games,Board Games
TXNWNLL2NLDGL,CUST68865174,2026-05-24 21:16:52.670844,58.37,2,Books,Fiction
TXNJ1FO5QX0IM,CUST68865174,2026-05-26 21:16:52.670844,85.06,4,Clothing,Jacket
TXNXCGY2B7ZHW,CUST68865174,2026-05-24 21:16:52.670844,30.17,3,Automotive,Parts
TXN6V8HBREPVH,CUST68865174,2026-05-22 21:16:52.670844,101.17,4,Clothing,Jacket
TXNKESFGA5E3P,CUST68865174,2026-05-21 21:16:52.670844,91.21,3,Office Supplies,Furniture
TXNHK3BBOZ9KC,CUST60378674,2025-03-01 21:16:52.670844,35.5,5,Electronics,Smart Watch
TXN4U66XTYQ2T,CUST60378674,2025-01-20 21:16:52.670844,31.11,5,Toys & Games,Board Games
TXNME7ZUI4WXQ,CUST60378674,2024-07-24 21:16:52.670844,33.03,1,Electronics,Smartphone
TXN87PHA63G7K,CUST60378674,2024-12-10 21:16:52.670844,55.6,3,Automotive,Parts
TXN3ZSPVW34HF,CUST60378674,2024-09-15 21:16:52.670844,65.34,3,Home & Garden,Decor
TXNG9N8YUZPUW,CUST60378674,2024-10-21 21:16:52.670844,51.41,5,Electronics,Smartphone
TXNWDPLZXIWW7,CUST91408672,2025-05-17 21:16:52.670844,130.48,5,Home & Garden,Bedding
TXNBUBF17CORT,CUST81467972,2024-10-08 21:16:52.670844,209.56,2,Automotive,Cleaning Supplies
TXN2SU9Z38IR7,CUST81467972,2024-10-15 21:16:52.670844,196.64,3,Health & Beauty,Personal Care
TXNY5JEP2K3ZH,CUST81467972,2025-03-04 21:16:52.670844,147.9,2,Sports & Outdoors,Bicycle
TXN3CR03SCG9T,CUST81467972,2025-02-02 21:16:52.670844,362.63,5,Sports & Outdoors,Camping Gear
TXNF0SQAPMTUI,CUST81467972,2025-05-13 21:16:52.670844,209.85,2,Home & Garden,Furniture
TXN1SSZ522J4C,CUST81467972,2025-10-16 21:16:52.670844,241.41,5,Sports & Outdoors,Camping Gear
TXN6JAT3FTO4L,CUST81467972,2026-02-02 21:16:52.670844,427.76,4,Clothing,Shoes
TXNESEFF5XCQE,CUST81467972,2025-11-19 21:16:52.670844,213.69,5,Food & Beverages,Gourmet Food
TXNSIXIIDT6ZK,CUST81467972,2025-07-24 21:16:52.670844,276.98,4,Home & Garden,Kitchen Appliances
TXNYJ4B578UOW,CUST81467972,2025-10-09 21:16:52.670844,299.86,1,Health & Beauty,Supplements
TXN3GED5JVKWJ,CUST81467972,2026-03-15 21:16:52.670844,395.4,2,Food & Beverages,Beverages
TXNZV5JQKO35C,CUST81467972,2025-05-09 21:16:52.670844,212.64,4,Automotive,Parts
TXNORJGFD29HB,CUST81467972,2026-05-12 21:16:52.670844,319.66,3,Sports & Outdoors,Camping Gear
TXN93A2GKH4BE,CUST81467972,2024-09-23 21:16:52.670844,154.89,5,Sports & Outdoors,Fitness Equipment
TXN1O2QIXKW3O,CUST81467972,2025-11-30 21:16:52.670844,291.3,5,Clothing,Accessories
TXNSN0N3ZLX9W,CUST81467972,2025-01-23 21:16:52.670844,147.63,5,Electronics,Tablet
TXNVDTPEJQP83,CUST81467972,2025-07-14 21:16:52.670844,288.83,3,Home & Garden,Bedding
TXND64NUQSXKA,CUST81467972,2024-11-11 21:16:52.670844,303.76,1,Automotive,Tools
TXN2LAV4RG80H,CUST81467972,2025-05-18 21:16:52.670844,207.96,5,Food & Beverages,Beverages
TXN7JT6NJQWA5,CUST81467972,2024-07-31 21:16:52.670844,293.71,3,Health & Beauty,Supplements
TXNTVQQ7D8JH8,CUST81467972,2026-05-16 21:16:52.670844,226.82,4,Office Supplies,Desk Accessories
TXNNAZCP5JNRY,CUST01943310,2025-12-09 21:16:52.670844,169.9,2,Clothing,Jeans
TXNU7DKPJ9VH5,CUST01943310,2026-01-12 21:16:52.670844,100.09,1,Sports & Outdoors,Fitness Equipment
TXNFD22FBJLTE,CUST01943310,2026-05-04 21:16:52.670844,261.19,4,Automotive,Car Accessories
TXNZ4H0XGBH3Z,CUST01943310,2025-08-16 21:16:52.670844,246.41,3,Sports & Outdoors,Fitness Equipment
TXNE55RMMGOAM,CUST01943310,2025-07-27 21:16:52.670844,201.36,2,Automotive,Tools
TXNIUXM7L5Q7M,CUST01943310,2025-09-21 21:16:52.670844,267.93,3,Office Supplies,Electronics
TXNEXQLT6BJCO,CUST67914375,2026-03-16 21:16:52.670844,48.77,3,Clothing,Jacket
TXNPD7I79G5G5,CUST67914375,2025-06-29 21:16:52.670844,170.53,3,Office Supplies,Furniture
TXN2X4HOQFIU6,CUST67914375,2025-04-18 21:16:52.670844,112.18,2,Sports & Outdoors,Sportswear
TXNLP7W5E0SD7,CUST67914375,2026-05-31 21:16:52.670844,149.19,1,Home & Garden,Bedding
TXNO92VZWX23S,CUST67914375,2025-07-21 21:16:52.670844,123.04,2,Health & Beauty,Personal Care
TXNB7ZK4W1VTL,CUST67914375,2025-06-27 21:16:52.670844,173.19,5,Food & Beverages,Organic Products
TXNI88E24YKBS,CUST67914375,2025-04-08 21:16:52.670844,253.98,3,Home & Garden,Tools
TXNHL104NZ11P,CUST67914375,2025-09-24 21:16:52.670844,185.2,2,Toys & Games,Action Figures
TXNM05TVTQ6KF,CUST67914375,2025-11-28 21:16:52.670844,197.37,4,Clothing,Jacket
TXNW4WQF8A5ZC,CUST67914375,2024-08-19 21:16:52.670844,246.24,5,Automotive,Cleaning Supplies
TXN7QIAZ9667J,CUST67914375,2025-01-08 21:16:52.670844,165.37,1,Clothing,Jeans
TXNEKCZJ3PPI6,CUST67914375,2025-10-10 21:16:52.670844,241.52,3,Office Supplies,Stationery
TXNZFY078TWRQ,CUST67914375,2025-03-06 21:16:52.670844,151.98,3,Clothing,T-Shirt
TXNCI7VXNJ1AO,CUST67914375,2025-02-05 21:16:52.670844,216.56,2,Food & Beverages,Gourmet Food
TXNYI6GS0XFZU,CUST67914375,2025-01-14 21:16:52.670844,111.2,3,Home & Garden,Kitchen Appliances
TXNSGPO53BDNP,CUST67914375,2024-11-04 21:16:52.670844,196.35,2,Clothing,Accessories
TXNV169I0VHKX,CUST67914375,2025-01-23 21:16:52.670844,148.38,4,Books,Fiction
TXNYB0VYBEQ3U,CUST67914375,2024-12-04 21:16:52.670844,166.49,1,Books,Magazines
TXNSRS7CC40K8,CUST67914375,2025-07-30 21:16:52.670844,102.09,3,Sports & Outdoors,Sportswear
TXNMEBU2AQIZ2,CUST67914375,2024-08-07 21:16:52.670844,314.73,5,Electronics,Laptop
TXNJ06OPQ5347,CUST67914375,2024-08-21 21:16:52.670844,70.54,3,Clothing,Jacket
TXNNZ46Y1QTB8,CUST67914375,2024-10-17 21:16:52.670844,229.53,4,Books,Educational
TXN0WMNL9Q656,CUST67914375,2025-09-27 21:16:52.670844,212.93,4,Food & Beverages,Organic Products
TXNNLB81K7MRN,CUST67914375,2024-11-02 21:16:52.670844,150.85,5,Health & Beauty,Personal Care
TXN0G18FL0A0X,CUST67914375,2024-09-08 21:16:52.670844,173.79,3,Electronics,Smartphone
TXNLN68UMQDXA,CUST67914375,2024-12-11 21:16:52.670844,115.77,3,Sports & Outdoors,Bicycle
TXN6QF50G9JK3,CUST67914375,2024-10-16 21:16:52.670844,197.95,5,Home & Garden,Tools
TXNK4N84P46LY,CUST67914375,2025-09-15 21:16:52.670844,186.49,3,Food & Beverages,Organic Products
TXNI6C4OAP9IG,CUST67914375,2025-05-25 21:16:52.670844,131.82,1,Toys & Games,Video Games
TXN35P0RDO0XD,CUST67914375,2026-03-14 21:16:52.670844,199.73,1,Automotive,Car Accessories
TXN776TQ8RL5T,CUST67914375,2025-01-18 21:16:52.670844,170.58,4,Health & Beauty,Makeup
TXNQOAX3FJYTT,CUST67914375,2025-08-02 21:16:52.670844,132.28,5,Office Supplies,Stationery
TXN2OOFSU7FAE,CUST67914375,2026-05-26 21:16:52.670844,204.54,5,Automotive,Car Accessories
TXNOMBF7VD190,CUST67914375,2024-09-08 21:16:52.670844,216.61,5,Toys & Games,Board Games
TXNMFXERW2DLG,CUST67914375,2026-06-30 21:16:52.670844,230.42,3,Home & Garden,Kitchen Appliances
TXNIJS4WNDETF,CUST67914375,2025-12-04 21:16:52.670844,213.48,4,Electronics,Camera
TXN10M6DK1FJ1,CUST67914375,2024-09-30 21:16:52.670844,110.4,4,Sports & Outdoors,Fitness Equipment
TXNJQJA0XGXP6,CUST67914375,2025-04-04 21:16:52.670844,138.83,3,Toys & Games,Board Games
TXNGR4PO1H113,CUST67914375,2026-06-25 21:16:52.670844,219.73,4,Electronics,Tablet
TXNJT9CQ6KH0V,CUST67914375,2026-02-07 21:16:52.670844,210.4,5,Toys & Games,Action Figures
TXNVAE9M7JH5L,CUST67914375,2024-09-04 21:16:52.670844,199.71,5,Toys & Games,Board Games
TXNIH8PM790IE,CUST67914375,2024-08-11 21:16:52.670844,160.68,1,Automotive,Parts
TXN7Z5U7E7VO8,CUST67914375,2026-05-06 21:16:52.670844,188.19,3,Home & Garden,Tools
TXNLAHTDCJC0S,CUST67914375,2026-03-28 21:16:52.670844,170.37,1,Clothing,T-Shirt
TXNMRACKIB8NM,CUST67914375,2026-04-05 21:16:52.670844,233.1,3,Health & Beauty,Personal Care
TXNEDMLRZRD19,CUST67914375,2024-10-17 21:16:52.670844,118.6,5,Automotive,Tools
TXNYQMDQY0C46,CUST67914375,2025-06-11 21:16:52.670844,80.79,1,Automotive,Tools
TXNNC9FKPYSAC,CUST67914375,2024-12-30 21:16:52.670844,111.47,2,Automotive,Car Accessories
TXNVZSPHKUGA1,CUST67914375,2025-10-19 21:16:52.670844,223.88,4,Office Supplies,Stationery
TXN7T6YUNRH7K,CUST30369041,2025-09-23 21:16:52.670844,186.17,5,Automotive,Tools
TXN6IKZAB9RZ7,CUST07609609,2024-10-14 21:16:52.670844,87.5,3,Toys & Games,Puzzles
TXNG5MF59BF43,CUST54125125,2026-01-12 21:16:52.670844,73.39,3,Home & Garden,Tools
TXN9QW43CQ222,CUST54125125,2026-01-31 21:16:52.670844,64.47,5,Food & Beverages,Gourmet Food
TXNBXANXX29OC,CUST54125125,2026-02-06 21:16:52.670844,69.15,1,Electronics,Laptop
TXN3QHQ4MIMT7,CUST54125125,2026-01-16 21:16:52.670844,100.91,1,Automotive,Car Accessories
TXNLBGNU4EOF9,CUST54125125,2026-03-04 21:16:52.670844,85.58,1,Automotive,Cleaning Supplies
TXNSMD0666LFB,CUST39198274,2026-06-26 21:16:52.670844,528.76,1,Home & Garden,Furniture
TXNWTOE0GRSD9,CUST39198274,2026-06-30 21:16:52.670844,694.31,3,Electronics,Smartphone
TXN35BK3T72WA,CUST39198274,2026-05-26 21:16:52.670844,548.32,4,Toys & Games,Board Games
TXNYM1AHUBN8N,CUST39198274,2026-06-12 21:16:52.670844,542.62,3,Books,Non-Fiction
TXNHUTIV8CGJE,CUST39198274,2026-05-06 21:16:52.670844,413.94,4,Electronics,Headphones
TXNNPNS5VMPEU,CUST39198274,2026-05-12 21:16:52.670844,534.89,5,Office Supplies,Electronics
TXNFEPTZIO2UD,CUST39198274,2026-05-04 21:16:52.670844,471.21,1,Clothing,Jeans
TXN1JGJYMPRMF,CUST39198274,2026-06-06 21:16:52.670844,668.63,4,Sports & Outdoors,Camping Gear
TXNPXN5UYA4VN,CUST39198274,2026-06-29 21:16:52.670844,559.51,5,Clothing,Dress
TXN6LBLDAM8PF,CUST39198274,2026-05-01 21:16:52.670844,769.82,3,Books,Non-Fiction
TXN1OT94O4HFM,CUST39198274,2026-06-12 21:16:52.670844,630.41,1,Automotive,Parts
TXN8I6HEKKECH,CUST39198274,2026-05-10 21:16:52.670844,640.9,1,Home & Garden,Furniture
TXNLPDGFWJ0FY,CUST39198274,2026-05-03 21:16:52.670844,634.37,1,Food & Beverages,Beverages
TXNL4AK90X0EF,CUST39198274,2026-06-27 21:16:52.670844,329.94,5,Sports & Outdoors,Bicycle
TXN913MUH5VMN,CUST39198274,2026-06-28 21:16:52.670844,402.38,5,Sports & Outdoors,Bicycle
TXN5K6P4YLQ27,CUST39198274,2026-06-24 21:16:52.670844,623.53,5,Toys & Games,Board Games
TXNLS87E8AJDL,CUST39198274,2026-05-10 21:16:52.670844,321.79,2,Office Supplies,Electronics
TXNU1GXSRP190,CUST39198274,2026-06-17 21:16:52.670844,63.04,3,Food & Beverages,Snacks
TXN955M7SBI83,CUST39198274,2026-06-15 21:16:52.670844,526.63,3,Automotive,Tools
TXNK749FQJ26N,CUST39198274,2026-05-28 21:16:52.670844,270.18,3,Health & Beauty,Supplements
TXNQ0R21U8U5H,CUST39198274,2026-06-06 21:16:52.670844,300.94,3,Toys & Games,Video Games
TXNIAGC8JPIOC,CUST39198274,2026-05-01 21:16:52.670844,226.93,1,Home & Garden,Kitchen Appliances
TXNA6N2XFI8E1,CUST39198274,2026-05-26 21:16:52.670844,421.58,2,Health & Beauty,Supplements
TXNV1ASL23H4J,CUST39198274,2026-06-21 21:16:52.670844,495.55,2,Toys & Games,Puzzles
TXNKN6ZSGCWG9,CUST39198274,2026-04-30 21:16:52.670844,425.78,4,Sports & Outdoors,Bicycle
TXN9JQ5NQZPL6,CUST39198274,2026-05-14 21:16:52.670844,622.53,4,Food & Beverages,Organic Products
TXNYRMZ01HMIW,CUST39198274,2026-06-09 21:16:52.670844,298.74,4,Books,Fiction
TXNH4ABN7BBOH,CUST20010460,2025-11-03 21:16:52.670844,272.98,4,Toys & Games,Video Games
TXNNZ345YB19L,CUST20010460,2025-09-08 21:16:52.670844,251.08,3,Home & Garden,Furniture
TXN7K0Z1PKR27,CUST20010460,2025-11-19 21:16:52.670844,359.79,4,Health & Beauty,Makeup
TXNSMLIBIGYL4,CUST20010460,2025-02-17 21:16:52.670844,276.16,2,Office Supplies,Electronics
TXNVEGHXH6LWW,CUST20010460,2026-06-03 21:16:52.670844,347.08,5,Toys & Games,Action Figures
TXNMHTR1PMD1X,CUST20010460,2026-01-27 21:16:52.670844,415.51,5,Clothing,Jacket
TXNK7L5TROOAL,CUST20010460,2025-03-09 21:16:52.670844,432.15,4,Office Supplies,Electronics
TXN6Z4DDAWMY5,CUST20010460,2025-10-12 21:16:52.670844,337.11,4,Health & Beauty,Makeup
TXN0FW8W3KZIE,CUST20010460,2024-12-25 21:16:52.670844,440.25,5,Food & Beverages,Organic Products
TXNE2BTM57UTU,CUST20010460,2026-05-12 21:16:52.670844,438.51,2,Sports & Outdoors,Sportswear
TXNHJKWI7MQLL,CUST20010460,2025-07-22 21:16:52.670844,582.88,1,Home & Garden,Kitchen Appliances
TXN0PIK2DLNBN,CUST20010460,2025-07-08 21:16:52.670844,429.82,1,Toys & Games,Board Games
TXNTJ82DL1BGP,CUST20010460,2025-01-11 21:16:52.670844,92.96,3,Home & Garden,Furniture
TXNV0DZZ25UFE,CUST20010460,2025-06-24 21:16:52.670844,413.64,2,Automotive,Parts
TXNONPMSF8IUU,CUST20010460,2025-10-26 21:16:52.670844,274.84,2,Clothing,Dress
TXNH95QJKJQ8M,CUST20010460,2025-09-28 21:16:52.670844,383.34,3,Automotive,Cleaning Supplies
TXNVN7F1ARE0K,CUST20010460,2025-02-03 21:16:52.670844,420.92,1,Books,Magazines
TXNAATSKTF7M8,CUST20010460,2024-12-24 21:16:52.670844,618.83,5,Electronics,Tablet
TXNXX0CWAKK2M,CUST20010460,2026-01-02 21:16:52.670844,341.96,3,Health & Beauty,Supplements
TXN3RI9K1QROB,CUST20010460,2025-08-30 21:16:52.670844,463.08,1,Clothing,Jacket
TXNIV1IUC37CN,CUST20010460,2025-03-18 21:16:52.670844,221.36,2,Health & Beauty,Skincare
TXNFYWYM2H5EX,CUST20010460,2025-04-26 21:16:52.670844,519.54,5,Sports & Outdoors,Bicycle
TXNAO64QRBOEF,CUST20010460,2025-02-12 21:16:52.670844,501.03,3,Electronics,Smart Watch
TXNBG7EALD264,CUST20010460,2025-07-10 21:16:52.670844,392.9,1,Home & Garden,Tools
TXN2ZYZD59GCX,CUST20010460,2025-11-18 21:16:52.670844,408.17,1,Automotive,Parts
TXNY5HLQ87CKT,CUST20010460,2025-02-22 21:16:52.670844,204.46,2,Books,Comics
TXNZTUV0A2AIG,CUST20010460,2026-02-26 21:16:52.670844,234.8,1,Home & Garden,Tools
TXN3L656K5Y0G,CUST20010460,2026-02-09 21:16:52.670844,361.51,3,Home & Garden,Kitchen Appliances
TXNX8YL3JEF2K,CUST20010460,2026-04-20 21:16:52.670844,475.52,5,Health & Beauty,Personal Care
TXNN4G013UBWO,CUST20010460,2025-03-03 21:16:52.670844,365.12,3,Books,Fiction
TXN345H7Q84S9,CUST20010460,2025-10-18 21:16:52.670844,562.6,4,Electronics,Tablet
TXNPN7C1JWWQD,CUST20010460,2025-05-22 21:16:52.670844,576.16,4,Food & Beverages,Beverages
TXNJP7FOJNBGW,CUST20010460,2026-02-08 21:16:52.670844,350.23,3,Clothing,Jeans
TXNHEX0D58MSK,CUST20010460,2025-03-30 21:16:52.670844,493.12,1,Food & Beverages,Gourmet Food
TXNYXAUXI1PMU,CUST20010460,2025-07-07 21:16:52.670844,501.45,5,Office Supplies,Furniture
TXNA0SPHGIAFK,CUST20010460,2026-03-10 21:16:52.670844,406.12,3,Home & Garden,Bedding
TXNI5NLLAOGKS,CUST20010460,2026-04-17 21:16:52.670844,600.74,1,Health & Beauty,Makeup
TXNTPA8EBK66X,CUST20010460,2025-04-21 21:16:52.670844,407.13,1,Books,Comics
TXN8HKVH5TJ91,CUST20010460,2025-03-03 21:16:52.670844,373.63,5,Automotive,Tools
TXN5V24VRVHP4,CUST20010460,2025-06-21 21:16:52.670844,279.77,4,Clothing,Jacket
TXN56QVISLFG2,CUST20010460,2024-12-22 21:16:52.670844,538.4,3,Food & Beverages,Gourmet Food
TXNKXGA8KIK5J,CUST20010460,2026-05-15 21:16:52.670844,288.64,5,Electronics,Headphones
TXNUPEGDRX9TW,CUST20010460,2026-02-03 21:16:52.670844,472.35,2,Home & Garden,Tools
TXN0UMKUDJCK1,CUST20010460,2025-02-16 21:16:52.670844,396.25,3,Electronics,Smart Watch
TXNIPF6JKBFX1,CUST20010460,2025-02-02 21:16:52.670844,302.33,3,Clothing,Jacket
TXN0GV2WPE025,CUST20010460,2026-03-02 21:16:52.670844,636.16,2,Health & Beauty,Skincare
TXNVDEYPEA4T3,CUST51075838,2026-05-03 21:16:52.670844,279.15,3,Books,Educational
TXN6NZLS4K4LB,CUST51075838,2026-04-15 21:16:52.670844,290.88,4,Health & Beauty,Supplements
TXNR9WVLKSV2K,CUST51075838,2026-02-28 21:16:52.670844,153.45,4,Food & Beverages,Gourmet Food
TXN24V61FM5QA,CUST51075838,2026-05-04 21:16:52.670844,253.97,2,Toys & Games,Puzzles
TXNPCFMAA3CGR,CUST51075838,2026-02-25 21:16:52.670844,184.84,4,Home & Garden,Furniture
TXNK6IAP0JWDG,CUST51075838,2026-02-24 21:16:52.670844,267.5,1,Home & Garden,Decor
TXNQJN7JUKG9C,CUST51075838,2026-03-11 21:16:52.670844,211.3,1,Books,Non-Fiction
TXN4X2K068XU9,CUST51075838,2026-03-31 21:16:52.670844,302.8,1,Sports & Outdoors,Fitness Equipment
TXN6U2OYZFZR0,CUST51075838,2026-04-23 21:16:52.670844,375.15,4,Health & Beauty,Supplements
TXN022ZLD0RH7,CUST51075838,2026-05-05 21:16:52.670844,215.52,5,Sports & Outdoors,Camping Gear
TXN1292376QMI,CUST51075838,2026-04-19 21:16:52.670844,135.27,4,Health & Beauty,Makeup
TXN0A889BURZJ,CUST51075838,2026-04-20 21:16:52.670844,344.99,5,Automotive,Parts
TXN2FCAOI1WJN,CUST51075838,2026-02-07 21:16:52.670844,369.36,2,Toys & Games,Board Games
TXNLUCXSH7NH2,CUST51075838,2026-03-16 21:16:52.670844,155.75,3,Home & Garden,Bedding
TXNISKENDDXE2,CUST51075838,2026-03-07 21:16:52.670844,304.75,2,Books,Educational
TXNKNO71KHIL9,CUST51075838,2026-02-26 21:16:52.670844,111.62,3,Toys & Games,Video Games
TXNW5CEVNGK0K,CUST51075838,2026-05-31 21:16:52.670844,369.82,3,Toys & Games,Action Figures
TXNI5KTTTS88L,CUST51075838,2026-05-20 21:16:52.670844,265.93,5,Health & Beauty,Supplements
TXNT7ERWQ6OO4,CUST51075838,2026-04-11 21:16:52.670844,168.8,2,Home & Garden,Kitchen Appliances
TXN74CTXORJ9R,CUST51075838,2026-03-11 21:16:52.670844,182.65,1,Home & Garden,Bedding
TXN35P4RRZWK7,CUST51075838,2026-03-21 21:16:52.670844,165.65,5,Food & Beverages,Organic Products
TXNNJVWBFOE11,CUST51075838,2026-03-31 21:16:52.670844,358.77,5,Clothing,Dress
TXNGK1Y7RU3M1,CUST51075838,2026-05-16 21:16:52.670844,290.47,5,Electronics,Tablet
TXNI4JISE0G9C,CUST51075838,2026-04-02 21:16:52.670844,110.12,4,Toys & Games,Video Games
TXNU9J7GFHGDR,CUST51075838,2026-05-10 21:16:52.670844,165.95,2,Food & Beverages,Gourmet Food
TXNHIXVH1REYT,CUST76842584,2026-03-01 21:16:52.670844,92.77,2,Automotive,Parts
TXN9WYFBBBH7P,CUST76842584,2025-09-11 21:16:52.670844,67.5,5,Home & Garden,Decor
TXNQ23II8KROK,CUST76842584,2026-03-19 21:16:52.670844,50.23,3,Toys & Games,Puzzles
TXNPOSU8120KP,CUST76842584,2026-01-19 21:16:52.670844,61.28,5,Clothing,Accessories
TXNVLD4QEA6VG,CUST76842584,2026-01-21 21:16:52.670844,67.66,1,Toys & Games,Board Games
TXNYTSJAN40QZ,CUST76842584,2026-01-14 21:16:52.670844,36.7,5,Electronics,Camera
TXNWDVW9NA0DC,CUST76842584,2025-11-21 21:16:52.670844,38.48,3,Health & Beauty,Personal Care
TXNGFU5DNMTIT,CUST76842584,2025-11-23 21:16:52.670844,54.54,2,Electronics,Laptop
TXNH9LGKZ0FPM,CUST76842584,2025-12-11 21:16:52.670844,36.51,2,Electronics,Smart Watch
TXNYGNONMG9HV,CUST76842584,2025-08-02 21:16:52.670844,70.97,5,Books,Educational
TXNXFUOT363EI,CUST89682863,2025-12-25 21:16:52.670844,154.98,2,Sports & Outdoors,Fitness Equipment
TXNRCHYGR598H,CUST89682863,2026-04-26 21:16:52.670844,160.03,1,Toys & Games,Action Figures
TXND2NPMRUBM9,CUST89682863,2026-04-13 21:16:52.670844,127.67,4,Home & Garden,Bedding
TXNP8724U3V5V,CUST89682863,2026-03-10 21:16:52.670844,138.15,5,Books,Non-Fiction
TXNY9ZI8PCZQC,CUST89682863,2026-02-01 21:16:52.670844,69.79,2,Toys & Games,Video Games
TXN5CVU9TJUJL,CUST89682863,2025-12-17 21:16:52.670844,132.42,3,Health & Beauty,Supplements
TXNTMYZLQQGVM,CUST89682863,2026-04-16 21:16:52.670844,129.56,4,Sports & Outdoors,Fitness Equipment
TXNWXKC1AIJT2,CUST89682863,2025-12-10 21:16:52.670844,136.87,4,Automotive,Parts
TXNM56SSSZFJL,CUST89682863,2026-01-01 21:16:52.670844,169.26,3,Toys & Games,Board Games
TXNTHMMECINA1,CUST89682863,2026-01-20 21:16:52.670844,242.44,1,Automotive,Tools
TXN0AZVSV5QHE,CUST89682863,2026-02-28 21:16:52.670844,119.98,4,Books,Magazines
TXNOTPK4IKENH,CUST89682863,2026-03-27 21:16:52.670844,110.48,4,Clothing,Jeans
TXN8BSESKH6ET,CUST89682863,2026-07-01 21:16:52.670844,231.12,2,Toys & Games,Puzzles
TXNAUFAVB5P19,CUST89682863,2026-02-13 21:16:52.670844,251.05,4,Home & Garden,Furniture
TXN7CJ6YKLHIV,CUST89682863,2026-02-16 21:16:52.670844,131.23,2,Clothing,Shoes
TXNZY5918YREE,CUST89682863,2025-10-15 21:16:52.670844,130.14,3,Electronics,Tablet
TXNWWDJHZJK3B,CUST89682863,2026-05-17 21:16:52.670844,199.42,3,Sports & Outdoors,Sportswear
TXNIZQO70N20X,CUST89682863,2025-11-20 21:16:52.670844,117.45,3,Home & Garden,Bedding
TXNY1MVJ9AKI7,CUST89682863,2026-06-18 21:16:52.670844,237.21,2,Food & Beverages,Gourmet Food
TXNSTD0I45SSA,CUST89682863,2026-02-09 21:16:52.670844,149.08,4,Food & Beverages,Gourmet Food
TXN1LA3O9Q3MX,CUST89682863,2026-07-07 21:16:52.670844,283.94,4,Food & Beverages,Beverages
TXNXTA2HIXEIU,CUST89682863,2026-02-28 21:16:52.670844,16.62,3,Automotive,Car Accessories
TXN27ZBXB9JIC,CUST89682863,2025-11-29 21:16:52.670844,120.1,2,Food & Beverages,Gourmet Food
TXNQ6J0XURB8V,CUST89682863,2025-12-29 21:16:52.670844,222.51,4,Clothing,Dress
TXN9SUEE3O1ES,CUST89682863,2026-07-16 21:16:52.670844,182.83,4,Food & Beverages,Organic Products
TXNMPOGLIAX7Y,CUST89682863,2026-07-10 21:16:52.670844,90.71,4,Automotive,Parts
TXNUJ42E4DNMQ,CUST89682863,2026-02-16 21:16:52.670844,221.96,1,Home & Garden,Furniture
TXNGO5MWUFWEP,CUST89682863,2025-10-30 21:16:52.670844,249.07,3,Electronics,Tablet
TXNIUU6J4UDQE,CUST89682863,2025-10-12 21:16:52.670844,188.43,3,Sports & Outdoors,Sportswear
TXNT3XF93884O,CUST89682863,2026-01-17 21:16:52.670844,218.97,1,Food & Beverages,Beverages
TXNRO8J9UUYLT,CUST89682863,2025-11-07 21:16:52.670844,54.59,2,Automotive,Cleaning Supplies
TXNO4L82WN4KW,CUST89682863,2026-01-28 21:16:52.670844,146.23,1,Health & Beauty,Supplements
TXN0ET5Y76Q3Z,CUST89682863,2026-07-17 21:16:52.670844,138.67,2,Electronics,Tablet
TXNJ1Z0N3P1QC,CUST89682863,2026-07-18 21:16:52.670844,162.39,1,Home & Garden,Bedding
TXNUO064XNTQB,CUST89682863,2026-01-23 21:16:52.670844,142.63,2,Toys & Games,Puzzles
TXNG5FW7ZSPE5,CUST89682863,2026-04-11 21:16:52.670844,160.39,5,Office Supplies,Desk Accessories
TXNPHWBG7IEII,CUST89682863,2026-03-11 21:16:52.670844,161.09,1,Electronics,Tablet
TXNUYAIHXCO4L,CUST89682863,2026-02-27 21:16:52.670844,166.91,2,Books,Fiction
TXNW1RK1TMV1C,CUST89682863,2026-06-15 21:16:52.670844,147.86,3,Automotive,Tools
TXN5WQX2LZ858,CUST89682863,2025-11-22 21:16:52.670844,200.28,4,Sports & Outdoors,Bicycle
TXNLW7PEMY50A,CUST89682863,2025-11-22 21:16:52.670844,216.39,1,Sports & Outdoors,Fitness Equipment
TXNUWK345G6L8,CUST89682863,2025-12-08 21:16:52.670844,171.19,1,Food & Beverages,Beverages
TXNVAN9WZGUBQ,CUST89682863,2026-02-03 21:16:52.670844,170.09,1,Electronics,Smart Watch
TXNH19ARV4XDY,CUST14564171,2026-05-30 21:16:52.670844,56.71,1,Toys & Games,Action Figures
TXNB4MXEO0L7G,CUST14564171,2026-05-10 21:16:52.670844,95.83,4,Sports & Outdoors,Bicycle
TXNVYVY0XG6U9,CUST14564171,2026-06-26 21:16:52.670844,80.55,4,Books,Magazines
TXN9KGVQA2I24,CUST14564171,2026-06-02 21:16:52.670844,91.94,1,Office Supplies,Electronics
TXN0XHMSKOF2P,CUST14564171,2026-06-17 21:16:52.670844,49.42,4,Home & Garden,Bedding
TXNFLTVABHN5Z,CUST14564171,2026-05-21 21:16:52.670844,58.86,5,Books,Magazines
TXNIQ9N5DKFVS,CUST14564171,2026-06-22 21:16:52.670844,85.08,3,Automotive,Tools
TXNDZZB4RVS6E,CUST14564171,2026-06-03 21:16:52.670844,93.82,2,Toys & Games,Puzzles
TXN46MGOYE6QX,CUST14564171,2026-06-24 21:16:52.670844,27.13,3,Office Supplies,Electronics
TXNUKRGN5FC80,CUST14564171,2026-05-05 21:16:52.670844,93.63,1,Sports & Outdoors,Camping Gear
TXN3XW2XE3ROQ,CUST14564171,2026-05-07 21:16:52.670844,115.42,4,Health & Beauty,Supplements
TXNNXU49APK39,CUST14564171,2026-05-08 21:16:52.670844,91.38,3,Food & Beverages,Gourmet Food
TXNCB0PQGN937,CUST14564171,2026-06-05 21:16:52.670844,76.08,2,Office Supplies,Stationery
TXNB6SBUVCXUO,CUST14564171,2026-05-31 21:16:52.670844,49.66,5,Home & Garden,Bedding
TXNYJ5OYBJE7I,CUST14564171,2026-05-16 21:16:52.670844,81.85,2,Automotive,Cleaning Supplies
TXNGZPA83DB4U,CUST14564171,2026-05-19 21:16:52.670844,52.84,1,Clothing,Shoes
TXN1TC8PV7PBM,CUST14564171,2026-06-08 21:16:52.670844,92.49,5,Office Supplies,Stationery
TXNFAR13EHWCQ,CUST14564171,2026-06-02 21:16:52.670844,73.14,4,Health & Beauty,Makeup
TXNTZ2E1IUWWK,CUST14564171,2026-06-23 21:16:52.670844,90.92,5,Food & Beverages,Organic Products
TXNOAG1W2DYKX,CUST14564171,2026-05-22 21:16:52.670844,102.8,2,Books,Fiction
TXNSGOIZHRMCC,CUST14564171,2026-05-15 21:16:52.670844,102.44,2,Toys & Games,Action Figures
TXNRDJBUI6SBV,CUST76558617,2026-02-07 21:16:52.670844,99.15,4,Office Supplies,Stationery
TXNGPSCRL43KG,CUST76558617,2026-02-02 21:16:52.670844,54.95,4,Office Supplies,Stationery
TXNH2EMQEVG4I,CUST76558617,2026-02-05 21:16:52.670844,101.53,4,Sports & Outdoors,Sportswear
TXNED2J0CWN9L,CUST76558617,2026-02-09 21:16:52.670844,119.72,5,Toys & Games,Video Games
TXN44P93422SI,CUST76558617,2026-02-10 21:16:52.670844,71.34,2,Office Supplies,Furniture
TXNZEAHJKXVEB,CUST76558617,2026-02-07 21:16:52.670844,116.26,2,Office Supplies,Desk Accessories
TXN5HBGLJNQJ5,CUST76558617,2026-02-10 21:16:52.670844,120.68,4,Food & Beverages,Snacks
TXNZ9N8EJ7ZXF,CUST87436857,2026-04-06 21:16:52.670844,114.96,2,Electronics,Smartphone
TXNHNILWQDJ1E,CUST87436857,2026-05-07 21:16:52.670844,159.86,2,Electronics,Laptop
TXNO06RRRJYDG,CUST87436857,2026-03-25 21:16:52.670844,179.46,5,Clothing,Jacket
TXNUHN991ISHP,CUST87436857,2026-04-07 21:16:52.670844,108.7,2,Automotive,Cleaning Supplies
TXNBMH0QBU5KG,CUST87436857,2026-05-22 21:16:52.670844,182.47,3,Health & Beauty,Skincare
TXNINSJHS0G0J,CUST87436857,2026-04-14 21:16:52.670844,99.05,1,Books,Educational
TXNV0QIP1FBTE,CUST87436857,2026-02-26 21:16:52.670844,246.84,2,Toys & Games,Video Games
TXNNQRMT7WZEL,CUST87436857,2026-04-20 21:16:52.670844,191.75,2,Health & Beauty,Skincare
TXNC5TI8HCFYL,CUST87436857,2026-06-24 21:16:52.670844,181.49,5,Automotive,Tools
TXN0WZD14P3X9,CUST87436857,2026-04-05 21:16:52.670844,118.34,4,Office Supplies,Furniture
TXN3SV7IO06LO,CUST87436857,2026-03-18 21:16:52.670844,104.21,4,Home & Garden,Kitchen Appliances
TXN4X7G7CQD3Z,CUST87436857,2026-07-01 21:16:52.670844,125.61,1,Toys & Games,Action Figures
TXNJ7SV6FL3XD,CUST87436857,2026-05-13 21:16:52.670844,104.54,3,Clothing,T-Shirt
TXN6NBUAE8HGA,CUST87436857,2026-04-07 21:16:52.670844,204.86,4,Health & Beauty,Skincare
TXNTWSBQDULPV,CUST87436857,2026-05-12 21:16:52.670844,181.06,4,Clothing,Jacket
TXNJ90PG44DDN,CUST87436857,2026-05-04 21:16:52.670844,140.95,3,Sports & Outdoors,Camping Gear
TXNSCQAM5MOY6,CUST87436857,2026-06-21 21:16:52.670844,113.26,2,Home & Garden,Kitchen Appliances
TXNSHCJ7C379N,CUST87436857,2026-03-25 21:16:52.670844,146.03,1,Home & Garden,Tools
TXNRGYW52C1MJ,CUST87436857,2026-04-24 21:16:52.670844,119.7,3,Clothing,T-Shirt
TXNXDH8ZFK9ER,CUST87436857,2026-06-05 21:16:52.670844,131.47,1,Food & Beverages,Gourmet Food
TXN312VVO0OHG,CUST87436857,2026-06-29 21:16:52.670844,178.08,3,Sports & Outdoors,Bicycle
TXN80DZ46VRZD,CUST87436857,2026-06-11 21:16:52.670844,221.63,4,Automotive,Cleaning Supplies
TXNWYWIBRPC1R,CUST87436857,2026-05-27 21:16:52.670844,216.62,5,Clothing,Jeans
TXNMJM96J6K0E,CUST87436857,2026-06-06 21:16:52.670844,165.24,4,Health & Beauty,Skincare
TXNRF4WA1N5K0,CUST87436857,2026-04-03 21:16:52.670844,65.52,2,Home & Garden,Decor
TXNCTBX67GO1Y,CUST87436857,2026-04-29 21:16:52.670844,127.45,5,Clothing,Accessories
TXNAXQWYVV7XF,CUST87436857,2026-06-04 21:16:52.670844,85.99,4,Electronics,Camera
TXNZ0OJNQ9WT1,CUST87436857,2026-03-09 21:16:52.670844,60.06,5,Food & Beverages,Organic Products
TXNCNT5HNMSS1,CUST87436857,2026-03-29 21:16:52.670844,200.87,2,Books,Magazines
TXN2SWATYYTG4,CUST87436857,2026-04-27 21:16:52.670844,176.64,5,Toys & Games,Board Games
TXNS8EBD8H4FL,CUST87436857,2026-03-08 21:16:52.670844,172.74,4,Sports & Outdoors,Bicycle
TXNIXWE3RQQ02,CUST32401301,2026-01-08 21:16:52.670844,82.97,5,Office Supplies,Furniture
TXN83WSKNZO4R,CUST32401301,2026-02-07 21:16:52.670844,108.38,3,Electronics,Camera
TXN1V8TQWGMUM,CUST32401301,2026-03-22 21:16:52.670844,96.77,1,Books,Fiction
TXN464HVC76TF,CUST32401301,2026-01-04 21:16:52.670844,140.04,2,Home & Garden,Decor
TXN8FFW8WQY88,CUST32401301,2026-02-10 21:16:52.670844,87.69,5,Books,Magazines
TXN7JNSHOX5L7,CUST32401301,2026-01-06 21:16:52.670844,48.38,1,Food & Beverages,Organic Products
TXNFBQ1DIZMQP,CUST97079092,2025-06-23 21:16:52.670844,132.36,3,Health & Beauty,Skincare
TXN5XAD2R0BMQ,CUST77188358,2026-04-08 21:16:52.670844,256.03,4,Clothing,Dress
TXNM6R3Q8B8XC,CUST77188358,2025-08-02 21:16:52.670844,205.55,1,Sports & Outdoors,Fitness Equipment
TXNV66VC6H64P,CUST77188358,2026-07-05 21:16:52.670844,178.51,1,Electronics,Tablet
TXNX996MXJ7VS,CUST77188358,2025-07-29 21:16:52.670844,231.27,2,Clothing,Jacket
TXN5IEHVAGVNF,CUST77188358,2025-08-23 21:16:52.670844,326.82,4,Automotive,Tools
TXNRI8EGREP1F,CUST77188358,2025-11-01 21:16:52.670844,179.21,1,Books,Non-Fiction
TXNIIXJX22WIK,CUST77188358,2025-06-10 21:16:52.670844,234.91,5,Office Supplies,Desk Accessories
TXNI346O603RC,CUST77188358,2025-07-15 21:16:52.670844,138.08,1,Electronics,Smartphone
TXN9V08Z38FQB,CUST77188358,2026-04-15 21:16:52.670844,241.4,1,Home & Garden,Decor
TXN57DO3ZPKNS,CUST77188358,2026-07-10 21:16:52.670844,236.02,1,Electronics,Smart Watch
TXNKU5TWTWE6J,CUST77188358,2025-06-01 21:16:52.670844,267.06,1,Health & Beauty,Skincare
TXNL1C97NKXDZ,CUST77188358,2025-06-26 21:16:52.670844,303.26,1,Home & Garden,Furniture
TXNE8FL1F3JRP,CUST77188358,2026-05-25 21:16:52.670844,225.64,5,Food & Beverages,Organic Products
TXN87XKUVD36Q,CUST77188358,2025-12-05 21:16:52.670844,241.0,1,Electronics,Tablet
TXN1QBHEVMFLO,CUST77188358,2026-04-26 21:16:52.670844,132.37,1,Clothing,Accessories
TXN1KEK80SBZO,CUST77188358,2025-08-16 21:16:52.670844,175.19,1,Food & Beverages,Gourmet Food
TXN67HRDG3GAA,CUST77188358,2025-09-27 21:16:52.670844,201.76,3,Electronics,Smart Watch
TXNO5RFVU95NU,CUST77188358,2025-11-16 21:16:52.670844,313.65,2,Home & Garden,Furniture
TXNWMQEFNSXWO,CUST77188358,2026-02-22 21:16:52.670844,168.48,2,Books,Educational
TXNMPC0706YQY,CUST77188358,2026-04-14 21:16:52.670844,166.2,4,Books,Fiction
TXN6Q04L2XIT1,CUST77188358,2025-10-12 21:16:52.670844,178.46,1,Electronics,Smart Watch
TXNRQ93LQVKQE,CUST77188358,2025-06-19 21:16:52.670844,280.31,5,Sports & Outdoors,Bicycle
TXN4LO6A0HSO1,CUST77188358,2026-07-04 21:16:52.670844,235.74,3,Toys & Games,Board Games
TXNXOXMP2GRHC,CUST77188358,2026-01-21 21:16:52.670844,310.61,5,Health & Beauty,Skincare
TXNJLG72OQ55P,CUST77188358,2026-03-17 21:16:52.670844,229.09,1,Automotive,Parts
TXN9WMOOJOO4D,CUST77188358,2026-04-29 21:16:52.670844,149.05,5,Health & Beauty,Personal Care
TXN5MZE21QIER,CUST77188358,2026-05-19 21:16:52.670844,268.94,2,Office Supplies,Stationery
TXN5G5ZAOFXK3,CUST77188358,2025-08-20 21:16:52.670844,218.46,5,Clothing,Dress
TXN10HO9P0AHX,CUST77188358,2025-08-21 21:16:52.670844,196.79,3,Health & Beauty,Supplements
TXN526PXCF4G7,CUST77188358,2026-02-02 21:16:52.670844,303.58,3,Electronics,Tablet
TXN7CXFPT3WTX,CUST77188358,2025-08-01 21:16:52.670844,279.91,3,Books,Comics
TXNIE28B9L7TL,CUST77188358,2025-07-16 21:16:52.670844,224.87,1,Automotive,Car Accessories
TXN59VAWD0HQB,CUST77188358,2026-02-27 21:16:52.670844,214.86,4,Food & Beverages,Gourmet Food
TXNF9XG50HRF1,CUST77188358,2026-04-01 21:16:52.670844,196.09,1,Automotive,Parts
TXN15J31XNLE9,CUST77188358,2025-08-20 21:16:52.670844,203.11,3,Home & Garden,Tools
TXN4LYIVE1C18,CUST77188358,2026-04-11 21:16:52.670844,103.02,2,Books,Magazines
TXN9AS62I1BR2,CUST77188358,2025-10-23 21:16:52.670844,440.45,2,Toys & Games,Video Games
TXNVLY4WXS3TG,CUST77188358,2026-05-31 21:16:52.670844,246.82,3,Electronics,Camera
TXNF6HNXCRCA7,CUST77188358,2025-11-11 21:16:52.670844,210.65,3,Health & Beauty,Makeup
TXNZD263M9SSU,CUST77188358,2026-02-06 21:16:52.670844,204.01,2,Books,Magazines
TXNTMPD0HR1O9,CUST96852199,2026-02-05 21:16:52.670844,112.41,4,Home & Garden,Decor
TXN5PJYRT65MZ,CUST96852199,2026-04-06 21:16:52.670844,116.64,5,Sports & Outdoors,Bicycle
TXNM8V4BDDV8C,CUST96852199,2026-05-30 21:16:52.670844,121.26,1,Clothing,Dress
TXNZSU5CV4VQD,CUST96852199,2026-05-02 21:16:52.670844,94.95,5,Food & Beverages,Gourmet Food
TXNTE2UMVYYE7,CUST96852199,2026-02-18 21:16:52.670844,97.12,2,Toys & Games,Board Games
TXNJP1S7Z02UO,CUST96852199,2026-01-14 21:16:52.670844,140.09,1,Electronics,Laptop
TXN537XJAQ8AN,CUST96852199,2026-04-11 21:16:52.670844,134.72,3,Toys & Games,Puzzles
TXNIJTMXFJOIN,CUST96852199,2026-03-25 21:16:52.670844,109.15,5,Clothing,Jacket
TXN8F5WIPT5D6,CUST96852199,2026-03-26 21:16:52.670844,112.66,4,Sports & Outdoors,Bicycle
TXN5COZTRVZJ8,CUST96852199,2026-01-11 21:16:52.670844,112.32,2,Toys & Games,Video Games
TXNAKPR5DWWOP,CUST96852199,2026-06-04 21:16:52.670844,125.22,4,Health & Beauty,Personal Care
TXNTXAHA29MC7,CUST96852199,2026-05-27 21:16:52.670844,140.28,1,Office Supplies,Stationery
TXN0M7LTQIQVO,CUST96852199,2026-03-21 21:16:52.670844,79.99,4,Health & Beauty,Makeup
TXN6UM4XUGYBX,CUST96852199,2026-06-02 21:16:52.670844,67.12,5,Books,Educational
TXN6XICKVAPBD,CUST40883129,2026-01-24 21:16:52.670844,100.16,4,Clothing,Accessories
TXNXX37I87QGW,CUST40883129,2026-03-18 21:16:52.670844,82.62,3,Sports & Outdoors,Fitness Equipment
TXNI3IA61X0HT,CUST40883129,2026-04-20 21:16:52.670844,72.48,4,Office Supplies,Stationery
TXNETR8SXIDWW,CUST40883129,2026-01-29 21:16:52.670844,134.58,5,Office Supplies,Electronics
TXNRA4I19MJOP,CUST40883129,2026-02-05 21:16:52.670844,85.06,5,Health & Beauty,Makeup
TXNY0ZJMWPV4E,CUST40883129,2026-04-29 21:16:52.670844,109.75,4,Clothing,Dress
TXNY5X94YPF6H,CUST40883129,2026-03-16 21:16:52.670844,89.12,2,Clothing,T-Shirt
TXNM9YDU9GKID,CUST40883129,2026-04-23 21:16:52.670844,89.82,2,Electronics,Laptop
TXN0IDSDP5V0U,CUST40883129,2026-01-17 21:16:52.670844,95.1,2,Sports & Outdoors,Fitness Equipment
TXNJZGOWR45QP,CUST40883129,2025-12-19 21:16:52.670844,36.85,1,Health & Beauty,Makeup
TXNAFNX0NJOOX,CUST40883129,2026-05-06 21:16:52.670844,80.68,5,Toys & Games,Puzzles
TXNLJ6DCFLD0B,CUST40883129,2026-07-02 21:16:52.670844,112.57,4,Toys & Games,Action Figures
TXNSHFEZNLP03,CUST40883129,2026-03-17 21:16:52.670844,58.1,4,Health & Beauty,Personal Care
TXNOK1ZCUBBFH,CUST40883129,2026-06-23 21:16:52.670844,108.38,2,Health & Beauty,Supplements
TXNJOUCZ814OJ,CUST40883129,2026-05-04 21:16:52.670844,84.33,1,Health & Beauty,Personal Care
TXNOUVOOPN1CT,CUST40883129,2026-05-07 21:16:52.670844,21.84,4,Toys & Games,Board Games
TXNDWRLZTWLIR,CUST40883129,2026-05-14 21:16:52.670844,89.99,5,Electronics,Smart Watch
TXNOP56V00WQX,CUST95540152,2026-03-26 21:16:52.670844,193.49,1,Sports & Outdoors,Sportswear
TXN84VDZLI4JW,CUST95540152,2026-04-26 21:16:52.670844,125.31,2,Automotive,Cleaning Supplies
TXNGME9YEZ6MI,CUST95540152,2026-04-23 21:16:52.670844,318.17,1,Office Supplies,Desk Accessories
TXNFBXQEBCXFX,CUST95540152,2026-05-03 21:16:52.670844,219.97,3,Electronics,Smart Watch
TXN0KR3N46DCN,CUST95540152,2026-04-22 21:16:52.670844,177.78,3,Toys & Games,Video Games
TXN62GJAEH0RD,CUST95540152,2026-04-29 21:16:52.670844,299.41,2,Books,Comics
TXNVWPZUWFRRN,CUST23290266,2025-11-27 21:16:52.670844,148.07,3,Automotive,Cleaning Supplies
TXN75JJ8E1XSB,CUST23290266,2025-11-02 21:16:52.670844,142.07,3,Toys & Games,Puzzles
TXN4FGJXAM7IW,CUST23290266,2026-01-06 21:16:52.670844,111.21,1,Sports & Outdoors,Bicycle
TXNS8ZWZK9H5I,CUST23290266,2025-12-20 21:16:52.670844,51.56,4,Food & Beverages,Snacks
TXNFGPWXD3YW1,CUST23290266,2026-01-20 21:16:52.670844,201.2,4,Home & Garden,Furniture
TXNKI3AD0CPEI,CUST23290266,2026-01-14 21:16:52.670844,195.06,4,Clothing,Dress
TXN1IA41MT9JZ,CUST23290266,2025-12-18 21:16:52.670844,161.82,5,Sports & Outdoors,Sportswear
TXNEQ63DMO670,CUST84984564,2026-05-01 21:16:52.670844,80.54,1,Food & Beverages,Snacks
TXNTSOHVQI9O5,CUST84984564,2026-04-15 21:16:52.670844,105.86,1,Clothing,Jeans
TXNGBL0SF5U7M,CUST84984564,2026-02-11 21:16:52.670844,103.97,2,Health & Beauty,Personal Care
TXNZ3P4PDHI86,CUST84984564,2026-06-09 21:16:52.670844,82.4,2,Home & Garden,Decor
TXN1AW9Y5PGAB,CUST84984564,2026-05-15 21:16:52.670844,73.45,3,Food & Beverages,Snacks
TXNFHN6VA8Y99,CUST84984564,2026-06-14 21:16:52.670844,51.0,4,Health & Beauty,Personal Care
TXNBCQVHMUUDE,CUST84984564,2026-05-10 21:16:52.670844,84.24,1,Sports & Outdoors,Camping Gear
TXNYVU5K59YZ6,CUST84984564,2026-03-11 21:16:52.670844,81.21,5,Food & Beverages,Organic Products
TXNORH4KAOYXV,CUST84984564,2026-06-03 21:16:52.670844,94.63,4,Clothing,Shoes
TXN8MVHJ10RAK,CUST84984564,2026-03-12 21:16:52.670844,53.87,2,Food & Beverages,Snacks
TXNI890YHT40D,CUST84984564,2026-06-06 21:16:52.670844,72.56,3,Toys & Games,Board Games
TXN44YQBARG1A,CUST84984564,2026-01-09 21:16:52.670844,68.78,4,Clothing,Shoes
TXNQ0RVX062YT,CUST84984564,2026-03-09 21:16:52.670844,62.44,5,Electronics,Smartphone
TXNJEM9FOE6WY,CUST84984564,2026-06-20 21:16:52.670844,93.47,1,Home & Garden,Bedding
TXNRUW6L84Q2N,CUST84984564,2026-06-29 21:16:52.670844,113.63,4,Sports & Outdoors,Bicycle
TXNOL8O4IHGFH,CUST84984564,2026-04-07 21:16:52.670844,64.27,2,Clothing,Shoes
TXNB0O1BTKC3J,CUST84984564,2026-04-28 21:16:52.670844,100.02,2,Automotive,Car Accessories
TXNS3IESXA5DG,CUST84984564,2026-05-11 21:16:52.670844,62.29,5,Clothing,Dress
TXNNX6OTLYQTK,CUST12050716,2026-05-02 21:16:52.670844,144.4,4,Sports & Outdoors,Fitness Equipment
TXNTUS2MTLN00,CUST12050716,2026-05-02 21:16:52.670844,163.55,4,Office Supplies,Electronics
TXNE4FXNLA71E,CUST12050716,2026-05-03 21:16:52.670844,211.89,3,Health & Beauty,Personal Care
TXNCELW4CAL7Y,CUST12050716,2026-05-03 21:16:52.670844,143.19,1,Office Supplies,Electronics
TXNG9OR9TFIWD,CUST12050716,2026-05-02 21:16:52.670844,119.73,3,Automotive,Tools
TXNFUV36S2FF7,CUST12050716,2026-05-02 21:16:52.670844,151.35,2,Health & Beauty,Personal Care
TXNH9F7C8IGDS,CUST12050716,2026-05-02 21:16:52.670844,235.19,3,Automotive,Tools
TXNFE2OZ0WXA9,CUST12050716,2026-05-02 21:16:52.670844,220.6,2,Health & Beauty,Makeup
TXNCS1DDOBR0R,CUST12050716,2026-05-02 21:16:52.670844,128.45,1,Automotive,Cleaning Supplies
TXNKIHUEQITW9,CUST12050716,2026-05-03 21:16:52.670844,178.1,3,Books,Non-Fiction
TXNLNP6OB5RYU,CUST61705436,2025-08-09 21:16:52.670844,143.0,4,Books,Fiction
TXN6MCR2M7F99,CUST61705436,2024-11-29 21:16:52.670844,264.0,2,Home & Garden,Tools
TXNAIVVR4H8P1,CUST61705436,2025-03-16 21:16:52.670844,168.12,5,Health & Beauty,Skincare
TXN8V9RWBUEOP,CUST61705436,2025-05-09 21:16:52.670844,273.23,1,Toys & Games,Action Figures
TXN4IKJXIXQJ8,CUST61705436,2025-10-06 21:16:52.670844,217.07,2,Food & Beverages,Beverages
TXND95X353NXF,CUST61705436,2025-04-23 21:16:52.670844,10.0,3,Food & Beverages,Snacks
TXNLN5LPFACN9,CUST61705436,2025-06-09 21:16:52.670844,130.4,3,Clothing,T-Shirt
TXNU6C3V0X4Z0,CUST35306722,2026-04-15 21:16:52.670844,325.29,3,Home & Garden,Tools
TXNBTYZ0E1XSX,CUST35306722,2026-02-04 21:16:52.670844,304.06,2,Office Supplies,Desk Accessories
TXNX2IZRRP1DQ,CUST35306722,2026-01-20 21:16:52.670844,282.55,3,Health & Beauty,Personal Care
TXNZ6PEIUWKWZ,CUST35306722,2025-11-17 21:16:52.670844,142.82,3,Office Supplies,Furniture
TXNIIOYZ4QX25,CUST35306722,2025-11-12 21:16:52.670844,144.28,3,Clothing,Shoes
TXN03IE08XLCT,CUST35306722,2025-11-26 21:16:52.670844,376.55,4,Health & Beauty,Makeup
TXNV9LY6ZGI37,CUST35306722,2026-01-21 21:16:52.670844,289.59,5,Sports & Outdoors,Sportswear
TXN98L54QMLLZ,CUST35306722,2025-12-23 21:16:52.670844,286.6,4,Home & Garden,Tools
TXNLT7I7ROPQD,CUST35306722,2026-05-08 21:16:52.670844,313.73,2,Books,Educational
TXNS1V0CFV7LG,CUST35306722,2026-05-16 21:16:52.670844,414.43,4,Books,Non-Fiction
TXNEG4A17N6MF,CUST35306722,2026-02-04 21:16:52.670844,127.54,5,Food & Beverages,Gourmet Food
TXNHOMIP3GQUE,CUST35306722,2026-05-07 21:16:52.670844,259.25,2,Home & Garden,Kitchen Appliances
TXNC4CMFIAERE,CUST35306722,2026-02-01 21:16:52.670844,221.15,4,Books,Magazines
TXNFTYZ03U6W5,CUST35306722,2025-12-28 21:16:52.670844,234.5,3,Health & Beauty,Personal Care
TXN1BKUUM4SZ4,CUST35306722,2025-11-15 21:16:52.670844,367.4,5,Sports & Outdoors,Camping Gear
TXNOQJBNTHPEH,CUST35306722,2026-05-29 21:16:52.670844,187.87,2,Office Supplies,Stationery
TXNDT2049N4IU,CUST35306722,2026-03-07 21:16:52.670844,240.26,4,Home & Garden,Decor
TXNFZZI3NREZ0,CUST35306722,2026-05-26 21:16:52.670844,371.97,1,Automotive,Cleaning Supplies
TXNVBOMSX4LUL,CUST35306722,2025-12-24 21:16:52.670844,278.58,5,Health & Beauty,Makeup
TXNCMEUIP2WZL,CUST35306722,2026-04-05 21:16:52.670844,167.48,1,Home & Garden,Decor
TXNZ56I9N3NA8,CUST35306722,2026-01-20 21:16:52.670844,380.6,5,Food & Beverages,Beverages
TXN51AK17QUDO,CUST35306722,2026-05-26 21:16:52.670844,162.28,1,Toys & Games,Puzzles
TXN08BFJQYF51,CUST73916753,2025-11-09 21:16:52.670844,155.25,5,Electronics,Smartphone
TXNLWJVG5RBAS,CUST73916753,2026-04-17 21:16:52.670844,70.58,3,Home & Garden,Tools
TXNMBU7TSH9SG,CUST73916753,2025-11-01 21:16:52.670844,186.07,1,Health & Beauty,Skincare
TXN0EAAVAUGFA,CUST73916753,2025-12-24 21:16:52.670844,175.9,5,Books,Educational
TXNMJHG8CL1OM,CUST73916753,2025-12-19 21:16:52.670844,135.3,2,Automotive,Car Accessories
TXNUET84G4X1Y,CUST73916753,2026-02-07 21:16:52.670844,143.96,4,Electronics,Smart Watch
TXN7P5KFP6E8Z,CUST73916753,2026-02-17 21:16:52.670844,105.92,4,Health & Beauty,Personal Care
TXNP9NXC3GSOC,CUST73916753,2026-01-14 21:16:52.670844,112.96,3,Sports & Outdoors,Fitness Equipment
TXNUFF134A9ZP,CUST56428318,2026-05-30 21:16:52.670844,591.23,3,Electronics,Camera
TXNU5DBA9Q80Q,CUST56428318,2026-06-22 21:16:52.670844,599.45,3,Sports & Outdoors,Bicycle
TXN60PD7NR9UC,CUST56428318,2026-06-11 21:16:52.670844,411.6,5,Health & Beauty,Supplements
TXNZW5PYQ8UFH,CUST56428318,2026-05-31 21:16:52.670844,499.28,5,Health & Beauty,Supplements
TXNCPY8EIJZFK,CUST56428318,2026-06-16 21:16:52.670844,578.65,1,Automotive,Cleaning Supplies
TXNMGCN22U0VH,CUST56428318,2026-06-10 21:16:52.670844,332.0,4,Electronics,Headphones
TXNIP49OD4KKO,CUST56428318,2026-06-17 21:16:52.670844,454.38,1,Clothing,Accessories
TXNU7XRBNL2I6,CUST56428318,2026-06-13 21:16:52.670844,373.0,1,Clothing,Jeans
TXNMU0V4CZYHR,CUST56428318,2026-06-01 21:16:52.670844,426.41,1,Clothing,Dress
TXNROM8CK17TW,CUST56428318,2026-05-31 21:16:52.670844,386.36,3,Automotive,Parts
TXNL7FM7GHO3P,CUST56428318,2026-06-27 21:16:52.670844,492.14,5,Automotive,Parts
TXN57G76ZNUQL,CUST56428318,2026-05-29 21:16:52.670844,538.54,4,Electronics,Camera
TXN3NH4JE76JT,CUST56428318,2026-06-04 21:16:52.670844,613.5,2,Home & Garden,Furniture
TXN2FP27I1N5R,CUST56428318,2026-06-05 21:16:52.670844,413.39,2,Electronics,Laptop
TXNTXGM1TSU1Y,CUST56428318,2026-06-19 21:16:52.670844,399.1,3,Automotive,Cleaning Supplies
TXN2BO545DU2C,CUST56428318,2026-06-08 21:16:52.670844,411.22,5,Clothing,T-Shirt
TXNSZ513DWFCS,CUST56428318,2026-06-04 21:16:52.670844,332.07,2,Books,Magazines
TXNNUS6XAF72D,CUST56428318,2026-06-09 21:16:52.670844,453.73,4,Food & Beverages,Gourmet Food
TXN2UG1WN5NOG,CUST56428318,2026-06-23 21:16:52.670844,582.29,2,Automotive,Car Accessories
TXNVWC3KVYJYK,CUST56428318,2026-06-18 21:16:52.670844,432.17,1,Automotive,Cleaning Supplies
TXN4NY7515PB1,CUST56428318,2026-06-13 21:16:52.670844,506.82,4,Automotive,Car Accessories
TXNM7FNC1HX34,CUST56428318,2026-06-05 21:16:52.670844,386.45,4,Home & Garden,Furniture
TXNUP0D7R0E3S,CUST56428318,2026-06-18 21:16:52.670844,338.9,3,Health & Beauty,Supplements
TXNL29NWOTA4J,CUST07254229,2025-04-02 21:16:52.670844,86.57,4,Toys & Games,Puzzles
TXNM44UL6M6X7,CUST07254229,2025-11-14 21:16:52.670844,176.09,3,Office Supplies,Stationery
TXNV31KHNSKTM,CUST07254229,2024-11-29 21:16:52.670844,113.42,1,Electronics,Smartphone
TXNPV5VT2SF2C,CUST07254229,2024-09-05 21:16:52.670844,105.44,1,Clothing,Dress
TXN9E8BCPRMZ3,CUST07254229,2026-01-11 21:16:52.670844,143.25,2,Health & Beauty,Skincare
TXNJW8BSX4JZN,CUST07254229,2025-08-03 21:16:52.670844,121.42,4,Food & Beverages,Organic Products
TXNUG68Y2SCBD,CUST65728340,2026-04-04 21:16:52.670844,325.47,5,Electronics,Tablet
TXN5IQFH3PC7J,CUST65728340,2026-05-16 21:16:52.670844,348.07,1,Books,Comics
TXNG5A97TJ6MR,CUST65728340,2025-09-27 21:16:52.670844,170.73,2,Food & Beverages,Snacks
TXN0YB5SA1SEV,CUST65728340,2025-10-22 21:16:52.670844,215.24,3,Books,Non-Fiction
TXN2H9S4WTFK2,CUST65728340,2026-02-21 21:16:52.670844,239.19,3,Toys & Games,Action Figures
TXNSEFRQEG9XP,CUST65728340,2026-03-23 21:16:52.670844,198.53,2,Clothing,Dress
TXNY6GVQJH0VW,CUST65728340,2026-03-09 21:16:52.670844,325.9,5,Food & Beverages,Beverages
TXNTWX37Q3YQQ,CUST65728340,2026-02-05 21:16:52.670844,257.09,2,Sports & Outdoors,Camping Gear
TXNADCYEBW5OL,CUST65728340,2026-06-04 21:16:52.670844,310.01,5,Home & Garden,Tools
TXNNUR14T4WZ3,CUST65728340,2026-05-20 21:16:52.670844,375.91,2,Food & Beverages,Snacks
TXNWY24DTAM02,CUST65728340,2025-10-16 21:16:52.670844,166.99,1,Automotive,Car Accessories
TXNMJCWR61IK3,CUST65728340,2026-04-02 21:16:52.670844,341.14,4,Electronics,Smart Watch
TXN9SXYWTL9XY,CUST65728340,2026-03-22 21:16:52.670844,546.36,5,Books,Comics
TXNB5AH3NO15Q,CUST65728340,2025-12-16 21:16:52.670844,236.88,4,Food & Beverages,Beverages
TXNFL6C5S5K7G,CUST65728340,2026-01-26 21:16:52.670844,205.69,5,Home & Garden,Furniture
TXNYDST26FWAB,CUST65728340,2026-05-22 21:16:52.670844,292.2,4,Home & Garden,Decor
TXNFCASZS8E80,CUST65728340,2025-10-28 21:16:52.670844,405.84,4,Home & Garden,Kitchen Appliances
TXNJEZQL253XI,CUST65728340,2025-10-04 21:16:52.670844,422.82,3,Sports & Outdoors,Camping Gear
TXNLGJLTN4M3T,CUST65728340,2026-01-09 21:16:52.670844,296.68,1,Automotive,Parts
TXN1META3GL8K,CUST65728340,2026-02-22 21:16:52.670844,284.64,1,Home & Garden,Kitchen Appliances
TXN5M777T8LJ0,CUST65728340,2026-02-20 21:16:52.670844,257.12,4,Home & Garden,Furniture
TXNEGRTT736LO,CUST65728340,2025-10-15 21:16:52.670844,246.37,3,Electronics,Laptop
TXNIDU29UH6XE,CUST65728340,2026-03-02 21:16:52.670844,270.92,5,Electronics,Smartphone
TXNJLGKIZ4NMJ,CUST65728340,2025-11-01 21:16:52.670844,129.96,4,Health & Beauty,Supplements
TXNZMA8LW8XLX,CUST65728340,2026-02-27 21:16:52.670844,215.17,2,Automotive,Cleaning Supplies
TXNYU1I6NMUSL,CUST86913252,2025-11-30 21:16:52.670844,137.01,1,Clothing,T-Shirt
TXNE7QH5RR4JN,CUST86913252,2025-11-13 21:16:52.670844,110.17,5,Sports & Outdoors,Bicycle
TXN9N6DQYQOJ7,CUST86913252,2026-06-07 21:16:52.670844,91.17,1,Home & Garden,Furniture
TXNY55EGAM1RY,CUST86913252,2026-02-13 21:16:52.670844,177.99,5,Office Supplies,Desk Accessories
TXN6462218VRN,CUST86913252,2025-11-12 21:16:52.670844,133.53,5,Home & Garden,Bedding
TXNVHSM2PS2CT,CUST86913252,2025-12-09 21:16:52.670844,144.45,2,Sports & Outdoors,Camping Gear
TXNYTR9QI3SQJ,CUST86913252,2026-07-10 21:16:52.670844,126.14,5,Books,Educational
TXNYA5AB19JHY,CUST86913252,2026-05-22 21:16:52.670844,173.87,3,Toys & Games,Video Games
TXN01L5JF5YMX,CUST86913252,2025-11-19 21:16:52.670844,90.27,3,Health & Beauty,Skincare
TXN4WE3ZBIQKY,CUST86913252,2026-01-30 21:16:52.670844,136.35,5,Health & Beauty,Supplements
TXN687UP9QAQD,CUST86913252,2025-11-14 21:16:52.670844,120.58,2,Clothing,Accessories
TXNUITNELYXY2,CUST86913252,2025-12-17 21:16:52.670844,145.96,5,Electronics,Tablet
TXNSJIM9C1JHC,CUST86913252,2026-07-01 21:16:52.670844,169.4,1,Sports & Outdoors,Camping Gear
TXNNU98UHKQ64,CUST86913252,2025-12-29 21:16:52.670844,164.42,2,Books,Magazines
TXNR6TZTYIS77,CUST86913252,2026-01-12 21:16:52.670844,137.06,3,Electronics,Smartphone
TXNUSFD9JVAI0,CUST86913252,2026-06-12 21:16:52.670844,156.45,5,Books,Non-Fiction
TXNA5EU1TPDGY,CUST86913252,2026-07-17 21:16:52.670844,212.97,2,Automotive,Cleaning Supplies
TXNZ52OVU9AS0,CUST86913252,2026-05-20 21:16:52.670844,133.14,4,Health & Beauty,Supplements
TXNH7VBD61MHA,CUST86913252,2025-12-02 21:16:52.670844,177.33,4,Automotive,Cleaning Supplies
TXNLBG3WBDBZI,CUST86913252,2025-12-07 21:16:52.670844,94.3,2,Electronics,Smart Watch
TXNNIGF3TYWU8,CUST86913252,2025-11-02 21:16:52.670844,143.43,2,Books,Magazines
TXNQAMFNF4A5U,CUST86913252,2025-12-01 21:16:52.670844,141.18,3,Office Supplies,Furniture
TXN76JR0PACR0,CUST86913252,2026-02-07 21:16:52.670844,104.16,3,Toys & Games,Puzzles
TXNURQX9BY8NM,CUST86913252,2025-11-19 21:16:52.670844,132.2,2,Sports & Outdoors,Camping Gear
TXN4X9AB0H9AO,CUST86913252,2026-05-13 21:16:52.670844,135.07,4,Toys & Games,Puzzles
TXNS2ABE8H3BZ,CUST86913252,2026-05-25 21:16:52.670844,170.58,1,Electronics,Tablet
TXNE3A4O4WL3M,CUST86913252,2025-12-14 21:16:52.670844,165.29,4,Sports & Outdoors,Camping Gear
TXN80LDV4BQRX,CUST86913252,2026-03-16 21:16:52.670844,101.07,2,Sports & Outdoors,Camping Gear
TXNKEEF1WLIVT,CUST86913252,2025-11-26 21:16:52.670844,124.59,2,Sports & Outdoors,Bicycle
TXNTEAQ8MEMBW,CUST86913252,2026-06-20 21:16:52.670844,126.86,3,Automotive,Car Accessories
TXN1Q3BE5QC5T,CUST86913252,2025-11-06 21:16:52.670844,191.89,3,Food & Beverages,Snacks
TXNQIDPVHWZRA,CUST86913252,2026-01-22 21:16:52.670844,130.62,4,Food & Beverages,Snacks
TXNIBG9ZA7879,CUST86913252,2026-01-14 21:16:52.670844,78.45,4,Electronics,Laptop
TXNPO93QLPWGN,CUST86913252,2026-05-19 21:16:52.670844,243.37,5,Food & Beverages,Snacks
TXNETIXUSGNPB,CUST86913252,2025-11-02 21:16:52.670844,198.29,3,Sports & Outdoors,Camping Gear
TXNXY8J9R80K1,CUST86913252,2026-02-10 21:16:52.670844,180.38,1,Office Supplies,Electronics
TXNW3HV7PWCZ3,CUST86913252,2026-02-03 21:16:52.670844,84.77,4,Books,Magazines
TXNH6HNYUS8X1,CUST86913252,2026-03-22 21:16:52.670844,136.94,4,Home & Garden,Decor
TXNUZZW0N5XZW,CUST86913252,2026-02-12 21:16:52.670844,80.66,5,Sports & Outdoors,Sportswear
TXNR9QOKV2KUJ,CUST86913252,2026-04-12 21:16:52.670844,157.31,1,Health & Beauty,Personal Care
TXNMIW2LRM8IW,CUST86913252,2025-12-17 21:16:52.670844,128.45,5,Office Supplies,Desk Accessories
TXNT8WOCIYMJN,CUST21007613,2026-06-02 21:16:52.670844,221.94,4,Clothing,Jacket
TXNJZIIKYZZXO,CUST21007613,2026-05-31 21:16:52.670844,187.91,1,Food & Beverages,Snacks
TXNI5KDSA9VJI,CUST21007613,2026-05-12 21:16:52.670844,121.14,4,Health & Beauty,Makeup
TXNYTT9JK3ST4,CUST21007613,2026-06-09 21:16:52.670844,167.06,5,Sports & Outdoors,Camping Gear
TXNX2BLOR8SIY,CUST21007613,2026-06-17 21:16:52.670844,192.2,5,Automotive,Parts
TXN2FBJDXJ006,CUST21007613,2026-06-12 21:16:52.670844,153.97,3,Clothing,Shoes
TXNM04F2KTV8Y,CUST21007613,2026-06-09 21:16:52.670844,212.05,2,Home & Garden,Kitchen Appliances
TXN6T6188KTQM,CUST23131859,2026-05-27 21:16:52.670844,177.05,5,Electronics,Smartphone
TXNRENVBFUMAP,CUST23131859,2026-03-02 21:16:52.670844,343.61,1,Clothing,Jeans
TXNMHQ5JB9LMS,CUST23131859,2025-12-12 21:16:52.670844,241.29,1,Books,Fiction
TXNH336NE5TXC,CUST23131859,2026-01-09 21:16:52.670844,307.58,5,Electronics,Camera
TXNMP4WHA6RYN,CUST23131859,2025-12-07 21:16:52.670844,342.76,5,Automotive,Car Accessories
TXNEP3KXZVDLZ,CUST23131859,2026-05-26 21:16:52.670844,314.01,4,Sports & Outdoors,Fitness Equipment
TXND3O9U16DCI,CUST23131859,2026-03-13 21:16:52.670844,228.3,3,Office Supplies,Furniture
TXNC0B34R68B9,CUST23131859,2026-01-29 21:16:52.670844,340.39,2,Food & Beverages,Beverages
TXN5DYQFXVTC7,CUST23131859,2026-04-10 21:16:52.670844,280.07,3,Health & Beauty,Skincare
TXNMSD6AOM6KZ,CUST23131859,2026-01-03 21:16:52.670844,224.38,3,Books,Non-Fiction
TXNV8G9CCEGAU,CUST23131859,2026-01-04 21:16:52.670844,298.72,3,Clothing,Jacket
TXNIO5SMNC8Z1,CUST23131859,2026-01-31 21:16:52.670844,245.39,5,Food & Beverages,Organic Products
TXNYVUSLYP6AJ,CUST23131859,2026-03-11 21:16:52.670844,148.78,1,Electronics,Camera
TXNR6XEJFA2MM,CUST23131859,2026-05-15 21:16:52.670844,259.66,4,Sports & Outdoors,Fitness Equipment
TXNHJ6VM27AVJ,CUST23131859,2025-11-24 21:16:52.670844,223.91,4,Health & Beauty,Personal Care
TXN2D9ESGKS47,CUST23131859,2025-11-19 21:16:52.670844,271.66,3,Office Supplies,Furniture
TXN035ONZFX2S,CUST23131859,2026-03-31 21:16:52.670844,133.66,1,Home & Garden,Bedding
TXN6K302RC5I6,CUST23131859,2026-03-19 21:16:52.670844,168.01,2,Office Supplies,Desk Accessories
TXNO0NVX1ZT6X,CUST23131859,2026-06-18 21:16:52.670844,236.63,1,Home & Garden,Decor
TXNKPVHIJV7BI,CUST23131859,2026-02-12 21:16:52.670844,153.34,3,Home & Garden,Kitchen Appliances
TXNXHBB9ML7BU,CUST23131859,2026-06-08 21:16:52.670844,266.68,1,Food & Beverages,Organic Products
TXNJ2QHCEHI3C,CUST23131859,2025-12-24 21:16:52.670844,180.24,2,Health & Beauty,Supplements
TXNM102ATISRI,CUST23131859,2026-05-22 21:16:52.670844,277.03,5,Home & Garden,Decor
TXNUDMJ9YAGN3,CUST23131859,2026-03-20 21:16:52.670844,102.65,1,Electronics,Smartphone
TXNU03T2E8VZL,CUST23131859,2026-05-25 21:16:52.670844,343.67,1,Clothing,Accessories
TXNI7QHPY0WJM,CUST58606445,2026-03-04 21:16:52.670844,282.62,2,Electronics,Smartphone
TXNHN21QD7HIR,CUST58606445,2026-01-10 21:16:52.670844,219.67,3,Books,Educational
TXNLRGSWWXPQ9,CUST58606445,2026-02-18 21:16:52.670844,184.48,5,Home & Garden,Tools
TXN6MVYO9EZR5,CUST58606445,2026-03-21 21:16:52.670844,369.19,1,Automotive,Parts
TXN6XCSKML449,CUST58606445,2025-12-12 21:16:52.670844,275.4,3,Sports & Outdoors,Fitness Equipment
TXNGTMU7HPICP,CUST58606445,2026-02-08 21:16:52.670844,213.88,4,Health & Beauty,Makeup
TXNQDV20G0HUZ,CUST58606445,2026-02-01 21:16:52.670844,360.06,5,Home & Garden,Tools
TXNRFVX6XMWPI,CUST58606445,2026-03-11 21:16:52.670844,147.88,5,Home & Garden,Decor
TXNJBDUE4E2N1,CUST58606445,2025-12-29 21:16:52.670844,184.54,3,Electronics,Smart Watch
TXNKPN4EV777Y,CUST58606445,2026-01-14 21:16:52.670844,237.23,4,Sports & Outdoors,Sportswear
TXNW55AZYVZII,CUST58606445,2026-01-12 21:16:52.670844,296.83,2,Clothing,Accessories
TXNRLK52GZ2ZR,CUST58606445,2026-02-19 21:16:52.670844,192.25,4,Sports & Outdoors,Sportswear
TXNUPDXTWSOM9,CUST58606445,2026-02-05 21:16:52.670844,226.85,4,Toys & Games,Video Games
TXN27KDO76O4I,CUST77057953,2026-06-29 21:16:52.670844,726.97,1,Health & Beauty,Supplements
TXNKW5DZY62YD,CUST77057953,2026-06-27 21:16:52.670844,719.35,3,Food & Beverages,Organic Products
TXNNUYX6LJCKL,CUST77057953,2026-06-29 21:16:52.670844,518.05,2,Clothing,Accessories
TXNZDW8F5ZX27,CUST77057953,2026-06-28 21:16:52.670844,344.56,5,Toys & Games,Video Games
TXN8TBRV8NPCN,CUST77057953,2026-06-28 21:16:52.670844,630.29,3,Electronics,Tablet
TXNRRN62ZUKR0,CUST77057953,2026-06-29 21:16:52.670844,257.02,2,Books,Educational
TXNYIN1USVAPM,CUST77057953,2026-06-28 21:16:52.670844,586.43,3,Office Supplies,Electronics
TXN5Z8X27HZL2,CUST77057953,2026-06-29 21:16:52.670844,260.7,3,Clothing,Accessories
TXNBWQY8MU010,CUST77057953,2026-06-29 21:16:52.670844,515.38,1,Office Supplies,Stationery
TXN6RR4KFKSDJ,CUST77057953,2026-06-27 21:16:52.670844,578.35,3,Health & Beauty,Skincare
TXN2TO2YR9USV,CUST77057953,2026-06-29 21:16:52.670844,441.01,4,Electronics,Laptop
TXNO3T6OULS37,CUST77057953,2026-06-27 21:16:52.670844,345.35,3,Books,Magazines
TXNATIT6T6GVX,CUST77057953,2026-06-27 21:16:52.670844,292.6,1,Electronics,Laptop
TXNPW3SOW9GLV,CUST77057953,2026-06-28 21:16:52.670844,302.13,4,Office Supplies,Desk Accessories
TXNB2RXK99ZQ5,CUST77057953,2026-06-27 21:16:52.670844,592.89,4,Food & Beverages,Beverages
TXN5O19LXHA2U,CUST77057953,2026-06-27 21:16:52.670844,469.93,2,Home & Garden,Kitchen Appliances
TXNBAESID3683,CUST77057953,2026-06-29 21:16:52.670844,516.41,2,Sports & Outdoors,Fitness Equipment
TXN07B92Q7JTH,CUST77057953,2026-06-27 21:16:52.670844,686.85,3,Home & Garden,Tools
TXNHWDMC2P6AY,CUST77057953,2026-06-28 21:16:52.670844,452.75,1,Food & Beverages,Snacks
TXNOM4A8RFUEP,CUST77057953,2026-06-27 21:16:52.670844,398.76,3,Electronics,Camera
TXNSBUQ3P7K0N,CUST77057953,2026-06-27 21:16:52.670844,517.84,5,Books,Comics
TXNBI8EHRC5F1,CUST14148300,2026-03-09 21:16:52.670844,96.95,5,Toys & Games,Video Games
TXN9DP4CW8JV5,CUST14148300,2026-03-14 21:16:52.670844,109.53,5,Home & Garden,Bedding
TXNQKGPO8THTD,CUST14148300,2026-04-11 21:16:52.670844,95.29,5,Sports & Outdoors,Bicycle
TXN4ABIOF76JZ,CUST14148300,2026-01-30 21:16:52.670844,63.26,3,Food & Beverages,Gourmet Food
TXNVOME16STK6,CUST14148300,2026-01-31 21:16:52.670844,93.53,4,Home & Garden,Furniture
TXNZR1OKM3GXX,CUST14148300,2026-01-31 21:16:52.670844,23.27,1,Health & Beauty,Personal Care
TXNJKTKWV958C,CUST14148300,2026-03-02 21:16:52.670844,121.62,3,Clothing,Accessories
TXNX7LRE1KQGO,CUST14148300,2026-03-27 21:16:52.670844,178.63,2,Automotive,Cleaning Supplies
TXNIA5M8FB6QM,CUST14148300,2026-01-08 21:16:52.670844,58.74,1,Electronics,Camera
TXNYG5N1V4096,CUST14148300,2026-03-19 21:16:52.670844,139.8,1,Electronics,Smartphone
TXN20DCVNAPU2,CUST93550728,2026-06-05 21:16:52.670844,50.57,3,Automotive,Cleaning Supplies
TXNE0T6YNQ4M4,CUST93550728,2026-04-17 21:16:52.670844,190.03,5,Electronics,Headphones
TXNCA1O21A2JC,CUST93550728,2026-05-22 21:16:52.670844,250.5,2,Food & Beverages,Snacks
TXNOZ6FK6JMQX,CUST93550728,2026-05-01 21:16:52.670844,330.46,3,Clothing,Shoes
TXN5HEE8ZTKYX,CUST93550728,2026-04-26 21:16:52.670844,245.93,1,Food & Beverages,Beverages
TXN4LMV8T7N9L,CUST93550728,2026-05-27 21:16:52.670844,275.09,4,Automotive,Tools
TXN9VNGS4MA3C,CUST93550728,2026-05-25 21:16:52.670844,212.93,4,Toys & Games,Action Figures
TXN54YD8Y2F3M,CUST93550728,2026-05-12 21:16:52.670844,291.47,1,Clothing,T-Shirt
TXN9ADDLRC1DW,CUST93550728,2026-05-10 21:16:52.670844,337.28,4,Electronics,Headphones
TXN5L6EZDAW6R,CUST93550728,2026-05-18 21:16:52.670844,195.35,5,Home & Garden,Bedding
TXNHDGXKLQ3WC,CUST93550728,2026-04-16 21:16:52.670844,177.04,5,Home & Garden,Decor
TXN0PHV9K16GZ,CUST93550728,2026-04-09 21:16:52.670844,199.17,2,Health & Beauty,Makeup
TXNMI8GSQAKBE,CUST27466407,2026-01-30 21:16:52.670844,218.58,3,Toys & Games,Video Games
TXN2Q2IHCZ2NM,CUST27466407,2026-01-26 21:16:52.670844,206.66,5,Sports & Outdoors,Sportswear
TXNT04X0T30QR,CUST27466407,2026-02-10 21:16:52.670844,261.34,3,Books,Fiction
TXNCCN52VNSHY,CUST27466407,2026-02-11 21:16:52.670844,134.8,4,Toys & Games,Board Games
TXN4HWBHHBC5F,CUST27466407,2026-01-26 21:16:52.670844,239.79,4,Books,Magazines
TXN6HN2A1RJ8Y,CUST27466407,2026-01-08 21:16:52.670844,54.41,5,Automotive,Cleaning Supplies
TXNM95496J3E5,CUST89059765,2025-11-03 21:16:52.670844,257.74,5,Toys & Games,Board Games
TXN0ON8N7YXJG,CUST89059765,2026-04-08 21:16:52.670844,128.19,4,Electronics,Smartphone
TXNM7IONETE2Y,CUST89059765,2026-04-24 21:16:52.670844,283.27,1,Toys & Games,Video Games
TXNLQGQBIXH85,CUST89059765,2026-06-13 21:16:52.670844,359.28,2,Food & Beverages,Snacks
TXNJ8IORQ22TZ,CUST89059765,2026-05-28 21:16:52.670844,304.7,2,Office Supplies,Desk Accessories
TXNGLI4F03Y9L,CUST89059765,2026-03-15 21:16:52.670844,264.83,2,Books,Educational
TXNOHX5XEG80O,CUST89059765,2026-04-25 21:16:52.670844,246.93,3,Books,Fiction
TXNQVT8K7IHYB,CUST89059765,2025-12-04 21:16:52.670844,242.88,3,Office Supplies,Desk Accessories
TXNZBGA45FT8W,CUST89059765,2025-11-16 21:16:52.670844,242.45,4,Sports & Outdoors,Sportswear
TXNOP35D9RGE1,CUST89059765,2026-03-15 21:16:52.670844,313.76,4,Automotive,Car Accessories
TXN4FOI5NHPMK,CUST89059765,2026-05-30 21:16:52.670844,219.14,5,Food & Beverages,Gourmet Food
TXNM53HMYOG84,CUST89059765,2026-01-10 21:16:52.670844,310.12,2,Automotive,Car Accessories
TXNI7HDZ8NOUA,CUST89059765,2026-02-17 21:16:52.670844,216.15,1,Health & Beauty,Skincare
TXNXM4RX70NSO,CUST02110214,2026-01-18 21:16:52.670844,105.91,3,Office Supplies,Furniture
TXNA6XABUMGY8,CUST02110214,2026-01-12 21:16:52.670844,136.6,2,Clothing,Shoes
TXNGVRQOZR12V,CUST02110214,2026-02-04 21:16:52.670844,88.63,3,Automotive,Parts
TXN186VBK9XSH,CUST02110214,2026-01-27 21:16:52.670844,125.07,3,Clothing,T-Shirt
TXNUT0OJ5UJO5,CUST13686947,2026-02-28 21:16:52.670844,196.85,1,Clothing,Jacket
TXNKFJUH6RHFL,CUST13686947,2026-02-24 21:16:52.670844,128.02,1,Office Supplies,Desk Accessories
TXN4NAP7C6359,CUST13686947,2026-05-22 21:16:52.670844,132.53,5,Food & Beverages,Snacks
TXN4F0ZLQ7HGW,CUST13686947,2026-02-18 21:16:52.670844,68.18,2,Food & Beverages,Beverages
TXN890CJ1EJJO,CUST13686947,2026-01-27 21:16:52.670844,170.2,2,Books,Comics
TXN2W6ILWBHV8,CUST13686947,2026-03-06 21:16:52.670844,103.7,4,Food & Beverages,Gourmet Food
TXNNL5MTV4AOL,CUST13686947,2026-03-22 21:16:52.670844,104.72,4,Health & Beauty,Makeup
TXNASJV5C2XTF,CUST13686947,2026-03-18 21:16:52.670844,119.11,4,Toys & Games,Puzzles
TXNOW0P8YXMM3,CUST13686947,2026-05-18 21:16:52.670844,133.12,2,Automotive,Parts
TXNQVGB1CAUXV,CUST13686947,2026-01-30 21:16:52.670844,104.42,3,Food & Beverages,Snacks
TXNYS6ID11OZO,CUST60642772,2026-02-11 21:16:52.670844,340.34,3,Sports & Outdoors,Fitness Equipment
TXNE4AUOGYUMV,CUST60642772,2026-05-06 21:16:52.670844,278.22,2,Toys & Games,Action Figures
TXN1G8N21F2R0,CUST60642772,2025-12-25 21:16:52.670844,252.01,4,Sports & Outdoors,Camping Gear
TXNKJ1FZPKCGG,CUST60642772,2026-02-12 21:16:52.670844,282.25,1,Sports & Outdoors,Bicycle
TXNAVUIUQ27B3,CUST60642772,2026-04-29 21:16:52.670844,286.62,1,Food & Beverages,Snacks
TXNORT76HUSOY,CUST60642772,2026-04-11 21:16:52.670844,223.64,2,Toys & Games,Puzzles
TXN6WL5VAP3FL,CUST60642772,2026-01-23 21:16:52.670844,358.34,3,Home & Garden,Kitchen Appliances
TXNE9A6S6M05Q,CUST60642772,2026-03-11 21:16:52.670844,234.86,3,Office Supplies,Desk Accessories
TXN8L4HW42MX7,CUST60642772,2025-12-23 21:16:52.670844,370.09,4,Toys & Games,Video Games
TXN14X31LFT9Y,CUST60642772,2026-04-08 21:16:52.670844,376.55,4,Automotive,Parts
TXNW5U1ZESCZH,CUST60642772,2026-04-10 21:16:52.670844,277.48,4,Electronics,Tablet
TXN8GW9OVNNKH,CUST60642772,2026-02-06 21:16:52.670844,216.27,2,Home & Garden,Decor
TXNQ1TLJS949Q,CUST60642772,2026-01-13 21:16:52.670844,232.26,3,Sports & Outdoors,Camping Gear
TXN78VOLFYBFT,CUST60642772,2025-12-13 21:16:52.670844,195.01,2,Food & Beverages,Snacks
TXNA709THBQ04,CUST60642772,2026-01-07 21:16:52.670844,187.01,2,Automotive,Tools
TXNMRUPH78AYD,CUST23428622,2026-04-26 21:16:52.670844,98.12,2,Home & Garden,Kitchen Appliances
TXNRH2SL1WJP4,CUST23428622,2026-05-28 21:16:52.670844,126.59,1,Food & Beverages,Beverages
TXNJLW374O8J0,CUST23428622,2026-06-17 21:16:52.670844,91.08,3,Sports & Outdoors,Bicycle
TXNQOSDFSO689,CUST23428622,2026-05-22 21:16:52.670844,98.65,5,Food & Beverages,Organic Products
TXNP1EHJIP8C9,CUST23428622,2026-05-16 21:16:52.670844,130.25,1,Books,Educational
TXNIL8HDT1EMB,CUST23428622,2026-04-24 21:16:52.670844,43.58,2,Office Supplies,Electronics
TXN62JMEZZ2X0,CUST23428622,2026-05-21 21:16:52.670844,132.65,1,Clothing,Dress
TXNHTO8A3HGK6,CUST23428622,2026-05-29 21:16:52.670844,140.89,2,Food & Beverages,Snacks
TXNA1AS6ZME51,CUST23428622,2026-05-31 21:16:52.670844,148.56,4,Electronics,Camera
TXN9ETW0CNKZF,CUST23428622,2026-05-06 21:16:52.670844,152.56,5,Sports & Outdoors,Camping Gear
TXNZVBWCNH1VZ,CUST55755448,2026-01-20 21:16:52.670844,205.92,1,Clothing,Accessories
TXND1EBBV8JQA,CUST55755448,2026-05-06 21:16:52.670844,133.24,1,Food & Beverages,Snacks
TXN2B5ID48ZPR,CUST55755448,2026-02-15 21:16:52.670844,87.43,3,Food & Beverages,Beverages
TXNUXT8TR5JKE,CUST55755448,2026-02-12 21:16:52.670844,142.18,5,Books,Fiction
TXN6X47N9110O,CUST55755448,2026-03-06 21:16:52.670844,133.35,2,Books,Comics
TXNSE0YY694NU,CUST55755448,2026-01-02 21:16:52.670844,156.48,4,Food & Beverages,Beverages
TXNFXB07VHME4,CUST55755448,2025-12-08 21:16:52.670844,167.71,3,Food & Beverages,Organic Products
TXNAMRP51NSGU,CUST55755448,2026-05-12 21:16:52.670844,135.17,2,Health & Beauty,Skincare
TXNMMO9ZI1FSM,CUST55755448,2026-05-21 21:16:52.670844,173.38,3,Toys & Games,Puzzles
TXNF87I8Z3RYD,CUST55755448,2025-12-18 21:16:52.670844,88.39,2,Electronics,Smart Watch
TXN1C2RMSIGFZ,CUST55755448,2026-05-26 21:16:52.670844,151.14,5,Automotive,Tools
TXNISGWLX6OB3,CUST55755448,2026-01-03 21:16:52.670844,128.81,4,Automotive,Tools
TXNZA8JJ7ZYLI,CUST55755448,2026-01-22 21:16:52.670844,80.83,3,Automotive,Cleaning Supplies
TXN3QMASLL3TU,CUST55755448,2026-01-11 21:16:52.670844,141.62,4,Home & Garden,Furniture
TXNG3RJ32K2KA,CUST55755448,2026-02-23 21:16:52.670844,136.6,4,Office Supplies,Electronics
TXNKMSX0LZOTF,CUST55755448,2026-05-11 21:16:52.670844,107.05,3,Clothing,Shoes
TXNF93AN8CEVG,CUST55755448,2026-01-08 21:16:52.670844,77.15,1,Office Supplies,Desk Accessories
TXNZK302Q1EDS,CUST55755448,2025-12-22 21:16:52.670844,156.97,2,Home & Garden,Bedding
TXNRN2NVZ8GRR,CUST55755448,2026-02-16 21:16:52.670844,172.08,3,Sports & Outdoors,Bicycle
TXNK9C51K23CE,CUST55755448,2026-03-19 21:16:52.670844,143.87,1,Sports & Outdoors,Sportswear
TXNYGT7EM670Q,CUST55755448,2026-05-07 21:16:52.670844,200.48,4,Automotive,Car Accessories
TXNHXOVD3DGL9,CUST55755448,2026-02-07 21:16:52.670844,153.13,5,Clothing,Jacket
TXNGQMYGR4LNW,CUST55755448,2026-01-19 21:16:52.670844,132.17,4,Food & Beverages,Beverages
TXN5O5P755VS2,CUST55755448,2026-01-07 21:16:52.670844,151.93,1,Office Supplies,Furniture
TXNI2JM07YS7Q,CUST65196003,2025-10-13 21:16:52.670844,190.82,3,Food & Beverages,Beverages
TXNO6DFD7KL6V,CUST65196003,2025-12-19 21:16:52.670844,112.89,4,Automotive,Cleaning Supplies
TXNBCY3TTVM5G,CUST65196003,2025-10-06 21:16:52.670844,134.89,2,Food & Beverages,Beverages
TXNCVSARDYZB1,CUST65196003,2026-03-02 21:16:52.670844,166.77,1,Health & Beauty,Supplements
TXNM9MEWFEB48,CUST65196003,2025-10-25 21:16:52.670844,197.24,2,Health & Beauty,Personal Care
TXNIG3BMKIMJR,CUST65196003,2026-05-01 21:16:52.670844,130.89,5,Home & Garden,Decor
TXN2RFLGY82YN,CUST65196003,2025-10-04 21:16:52.670844,105.87,1,Office Supplies,Desk Accessories
TXNAC6VKF8FIQ,CUST65196003,2026-03-07 21:16:52.670844,221.93,5,Home & Garden,Bedding
TXNC5QOF6IB3P,CUST65196003,2026-04-29 21:16:52.670844,121.18,4,Sports & Outdoors,Fitness Equipment
TXNUN95KJIHKY,CUST65196003,2025-11-24 21:16:52.670844,61.61,5,Home & Garden,Tools
TXN44MICZ86RL,CUST45615790,2026-06-13 21:16:52.670844,142.78,2,Office Supplies,Stationery
TXN9X6E4XQWKH,CUST45615790,2025-10-31 21:16:52.670844,212.74,2,Clothing,Jacket
TXNLSGO7ZO4T2,CUST45615790,2025-12-31 21:16:52.670844,239.09,5,Food & Beverages,Gourmet Food
TXNLQTLIO70BN,CUST45615790,2026-04-15 21:16:52.670844,221.76,3,Clothing,Dress
TXNVJDDM4O5GX,CUST45615790,2026-05-12 21:16:52.670844,231.76,1,Clothing,Jeans
TXNY8BK3U6MIR,CUST45615790,2026-04-21 21:16:52.670844,83.29,1,Sports & Outdoors,Fitness Equipment
TXNSK09EF0EPI,CUST45615790,2025-11-12 21:16:52.670844,130.74,3,Office Supplies,Stationery
TXN39ZJ47J30Z,CUST45615790,2026-04-19 21:16:52.670844,322.82,2,Home & Garden,Kitchen Appliances
TXN89C6LWA3AB,CUST33942949,2026-04-12 21:16:52.670844,44.63,3,Health & Beauty,Personal Care
TXNHVJEWOFWSA,CUST33942949,2026-04-17 21:16:52.670844,58.94,5,Sports & Outdoors,Sportswear
TXN1V7QNV1OO9,CUST33942949,2026-04-12 21:16:52.670844,70.17,1,Toys & Games,Action Figures
TXNW7RSZT2YTV,CUST85295905,2025-12-17 21:16:52.670844,49.08,3,Automotive,Tools
TXN8X67C374LO,CUST85295905,2026-04-25 21:16:52.670844,98.15,4,Office Supplies,Stationery
TXNGWN2RBJE9U,CUST85295905,2026-05-27 21:16:52.670844,91.36,2,Electronics,Smartphone
TXNNSTVJ8UF45,CUST75223857,2026-04-29 21:16:52.670844,206.4,5,Clothing,Jeans
TXN8NG55NTSS1,CUST75223857,2026-07-01 21:16:52.670844,154.25,3,Food & Beverages,Snacks
TXNNYCDDL886W,CUST75223857,2026-04-29 21:16:52.670844,212.68,1,Sports & Outdoors,Sportswear
TXNLZLZ77OGS4,CUST75223857,2025-10-14 21:16:52.670844,144.89,2,Electronics,Tablet
TXN63BJWDT9GA,CUST75223857,2025-12-23 21:16:52.670844,161.92,4,Clothing,Shoes
TXNISGFOLOQY2,CUST75223857,2025-10-30 21:16:52.670844,150.59,4,Electronics,Smartphone
TXNS5B4XXY6BC,CUST75223857,2025-12-20 21:16:52.670844,289.78,5,Health & Beauty,Supplements
TXN1FFT74HN22,CUST75223857,2026-06-07 21:16:52.670844,175.5,1,Electronics,Tablet
TXN6DH2ZEZLYO,CUST75223857,2026-01-02 21:16:52.670844,199.31,5,Electronics,Tablet
TXNJCLFSIZBQ7,CUST75223857,2025-11-16 21:16:52.670844,209.32,4,Toys & Games,Puzzles
TXNZ2POR9DK0M,CUST75223857,2025-10-05 21:16:52.670844,120.25,2,Office Supplies,Stationery
TXNLJ2LS980TS,CUST75223857,2025-11-05 21:16:52.670844,218.52,5,Electronics,Headphones
TXN9BQ6KM57PH,CUST75223857,2026-06-03 21:16:52.670844,201.23,5,Clothing,Accessories
TXN52D00X1P67,CUST75223857,2025-11-08 21:16:52.670844,209.08,5,Office Supplies,Desk Accessories
TXN5G8XG6TG96,CUST75223857,2025-10-22 21:16:52.670844,352.17,5,Automotive,Parts
TXN4B3NK4U55A,CUST75223857,2026-02-23 21:16:52.670844,269.45,5,Food & Beverages,Beverages
TXN0U0PW1ATQ8,CUST75223857,2026-02-21 21:16:52.670844,129.83,5,Sports & Outdoors,Camping Gear
TXN0H8VWUUTEC,CUST75223857,2025-09-10 21:16:52.670844,247.52,2,Books,Comics
TXN29HY6ZY6TW,CUST75223857,2026-03-30 21:16:52.670844,114.21,4,Clothing,Dress
TXN57CMB5O151,CUST75223857,2026-02-20 21:16:52.670844,211.19,4,Automotive,Car Accessories
TXNDD4HUROIOL,CUST75223857,2026-05-27 21:16:52.670844,162.5,4,Health & Beauty,Supplements
TXNIGM9NG67VH,CUST75223857,2025-12-29 21:16:52.670844,226.52,4,Electronics,Camera
TXNQB89ZHMLQ3,CUST75223857,2025-11-08 21:16:52.670844,128.56,4,Home & Garden,Decor
TXNOE9FCK9Z27,CUST75223857,2025-09-30 21:16:52.670844,146.08,3,Electronics,Tablet
TXN7NEQJRF709,CUST75223857,2025-10-24 21:16:52.670844,323.96,2,Clothing,Dress
TXN48813Q8QU0,CUST75223857,2025-11-03 21:16:52.670844,205.45,5,Automotive,Car Accessories
TXNSRY7ID8BK4,CUST75223857,2026-01-16 21:16:52.670844,126.53,1,Home & Garden,Bedding
TXN0VSDXTIXL5,CUST75223857,2026-07-15 21:16:52.670844,184.61,3,Clothing,Dress
TXN89CVJOGBT1,CUST75223857,2025-11-16 21:16:52.670844,204.91,5,Automotive,Tools
TXNURDGKPOHFV,CUST85987283,2025-12-12 21:16:52.670844,275.6,5,Books,Magazines
TXNYWD2NMYSKY,CUST85987283,2026-01-14 21:16:52.670844,190.34,1,Home & Garden,Furniture
TXNNG7E0KQ2SA,CUST85987283,2026-04-05 21:16:52.670844,335.73,3,Home & Garden,Tools
TXN1J4KBVMC38,CUST85987283,2026-02-21 21:16:52.670844,284.71,2,Toys & Games,Video Games
TXNVRD423COMH,CUST85987283,2026-04-25 21:16:52.670844,159.26,1,Sports & Outdoors,Fitness Equipment
TXNI4RIYA5E2V,CUST85987283,2026-04-26 21:16:52.670844,267.09,5,Health & Beauty,Personal Care
TXNUSWIVRPU0C,CUST85987283,2026-02-16 21:16:52.670844,344.61,4,Automotive,Car Accessories
TXNKTKH5JKVE3,CUST85987283,2025-12-22 21:16:52.670844,366.6,1,Health & Beauty,Personal Care
TXNUK3MAKAOTJ,CUST85987283,2026-01-28 21:16:52.670844,188.08,5,Clothing,Jacket
TXN3YIVQ70VMR,CUST85987283,2026-05-02 21:16:52.670844,185.91,4,Sports & Outdoors,Camping Gear
TXNWKLUDHW6HM,CUST85987283,2026-01-08 21:16:52.670844,240.43,5,Clothing,Accessories
TXN52GCN9G5HO,CUST85987283,2025-11-08 21:16:52.670844,245.11,4,Automotive,Cleaning Supplies
TXNGVWZONL1YE,CUST85987283,2025-11-18 21:16:52.670844,168.7,3,Health & Beauty,Personal Care
TXNGGX3T8QFNF,CUST85987283,2026-04-28 21:16:52.670844,269.4,2,Toys & Games,Board Games
TXNXWDS8LHB5J,CUST85987283,2026-05-06 21:16:52.670844,199.56,4,Books,Magazines
TXNC7K8U5O5OA,CUST85987283,2025-10-31 21:16:52.670844,236.58,4,Toys & Games,Board Games
TXNHIN16OEB3X,CUST85987283,2026-01-22 21:16:52.670844,324.22,2,Electronics,Smartphone
TXN7YD4YJTC5K,CUST85987283,2026-03-24 21:16:52.670844,185.27,1,Clothing,Shoes
TXN93WKTA5XG9,CUST85987283,2026-01-18 21:16:52.670844,255.89,5,Sports & Outdoors,Sportswear
TXNN8A3NMCFJW,CUST85987283,2026-01-07 21:16:52.670844,297.47,1,Office Supplies,Stationery
TXN41QIKRKRYK,CUST85987283,2026-03-25 21:16:52.670844,174.08,2,Home & Garden,Furniture
TXNC0LIR6HIPG,CUST85987283,2026-03-25 21:16:52.670844,221.28,5,Toys & Games,Board Games
TXNZLQWPBG07H,CUST85987283,2026-04-03 21:16:52.670844,191.89,1,Food & Beverages,Snacks
TXNDFG4D3PFBM,CUST84013439,2025-11-11 21:16:52.670844,81.91,3,Books,Fiction
TXN4P4HKCPP52,CUST84013439,2025-12-28 21:16:52.670844,113.47,5,Automotive,Cleaning Supplies
TXNLW9V53EMQN,CUST84013439,2025-12-02 21:16:52.670844,63.94,4,Electronics,Tablet
TXN4TINUNXL12,CUST84013439,2026-01-06 21:16:52.670844,116.42,2,Office Supplies,Desk Accessories
TXN37GRVNK3EJ,CUST84013439,2025-11-13 21:16:52.670844,106.31,2,Health & Beauty,Personal Care
TXN6EPJ3EQB75,CUST84013439,2025-11-11 21:16:52.670844,102.23,5,Home & Garden,Tools
TXNSV50MAKGZT,CUST84013439,2026-02-15 21:16:52.670844,83.19,2,Toys & Games,Puzzles
TXNDLI9PYTRYZ,CUST84013439,2026-03-04 21:16:52.670844,106.43,1,Electronics,Camera
TXNQ5OUWHQ5KG,CUST84013439,2025-12-14 21:16:52.670844,113.44,3,Health & Beauty,Supplements
TXNJWIXWC5OLO,CUST45803382,2025-12-29 21:16:52.670844,141.5,5,Toys & Games,Video Games
TXNRYN72C0XSS,CUST45803382,2026-01-18 21:16:52.670844,92.16,4,Office Supplies,Desk Accessories
TXNQJTOY36MY4,CUST45803382,2025-11-29 21:16:52.670844,82.38,2,Toys & Games,Board Games
TXNY890FAEG7X,CUST45803382,2025-12-01 21:16:52.670844,158.39,1,Office Supplies,Electronics
TXNTT5MRJZVQK,CUST45803382,2025-12-21 21:16:52.670844,120.54,2,Clothing,Jeans
TXNHI03U75QQY,CUST45803382,2025-12-24 21:16:52.670844,172.1,1,Books,Non-Fiction
TXNN7AWF9KIJF,CUST45803382,2025-12-08 21:16:52.670844,86.93,3,Food & Beverages,Organic Products
TXNFWY822NMPU,CUST98008557,2026-03-05 21:16:52.670844,90.7,4,Health & Beauty,Makeup
TXN6PNT2UJUJS,CUST98008557,2025-02-28 21:16:52.670844,116.04,5,Electronics,Tablet
TXNLM8KNBU56Y,CUST98008557,2025-08-25 21:16:52.670844,108.45,3,Sports & Outdoors,Sportswear
TXNHLMUDAXM5B,CUST98008557,2026-05-10 21:16:52.670844,174.46,4,Sports & Outdoors,Bicycle
TXNOEJH6VV3OQ,CUST98008557,2025-07-21 21:16:52.670844,130.38,3,Home & Garden,Tools
TXN2NLSU1ILC6,CUST98008557,2026-02-12 21:16:52.670844,114.28,3,Clothing,Shoes
TXNO6PDXP4VBX,CUST98008557,2025-06-29 21:16:52.670844,121.33,1,Office Supplies,Desk Accessories
TXN5EZE73AURO,CUST98008557,2024-12-20 21:16:52.670844,84.71,3,Clothing,Accessories
TXN5HPQ8EG61J,CUST98008557,2025-02-20 21:16:52.670844,131.66,4,Clothing,Accessories
TXNKAIQ9QCINH,CUST93821097,2025-11-11 21:16:52.670844,135.03,4,Clothing,Dress
TXN4PZBTVZ32Q,CUST93821097,2025-02-06 21:16:52.670844,129.31,4,Toys & Games,Board Games
TXN6K9DX1YZMO,CUST93821097,2025-09-11 21:16:52.670844,145.35,1,Electronics,Smart Watch
TXNF6USQRYVYZ,CUST93821097,2025-05-14 21:16:52.670844,68.49,4,Health & Beauty,Supplements
TXNCHITMR2D9O,CUST19628255,2026-04-18 21:16:52.670844,581.33,4,Toys & Games,Puzzles
TXNNXZGUWI0Q9,CUST19628255,2025-04-17 21:16:52.670844,390.33,5,Home & Garden,Tools
TXN2RPT5SWWVG,CUST19628255,2025-02-25 21:16:52.670844,226.52,4,Clothing,Shoes
TXNZEI2ZR944V,CUST19628255,2025-08-19 21:16:52.670844,554.95,3,Sports & Outdoors,Camping Gear
TXNC40DJ2O16O,CUST19628255,2025-07-27 21:16:52.670844,444.86,5,Office Supplies,Stationery
TXND7I6B1TSOL,CUST19628255,2025-08-25 21:16:52.670844,443.98,2,Food & Beverages,Organic Products
TXNMP1T1XUCNX,CUST19628255,2025-02-27 21:16:52.670844,471.27,2,Automotive,Cleaning Supplies
TXNV0J79EB9P0,CUST19628255,2025-06-17 21:16:52.670844,257.13,2,Books,Fiction
TXNAX1XO141CO,CUST19628255,2025-04-03 21:16:52.670844,531.98,4,Toys & Games,Video Games
TXNV888NKL6K0,CUST19628255,2025-03-04 21:16:52.670844,396.34,1,Home & Garden,Tools
TXNRW3HIG8Q7V,CUST19628255,2024-09-18 21:16:52.670844,332.32,5,Sports & Outdoors,Bicycle
TXNVKOOR0OJEH,CUST19628255,2025-04-24 21:16:52.670844,451.34,5,Electronics,Laptop
TXN1S2MK33N5Y,CUST19628255,2026-01-29 21:16:52.670844,505.05,1,Home & Garden,Furniture
TXNM22PT3MZNN,CUST19628255,2025-05-11 21:16:52.670844,305.65,4,Books,Non-Fiction
TXNNREIXJE7QY,CUST19628255,2026-05-10 21:16:52.670844,491.37,2,Home & Garden,Decor
TXN603WNXUBEC,CUST19628255,2024-09-22 21:16:52.670844,390.89,4,Books,Non-Fiction
TXNHWVXG1C4SJ,CUST19628255,2024-12-23 21:16:52.670844,486.02,1,Office Supplies,Stationery
TXNR23IM53JAY,CUST19628255,2026-01-09 21:16:52.670844,322.11,3,Toys & Games,Board Games
TXN5PSTEECV8E,CUST19628255,2025-06-16 21:16:52.670844,497.01,3,Books,Educational
TXNGLBXVYY0UG,CUST19628255,2024-12-13 21:16:52.670844,429.24,3,Sports & Outdoors,Bicycle
TXNJIRVLUBJQJ,CUST19628255,2025-02-13 21:16:52.670844,510.49,4,Electronics,Smart Watch
TXNCY0D6LYZ6G,CUST19628255,2025-05-12 21:16:52.670844,202.31,2,Home & Garden,Furniture
TXNQM6SW9AERO,CUST19628255,2024-09-04 21:16:52.670844,570.19,2,Sports & Outdoors,Camping Gear
TXNZGIEF95DSP,CUST19628255,2026-04-30 21:16:52.670844,448.45,4,Office Supplies,Furniture
TXN74BSTC7B1C,CUST19628255,2026-01-08 21:16:52.670844,385.21,2,Health & Beauty,Makeup
TXND2HAKFOGVX,CUST19628255,2025-07-27 21:16:52.670844,371.86,1,Automotive,Tools
TXN2J9XPV8ONI,CUST19628255,2024-10-17 21:16:52.670844,436.65,3,Clothing,T-Shirt
TXNWQS61GHX8O,CUST19628255,2025-03-26 21:16:52.670844,366.71,3,Health & Beauty,Supplements
TXN4KTUQHNV63,CUST19628255,2025-04-28 21:16:52.670844,292.62,3,Office Supplies,Desk Accessories
TXNVGQRG0O77H,CUST19628255,2024-11-29 21:16:52.670844,605.34,2,Toys & Games,Board Games
TXNV9GYVNEZDQ,CUST19628255,2025-04-06 21:16:52.670844,426.61,3,Home & Garden,Bedding
TXN3WUY632UFA,CUST19628255,2025-06-04 21:16:52.670844,541.3,2,Electronics,Tablet
TXNRL47YKRES7,CUST19628255,2026-01-01 21:16:52.670844,454.77,4,Health & Beauty,Skincare
TXN4QYTHGQH5I,CUST19628255,2025-03-28 21:16:52.670844,437.55,5,Home & Garden,Furniture
TXNRNA2CRLKZH,CUST19628255,2025-05-31 21:16:52.670844,268.88,3,Automotive,Parts
TXNGVW7731BJ4,CUST19628255,2025-04-10 21:16:52.670844,478.55,4,Automotive,Cleaning Supplies
TXNC0NYLPPCRU,CUST19628255,2026-02-22 21:16:52.670844,537.03,4,Office Supplies,Stationery
TXNVIK2L2G6RV,CUST19628255,2026-06-15 21:16:52.670844,382.65,1,Toys & Games,Puzzles
TXNN817E3SKXM,CUST82252304,2026-04-08 21:16:52.670844,91.76,1,Food & Beverages,Organic Products
TXNQ9UW7B6ARS,CUST82252304,2026-04-16 21:16:52.670844,86.13,1,Home & Garden,Furniture
TXN9VV8XQCR4Y,CUST82252304,2026-04-16 21:16:52.670844,101.51,4,Home & Garden,Tools
TXN7K98Q5MCVF,CUST78258458,2026-07-07 21:16:52.670844,400.25,1,Health & Beauty,Personal Care
TXNY4ODWJ0IH5,CUST78258458,2026-06-07 21:16:52.670844,481.97,5,Food & Beverages,Organic Products
TXN6LESY98QZV,CUST78258458,2026-07-13 21:16:52.670844,621.53,4,Electronics,Headphones
TXND8P1WVNEN8,CUST78258458,2026-06-27 21:16:52.670844,639.52,5,Toys & Games,Board Games
TXNW3N6FJOQFW,CUST78258458,2026-06-05 21:16:52.670844,435.8,1,Toys & Games,Puzzles
TXNGO50YQUO6K,CUST78258458,2026-07-01 21:16:52.670844,606.64,5,Sports & Outdoors,Sportswear
TXNDYT49WIYZW,CUST78258458,2026-06-30 21:16:52.670844,405.63,5,Health & Beauty,Makeup
TXNNOFE5JHHYW,CUST78258458,2026-07-06 21:16:52.670844,431.18,3,Health & Beauty,Personal Care
TXNQXGVZI98RQ,CUST78258458,2026-06-18 21:16:52.670844,409.3,2,Sports & Outdoors,Sportswear
TXNRQB2Y7341G,CUST78258458,2026-06-10 21:16:52.670844,556.83,3,Books,Magazines
TXNZ4H9LVAMMA,CUST78258458,2026-06-09 21:16:52.670844,601.06,4,Health & Beauty,Makeup
TXNFO64ASUJ0M,CUST78258458,2026-06-07 21:16:52.670844,339.83,1,Toys & Games,Board Games
TXNXCK4QWTQJ1,CUST78258458,2026-06-13 21:16:52.670844,356.58,3,Home & Garden,Bedding
TXN508PO75VPY,CUST78258458,2026-07-08 21:16:52.670844,442.08,2,Electronics,Headphones
TXNDEZS6BSBYW,CUST78258458,2026-06-15 21:16:52.670844,331.19,5,Office Supplies,Stationery
TXNGE1XM5IWT1,CUST78258458,2026-07-06 21:16:52.670844,515.72,5,Office Supplies,Furniture
TXN9U54PVQPC0,CUST78258458,2026-06-28 21:16:52.670844,546.41,5,Sports & Outdoors,Fitness Equipment
TXNIERMNBV4P8,CUST78258458,2026-07-07 21:16:52.670844,524.01,2,Toys & Games,Video Games
TXNADHKN76BCU,CUST78258458,2026-06-26 21:16:52.670844,311.63,1,Toys & Games,Puzzles
TXNZRGFZ0CLMS,CUST78258458,2026-06-07 21:16:52.670844,623.16,5,Books,Fiction
TXN3P2LJZA2GC,CUST78258458,2026-06-26 21:16:52.670844,407.39,1,Health & Beauty,Makeup
TXNYI1P4DXM45,CUST78258458,2026-07-13 21:16:52.670844,598.49,1,Automotive,Parts
TXNYTFR5IUHEH,CUST78258458,2026-06-28 21:16:52.670844,436.39,4,Home & Garden,Bedding
TXNASZKPELONE,CUST78258458,2026-06-29 21:16:52.670844,447.45,2,Office Supplies,Desk Accessories
TXNNMD0UZDLRE,CUST78258458,2026-07-02 21:16:52.670844,444.1,3,Health & Beauty,Personal Care
TXN51BFUH5ACI,CUST78258458,2026-06-20 21:16:52.670844,527.42,1,Automotive,Parts
TXNFPHFDS4QSK,CUST78258458,2026-06-17 21:16:52.670844,514.0,4,Clothing,Shoes
TXNVPXIHI2AVG,CUST78258458,2026-06-22 21:16:52.670844,364.91,1,Sports & Outdoors,Bicycle
TXNT9N5CPWJOW,CUST78258458,2026-07-05 21:16:52.670844,458.72,1,Food & Beverages,Beverages
TXNPBA7AA97Q0,CUST78258458,2026-06-10 21:16:52.670844,385.74,5,Books,Educational
TXNM7ISH5MKXP,CUST78258458,2026-07-03 21:16:52.670844,452.93,5,Automotive,Parts
TXNGM97E6BRDT,CUST78258458,2026-07-11 21:16:52.670844,338.67,2,Automotive,Car Accessories
TXNKVSN7E7NP3,CUST78258458,2026-06-24 21:16:52.670844,413.94,3,Sports & Outdoors,Camping Gear
TXNF210ZFYD97,CUST78258458,2026-06-25 21:16:52.670844,667.13,5,Clothing,Jacket
TXNUNT7M8TAEK,CUST78258458,2026-06-11 21:16:52.670844,395.66,5,Automotive,Parts
TXNSTO8SO606G,CUST88483740,2026-05-08 21:16:52.670844,350.93,5,Home & Garden,Tools
TXNYW43C6WB7Y,CUST88483740,2026-03-22 21:16:52.670844,280.84,2,Electronics,Camera
TXNYNRVAG6W5Q,CUST88483740,2026-05-15 21:16:52.670844,382.88,2,Home & Garden,Furniture
TXNG99OQXZBBX,CUST88483740,2026-03-17 21:16:52.670844,330.22,3,Automotive,Cleaning Supplies
TXNCSJVRUV3CP,CUST88483740,2026-02-16 21:16:52.670844,423.84,3,Home & Garden,Tools
TXNA0AOL55WXK,CUST88483740,2026-06-08 21:16:52.670844,344.86,1,Food & Beverages,Snacks
TXNITLFL8CNS2,CUST88483740,2026-05-04 21:16:52.670844,293.37,1,Food & Beverages,Gourmet Food
TXNCUL7138MXS,CUST88483740,2026-04-08 21:16:52.670844,330.52,4,Health & Beauty,Supplements
TXN4DMP6WUQDD,CUST88483740,2026-06-09 21:16:52.670844,134.37,2,Office Supplies,Desk Accessories
TXN96162R6P17,CUST88483740,2026-01-18 21:16:52.670844,650.51,2,Electronics,Laptop
TXN966ZEEAF06,CUST88483740,2026-03-08 21:16:52.670844,418.46,4,Home & Garden,Furniture
TXN3JUDWM90DJ,CUST88483740,2026-02-10 21:16:52.670844,414.67,3,Sports & Outdoors,Camping Gear
TXNRHSE85G9SC,CUST88483740,2026-02-22 21:16:52.670844,370.33,5,Home & Garden,Tools
TXNOP7A1VJU5J,CUST88483740,2026-07-18 21:16:52.670844,322.86,3,Electronics,Smart Watch
TXN6NF8T0ISUR,CUST88483740,2026-06-05 21:16:52.670844,166.88,2,Automotive,Parts
TXNLULAJB9ZQ8,CUST88483740,2026-05-20 21:16:52.670844,335.93,3,Food & Beverages,Gourmet Food
TXN5H7JTZ9115,CUST88483740,2026-03-06 21:16:52.670844,380.34,3,Toys & Games,Puzzles
TXN9MSEE6X62X,CUST88483740,2026-01-22 21:16:52.670844,336.96,2,Clothing,Accessories
TXNHTGS6K2TQP,CUST88483740,2026-05-08 21:16:52.670844,267.97,2,Books,Comics
TXNKLBBLCMBK8,CUST88483740,2026-06-04 21:16:52.670844,441.97,1,Sports & Outdoors,Sportswear
TXNZ9OCT6PL39,CUST88483740,2026-04-21 21:16:52.670844,472.81,1,Books,Magazines
TXNZQ15DLE993,CUST88483740,2026-02-10 21:16:52.670844,665.11,5,Toys & Games,Action Figures
TXNBO9YJQPKN7,CUST88483740,2026-07-03 21:16:52.670844,556.11,4,Food & Beverages,Gourmet Food
TXNBS0XB3QY7J,CUST88483740,2026-03-06 21:16:52.670844,270.62,1,Home & Garden,Decor
TXNHMHQSXPG92,CUST88483740,2026-02-03 21:16:52.670844,507.43,4,Clothing,Jeans
TXN2L1UHF54ZH,CUST88483740,2026-02-01 21:16:52.670844,499.83,5,Food & Beverages,Beverages
TXN03IK5MHVYD,CUST88483740,2026-06-16 21:16:52.670844,127.36,4,Office Supplies,Electronics
TXNHOG2KMDHT5,CUST88483740,2026-05-17 21:16:52.670844,591.27,3,Electronics,Camera
TXN6CQ12QI8OA,CUST88483740,2026-06-22 21:16:52.670844,529.86,1,Food & Beverages,Gourmet Food
TXN2K1AE6W90S,CUST88483740,2026-02-06 21:16:52.670844,317.22,5,Books,Non-Fiction
TXNLBO1DXON0B,CUST88483740,2026-05-04 21:16:52.670844,327.77,1,Home & Garden,Tools
TXNZ8JHZLYGKA,CUST88483740,2026-06-21 21:16:52.670844,453.63,3,Toys & Games,Action Figures
TXNADKIYEO0QD,CUST64616676,2024-11-05 21:16:52.670844,241.67,1,Food & Beverages,Snacks
TXNNT5B4ZZZDW,CUST64616676,2026-04-24 21:16:52.670844,233.68,3,Sports & Outdoors,Fitness Equipment
TXNWPQFNLM3EN,CUST64616676,2026-03-13 21:16:52.670844,191.7,3,Food & Beverages,Beverages
TXNN9LKFER2KN,CUST64616676,2026-01-19 21:16:52.670844,142.54,4,Home & Garden,Tools
TXN8DQRMVEU2Z,CUST64616676,2026-05-30 21:16:52.670844,218.9,2,Home & Garden,Tools
TXNA7OMON5KM0,CUST64616676,2025-11-09 21:16:52.670844,206.88,3,Automotive,Parts
TXNSLPXNHCTAD,CUST49113642,2024-12-17 21:16:52.670844,94.58,2,Office Supplies,Desk Accessories
TXND1PKXR1R30,CUST23542930,2026-07-03 21:16:52.670844,208.21,2,Electronics,Camera
TXNSO2LSOL8CG,CUST23542930,2026-06-26 21:16:52.670844,394.96,4,Electronics,Headphones
TXN26PV4JOMBM,CUST23542930,2026-05-25 21:16:52.670844,561.6,5,Home & Garden,Decor
TXNHZ482EFD1A,CUST23542930,2026-06-27 21:16:52.670844,234.63,1,Clothing,Dress
TXNZVYRBFW8BQ,CUST23542930,2026-06-21 21:16:52.670844,235.54,5,Food & Beverages,Organic Products
TXNLVKFY90VDP,CUST23542930,2026-06-02 21:16:52.670844,490.16,5,Clothing,Shoes
TXNB4ASP34AG6,CUST23542930,2026-06-21 21:16:52.670844,264.93,3,Toys & Games,Puzzles
TXNJQOGDA8D08,CUST23542930,2026-07-03 21:16:52.670844,177.92,3,Clothing,T-Shirt
TXNKC48ZYU70I,CUST23542930,2026-05-28 21:16:52.670844,461.29,3,Automotive,Parts
TXN6UUM12UTVI,CUST23542930,2026-06-08 21:16:52.670844,831.86,3,Sports & Outdoors,Sportswear
TXNSBIWCBNU07,CUST23542930,2026-07-05 21:16:52.670844,406.62,2,Electronics,Smart Watch
TXNY4ID3OQEMC,CUST23542930,2026-06-14 21:16:52.670844,520.85,1,Books,Non-Fiction
TXNMD47KKD999,CUST23542930,2026-06-04 21:16:52.670844,417.81,1,Electronics,Camera
TXNTQPFIFHP8G,CUST23542930,2026-06-28 21:16:52.670844,507.22,3,Clothing,Accessories
TXN83SCDBSR1U,CUST23542930,2026-07-08 21:16:52.670844,553.01,2,Books,Non-Fiction
TXNTZRK5NEJG7,CUST23542930,2026-05-31 21:16:52.670844,255.56,3,Food & Beverages,Snacks
TXNKQ0VLTBH2M,CUST23542930,2026-06-28 21:16:52.670844,257.53,4,Toys & Games,Board Games
TXNLWC86ID3OZ,CUST23542930,2026-06-21 21:16:52.670844,391.1,2,Sports & Outdoors,Bicycle
TXN7RZG2IEFCD,CUST23542930,2026-06-23 21:16:52.670844,469.62,4,Sports & Outdoors,Fitness Equipment
TXNEQP3N9YP3W,CUST23542930,2026-05-27 21:16:52.670844,460.73,2,Sports & Outdoors,Bicycle
TXNVY988R49MP,CUST23542930,2026-06-12 21:16:52.670844,536.17,1,Office Supplies,Furniture
TXNRFJ2CQNEBJ,CUST23542930,2026-05-29 21:16:52.670844,439.43,1,Books,Non-Fiction
TXNUR11WQQ32Q,CUST23542930,2026-06-16 21:16:52.670844,499.42,3,Office Supplies,Electronics
TXNYBZZ21NWYL,CUST23542930,2026-06-28 21:16:52.670844,132.4,1,Books,Non-Fiction
TXNCFI3GMTSSB,CUST95406262,2026-05-31 21:16:52.670844,191.44,1,Automotive,Tools
TXNYA5WWK9RBJ,CUST95406262,2026-06-25 21:16:52.670844,306.08,5,Office Supplies,Electronics
TXNQ6P8BNEWNJ,CUST95406262,2026-05-13 21:16:52.670844,187.77,2,Electronics,Smartphone
TXNJC0A516C5Q,CUST95406262,2026-07-13 21:16:52.670844,252.1,5,Toys & Games,Board Games
TXNURE5EMTPET,CUST95406262,2026-05-23 21:16:52.670844,296.57,1,Books,Comics
TXND6NHDQIFJA,CUST95406262,2026-05-27 21:16:52.670844,169.96,2,Clothing,Jacket
TXNCO7M8HIISN,CUST95406262,2026-07-09 21:16:52.670844,208.81,1,Automotive,Car Accessories
TXNXSST9O9P0K,CUST95406262,2026-05-28 21:16:52.670844,270.25,2,Clothing,Dress
TXNMX59RLN9Y0,CUST95406262,2026-07-08 21:16:52.670844,406.97,5,Toys & Games,Action Figures
TXNJJPAN6ANBF,CUST95406262,2026-06-09 21:16:52.670844,272.11,4,Electronics,Tablet
TXNNUDCJYG4XS,CUST95406262,2026-07-10 21:16:52.670844,140.22,5,Automotive,Parts
TXNVXS264Y4OE,CUST95406262,2026-06-10 21:16:52.670844,161.31,4,Electronics,Laptop
TXNV8PHYG33W1,CUST95406262,2026-05-19 21:16:52.670844,232.55,2,Sports & Outdoors,Camping Gear
TXNLZARQXFANH,CUST95406262,2026-05-22 21:16:52.670844,332.73,1,Books,Educational
TXNA00DL69IRW,CUST95406262,2026-07-01 21:16:52.670844,289.41,1,Food & Beverages,Snacks
TXN5DLQOT4D44,CUST95406262,2026-06-12 21:16:52.670844,209.17,3,Sports & Outdoors,Bicycle
TXNKJ8BAOYD8Z,CUST95406262,2026-07-03 21:16:52.670844,225.76,3,Home & Garden,Furniture
TXNJAVI7JLDSK,CUST95406262,2026-06-04 21:16:52.670844,403.63,4,Office Supplies,Electronics
TXN9Z6D5QTCIN,CUST95406262,2026-06-02 21:16:52.670844,273.83,1,Clothing,Accessories
TXNBSAEVMM47K,CUST95406262,2026-06-16 21:16:52.670844,224.95,4,Books,Non-Fiction
TXNMWNH8T1EXK,CUST95406262,2026-07-05 21:16:52.670844,302.8,1,Home & Garden,Kitchen Appliances
TXNREV180T05N,CUST95406262,2026-06-24 21:16:52.670844,331.87,1,Electronics,Smartphone
TXNIY7PLZI3FB,CUST95406262,2026-06-04 21:16:52.670844,322.75,2,Books,Comics
TXN99NTNLQCQJ,CUST95406262,2026-05-17 21:16:52.670844,293.55,3,Books,Comics
TXNKR0DRD15H6,CUST95406262,2026-05-18 21:16:52.670844,136.04,5,Office Supplies,Electronics
TXNAI69B6L98U,CUST95406262,2026-06-15 21:16:52.670844,235.37,5,Health & Beauty,Supplements
TXNA5E1V54DAS,CUST95406262,2026-06-08 21:16:52.670844,303.29,2,Books,Educational
TXNLN9WD4H444,CUST95406262,2026-06-29 21:16:52.670844,237.76,5,Food & Beverages,Beverages
TXNPZEUC38NFM,CUST95406262,2026-05-14 21:16:52.670844,279.42,3,Home & Garden,Bedding
TXNP1ZT5XWNJD,CUST95406262,2026-07-11 21:16:52.670844,301.03,1,Food & Beverages,Snacks
TXNGQTAQVQ7DZ,CUST95406262,2026-06-20 21:16:52.670844,171.43,3,Food & Beverages,Gourmet Food
TXNLUOIBS521R,CUST95406262,2026-05-26 21:16:52.670844,340.99,3,Clothing,Shoes
TXNQXXZ5UJY2N,CUST95406262,2026-06-27 21:16:52.670844,311.97,3,Toys & Games,Puzzles
TXNVGPRPFIQS5,CUST95406262,2026-06-24 21:16:52.670844,346.39,4,Food & Beverages,Gourmet Food
TXNLGPRMAX7WB,CUST95406262,2026-07-01 21:16:52.670844,324.09,4,Automotive,Parts
TXNBWGQC1VF89,CUST95406262,2026-06-08 21:16:52.670844,88.76,5,Toys & Games,Video Games
TXNQ0RLWHSXPW,CUST95406262,2026-06-24 21:16:52.670844,214.92,4,Health & Beauty,Makeup
TXNFDV21W0H9D,CUST95406262,2026-05-17 21:16:52.670844,344.19,2,Toys & Games,Puzzles
TXND3EJ0UP82H,CUST95406262,2026-06-14 21:16:52.670844,295.03,2,Sports & Outdoors,Bicycle
TXNTKLYGMVFUD,CUST27941188,2026-04-29 21:16:52.670844,103.91,1,Books,Magazines
TXNSHN8Y7MCV1,CUST27941188,2026-05-07 21:16:52.670844,72.17,2,Books,Non-Fiction
TXNPBLA2O58OX,CUST27941188,2026-04-20 21:16:52.670844,53.96,3,Electronics,Laptop
TXN0S02MOY79D,CUST27941188,2026-04-25 21:16:52.670844,133.47,3,Automotive,Cleaning Supplies
TXN6L7GOK49ZP,CUST27941188,2026-06-06 21:16:52.670844,82.74,5,Electronics,Camera
TXNZRDHQU52DR,CUST27941188,2026-05-14 21:16:52.670844,87.57,2,Electronics,Headphones
TXNO1LANG656V,CUST27941188,2026-04-30 21:16:52.670844,96.26,5,Office Supplies,Electronics
TXNH7RUXMXEQE,CUST27941188,2026-06-04 21:16:52.670844,108.86,1,Food & Beverages,Organic Products
TXN0DDXVWYLW4,CUST27941188,2026-05-25 21:16:52.670844,74.71,1,Health & Beauty,Skincare
TXNWTBTA8571Z,CUST27941188,2026-05-11 21:16:52.670844,135.72,4,Clothing,Accessories
TXNIZLNBBPYHF,CUST27941188,2026-06-03 21:16:52.670844,166.42,2,Clothing,T-Shirt
TXN09OXXBTC4P,CUST27941188,2026-05-02 21:16:52.670844,73.39,2,Office Supplies,Electronics
TXNNK1A8LPFJ5,CUST27941188,2026-05-18 21:16:52.670844,131.78,5,Books,Magazines
TXN6Y14V1BUE1,CUST51635769,2025-11-14 21:16:52.670844,153.07,4,Health & Beauty,Supplements
TXNB95PDD92CC,CUST51635769,2026-04-01 21:16:52.670844,380.97,2,Automotive,Parts
TXNHHY7XAHQNA,CUST51635769,2026-04-10 21:16:52.670844,277.86,1,Clothing,Jeans
TXNUNRMCP61XA,CUST51635769,2026-02-02 21:16:52.670844,174.87,1,Toys & Games,Puzzles
TXN1YP1F2QDQZ,CUST51635769,2026-01-24 21:16:52.670844,177.84,4,Clothing,Jeans
TXNNXDRPZVO47,CUST51635769,2026-03-08 21:16:52.670844,371.73,1,Automotive,Parts
TXNGA9VMMIBMJ,CUST51635769,2025-12-14 21:16:52.670844,258.0,3,Food & Beverages,Beverages
TXNKEPEP3LHVK,CUST51635769,2026-01-21 21:16:52.670844,221.67,5,Office Supplies,Stationery
TXNW8VZVEQNIP,CUST51635769,2026-05-07 21:16:52.670844,250.23,5,Automotive,Parts
TXNFGBY0OXII2,CUST51635769,2026-02-20 21:16:52.670844,213.44,5,Food & Beverages,Snacks
TXNOCYUVX74DR,CUST51635769,2026-05-12 21:16:52.670844,149.07,4,Clothing,T-Shirt
TXNIB9CC3AO3J,CUST51635769,2026-03-13 21:16:52.670844,241.02,1,Electronics,Tablet
TXN09Y2YIX15P,CUST51635769,2026-03-06 21:16:52.670844,361.08,1,Office Supplies,Stationery
TXNEAE1YT888F,CUST51635769,2026-02-28 21:16:52.670844,335.35,2,Toys & Games,Action Figures
TXNZAWW1EHYDP,CUST51635769,2025-11-27 21:16:52.670844,199.18,4,Clothing,Dress
TXNFI91TF1WL9,CUST51635769,2026-05-22 21:16:52.670844,362.03,2,Office Supplies,Electronics
TXNO1KJP65XWL,CUST51635769,2026-01-07 21:16:52.670844,204.98,1,Home & Garden,Decor
TXNJ16OHG9CZX,CUST51635769,2026-04-05 21:16:52.670844,271.32,4,Automotive,Tools
TXN4DAC6CYQTD,CUST51635769,2026-05-07 21:16:52.670844,219.81,5,Food & Beverages,Snacks
TXNOXTU0WHU3A,CUST51635769,2026-04-28 21:16:52.670844,248.14,5,Automotive,Parts
TXNYCN5JNQM7G,CUST51635769,2026-05-25 21:16:52.670844,243.36,2,Home & Garden,Kitchen Appliances
TXNT912N1DV8A,CUST51635769,2026-02-10 21:16:52.670844,320.7,2,Health & Beauty,Makeup
TXNVI1GG4Z3C7,CUST41877212,2025-12-09 21:16:52.670844,58.69,2,Books,Educational
TXNARE2WXZFQS,CUST41877212,2025-10-24 21:16:52.670844,54.07,1,Sports & Outdoors,Bicycle
TXNXJTQ994P55,CUST41877212,2025-10-17 21:16:52.670844,115.53,4,Electronics,Laptop
TXNJIR607G5QJ,CUST41877212,2025-12-02 21:16:52.670844,65.94,3,Automotive,Car Accessories
TXNIKF121PLIJ,CUST41877212,2025-10-30 21:16:52.670844,40.48,1,Electronics,Camera
TXN09C60QXJZ8,CUST41877212,2025-10-05 21:16:52.670844,108.39,1,Electronics,Headphones
TXNRMPPHGGBD9,CUST41877212,2025-08-16 21:16:52.670844,99.62,5,Automotive,Tools
TXNE16PIX8MGM,CUST41877212,2025-12-02 21:16:52.670844,91.0,3,Books,Comics
TXNTFTOUI6R0R,CUST41877212,2025-08-19 21:16:52.670844,84.38,5,Books,Comics
TXNSLWCPJEW2F,CUST41877212,2025-11-30 21:16:52.670844,105.87,1,Automotive,Parts
TXNHX051HMHBZ,CUST69961031,2025-07-01 21:16:52.670844,69.91,3,Books,Non-Fiction
TXN20DGW2UN1S,CUST69961031,2025-07-02 21:16:52.670844,89.51,4,Food & Beverages,Gourmet Food
TXNME03DQP70M,CUST69961031,2025-07-09 21:16:52.670844,102.02,5,Automotive,Cleaning Supplies
TXN3FP6IFEIFI,CUST69961031,2025-07-08 21:16:52.670844,121.55,1,Office Supplies,Electronics
TXNGH2HJECZ60,CUST69961031,2025-07-08 21:16:52.670844,94.89,1,Home & Garden,Bedding
TXNJ3ADRVB00C,CUST94927943,2025-05-09 21:16:52.670844,56.45,2,Books,Fiction
TXNVQ3N3901ZS,CUST50583691,2026-05-31 21:16:52.670844,209.0,3,Office Supplies,Electronics
TXNHKYFZP69F6,CUST50583691,2026-05-18 21:16:52.670844,332.84,2,Food & Beverages,Beverages
TXNWQZTHE2TA2,CUST50583691,2026-05-16 21:16:52.670844,176.05,1,Home & Garden,Bedding
TXNLGJ7T4P7DK,CUST50583691,2026-05-28 21:16:52.670844,282.77,5,Home & Garden,Kitchen Appliances
TXN4FMX4EV9ZR,CUST50583691,2026-05-20 21:16:52.670844,224.38,4,Toys & Games,Puzzles
TXNMDL6IL32OA,CUST50583691,2026-05-27 21:16:52.670844,215.69,5,Toys & Games,Video Games
TXN8H0BPV3PBU,CUST50583691,2026-05-04 21:16:52.670844,268.96,4,Sports & Outdoors,Bicycle
TXNFY91A2B9ZK,CUST50583691,2026-04-29 21:16:52.670844,352.57,3,Toys & Games,Board Games
TXNWWI46MHUPR,CUST50583691,2026-06-14 21:16:52.670844,334.3,5,Clothing,Dress
TXNVF4L24B8ZP,CUST50583691,2026-04-28 21:16:52.670844,174.0,3,Office Supplies,Desk Accessories
TXNCJLAQVHYY3,CUST50583691,2026-04-29 21:16:52.670844,308.64,1,Food & Beverages,Snacks
TXNQGTC0VMJSG,CUST50583691,2026-06-03 21:16:52.670844,200.56,4,Home & Garden,Tools
TXNFC2HHTHI1J,CUST50583691,2026-05-24 21:16:52.670844,263.87,4,Clothing,Jeans
TXNHII4G7DMNN,CUST50583691,2026-06-10 21:16:52.670844,334.58,2,Books,Non-Fiction
TXNWM0TGEGHVD,CUST50583691,2026-06-14 21:16:52.670844,326.09,3,Toys & Games,Puzzles
TXN757SVG22NS,CUST50583691,2026-05-03 21:16:52.670844,98.84,2,Food & Beverages,Beverages
TXNLTHIZLONKV,CUST50583691,2026-04-16 21:16:52.670844,156.7,1,Sports & Outdoors,Fitness Equipment
TXNNVEFHH8CKQ,CUST50583691,2026-06-09 21:16:52.670844,180.49,5,Automotive,Car Accessories
TXNOFY1I0ZJF1,CUST50583691,2026-04-14 21:16:52.670844,279.02,5,Books,Comics
TXNC44POY2A7C,CUST50583691,2026-04-24 21:16:52.670844,191.01,3,Food & Beverages,Beverages
TXNO6NXZ53GJP,CUST50583691,2026-05-04 21:16:52.670844,221.65,5,Health & Beauty,Makeup
TXNF96S8RUCYC,CUST50583691,2026-06-23 21:16:52.670844,284.79,3,Automotive,Tools
TXNMLJSK9NA10,CUST50583691,2026-04-22 21:16:52.670844,203.86,2,Sports & Outdoors,Camping Gear
TXNJ37M589RZB,CUST50583691,2026-06-02 21:16:52.670844,135.74,1,Sports & Outdoors,Fitness Equipment
TXNJ28A4V7FRL,CUST50583691,2026-06-19 21:16:52.670844,198.58,4,Clothing,T-Shirt
TXN13OJ1YXRF7,CUST50583691,2026-06-05 21:16:52.670844,153.26,1,Home & Garden,Kitchen Appliances
TXNFR9GG7JSGV,CUST28901510,2026-01-20 21:16:52.670844,164.33,5,Automotive,Parts
TXNGFBU1A2OW6,CUST28901510,2026-06-20 21:16:52.670844,357.42,4,Toys & Games,Video Games
TXNOAK6E4AQ5P,CUST28901510,2026-02-07 21:16:52.670844,376.47,2,Health & Beauty,Makeup
TXNEDXK1SNZ0E,CUST28901510,2026-03-23 21:16:52.670844,287.18,3,Books,Educational
TXNEIRS4AJPM7,CUST28901510,2026-03-27 21:16:52.670844,417.82,5,Books,Fiction
TXN1GGKBFQHSL,CUST28901510,2026-05-11 21:16:52.670844,145.86,1,Sports & Outdoors,Camping Gear
TXNVLFKLBEH0P,CUST28901510,2026-04-04 21:16:52.670844,325.56,3,Toys & Games,Action Figures
TXNKXUUX119VT,CUST28901510,2026-02-13 21:16:52.670844,405.17,1,Home & Garden,Decor
TXN16XN853U8Z,CUST28901510,2026-04-06 21:16:52.670844,317.72,3,Electronics,Camera
TXN308UF1PEYS,CUST28901510,2026-03-05 21:16:52.670844,406.31,2,Health & Beauty,Personal Care
TXNTG7GBC3HTY,CUST28901510,2026-01-10 21:16:52.670844,410.53,5,Food & Beverages,Gourmet Food
TXNKGVRV5HIMM,CUST28901510,2026-05-27 21:16:52.670844,108.82,2,Home & Garden,Decor
TXNUN66L0JMA4,CUST28901510,2026-05-07 21:16:52.670844,222.64,4,Automotive,Cleaning Supplies
TXN58GNJ03XIF,CUST28901510,2026-06-06 21:16:52.670844,327.96,5,Sports & Outdoors,Bicycle
TXNWQ1XVPN7H5,CUST28901510,2026-05-26 21:16:52.670844,300.56,2,Electronics,Laptop
TXNY4OGY25VO7,CUST28901510,2026-04-09 21:16:52.670844,422.46,3,Clothing,Dress
TXNQS5H2PHHVF,CUST28901510,2026-04-28 21:16:52.670844,223.8,1,Toys & Games,Video Games
TXNVI1Q533FFJ,CUST28901510,2026-04-04 21:16:52.670844,271.28,4,Books,Non-Fiction
TXN82KT54GVY1,CUST28901510,2026-05-06 21:16:52.670844,196.11,2,Food & Beverages,Beverages
TXNZ9LRAG0D3O,CUST28901510,2026-01-02 21:16:52.670844,313.62,2,Sports & Outdoors,Fitness Equipment
TXN4T46JZD730,CUST41268622,2026-04-20 21:16:52.670844,122.02,3,Electronics,Tablet
TXNMCPTS9H9MI,CUST41268622,2026-05-02 21:16:52.670844,65.28,3,Books,Educational
TXN1NGWTX5VSR,CUST41268622,2026-03-13 21:16:52.670844,106.42,3,Home & Garden,Tools
TXNG6Q4HFEJ17,CUST41268622,2026-04-17 21:16:52.670844,103.86,3,Clothing,Jacket
TXNO6YATITN9C,CUST41268622,2026-05-11 21:16:52.670844,46.1,2,Books,Comics
TXNIFIAUFOS3V,CUST41268622,2026-05-15 21:16:52.670844,83.05,4,Clothing,Dress
TXNJG7FLCRFFS,CUST41268622,2026-03-18 21:16:52.670844,77.42,5,Sports & Outdoors,Fitness Equipment
TXNCJS0NYZYDE,CUST16296291,2026-03-09 21:16:52.670844,263.49,5,Home & Garden,Kitchen Appliances
TXNNAK2EQINL2,CUST16296291,2025-03-14 21:16:52.670844,187.04,5,Office Supplies,Furniture
TXN1YLJOW4VL7,CUST16296291,2025-04-29 21:16:52.670844,114.11,5,Books,Non-Fiction
TXNOFZVDDAR4E,CUST24306288,2026-02-25 21:16:52.670844,265.73,5,Automotive,Tools
TXNDMG5H9V9QX,CUST24306288,2026-02-21 21:16:52.670844,151.57,2,Office Supplies,Desk Accessories
TXNLUIM7T7MN2,CUST24306288,2026-04-30 21:16:52.670844,147.24,5,Automotive,Tools
TXNET20NDV128,CUST24306288,2026-03-29 21:16:52.670844,99.81,4,Home & Garden,Decor
TXN2DZX15I51B,CUST24306288,2026-06-03 21:16:52.670844,214.25,5,Electronics,Tablet
TXNRYZUW2H6IH,CUST24306288,2026-05-27 21:16:52.670844,148.5,1,Office Supplies,Desk Accessories
TXNGLOSFQV8JX,CUST24306288,2025-10-21 21:16:52.670844,96.19,3,Home & Garden,Bedding
TXNAN9HMFKD1I,CUST24306288,2026-04-24 21:16:52.670844,158.71,2,Health & Beauty,Personal Care
TXNA6BCTC9PNC,CUST24306288,2025-12-27 21:16:52.670844,196.56,5,Toys & Games,Board Games
TXN3224KLMDE9,CUST24306288,2025-10-22 21:16:52.670844,152.76,5,Electronics,Tablet
TXNSXSIDEYJY0,CUST24306288,2025-10-21 21:16:52.670844,193.5,3,Office Supplies,Desk Accessories
TXND9922ZBLBH,CUST24306288,2025-12-08 21:16:52.670844,116.52,2,Clothing,Accessories
TXNC20FMPITQO,CUST24306288,2026-03-07 21:16:52.670844,160.56,4,Home & Garden,Decor
TXNDKO7N5VSGN,CUST24306288,2026-03-01 21:16:52.670844,101.8,4,Automotive,Cleaning Supplies
TXNQOFBEE716Z,CUST98664751,2026-05-25 21:16:52.670844,218.58,3,Health & Beauty,Supplements
TXN9NXS7AC8EI,CUST98664751,2026-05-21 21:16:52.670844,164.49,2,Books,Magazines
TXNOS5692HDDI,CUST98664751,2026-05-20 21:16:52.670844,134.8,1,Office Supplies,Desk Accessories
TXNQZUUH1Y5FA,CUST98664751,2026-05-26 21:16:52.670844,192.67,5,Automotive,Tools
TXNCWPR39Y9BR,CUST98664751,2026-05-22 21:16:52.670844,218.22,5,Books,Magazines
TXNDFMEB9HSXK,CUST98664751,2026-05-22 21:16:52.670844,109.48,1,Home & Garden,Bedding
TXN1GBEB5TV3X,CUST90294685,2024-11-09 21:16:52.670844,128.38,2,Toys & Games,Video Games
TXNZTKKBJ6EXM,CUST90294685,2025-12-15 21:16:52.670844,83.28,4,Automotive,Car Accessories
TXNR727BJ8Z3H,CUST90294685,2025-09-16 21:16:52.670844,87.24,2,Clothing,Jacket
TXNVCICUOE651,CUST90294685,2025-02-11 21:16:52.670844,74.33,2,Books,Non-Fiction
TXNU2QSPB79PS,CUST90294685,2025-05-26 21:16:52.670844,113.48,4,Automotive,Cleaning Supplies
TXNDI7DLVOLO0,CUST90294685,2025-05-18 21:16:52.670844,100.63,5,Clothing,Jacket
TXN6NPK6676CD,CUST90294685,2024-12-02 21:16:52.670844,133.13,5,Toys & Games,Video Games
TXNCAEW2T2SZ7,CUST90294685,2025-12-16 21:16:52.670844,241.53,3,Home & Garden,Tools
TXN6DNYC5AXCF,CUST90294685,2026-04-10 21:16:52.670844,123.25,2,Food & Beverages,Gourmet Food
TXN4QVMLCZQVE,CUST90294685,2025-03-15 21:16:52.670844,134.85,1,Books,Non-Fiction
TXNBYIFYFQK6R,CUST90294685,2025-06-29 21:16:52.670844,92.42,4,Automotive,Cleaning Supplies
TXN8EY4AWLJLI,CUST90294685,2024-11-20 21:16:52.670844,112.15,5,Home & Garden,Tools
TXNFI71B0G163,CUST90294685,2025-01-05 21:16:52.670844,120.92,3,Health & Beauty,Supplements
TXN7Y3TQZ76PS,CUST90294685,2026-02-19 21:16:52.670844,45.65,1,Automotive,Parts
TXNIRC3YNZ3L6,CUST90294685,2025-06-25 21:16:52.670844,134.51,3,Health & Beauty,Personal Care
TXNGEVKAC8APM,CUST90294685,2024-12-10 21:16:52.670844,161.8,4,Sports & Outdoors,Fitness Equipment
TXN0CD9J1R8TA,CUST90294685,2025-09-14 21:16:52.670844,167.35,3,Electronics,Laptop
TXNCOB03LCK81,CUST90294685,2026-06-20 21:16:52.670844,152.86,3,Health & Beauty,Personal Care
TXNUN1VH6YF8T,CUST90294685,2025-01-27 21:16:52.670844,77.01,4,Automotive,Car Accessories
TXNMZ9N8189AZ,CUST90294685,2026-02-02 21:16:52.670844,126.35,1,Clothing,Dress
TXNKWZZZOUR09,CUST90294685,2026-02-22 21:16:52.670844,103.33,4,Electronics,Headphones
TXNKRQU4N1TUD,CUST90294685,2024-09-30 21:16:52.670844,134.07,1,Office Supplies,Stationery
TXNNY1C2ABNFX,CUST27106154,2026-05-09 21:16:52.670844,207.74,2,Toys & Games,Action Figures
TXNMQM2RUAOIG,CUST27106154,2026-04-24 21:16:52.670844,315.02,1,Health & Beauty,Skincare
TXNND5IJFU7HS,CUST27106154,2026-05-07 21:16:52.670844,294.64,4,Clothing,Jeans
TXNMII9TH7HV3,CUST27106154,2026-06-25 21:16:52.670844,202.34,3,Books,Magazines
TXNUQRYL74RQU,CUST27106154,2026-05-17 21:16:52.670844,123.18,2,Books,Fiction
TXNCSU2ZYUZRM,CUST27106154,2026-06-22 21:16:52.670844,163.65,5,Health & Beauty,Personal Care
TXN1WK42N8LRZ,CUST27106154,2026-04-18 21:16:52.670844,175.23,2,Office Supplies,Desk Accessories
TXNUKDP8COG88,CUST27106154,2026-04-13 21:16:52.670844,197.06,1,Health & Beauty,Makeup
TXN1MGPOECERW,CUST27106154,2026-05-23 21:16:52.670844,264.73,5,Office Supplies,Stationery
TXN8FKT2XLH14,CUST27106154,2026-06-21 21:16:52.670844,214.57,1,Clothing,Dress
TXN0FXZEW6KVM,CUST27106154,2026-06-11 21:16:52.670844,296.33,2,Sports & Outdoors,Camping Gear
TXNP6RMEC97MB,CUST27106154,2026-05-06 21:16:52.670844,137.09,5,Clothing,Jeans
TXN30PAOWW71K,CUST27106154,2026-04-05 21:16:52.670844,103.71,1,Food & Beverages,Snacks
TXNIER7ZTUL9M,CUST27106154,2026-04-23 21:16:52.670844,134.86,4,Sports & Outdoors,Sportswear
TXNQAMSUHBLH9,CUST27106154,2026-04-06 21:16:52.670844,91.32,2,Electronics,Tablet
TXNANCNEQ4CPE,CUST27106154,2026-06-17 21:16:52.670844,199.23,1,Health & Beauty,Makeup
TXNUXW8E5OQ4V,CUST27106154,2026-04-18 21:16:52.670844,249.62,3,Books,Fiction
TXN7ZC8OU33GE,CUST27106154,2026-05-12 21:16:52.670844,323.23,4,Office Supplies,Furniture
TXN3ZZ4RMEPPA,CUST27106154,2026-04-18 21:16:52.670844,300.71,4,Food & Beverages,Organic Products
TXNJN8JM741EF,CUST27106154,2026-04-26 21:16:52.670844,218.75,3,Health & Beauty,Makeup
TXN14YJJ5DPLR,CUST27106154,2026-05-14 21:16:52.670844,170.08,4,Health & Beauty,Makeup
TXN1RS8JBIE2G,CUST27106154,2026-06-05 21:16:52.670844,244.91,4,Toys & Games,Board Games
TXNYJMMSFJVP0,CUST27106154,2026-05-13 21:16:52.670844,242.07,2,Automotive,Tools
TXNXG1KWOU6AT,CUST27106154,2026-05-20 21:16:52.670844,125.44,2,Clothing,Jeans
TXNI81LO27MWO,CUST27106154,2026-04-06 21:16:52.670844,271.24,1,Clothing,Shoes
TXNOW7F04OZXC,CUST27106154,2026-04-10 21:16:52.670844,287.61,3,Food & Beverages,Organic Products
TXNEK1X45I79Y,CUST27106154,2026-05-13 21:16:52.670844,199.7,1,Sports & Outdoors,Bicycle
TXNR9SA0KBVG1,CUST27106154,2026-05-03 21:16:52.670844,142.8,1,Office Supplies,Stationery
TXNOT8WR1OB7G,CUST27106154,2026-06-06 21:16:52.670844,263.17,5,Books,Non-Fiction
TXN90HHT5MLEX,CUST27106154,2026-05-01 21:16:52.670844,152.36,2,Books,Non-Fiction
TXNNE11VCL4ZP,CUST11216170,2026-01-15 21:16:52.670844,98.14,2,Toys & Games,Action Figures
TXNXD1RVEVOBR,CUST11216170,2026-04-28 21:16:52.670844,102.81,5,Health & Beauty,Personal Care
TXN1CEIMXCZFF,CUST11216170,2025-11-10 21:16:52.670844,56.13,1,Automotive,Car Accessories
TXNITVHTTG0WR,CUST11216170,2026-04-28 21:16:52.670844,54.4,3,Food & Beverages,Gourmet Food
TXN2EVN8LT2K8,CUST11216170,2026-04-15 21:16:52.670844,75.41,3,Clothing,Jeans
TXNB6F1VRRMDZ,CUST11216170,2026-02-22 21:16:52.670844,61.19,2,Clothing,Jacket
TXNGD2PAHBL65,CUST11216170,2026-03-02 21:16:52.670844,55.42,4,Food & Beverages,Snacks
TXN27TF5XCM16,CUST11216170,2026-01-07 21:16:52.670844,59.49,3,Home & Garden,Decor
TXNY7P241F5NH,CUST11216170,2026-02-13 21:16:52.670844,44.69,2,Health & Beauty,Personal Care
TXNI2QN8OD73E,CUST82788003,2026-06-08 21:16:52.670844,86.82,2,Food & Beverages,Organic Products
TXNX83BDNURRU,CUST82788003,2026-04-18 21:16:52.670844,122.5,4,Food & Beverages,Organic Products
TXNEO0EIJNZHK,CUST82788003,2026-05-02 21:16:52.670844,241.68,2,Electronics,Smart Watch
TXN1EJCN6ZZAP,CUST82788003,2026-04-04 21:16:52.670844,115.55,4,Automotive,Tools
TXNV5WUEKAZI5,CUST82788003,2026-03-22 21:16:52.670844,235.43,2,Home & Garden,Bedding
TXNEU8UE2O2SA,CUST82788003,2026-05-15 21:16:52.670844,155.7,1,Office Supplies,Electronics
TXNJ2Z10KJLIX,CUST82788003,2026-05-09 21:16:52.670844,196.23,2,Automotive,Car Accessories
TXNZ2PP2HC0CR,CUST82788003,2026-05-28 21:16:52.670844,257.52,5,Health & Beauty,Personal Care
TXNJ4ANVWTPCK,CUST82788003,2026-05-26 21:16:52.670844,126.97,2,Food & Beverages,Organic Products
TXNX7Q7G0ERM6,CUST82788003,2026-05-15 21:16:52.670844,171.71,4,Home & Garden,Kitchen Appliances
TXNMW03E8E8XV,CUST82788003,2026-04-19 21:16:52.670844,260.36,5,Automotive,Cleaning Supplies
TXN194CAKIHW8,CUST82788003,2026-06-19 21:16:52.670844,165.39,1,Office Supplies,Furniture
TXN65M80KWWSB,CUST82788003,2026-06-14 21:16:52.670844,163.77,3,Food & Beverages,Gourmet Food
TXNQEWVVTFFYR,CUST82788003,2026-06-10 21:16:52.670844,128.96,3,Food & Beverages,Organic Products
TXNJAMG3BZAF2,CUST82788003,2026-04-18 21:16:52.670844,165.9,1,Sports & Outdoors,Camping Gear
TXNN42U08AIEY,CUST82788003,2026-05-21 21:16:52.670844,199.8,4,Toys & Games,Video Games
TXNRLEP9WPSGZ,CUST82788003,2026-04-18 21:16:52.670844,44.82,1,Electronics,Camera
TXNM7L1L0GLBG,CUST82788003,2026-06-08 21:16:52.670844,200.68,4,Office Supplies,Electronics
TXNYN2C8P5CT9,CUST82788003,2026-04-29 21:16:52.670844,160.09,3,Food & Beverages,Snacks
TXNJKDS3C1YS9,CUST82788003,2026-05-07 21:16:52.670844,259.3,2,Food & Beverages,Organic Products
TXNEYMRJVCJ0V,CUST82788003,2026-04-06 21:16:52.670844,280.36,3,Office Supplies,Electronics
TXNLLJ424YSD4,CUST82788003,2026-03-18 21:16:52.670844,187.83,1,Automotive,Tools
TXNFBO1N7FUA9,CUST82788003,2026-06-13 21:16:52.670844,148.3,3,Books,Educational
TXNAQSVYD63AE,CUST82788003,2026-05-08 21:16:52.670844,120.97,4,Health & Beauty,Makeup
TXN9LXHZ5QYP9,CUST82788003,2026-04-01 21:16:52.670844,163.18,4,Clothing,Jacket
TXNBQ2CTK2H2N,CUST82788003,2026-06-26 21:16:52.670844,141.38,1,Office Supplies,Desk Accessories
TXNSFFKQNVIR8,CUST82788003,2026-05-19 21:16:52.670844,217.11,5,Health & Beauty,Personal Care
TXNEA7EOPBXV9,CUST82788003,2026-04-15 21:16:52.670844,180.13,5,Clothing,T-Shirt
TXNIKBUI5US8L,CUST82788003,2026-03-27 21:16:52.670844,105.94,5,Electronics,Smart Watch
TXNI0WP72S4QF,CUST82788003,2026-05-01 21:16:52.670844,250.67,5,Food & Beverages,Gourmet Food
TXNGAVTOME4RF,CUST82788003,2026-05-30 21:16:52.670844,137.07,5,Health & Beauty,Supplements
TXNI58V78935M,CUST82788003,2026-03-27 21:16:52.670844,207.0,5,Books,Fiction
TXNHSCH71PZCK,CUST82788003,2026-05-13 21:16:52.670844,180.68,3,Office Supplies,Furniture
TXNIU2OYEH4TT,CUST82788003,2026-03-27 21:16:52.670844,130.74,2,Toys & Games,Video Games
TXN3I56GJ89JZ,CUST82788003,2026-05-20 21:16:52.670844,148.11,1,Health & Beauty,Supplements
TXNTMPQEJISOP,CUST82788003,2026-04-01 21:16:52.670844,94.91,5,Toys & Games,Video Games
TXNRQA2T2MSC5,CUST83783236,2025-09-28 21:16:52.670844,243.98,5,Home & Garden,Tools
TXN7VJDRHAIIC,CUST83783236,2026-07-07 21:16:52.670844,250.56,4,Automotive,Cleaning Supplies
TXNCT1637HZ6S,CUST83783236,2026-03-19 21:16:52.670844,167.36,5,Home & Garden,Furniture
TXNB80EFSPMQZ,CUST83783236,2025-12-10 21:16:52.670844,152.11,4,Office Supplies,Desk Accessories
TXN9MIT5C2IHW,CUST83783236,2026-01-28 21:16:52.670844,299.55,5,Health & Beauty,Makeup
TXN4QLQJMHYU8,CUST83783236,2026-05-22 21:16:52.670844,145.1,1,Automotive,Tools
TXNZZ8JL1XKDY,CUST83783236,2025-10-05 21:16:52.670844,160.07,1,Health & Beauty,Makeup
TXN3556LEGV3S,CUST83783236,2025-10-13 21:16:52.670844,158.56,4,Food & Beverages,Beverages
TXNN4H3HE1L3I,CUST83783236,2026-03-07 21:16:52.670844,265.26,2,Food & Beverages,Snacks
TXNI8UI4HTBEE,CUST83783236,2026-04-26 21:16:52.670844,226.95,1,Home & Garden,Furniture
TXNH9XMKPJ2AW,CUST83783236,2025-12-13 21:16:52.670844,152.08,1,Clothing,Dress
TXN8D1IEOZS0Z,CUST83783236,2025-11-18 21:16:52.670844,209.01,1,Office Supplies,Furniture
TXNNPKVCBNK4G,CUST83783236,2025-10-11 21:16:52.670844,140.54,2,Books,Fiction
TXN1D273V3AA8,CUST83783236,2025-11-09 21:16:52.670844,190.54,3,Toys & Games,Video Games
TXNHVNUO91G8X,CUST83783236,2025-08-30 21:16:52.670844,183.81,1,Clothing,Jacket
TXNOEKALH9GIY,CUST83783236,2025-12-03 21:16:52.670844,135.32,5,Toys & Games,Puzzles
TXNXU9SE3QS94,CUST83783236,2026-03-26 21:16:52.670844,216.87,4,Health & Beauty,Makeup
TXNSA5LF141OT,CUST83783236,2025-12-07 21:16:52.670844,178.67,5,Sports & Outdoors,Bicycle
TXNPZD1R6CKK6,CUST83783236,2026-01-24 21:16:52.670844,287.29,4,Health & Beauty,Personal Care
TXN6VRD73ID8C,CUST83783236,2026-06-16 21:16:52.670844,213.46,3,Automotive,Car Accessories
TXNBCLLX041TN,CUST83783236,2026-03-08 21:16:52.670844,201.19,1,Toys & Games,Puzzles
TXNGC2G6OJK6I,CUST83783236,2026-01-16 21:16:52.670844,160.42,2,Toys & Games,Puzzles
TXN2O1KLGOPYZ,CUST83783236,2025-12-20 21:16:52.670844,130.68,4,Office Supplies,Furniture
TXNJRY3ZPHWYE,CUST83783236,2025-12-27 21:16:52.670844,336.45,1,Food & Beverages,Beverages
TXNXJK44W8MFF,CUST83783236,2025-11-01 21:16:52.670844,103.81,4,Toys & Games,Action Figures
TXN1PRXR01STK,CUST83783236,2025-11-14 21:16:52.670844,232.0,5,Clothing,Accessories
TXN1G21PYJJGH,CUST83783236,2026-06-23 21:16:52.670844,291.41,4,Food & Beverages,Organic Products
TXNWKJYCVLHHD,CUST83783236,2026-05-08 21:16:52.670844,263.29,1,Office Supplies,Furniture
TXNRLWTXN04LL,CUST83783236,2026-06-18 21:16:52.670844,167.88,1,Home & Garden,Decor
TXN4QWIA6KTPY,CUST83783236,2025-09-23 21:16:52.670844,117.39,1,Clothing,Dress
TXN79AKOKQYMJ,CUST83783236,2026-02-07 21:16:52.670844,189.41,3,Toys & Games,Board Games
TXNR7P7HXPDUJ,CUST83783236,2025-10-14 21:16:52.670844,128.89,2,Health & Beauty,Makeup
TXNWL6IEDIMFO,CUST83783236,2025-09-11 21:16:52.670844,214.38,2,Food & Beverages,Beverages
TXNE87Z1DJAEP,CUST83783236,2026-06-05 21:16:52.670844,211.04,2,Health & Beauty,Personal Care
TXN39S5VIY3YA,CUST83783236,2026-01-05 21:16:52.670844,204.78,5,Electronics,Camera
TXN8YZAJ0B82J,CUST83783236,2026-06-30 21:16:52.670844,218.72,3,Electronics,Smartphone
TXNCIOV1LIJRK,CUST83783236,2026-01-07 21:16:52.670844,226.73,4,Toys & Games,Video Games
TXN6V2FFNXKZ6,CUST83783236,2026-07-12 21:16:52.670844,290.45,3,Toys & Games,Puzzles
TXNXOKCFPW6RQ,CUST83783236,2025-11-05 21:16:52.670844,225.28,4,Toys & Games,Board Games
TXN3M2P0QBGRQ,CUST89920907,2025-12-19 21:16:52.670844,231.95,1,Office Supplies,Electronics
TXNDFE0C61KDL,CUST89920907,2025-07-22 21:16:52.670844,306.19,3,Office Supplies,Desk Accessories
TXNBYN87KODFN,CUST89920907,2024-10-14 21:16:52.670844,572.86,1,Clothing,Dress
TXNHAVI21KEGS,CUST89920907,2025-10-10 21:16:52.670844,339.1,5,Electronics,Camera
TXNURAGE746V5,CUST89920907,2026-02-10 21:16:52.670844,294.88,1,Home & Garden,Decor
TXNKPEREDOIV1,CUST89920907,2026-02-27 21:16:52.670844,344.3,2,Automotive,Tools
TXN1WZMC6QQW7,CUST89920907,2025-10-23 21:16:52.670844,310.47,2,Health & Beauty,Personal Care
TXNZCVWEFT93Q,CUST89920907,2024-11-17 21:16:52.670844,266.32,2,Sports & Outdoors,Fitness Equipment
TXNAMF7BNY9Q5,CUST89920907,2025-04-28 21:16:52.670844,298.19,1,Toys & Games,Puzzles
TXN720WV8ISR6,CUST89920907,2025-02-08 21:16:52.670844,139.72,5,Toys & Games,Board Games
TXN6O6W2LVSQC,CUST89920907,2026-06-14 21:16:52.670844,286.47,1,Home & Garden,Furniture
TXNPPE9ACQH8O,CUST89920907,2025-04-12 21:16:52.670844,237.41,4,Toys & Games,Action Figures
TXND0ZLG9GPCU,CUST89920907,2026-02-22 21:16:52.670844,351.61,4,Office Supplies,Electronics
TXNNKWB8ZFQ0N,CUST89920907,2025-09-21 21:16:52.670844,281.21,4,Health & Beauty,Personal Care
TXNVGN3GFNCUQ,CUST89920907,2025-08-11 21:16:52.670844,160.44,3,Home & Garden,Furniture
TXNTFUFKDP830,CUST89920907,2025-11-08 21:16:52.670844,284.06,3,Clothing,Dress
TXNOPRA43UYZW,CUST89920907,2025-02-07 21:16:52.670844,300.6,1,Clothing,Jeans
TXN2C8XXP7V3Z,CUST89920907,2025-03-13 21:16:52.670844,447.12,4,Home & Garden,Kitchen Appliances
TXNMORX4ZB78T,CUST89920907,2026-02-05 21:16:52.670844,427.12,1,Office Supplies,Furniture
TXNB7X8OIQUKE,CUST89920907,2024-12-18 21:16:52.670844,360.55,3,Food & Beverages,Gourmet Food
TXNGXD3JV2F51,CUST89920907,2025-08-12 21:16:52.670844,314.56,5,Automotive,Parts
TXNFJIXMU4U9Q,CUST89920907,2026-04-11 21:16:52.670844,288.77,3,Automotive,Car Accessories
TXNMWA5YAWY20,CUST89920907,2024-11-27 21:16:52.670844,421.21,2,Health & Beauty,Makeup
TXNGM176SW9J1,CUST89920907,2026-05-28 21:16:52.670844,312.12,2,Clothing,Accessories
TXNP3YZ3LC3BX,CUST89920907,2025-06-25 21:16:52.670844,309.42,1,Toys & Games,Video Games
TXN10MPDOTCZB,CUST89920907,2025-10-14 21:16:52.670844,284.41,5,Health & Beauty,Makeup
TXN36LR75PGJW,CUST89920907,2025-07-18 21:16:52.670844,243.31,2,Food & Beverages,Organic Products
TXNUX7U1B8L4J,CUST68433177,2026-01-24 21:16:52.670844,52.54,5,Automotive,Parts
TXNAXPLT3JXO3,CUST68433177,2026-01-29 21:16:52.670844,92.25,1,Sports & Outdoors,Fitness Equipment
TXNI4MUFBMM2O,CUST68433177,2026-01-20 21:16:52.670844,66.94,2,Electronics,Smartphone
TXN6J1CV4HW1L,CUST68433177,2026-02-10 21:16:52.670844,73.64,4,Office Supplies,Electronics
TXNO3NNPHWVZ2,CUST68433177,2026-01-08 21:16:52.670844,49.06,1,Clothing,Jacket
TXNFYIST5FWKP,CUST36070036,2026-06-03 21:16:52.670844,227.54,3,Books,Comics
TXN80P6625RB4,CUST36070036,2026-06-07 21:16:52.670844,340.07,1,Electronics,Laptop
TXNEOFQ5M8G2C,CUST36070036,2026-06-02 21:16:52.670844,179.58,3,Books,Comics
TXN4LD5Y4VIS4,CUST36070036,2026-06-04 21:16:52.670844,373.42,1,Home & Garden,Tools
TXNQ5DYL9J74F,CUST36070036,2026-06-05 21:16:52.670844,248.85,3,Automotive,Tools
TXNG88CWJ91N2,CUST36070036,2026-06-03 21:16:52.670844,218.11,3,Toys & Games,Action Figures
TXNXTNZN14SZJ,CUST36070036,2026-06-02 21:16:52.670844,200.79,1,Electronics,Smartphone
TXNC23FED86ZM,CUST36070036,2026-06-08 21:16:52.670844,251.04,2,Books,Fiction
TXNMEVZ9KOM0O,CUST36070036,2026-06-07 21:16:52.670844,170.77,5,Office Supplies,Electronics
TXNAHIEJWN0ZX,CUST36070036,2026-06-08 21:16:52.670844,223.86,2,Clothing,Shoes
TXNZ3ME5YB17Q,CUST36070036,2026-06-06 21:16:52.670844,240.93,5,Automotive,Tools
TXN62G1ZSAE91,CUST36070036,2026-06-08 21:16:52.670844,178.11,2,Automotive,Tools
TXNI8SWAYRSDI,CUST36070036,2026-06-05 21:16:52.670844,94.01,4,Sports & Outdoors,Sportswear
TXN7M96SAW4RO,CUST36070036,2026-06-02 21:16:52.670844,259.86,4,Health & Beauty,Skincare
TXNJ2HU6K8RAM,CUST59474536,2026-05-26 21:16:52.670844,41.28,5,Clothing,Accessories
TXNJXYHJ2UHG2,CUST59474536,2026-05-23 21:16:52.670844,181.92,4,Sports & Outdoors,Fitness Equipment
TXN2Y02XUXQ16,CUST59474536,2026-05-26 21:16:52.670844,75.41,5,Clothing,Jeans
TXNRB9QGC31WN,CUST59474536,2026-05-22 21:16:52.670844,192.99,5,Electronics,Tablet
TXNIU01JZGINA,CUST59474536,2026-05-21 21:16:52.670844,259.0,4,Electronics,Smart Watch
TXN8KF3HOC0WR,CUST85683121,2026-01-12 21:16:52.670844,137.54,3,Automotive,Cleaning Supplies
TXNBIZ8KQUBSF,CUST85683121,2025-12-23 21:16:52.670844,193.09,4,Health & Beauty,Supplements
TXNA8NPA5MVWX,CUST85683121,2025-12-03 21:16:52.670844,143.06,4,Toys & Games,Video Games
TXN1PTIM7GVSL,CUST85683121,2026-05-08 21:16:52.670844,231.97,5,Office Supplies,Electronics
TXNYBIJ9O6IX5,CUST85683121,2026-02-24 21:16:52.670844,85.31,5,Health & Beauty,Makeup
TXN5I7XXIEU0X,CUST85683121,2026-05-02 21:16:52.670844,153.28,5,Office Supplies,Stationery
TXNRQ0ITA4WRC,CUST85683121,2026-04-13 21:16:52.670844,205.6,4,Clothing,T-Shirt
TXND4WAPSB7YX,CUST85683121,2026-05-09 21:16:52.670844,238.92,5,Sports & Outdoors,Sportswear
TXNAIKUUABLDO,CUST85683121,2025-12-15 21:16:52.670844,81.16,4,Electronics,Camera
TXNC432LI1S1T,CUST85683121,2026-06-20 21:16:52.670844,205.74,4,Food & Beverages,Gourmet Food
TXNH7R3X9P7Q3,CUST85683121,2026-05-23 21:16:52.670844,163.1,5,Clothing,Dress
TXNIOI9PQZ8JP,CUST85683121,2026-03-01 21:16:52.670844,160.47,2,Sports & Outdoors,Camping Gear
TXN2FGQ735HGO,CUST85683121,2026-01-25 21:16:52.670844,208.16,2,Electronics,Laptop
TXNNYK5WY5XZS,CUST85683121,2026-03-04 21:16:52.670844,205.45,5,Toys & Games,Board Games
TXNJGXQ9U6OH9,CUST85683121,2025-12-05 21:16:52.670844,151.04,3,Automotive,Cleaning Supplies
TXNNBIC0VYK40,CUST85683121,2026-02-25 21:16:52.670844,201.33,5,Clothing,Accessories
TXNVGNLCXW7WX,CUST85683121,2026-04-26 21:16:52.670844,62.29,2,Toys & Games,Board Games
TXNX1KIT8KAZK,CUST85683121,2026-04-18 21:16:52.670844,164.01,3,Sports & Outdoors,Fitness Equipment
TXNSX3NTHC0QA,CUST85683121,2026-05-17 21:16:52.670844,113.15,2,Food & Beverages,Beverages
TXNKFVQS8X52B,CUST85683121,2025-12-07 21:16:52.670844,98.12,3,Food & Beverages,Snacks
TXNORFRQ68195,CUST85683121,2025-12-21 21:16:52.670844,162.14,3,Automotive,Car Accessories
TXN77CV4IMXUG,CUST85683121,2026-01-19 21:16:52.670844,214.0,2,Office Supplies,Furniture
TXNGY1TSG46TF,CUST85683121,2026-06-04 21:16:52.670844,205.95,4,Clothing,Accessories
TXN68I2U74G44,CUST85683121,2025-12-02 21:16:52.670844,210.49,4,Toys & Games,Video Games
TXNXVMK8Q943W,CUST85683121,2026-04-04 21:16:52.670844,217.89,1,Electronics,Tablet
TXNWF1L84BI6Q,CUST52516954,2025-05-20 21:16:52.670844,187.7,3,Health & Beauty,Skincare
TXN2M324SDYOJ,CUST52516954,2026-05-16 21:16:52.670844,194.77,2,Toys & Games,Action Figures
TXNM7WD1HVJID,CUST52516954,2026-02-13 21:16:52.670844,259.61,3,Sports & Outdoors,Sportswear
TXN7K152RCUDB,CUST52516954,2026-04-19 21:16:52.670844,210.24,1,Automotive,Parts
TXNOMXOK2UUX7,CUST52516954,2025-11-28 21:16:52.670844,211.01,1,Sports & Outdoors,Sportswear
TXNA7MA8WFVC4,CUST52516954,2025-11-07 21:16:52.670844,161.49,3,Food & Beverages,Gourmet Food
TXNFKYCRGIZZN,CUST52516954,2026-03-22 21:16:52.670844,234.68,4,Office Supplies,Desk Accessories
TXNVQW696BT7X,CUST52516954,2025-06-04 21:16:52.670844,94.71,3,Health & Beauty,Makeup
TXNHU57FDNVL1,CUST52516954,2025-12-23 21:16:52.670844,255.12,4,Health & Beauty,Skincare
TXNPZ5TY0KKXH,CUST52516954,2025-08-16 21:16:52.670844,296.87,1,Health & Beauty,Supplements
TXN9J0JFMLL3P,CUST52516954,2025-09-16 21:16:52.670844,212.24,5,Books,Magazines
TXNZ96VLLU14L,CUST52516954,2025-06-22 21:16:52.670844,218.39,1,Home & Garden,Kitchen Appliances
TXNREA8J5EB1Z,CUST52516954,2025-06-16 21:16:52.670844,141.91,1,Health & Beauty,Makeup
TXNQETK3LJ5CM,CUST52516954,2026-02-13 21:16:52.670844,180.48,2,Books,Comics
TXNPZ0O5V4QTM,CUST52516954,2026-03-25 21:16:52.670844,69.64,4,Books,Comics
TXNKL9KOSZLIC,CUST52516954,2025-05-02 21:16:52.670844,233.27,5,Electronics,Tablet
TXNMFYPQ4L2UD,CUST52516954,2025-07-30 21:16:52.670844,247.4,2,Sports & Outdoors,Fitness Equipment
TXN6TEYLAG69N,CUST52516954,2026-01-04 21:16:52.670844,167.75,2,Food & Beverages,Snacks
TXN48TDG4KFRK,CUST52516954,2025-09-05 21:16:52.670844,179.99,2,Books,Fiction
TXNUJ42SPH5RD,CUST71422511,2024-08-12 21:16:52.670844,168.4,5,Health & Beauty,Makeup
TXNTG0KAG5QA7,CUST71422511,2024-11-09 21:16:52.670844,100.82,2,Books,Fiction
TXNNZZKIHNDHY,CUST71422511,2024-09-09 21:16:52.670844,113.36,3,Food & Beverages,Beverages
TXNRIEVYXMW79,CUST71422511,2025-09-23 21:16:52.670844,107.01,4,Health & Beauty,Makeup
TXNBDDLHSDAEL,CUST71422511,2025-11-27 21:16:52.670844,123.08,1,Books,Educational
TXNXAQJY0GJHG,CUST71422511,2024-09-18 21:16:52.670844,146.52,2,Home & Garden,Decor
TXNLFP2DF7TQW,CUST71422511,2025-09-06 21:16:52.670844,173.57,5,Office Supplies,Furniture
TXNENQQYTO8MT,CUST71422511,2026-02-28 21:16:52.670844,91.47,4,Electronics,Headphones
TXNEAFLD4WACO,CUST71422511,2025-07-22 21:16:52.670844,139.7,4,Toys & Games,Video Games
TXNGAHZ2613JT,CUST71422511,2026-06-22 21:16:52.670844,83.69,5,Electronics,Camera
TXN2C5K7LA9G0,CUST71422511,2025-06-28 21:16:52.670844,42.32,1,Toys & Games,Action Figures
TXNVLXT9B4NWW,CUST71422511,2024-10-27 21:16:52.670844,96.55,1,Sports & Outdoors,Bicycle
TXNOYRQC5OTKL,CUST71422511,2025-11-23 21:16:52.670844,75.42,4,Food & Beverages,Organic Products
TXNOLL3EH0F8O,CUST71422511,2024-10-19 21:16:52.670844,74.36,4,Office Supplies,Desk Accessories
TXN0HQCBVJP39,CUST71422511,2025-01-07 21:16:52.670844,126.27,5,Electronics,Laptop
TXNAT11SX8RPC,CUST71422511,2025-09-18 21:16:52.670844,69.73,2,Books,Comics
TXNQQM8PHAUR5,CUST71422511,2026-07-01 21:16:52.670844,157.74,2,Automotive,Tools
TXNN44ZEYYUND,CUST71422511,2024-08-21 21:16:52.670844,123.43,5,Food & Beverages,Organic Products
TXNT62I4V3ANL,CUST71422511,2026-07-08 21:16:52.670844,78.55,3,Health & Beauty,Supplements
TXN554NJ16HHQ,CUST71422511,2025-11-01 21:16:52.670844,106.01,4,Automotive,Parts
TXN1DP3G4NVOI,CUST71422511,2025-08-04 21:16:52.670844,104.09,5,Office Supplies,Furniture
TXN8Y8H9KP0VJ,CUST71422511,2024-12-30 21:16:52.670844,90.39,4,Home & Garden,Kitchen Appliances
TXNSPEIZ91MA6,CUST96381493,2026-06-10 21:16:52.670844,112.82,5,Books,Educational
TXNN1C463ITD9,CUST96381493,2026-06-07 21:16:52.670844,133.61,5,Electronics,Camera
TXNP5NL2RAQ13,CUST96381493,2026-06-06 21:16:52.670844,170.53,1,Office Supplies,Electronics
TXN4Q8PR2OYM5,CUST96381493,2026-06-08 21:16:52.670844,101.63,3,Home & Garden,Decor
TXNHSBD3OJBXU,CUST33659135,2025-08-05 21:16:52.670844,201.8,5,Electronics,Camera
TXNWPUPJK8S3B,CUST33659135,2025-07-13 21:16:52.670844,188.14,3,Automotive,Cleaning Supplies
TXNWFCVVIZT4E,CUST33659135,2025-06-28 21:16:52.670844,191.86,3,Books,Comics
TXN1L6N5RKW44,CUST33659135,2025-11-07 21:16:52.670844,142.05,3,Books,Non-Fiction
TXNY8S7E8K0Y6,CUST33659135,2026-04-04 21:16:52.670844,101.04,2,Home & Garden,Decor
TXNSK0AZT9GGQ,CUST33659135,2026-02-17 21:16:52.670844,198.18,3,Home & Garden,Furniture
TXN1X1YA4D00D,CUST33659135,2025-06-02 21:16:52.670844,194.88,5,Toys & Games,Action Figures
TXNR2XK47YJLY,CUST33659135,2025-06-06 21:16:52.670844,202.3,4,Food & Beverages,Gourmet Food
TXNEZ7LGZ9ZHU,CUST33659135,2025-07-13 21:16:52.670844,104.51,5,Food & Beverages,Beverages
TXNJDOSEDE5E3,CUST33659135,2026-05-29 21:16:52.670844,168.67,2,Books,Fiction
TXN9VJQNJTIBJ,CUST33659135,2025-11-03 21:16:52.670844,222.81,3,Sports & Outdoors,Sportswear
TXNY592VG999B,CUST33659135,2025-11-21 21:16:52.670844,122.49,3,Clothing,Dress
TXN0TILOTIZTZ,CUST33659135,2025-04-19 21:16:52.670844,157.55,4,Books,Comics
TXN3VA4DVI0T6,CUST33659135,2025-08-07 21:16:52.670844,104.19,4,Clothing,Accessories
TXNLF21KLBDFV,CUST33659135,2025-03-19 21:16:52.670844,190.96,5,Food & Beverages,Gourmet Food
TXND78OCAHM3A,CUST33659135,2026-01-07 21:16:52.670844,263.82,1,Books,Comics
TXNBV0CJM1KMY,CUST33659135,2025-03-03 21:16:52.670844,121.34,2,Food & Beverages,Snacks
TXN2DMWQABREW,CUST33659135,2026-05-02 21:16:52.670844,185.06,3,Automotive,Cleaning Supplies
TXNEAANJQTJZ4,CUST33659135,2025-11-27 21:16:52.670844,75.19,4,Clothing,Dress
TXNQMOQAY1UFF,CUST33659135,2025-02-13 21:16:52.670844,64.23,5,Office Supplies,Stationery
TXNANXZ4ZO6B9,CUST33659135,2025-05-23 21:16:52.670844,198.99,5,Sports & Outdoors,Sportswear
TXNR7UA86W7S8,CUST33659135,2025-06-26 21:16:52.670844,223.83,1,Automotive,Car Accessories
TXNZCMFYBFPVN,CUST33659135,2025-02-02 21:16:52.670844,205.58,4,Sports & Outdoors,Camping Gear
TXNIXXUSI6EX1,CUST33659135,2025-07-01 21:16:52.670844,101.22,5,Sports & Outdoors,Camping Gear
TXN80R67AVVT3,CUST87806138,2025-10-16 21:16:52.670844,137.94,3,Office Supplies,Desk Accessories
TXNBIYW5YFQ0W,CUST87806138,2025-09-15 21:16:52.670844,107.97,3,Home & Garden,Bedding
TXNOA8F2F27EZ,CUST87806138,2025-11-06 21:16:52.670844,88.39,4,Electronics,Tablet
TXNUGIKFFYE53,CUST87806138,2025-07-05 21:16:52.670844,135.5,2,Books,Educational
TXNB7JXKADX86,CUST87806138,2025-11-15 21:16:52.670844,116.52,5,Clothing,Shoes
TXNFG221MPZS5,CUST87806138,2025-08-18 21:16:52.670844,117.88,4,Sports & Outdoors,Sportswear
TXN8OT97GUZKE,CUST87806138,2025-11-17 21:16:52.670844,71.39,3,Toys & Games,Puzzles
TXNCT84K6HSYO,CUST87806138,2025-12-06 21:16:52.670844,94.7,4,Sports & Outdoors,Bicycle
TXN0LMT234LM2,CUST87806138,2025-12-28 21:16:52.670844,54.21,1,Home & Garden,Tools
TXNJVUAHZG2Z8,CUST87806138,2025-08-01 21:16:52.670844,89.05,1,Home & Garden,Bedding
TXNV2V5XTNOD9,CUST07563461,2026-04-19 21:16:52.670844,126.69,1,Health & Beauty,Supplements
TXNPY6HPWWK7K,CUST07563461,2026-04-18 21:16:52.670844,144.7,1,Health & Beauty,Personal Care
TXNZRXDN8ET48,CUST07563461,2026-06-17 21:16:52.670844,143.03,2,Home & Garden,Tools
TXN5SBGNIZP1T,CUST07563461,2026-05-22 21:16:52.670844,135.23,2,Home & Garden,Bedding
TXN32RBQ3YV9B,CUST07563461,2026-03-20 21:16:52.670844,144.83,5,Toys & Games,Video Games
TXN2LPHG6N2M7,CUST07563461,2026-03-04 21:16:52.670844,156.08,3,Electronics,Laptop
TXNFFSSF7NTVR,CUST07563461,2026-06-15 21:16:52.670844,98.31,5,Sports & Outdoors,Sportswear
TXNFOM33DA4X1,CUST07563461,2026-03-02 21:16:52.670844,173.61,1,Toys & Games,Video Games
TXNJ07ASMVJ4T,CUST07563461,2026-06-09 21:16:52.670844,168.23,5,Sports & Outdoors,Bicycle
TXNQT8RJH1UK6,CUST07563461,2026-06-10 21:16:52.670844,170.59,5,Books,Comics
TXN7LXYK8W45G,CUST07563461,2026-04-09 21:16:52.670844,226.55,2,Electronics,Laptop
TXNSK24DKZ618,CUST07563461,2026-02-12 21:16:52.670844,90.41,5,Food & Beverages,Organic Products
TXNH29PQWB3QE,CUST07563461,2026-04-01 21:16:52.670844,117.24,1,Electronics,Smartphone
TXNXP4TGUZEA5,CUST07563461,2026-03-22 21:16:52.670844,172.82,2,Automotive,Car Accessories
TXNDQ4N85VTTU,CUST07563461,2026-02-08 21:16:52.670844,87.88,4,Automotive,Car Accessories
TXN1GCGZBAZT1,CUST07563461,2026-06-06 21:16:52.670844,157.07,5,Home & Garden,Tools
TXNQ63UAYNUMQ,CUST07563461,2026-02-05 21:16:52.670844,119.77,3,Sports & Outdoors,Sportswear
TXNQWXZOG84NK,CUST07563461,2026-03-18 21:16:52.670844,142.72,1,Sports & Outdoors,Sportswear
TXNMCOIEIB137,CUST07563461,2026-06-09 21:16:52.670844,173.33,3,Health & Beauty,Skincare
TXNR9E48K1DFE,CUST07563461,2026-02-26 21:16:52.670844,177.12,1,Health & Beauty,Personal Care
TXN88YIUCGJYP,CUST07563461,2026-03-29 21:16:52.670844,137.31,2,Sports & Outdoors,Fitness Equipment
TXN3BTBHFV3TI,CUST07563461,2026-05-05 21:16:52.670844,107.97,2,Automotive,Cleaning Supplies
TXNW2MW0LZHVE,CUST07563461,2026-05-24 21:16:52.670844,104.37,2,Health & Beauty,Skincare
TXNTGTYD9RJ37,CUST07563461,2026-06-18 21:16:52.670844,163.46,2,Health & Beauty,Personal Care
TXNQK0B0QORMV,CUST07563461,2026-03-21 21:16:52.670844,137.14,2,Home & Garden,Decor
TXN27U4DZK75Z,CUST66438509,2025-12-14 21:16:52.670844,93.32,5,Clothing,Dress
TXNZL85YZ8M7K,CUST66438509,2025-12-31 21:16:52.670844,133.85,1,Electronics,Laptop
TXND3GWUQF178,CUST66438509,2026-01-24 21:16:52.670844,182.72,2,Health & Beauty,Skincare
TXN9R5L2HQ6CN,CUST66438509,2026-01-23 21:16:52.670844,131.22,2,Sports & Outdoors,Fitness Equipment
TXNTTR9XDJ5MT,CUST66438509,2026-04-13 21:16:52.670844,174.84,1,Office Supplies,Furniture
TXN3ULXNOL5FC,CUST66438509,2026-04-26 21:16:52.670844,158.95,4,Health & Beauty,Makeup
TXNGU2T9GWNAC,CUST66438509,2026-05-02 21:16:52.670844,122.2,4,Books,Fiction
TXNPGLQEVB03M,CUST66438509,2026-02-03 21:16:52.670844,97.88,3,Electronics,Camera
TXNSF179FP1GG,CUST66438509,2026-05-02 21:16:52.670844,142.19,4,Books,Comics
TXN5XV3M8K0SO,CUST66438509,2026-04-28 21:16:52.670844,143.89,2,Electronics,Smart Watch
TXNNN1NRB9XJH,CUST66438509,2026-02-07 21:16:52.670844,229.39,2,Home & Garden,Kitchen Appliances
TXNQQ27VU6M4I,CUST66438509,2025-12-05 21:16:52.670844,86.72,2,Electronics,Smart Watch
TXN0DKQ4QOL9O,CUST66438509,2026-02-26 21:16:52.670844,160.5,4,Home & Garden,Tools
TXNVHRMUG0GVF,CUST07076343,2026-05-21 21:16:52.670844,205.88,1,Home & Garden,Tools
TXNVDYK8FT9S9,CUST07076343,2026-06-03 21:16:52.670844,181.41,5,Toys & Games,Action Figures
TXN9EE9OFG2P4,CUST07076343,2026-04-21 21:16:52.670844,221.67,3,Clothing,T-Shirt
TXNKEINXDDPTC,CUST07076343,2026-03-22 21:16:52.670844,303.55,4,Food & Beverages,Gourmet Food
TXNN69B8B7DNK,CUST07076343,2026-05-23 21:16:52.670844,396.29,1,Clothing,Jeans
TXNX9LAEZVRUK,CUST07076343,2026-05-26 21:16:52.670844,465.56,5,Books,Magazines
TXN5CWX0OFAVR,CUST07076343,2026-06-17 21:16:52.670844,498.19,2,Toys & Games,Action Figures
TXNO8E5QKLAMH,CUST07076343,2026-04-16 21:16:52.670844,457.02,3,Health & Beauty,Supplements
TXNNDTGX5OUQD,CUST07076343,2026-06-23 21:16:52.670844,646.93,1,Toys & Games,Video Games
TXN3MYN1BJL7X,CUST07076343,2026-06-07 21:16:52.670844,287.14,2,Electronics,Headphones
TXNT6VWI21A6Y,CUST07076343,2026-06-19 21:16:52.670844,531.56,3,Health & Beauty,Personal Care
TXNJ3EYT24A1U,CUST07076343,2026-05-23 21:16:52.670844,229.62,3,Food & Beverages,Gourmet Food
TXN2MMK4I2ZMN,CUST07076343,2026-06-10 21:16:52.670844,236.25,4,Sports & Outdoors,Sportswear
TXNW52RXR6UXZ,CUST07076343,2026-05-05 21:16:52.670844,427.01,2,Clothing,Jeans
TXN1CGN39O5H5,CUST07076343,2026-05-17 21:16:52.670844,434.22,5,Health & Beauty,Supplements
TXNPNPORRJUMY,CUST07076343,2026-03-21 21:16:52.670844,433.97,4,Health & Beauty,Supplements
TXNNHSRLHYH2Z,CUST07076343,2026-04-27 21:16:52.670844,346.93,1,Health & Beauty,Skincare
TXN5RL6TEI2F5,CUST07076343,2026-04-20 21:16:52.670844,464.97,1,Electronics,Smartphone
TXN03YHQAELH0,CUST07076343,2026-03-20 21:16:52.670844,509.8,1,Food & Beverages,Beverages
TXNLJDLCEU9L3,CUST07076343,2026-03-14 21:16:52.670844,272.67,2,Books,Fiction
TXNGINGGVWR81,CUST07076343,2026-06-24 21:16:52.670844,391.61,5,Office Supplies,Electronics
TXN8VSXBARG9W,CUST07076343,2026-06-12 21:16:52.670844,378.88,4,Toys & Games,Puzzles
TXN47CLWTGH8X,CUST07076343,2026-04-26 21:16:52.670844,342.75,3,Office Supplies,Desk Accessories
TXNP7GFISS1YS,CUST07076343,2026-04-10 21:16:52.670844,386.46,5,Home & Garden,Decor
TXN2H7VPCGCBN,CUST07076343,2026-03-29 21:16:52.670844,454.43,1,Automotive,Car Accessories
TXNPT7J39DBO8,CUST07076343,2026-05-08 21:16:52.670844,570.7,1,Automotive,Cleaning Supplies
TXN90PXZSOJVX,CUST27269270,2026-06-07 21:16:52.670844,96.91,3,Food & Beverages,Snacks
TXNJOJ36SWLXW,CUST27269270,2026-04-26 21:16:52.670844,87.69,1,Toys & Games,Video Games
TXNLQDZPED2L3,CUST27269270,2026-04-29 21:16:52.670844,131.6,1,Home & Garden,Tools
TXNWPAC7ZFQRV,CUST27269270,2026-05-28 21:16:52.670844,91.33,3,Health & Beauty,Personal Care
TXNS7TMCCWWH6,CUST27269270,2026-06-23 21:16:52.670844,63.43,1,Toys & Games,Board Games
TXNINHIIGJZ1M,CUST27269270,2026-04-23 21:16:52.670844,129.5,4,Food & Beverages,Gourmet Food
TXNSRTKVP0GOK,CUST27269270,2026-05-30 21:16:52.670844,179.41,5,Toys & Games,Video Games
TXNNNADIQR9KZ,CUST27269270,2026-06-19 21:16:52.670844,136.42,4,Sports & Outdoors,Bicycle
TXNF38M8VJJII,CUST27269270,2026-05-30 21:16:52.670844,126.43,4,Books,Magazines
TXN26ONDZJLTN,CUST27269270,2026-04-09 21:16:52.670844,96.08,5,Home & Garden,Decor
TXNGOI203QRMM,CUST27269270,2026-04-30 21:16:52.670844,113.15,4,Books,Educational
TXNEHJCYWUMS2,CUST27269270,2026-06-02 21:16:52.670844,103.48,5,Office Supplies,Furniture
TXNCJX12NVNY7,CUST65552915,2025-02-27 21:16:52.670844,144.9,2,Office Supplies,Desk Accessories
TXNLZBUVJB82L,CUST83901418,2026-01-09 21:16:52.670844,140.92,2,Books,Fiction
TXNKO4PTMO8UH,CUST83901418,2026-01-03 21:16:52.670844,116.96,4,Clothing,T-Shirt
TXN1B73KZFB14,CUST83901418,2026-01-30 21:16:52.670844,122.36,5,Electronics,Smart Watch
TXNGFEE3CDDO1,CUST83901418,2026-02-19 21:16:52.670844,72.41,4,Home & Garden,Kitchen Appliances
TXNZCQ2OI3LTA,CUST83901418,2026-01-05 21:16:52.670844,158.15,4,Food & Beverages,Snacks
TXNCKWXX2MCHS,CUST83901418,2026-01-20 21:16:52.670844,116.65,5,Office Supplies,Desk Accessories
TXNGFSOREF73D,CUST83901418,2026-02-26 21:16:52.670844,155.41,4,Office Supplies,Stationery
TXNELYT78Q9GG,CUST83901418,2026-02-04 21:16:52.670844,97.6,1,Food & Beverages,Gourmet Food
TXNIQ420CAAUP,CUST62044304,2025-05-08 21:16:52.670844,128.63,4,Food & Beverages,Snacks
TXNDGQO48NCIT,CUST62044304,2025-08-16 21:16:52.670844,118.3,1,Office Supplies,Desk Accessories
TXNQFAUG8B6IN,CUST62044304,2026-04-15 21:16:52.670844,132.42,3,Health & Beauty,Skincare
TXNDGS0M16PCP,CUST62044304,2025-12-27 21:16:52.670844,127.92,5,Health & Beauty,Supplements
TXNFD4Y4GV01Y,CUST62044304,2025-11-14 21:16:52.670844,191.32,5,Office Supplies,Electronics
TXNXDL95CR2QZ,CUST62044304,2026-02-27 21:16:52.670844,167.66,1,Health & Beauty,Makeup
TXN93UP6LBDTY,CUST62044304,2025-09-23 21:16:52.670844,45.3,3,Office Supplies,Electronics
TXNTK99OZ8GWD,CUST62044304,2026-04-19 21:16:52.670844,172.72,2,Home & Garden,Furniture
TXN02HSZ0OX4D,CUST15629366,2026-02-13 21:16:52.670844,69.38,4,Sports & Outdoors,Bicycle
TXNNT509OC93T,CUST15629366,2025-10-09 21:16:52.670844,123.59,5,Toys & Games,Action Figures
TXNBPOFKBPLSE,CUST15629366,2025-11-11 21:16:52.670844,68.77,3,Books,Educational
TXNOZ8HJMQT3O,CUST15629366,2026-01-14 21:16:52.670844,128.25,5,Office Supplies,Desk Accessories
TXN8PVZGWB8RM,CUST15629366,2025-12-30 21:16:52.670844,81.96,2,Clothing,Jeans
TXNCSCV5MCDDH,CUST15629366,2026-01-11 21:16:52.670844,101.52,5,Home & Garden,Furniture
TXN5K83LFEPRW,CUST15629366,2025-09-28 21:16:52.670844,52.85,4,Electronics,Smart Watch
TXNJAJZPTZEUO,CUST43898466,2026-02-12 21:16:52.670844,99.02,1,Toys & Games,Puzzles
TXNU64DEQJYQ4,CUST43898466,2026-06-21 21:16:52.670844,92.35,5,Food & Beverages,Beverages
TXNKI2I3LZ7YT,CUST43898466,2026-01-09 21:16:52.670844,92.75,4,Clothing,Dress
TXN3F64PJ2ZHA,CUST43898466,2025-12-10 21:16:52.670844,135.82,5,Automotive,Car Accessories
TXN9YCBYUOKHT,CUST43898466,2026-06-10 21:16:52.670844,88.37,3,Home & Garden,Bedding
TXNUTPXZDA4BL,CUST43898466,2026-06-10 21:16:52.670844,97.25,2,Toys & Games,Board Games
TXNJHWMRQPHK5,CUST43898466,2026-01-17 21:16:52.670844,110.91,1,Health & Beauty,Makeup
TXNI42280NW0S,CUST43898466,2026-02-22 21:16:52.670844,119.71,2,Toys & Games,Puzzles
TXNCKMW7FJYYY,CUST43898466,2026-03-22 21:16:52.670844,60.7,3,Electronics,Headphones
TXNHJSO3OZ1AB,CUST43898466,2026-05-02 21:16:52.670844,118.49,1,Home & Garden,Decor
TXNB17752RZV9,CUST43898466,2026-06-09 21:16:52.670844,69.31,1,Home & Garden,Tools
TXNNHESYIEI1A,CUST43898466,2026-05-07 21:16:52.670844,83.98,4,Books,Magazines
TXN0OYLQ4APWX,CUST43898466,2026-01-19 21:16:52.670844,121.7,1,Home & Garden,Kitchen Appliances
TXN0AVZE1AZRR,CUST43898466,2026-02-06 21:16:52.670844,102.96,3,Electronics,Camera
TXNNC50C22L3K,CUST43898466,2026-01-23 21:16:52.670844,133.31,2,Health & Beauty,Personal Care
TXNNIBKGLDFU8,CUST43898466,2026-03-24 21:16:52.670844,127.19,3,Food & Beverages,Organic Products
TXNPRZNU5C0IC,CUST43898466,2026-03-11 21:16:52.670844,107.21,3,Electronics,Headphones
TXN3W0T8TJ3VT,CUST43898466,2026-03-19 21:16:52.670844,30.19,4,Home & Garden,Decor
TXN01SLOKRI38,CUST43898466,2025-12-09 21:16:52.670844,134.37,4,Food & Beverages,Organic Products
TXN7PYTE03X5Y,CUST43898466,2026-02-02 21:16:52.670844,118.82,4,Sports & Outdoors,Camping Gear
TXNPRTQDA0SLA,CUST43898466,2026-02-24 21:16:52.670844,65.36,3,Clothing,Accessories
TXNBH9X0MYPX3,CUST43898466,2026-05-05 21:16:52.670844,156.56,3,Home & Garden,Furniture
TXNT05LIQYYUJ,CUST43898466,2026-01-25 21:16:52.670844,84.13,2,Electronics,Smartphone
TXNH56YS9IIJK,CUST43898466,2026-05-21 21:16:52.670844,115.44,3,Office Supplies,Desk Accessories
TXNYXTPA9MXL4,CUST43898466,2026-05-12 21:16:52.670844,65.5,4,Clothing,Jacket
TXNIOC0C79WZG,CUST43898466,2025-12-29 21:16:52.670844,139.6,5,Books,Non-Fiction
TXNRVNMT8677N,CUST43898466,2026-04-29 21:16:52.670844,107.76,5,Home & Garden,Decor
TXNVGTUYN9JX3,CUST43898466,2026-06-03 21:16:52.670844,136.7,3,Health & Beauty,Skincare
TXNEAKMML2NZ9,CUST43898466,2026-03-15 21:16:52.670844,121.28,4,Clothing,Jeans
TXNSPHNRA1H0E,CUST43898466,2026-06-24 21:16:52.670844,68.53,4,Electronics,Camera
TXNAR1EUJQO4N,CUST43898466,2026-02-09 21:16:52.670844,94.03,5,Clothing,Jacket
TXN6320KUVA6R,CUST43898466,2025-12-25 21:16:52.670844,94.16,1,Books,Fiction
TXND68AJUC51I,CUST43898466,2026-05-01 21:16:52.670844,118.86,5,Office Supplies,Electronics
TXNMOYKV1KKW1,CUST43898466,2026-06-06 21:16:52.670844,86.75,5,Sports & Outdoors,Bicycle
TXNS16EMI1SF8,CUST43898466,2026-03-12 21:16:52.670844,126.24,5,Sports & Outdoors,Sportswear
TXN2AB9HOR205,CUST43898466,2026-02-15 21:16:52.670844,146.9,2,Electronics,Tablet
TXNHN8UZ8OMA0,CUST43898466,2026-02-25 21:16:52.670844,88.34,3,Books,Fiction
TXNS4DC4HEB2E,CUST43898466,2026-05-13 21:16:52.670844,154.74,4,Automotive,Tools
TXNAKABFI4WFW,CUST43898466,2026-05-27 21:16:52.670844,127.18,2,Automotive,Cleaning Supplies
TXNA7H6XQFTWJ,CUST43898466,2026-02-07 21:16:52.670844,143.94,4,Home & Garden,Decor
TXN5DB9LT4HD5,CUST43898466,2026-04-29 21:16:52.670844,66.41,1,Toys & Games,Puzzles
TXNQXIHJ9P3ZH,CUST43898466,2026-02-16 21:16:52.670844,161.71,2,Office Supplies,Furniture
TXNOU700F53OJ,CUST43898466,2026-03-23 21:16:52.670844,118.4,1,Home & Garden,Bedding
TXNNK147HK3NA,CUST43898466,2026-05-19 21:16:52.670844,77.62,1,Automotive,Parts
TXND7NA19UWRK,CUST43898466,2026-04-10 21:16:52.670844,60.31,3,Automotive,Tools
TXN71CMJBK1CZ,CUST43898466,2026-04-01 21:16:52.670844,44.7,2,Health & Beauty,Makeup
TXN1XAKO37DDA,CUST43898466,2026-05-13 21:16:52.670844,95.88,5,Sports & Outdoors,Bicycle
TXNJSAZMB8RIH,CUST43898466,2026-01-02 21:16:52.670844,71.42,2,Office Supplies,Furniture
TXNS10FGTMJ06,CUST43898466,2026-02-12 21:16:52.670844,139.6,5,Books,Fiction
TXN59SQO1E3Z8,CUST43898466,2026-03-24 21:16:52.670844,89.47,3,Automotive,Parts
TXNHZS20WN0TG,CUST20990418,2025-08-12 21:16:52.670844,184.9,4,Food & Beverages,Gourmet Food
TXN4H68481LKI,CUST20990418,2025-09-28 21:16:52.670844,113.22,2,Toys & Games,Video Games
TXN6HSKG985P8,CUST20990418,2025-02-19 21:16:52.670844,136.69,5,Health & Beauty,Personal Care
TXNWENALZIZMN,CUST20990418,2025-05-22 21:16:52.670844,195.67,5,Clothing,Shoes
TXN96NNCDC740,CUST20990418,2025-06-21 21:16:52.670844,28.4,1,Toys & Games,Action Figures
TXN268UOKYC0Y,CUST20990418,2025-08-16 21:16:52.670844,205.16,2,Automotive,Cleaning Supplies
TXNBHNBPB6JPI,CUST20990418,2025-10-11 21:16:52.670844,161.22,1,Food & Beverages,Organic Products
TXN35NTAD8ZD1,CUST85173365,2026-03-02 21:16:52.670844,78.99,3,Toys & Games,Action Figures
TXNE8VV2R3W04,CUST85173365,2025-07-13 21:16:52.670844,29.97,1,Books,Comics
TXNTHBHSX2GLW,CUST85173365,2025-12-26 21:16:52.670844,73.48,5,Electronics,Smartphone
TXNX62HQZGRZA,CUST85173365,2025-10-12 21:16:52.670844,73.41,2,Office Supplies,Furniture
TXNSHV5I25F0R,CUST19683062,2026-01-29 21:16:52.670844,85.35,2,Food & Beverages,Snacks
TXNKUA4EZ8S91,CUST19683062,2026-04-04 21:16:52.670844,163.82,3,Electronics,Smartphone
TXNABWFIWPHM6,CUST19683062,2026-02-11 21:16:52.670844,116.82,4,Toys & Games,Puzzles
TXNKNXPWOB2TU,CUST19683062,2026-01-12 21:16:52.670844,190.07,3,Books,Magazines
TXN6OOGC7PPLV,CUST19683062,2025-12-23 21:16:52.670844,207.02,5,Home & Garden,Bedding
TXNXD7ZOJ52U6,CUST19683062,2026-03-02 21:16:52.670844,75.38,1,Home & Garden,Bedding
TXNCMQ9WLSN1R,CUST19683062,2026-05-26 21:16:52.670844,156.31,1,Clothing,Jeans
TXN9IR776GYXU,CUST19683062,2026-05-17 21:16:52.670844,132.82,2,Home & Garden,Bedding
TXN6JW8B9YB10,CUST19683062,2025-12-09 21:16:52.670844,180.23,4,Food & Beverages,Beverages
TXN0RKWJXXLM2,CUST19683062,2026-03-30 21:16:52.670844,203.24,3,Office Supplies,Stationery
TXNXLXR9EGMP5,CUST19683062,2026-05-17 21:16:52.670844,152.99,3,Home & Garden,Furniture
TXN2ZVUSOPQ9O,CUST19683062,2026-02-02 21:16:52.670844,118.43,5,Electronics,Tablet
TXNR0B3CLX5O8,CUST19683062,2025-12-11 21:16:52.670844,171.77,5,Office Supplies,Stationery
TXNNVWA2KST3U,CUST19683062,2026-05-24 21:16:52.670844,71.8,3,Sports & Outdoors,Sportswear
TXNRM5VV9EPT2,CUST98083480,2025-07-30 21:16:52.670844,83.13,2,Clothing,Shoes
TXNVVB9395XHF,CUST98083480,2025-12-03 21:16:52.670844,87.0,3,Toys & Games,Puzzles
TXNM5GNTT6783,CUST98083480,2026-01-21 21:16:52.670844,74.2,4,Electronics,Headphones
TXNASMYIG3LPI,CUST98083480,2025-06-30 21:16:52.670844,96.55,3,Electronics,Laptop
TXNXKS318QXYJ,CUST98083480,2025-07-04 21:16:52.670844,70.79,4,Automotive,Tools
TXNIZQ50JBUOA,CUST85937686,2026-01-16 21:16:52.670844,217.42,2,Food & Beverages,Snacks
TXN981I6MVQKD,CUST85937686,2026-01-09 21:16:52.670844,146.11,3,Health & Beauty,Skincare
TXN10JFA5M0QR,CUST85937686,2026-01-01 21:16:52.670844,172.5,1,Electronics,Smart Watch
TXNWLQ2BQRRHO,CUST85937686,2026-02-07 21:16:52.670844,166.93,5,Toys & Games,Video Games
TXNOIJR1DRWUX,CUST85937686,2026-02-02 21:16:52.670844,130.6,2,Automotive,Car Accessories
TXN2RNC7SPWWX,CUST99583841,2025-12-30 21:16:52.670844,45.45,3,Sports & Outdoors,Sportswear
TXNBNPYJYWCZG,CUST99583841,2026-03-22 21:16:52.670844,91.48,1,Food & Beverages,Gourmet Food
TXN3NHTDYGLDY,CUST99583841,2025-12-20 21:16:52.670844,55.83,4,Food & Beverages,Snacks
TXN2GLRXGYZHH,CUST99583841,2026-02-04 21:16:52.670844,124.4,1,Food & Beverages,Snacks
TXN6JAUFLW6FO,CUST99583841,2026-04-19 21:16:52.670844,100.74,4,Home & Garden,Tools
TXNNK0Z4CGT5V,CUST99583841,2026-02-19 21:16:52.670844,52.93,2,Sports & Outdoors,Bicycle
TXN1PFQSJQXQ6,CUST99583841,2026-01-26 21:16:52.670844,94.52,4,Automotive,Tools
TXN01EF16I6KY,CUST99583841,2026-01-20 21:16:52.670844,61.13,3,Home & Garden,Bedding
TXNT0GGLG7G1Y,CUST99583841,2025-12-28 21:16:52.670844,126.61,1,Home & Garden,Decor
TXNU11WNJZGSV,CUST99583841,2026-03-15 21:16:52.670844,79.88,1,Electronics,Tablet
TXNV33VFLA4I4,CUST99583841,2026-02-14 21:16:52.670844,120.17,4,Automotive,Car Accessories
TXN7H8JKCIG27,CUST99583841,2026-04-17 21:16:52.670844,61.33,3,Health & Beauty,Skincare
TXN6C39Z7H738,CUST99583841,2026-03-14 21:16:52.670844,72.97,5,Clothing,Jeans
TXN90HPMA87GS,CUST99583841,2026-04-26 21:16:52.670844,61.6,4,Automotive,Tools
TXNP9AWR905OL,CUST99583841,2026-04-26 21:16:52.670844,109.75,1,Sports & Outdoors,Bicycle
TXNCYADEUBGN5,CUST99583841,2025-12-19 21:16:52.670844,68.23,5,Clothing,Jacket
TXNLI9QGI23W1,CUST99583841,2026-01-30 21:16:52.670844,84.93,3,Office Supplies,Furniture
TXNL1PF16PZGC,CUST99583841,2026-02-10 21:16:52.670844,66.47,2,Health & Beauty,Makeup
TXNWJ70ZF7WFX,CUST99583841,2026-01-07 21:16:52.670844,76.52,5,Electronics,Camera
TXNJ7HZL70Y0Y,CUST99583841,2025-12-25 21:16:52.670844,70.78,5,Toys & Games,Video Games
TXNZJBKF9QFB0,CUST99583841,2026-05-23 21:16:52.670844,61.72,5,Food & Beverages,Snacks
TXN8NHF6RW7B8,CUST99583841,2026-03-02 21:16:52.670844,85.7,4,Office Supplies,Stationery
TXN1MI45G08JN,CUST99583841,2026-01-11 21:16:52.670844,104.55,1,Clothing,Jeans
TXNHG0LCG55J8,CUST99583841,2026-02-02 21:16:52.670844,99.82,2,Health & Beauty,Skincare
TXNWA6A5KDCQK,CUST99583841,2026-04-30 21:16:52.670844,73.26,1,Food & Beverages,Snacks
TXNDTFY0IBYOQ,CUST37154165,2025-10-16 21:16:52.670844,200.17,3,Clothing,T-Shirt
TXN2O1C45EQ7G,CUST37154165,2025-11-08 21:16:52.670844,209.28,3,Books,Magazines
TXNRS7RDE9NCY,CUST37154165,2025-10-07 21:16:52.670844,248.19,4,Sports & Outdoors,Fitness Equipment
TXNAQFPNO0978,CUST37154165,2025-10-17 21:16:52.670844,172.97,2,Toys & Games,Puzzles
TXNWAXXR4SGJ3,CUST37154165,2026-03-22 21:16:52.670844,236.92,1,Electronics,Smartphone
TXNCU0TLOZWD2,CUST37154165,2025-10-24 21:16:52.670844,208.55,1,Electronics,Headphones
TXNBDTROJKYJY,CUST37154165,2026-05-17 21:16:52.670844,141.7,2,Health & Beauty,Supplements
TXNT6YJBQ17J8,CUST37154165,2026-01-27 21:16:52.670844,320.36,4,Toys & Games,Board Games
TXNBDG5QVUL2F,CUST37154165,2026-06-09 21:16:52.670844,140.84,4,Electronics,Smart Watch
TXNQE28O2VACI,CUST37154165,2026-06-21 21:16:52.670844,140.65,1,Clothing,Jacket
TXN0W5BBLJ5LY,CUST37154165,2026-03-02 21:16:52.670844,133.52,5,Food & Beverages,Snacks
TXNCPKKJ3IO0E,CUST37154165,2026-03-18 21:16:52.670844,313.97,2,Food & Beverages,Organic Products
TXN5V27LK3G6U,CUST37154165,2026-05-14 21:16:52.670844,245.4,1,Books,Fiction
TXNKBE3ADBHIF,CUST37154165,2025-12-16 21:16:52.670844,190.96,4,Home & Garden,Decor
TXNQ1GNSG4PEN,CUST37154165,2026-04-05 21:16:52.670844,278.21,1,Books,Magazines
TXNTR39104UCW,CUST37154165,2026-05-23 21:16:52.670844,280.69,1,Food & Beverages,Gourmet Food
TXNYA000Q6VBU,CUST37154165,2026-02-19 21:16:52.670844,10.0,5,Clothing,Accessories
TXN7WHK7BCAIA,CUST37154165,2025-12-10 21:16:52.670844,95.55,3,Office Supplies,Stationery
TXNE70BG953Y0,CUST37154165,2026-05-03 21:16:52.670844,204.61,5,Electronics,Laptop
TXNT4IRZ5UPZI,CUST37154165,2026-06-11 21:16:52.670844,239.24,5,Automotive,Tools
TXNAE2KUKGLKY,CUST37154165,2026-06-10 21:16:52.670844,112.25,4,Food & Beverages,Organic Products
TXNRHOQ9EEEXZ,CUST37154165,2025-10-29 21:16:52.670844,177.84,4,Electronics,Smartphone
TXN0ILY6ANH3Q,CUST37154165,2026-05-14 21:16:52.670844,143.3,4,Sports & Outdoors,Bicycle
TXNVOSE4K4TPR,CUST37154165,2026-03-13 21:16:52.670844,283.98,4,Home & Garden,Decor
TXN9639OUBBJQ,CUST18010455,2026-06-23 21:16:52.670844,187.34,2,Office Supplies,Electronics
TXN1ONN7ZYC05,CUST18010455,2026-06-12 21:16:52.670844,82.3,1,Electronics,Smartphone
TXN5B5ON63ZXT,CUST18010455,2026-05-15 21:16:52.670844,151.05,3,Clothing,Jeans
TXN57SJJZWFKB,CUST18010455,2026-06-20 21:16:52.670844,105.1,4,Sports & Outdoors,Bicycle
TXN0AG9UTTUXU,CUST18010455,2026-06-03 21:16:52.670844,130.33,1,Sports & Outdoors,Bicycle
TXNJPXX9VEWHW,CUST18010455,2026-06-01 21:16:52.670844,144.55,3,Office Supplies,Stationery
TXNY4X8CHKI5X,CUST18010455,2026-05-11 21:16:52.670844,109.7,3,Books,Educational
TXNIL091S6PAP,CUST18010455,2026-06-13 21:16:52.670844,101.24,4,Automotive,Car Accessories
TXNMNFXINAAYS,CUST18010455,2026-06-07 21:16:52.670844,131.24,5,Clothing,T-Shirt
TXNJULB84JMJD,CUST18010455,2026-05-19 21:16:52.670844,146.61,4,Automotive,Car Accessories
TXNXKKCHRO2H5,CUST18010455,2026-06-10 21:16:52.670844,37.74,1,Health & Beauty,Skincare
TXNAJGUJ1PZT3,CUST18010455,2026-05-28 21:16:52.670844,83.99,4,Health & Beauty,Skincare
TXNP0U06WPX9W,CUST18010455,2026-05-08 21:16:52.670844,130.81,5,Books,Non-Fiction
TXN8EJ9ROG166,CUST18010455,2026-06-20 21:16:52.670844,155.36,3,Clothing,Jeans
TXNTMWBCUYAC1,CUST18010455,2026-05-07 21:16:52.670844,155.96,5,Books,Fiction
TXN3215B3G4OK,CUST18010455,2026-05-28 21:16:52.670844,199.08,5,Sports & Outdoors,Camping Gear
TXNIT53VVXLNV,CUST18010455,2026-06-20 21:16:52.670844,185.82,4,Toys & Games,Video Games
TXNSJKV6ZLQFU,CUST18010455,2026-05-06 21:16:52.670844,142.57,4,Automotive,Tools
TXNWEREEGEW60,CUST18010455,2026-05-31 21:16:52.670844,118.09,4,Electronics,Tablet
TXNA37EMQEHKN,CUST18010455,2026-05-14 21:16:52.670844,134.14,2,Office Supplies,Desk Accessories
TXNG4WJ57WU5Q,CUST18010455,2026-05-18 21:16:52.670844,125.96,1,Office Supplies,Furniture
TXNYS8VGV6OE9,CUST18010455,2026-06-20 21:16:52.670844,214.91,1,Books,Fiction
TXN9XJAWD19N3,CUST18010455,2026-06-23 21:16:52.670844,124.01,1,Automotive,Tools
TXNFLY0V8VHSH,CUST18010455,2026-05-10 21:16:52.670844,20.31,4,Electronics,Headphones
TXNSF8I3A831N,CUST98924242,2026-03-09 21:16:52.670844,46.4,2,Electronics,Camera
TXNECSAGP3S2P,CUST98924242,2026-03-15 21:16:52.670844,53.86,1,Food & Beverages,Snacks
TXN45IPSY6FU4,CUST98924242,2026-02-18 21:16:52.670844,16.2,1,Home & Garden,Decor
TXNUNLU4YRDPG,CUST98924242,2026-02-05 21:16:52.670844,52.43,5,Sports & Outdoors,Camping Gear
TXNYU1UA6O1CT,CUST98924242,2026-01-31 21:16:52.670844,33.83,5,Automotive,Tools
TXNDDIFWHGEYS,CUST32816457,2026-04-23 21:16:52.670844,167.88,1,Electronics,Tablet
TXNCZ8IO1CPHQ,CUST32816457,2026-01-12 21:16:52.670844,141.31,3,Food & Beverages,Organic Products
TXN7WSR6SCA91,CUST32816457,2026-05-29 21:16:52.670844,70.66,4,Sports & Outdoors,Camping Gear
TXN071UEUA88F,CUST32816457,2026-03-20 21:16:52.670844,105.66,4,Electronics,Smart Watch
TXNTDJE4WWKZH,CUST50863678,2026-03-07 21:16:52.670844,301.68,4,Automotive,Cleaning Supplies
TXNCF3CYCTD14,CUST50863678,2026-03-06 21:16:52.670844,175.7,1,Home & Garden,Kitchen Appliances
TXNGY1G8GIH1E,CUST50863678,2026-03-05 21:16:52.670844,187.32,4,Home & Garden,Bedding
TXNNNF0Q5MORX,CUST31739738,2026-05-15 21:16:52.670844,234.37,4,Health & Beauty,Skincare
TXNMPQTJGFPV1,CUST31739738,2026-03-30 21:16:52.670844,157.96,4,Books,Magazines
TXNUNQ6NKXXOU,CUST31739738,2026-06-20 21:16:52.670844,109.17,4,Food & Beverages,Beverages
TXN66KN32M6B5,CUST31739738,2026-02-21 21:16:52.670844,131.56,1,Office Supplies,Stationery
TXN8P8GR0O0XA,CUST31739738,2026-04-13 21:16:52.670844,147.1,2,Health & Beauty,Skincare
TXNZE7YKGT7V5,CUST31739738,2026-04-18 21:16:52.670844,221.75,4,Clothing,Jacket
TXNKBYWZZ6EJF,CUST31739738,2026-04-16 21:16:52.670844,174.87,5,Food & Beverages,Gourmet Food
TXNJ4PBEYE4CC,CUST31739738,2026-01-25 21:16:52.670844,190.46,1,Home & Garden,Decor
TXNGEWM568K5W,CUST31739738,2026-06-27 21:16:52.670844,92.1,1,Health & Beauty,Makeup
TXNQD60C4ID1R,CUST31739738,2026-01-29 21:16:52.670844,252.88,1,Office Supplies,Desk Accessories
TXN4I2MM55MIG,CUST31739738,2026-03-14 21:16:52.670844,182.16,3,Sports & Outdoors,Bicycle
TXNPRRIO61BEM,CUST31739738,2026-01-30 21:16:52.670844,122.59,3,Office Supplies,Furniture
TXNMKF0CDXAYK,CUST31739738,2026-01-26 21:16:52.670844,160.69,4,Health & Beauty,Makeup
TXNPVVQOF0SFH,CUST31739738,2026-01-19 21:16:52.670844,255.43,2,Home & Garden,Decor
TXNIUSVGYU3CQ,CUST31739738,2026-01-26 21:16:52.670844,229.76,2,Health & Beauty,Personal Care
TXNUYLQCG0K35,CUST31739738,2026-07-18 21:16:52.670844,117.08,2,Health & Beauty,Skincare
TXNZ9AVOV6C43,CUST31739738,2026-01-24 21:16:52.670844,161.87,2,Books,Educational
TXN1CJLE49Q8N,CUST31739738,2026-06-05 21:16:52.670844,148.95,4,Sports & Outdoors,Camping Gear
TXNMQ4JXC9FBV,CUST31739738,2026-03-12 21:16:52.670844,116.99,3,Home & Garden,Furniture
TXNOTYR8KFCYI,CUST31739738,2026-02-14 21:16:52.670844,89.89,3,Office Supplies,Furniture
TXNZ3J4SFCP9F,CUST31739738,2026-07-07 21:16:52.670844,197.01,1,Health & Beauty,Makeup
TXN12SS90V8P1,CUST31739738,2026-05-19 21:16:52.670844,103.5,3,Toys & Games,Puzzles
TXN78ULJVLLPE,CUST31739738,2026-07-06 21:16:52.670844,276.0,1,Toys & Games,Video Games
TXN5WMHVYWQNA,CUST31739738,2026-01-03 21:16:52.670844,183.49,1,Books,Magazines
TXNI0CDXG2HXJ,CUST31739738,2026-04-05 21:16:52.670844,157.89,2,Books,Educational
TXN4IL21CIPL4,CUST31739738,2026-05-16 21:16:52.670844,144.02,3,Electronics,Tablet
TXNHUBT3WLG99,CUST31739738,2026-03-25 21:16:52.670844,237.21,5,Home & Garden,Decor
TXNNT3B9CS2OO,CUST31739738,2026-01-23 21:16:52.670844,78.19,1,Food & Beverages,Snacks
TXNX88JH0MEE2,CUST31739738,2026-06-16 21:16:52.670844,96.78,2,Books,Fiction
TXNEKFHY3IZ6N,CUST31739738,2026-05-25 21:16:52.670844,193.6,5,Sports & Outdoors,Fitness Equipment
TXN5EN9F11NX9,CUST31739738,2026-05-24 21:16:52.670844,128.43,5,Home & Garden,Bedding
TXN5J0TCSWSH6,CUST31739738,2026-01-09 21:16:52.670844,171.86,1,Books,Non-Fiction
TXN91QL2P519Z,CUST31739738,2026-01-04 21:16:52.670844,132.86,2,Electronics,Smartphone
TXNO4ENUA6ENY,CUST31739738,2026-03-03 21:16:52.670844,128.9,4,Sports & Outdoors,Camping Gear
TXNTU0TJOMJ4X,CUST31739738,2026-02-20 21:16:52.670844,147.92,1,Home & Garden,Furniture
TXN9TX3XIH4Y3,CUST31739738,2026-05-20 21:16:52.670844,154.9,3,Home & Garden,Bedding
TXNQ3X3MZQM80,CUST31739738,2026-07-08 21:16:52.670844,156.43,5,Health & Beauty,Personal Care
TXNVZI95RBLRI,CUST31739738,2026-02-21 21:16:52.670844,143.26,5,Toys & Games,Puzzles
TXNV0ACR8X7SK,CUST31739738,2026-03-19 21:16:52.670844,202.12,5,Food & Beverages,Beverages
TXND8YO8SYWNZ,CUST31739738,2026-03-28 21:16:52.670844,164.27,3,Health & Beauty,Skincare
TXNGZTKQKPVRX,CUST31739738,2026-03-25 21:16:52.670844,95.51,3,Sports & Outdoors,Camping Gear
TXNXD2C9JN2WX,CUST31739738,2026-06-17 21:16:52.670844,152.65,3,Health & Beauty,Skincare
TXNCHY97T32P5,CUST31739738,2026-02-06 21:16:52.670844,202.24,5,Health & Beauty,Supplements
TXN7LJFS4P7ZK,CUST31739738,2026-07-18 21:16:52.670844,203.69,1,Sports & Outdoors,Fitness Equipment
TXN7XRQIA7M1V,CUST31739738,2026-04-17 21:16:52.670844,213.24,1,Food & Beverages,Organic Products
TXNSU1NJ1PF2A,CUST31739738,2026-07-18 21:16:52.670844,264.52,1,Automotive,Car Accessories
TXNFIWFUJ4JUU,CUST31739738,2026-04-23 21:16:52.670844,185.24,5,Home & Garden,Tools
TXNG9HBZ328DL,CUST31739738,2026-04-12 21:16:52.670844,199.05,3,Books,Non-Fiction
TXNX5QU77K16N,CUST31739738,2026-02-13 21:16:52.670844,151.81,3,Health & Beauty,Makeup
TXNCSXTPWDXB3,CUST67942480,2026-01-11 21:16:52.670844,85.66,5,Sports & Outdoors,Bicycle
TXNDM0U6NBV4L,CUST67942480,2026-01-18 21:16:52.670844,59.62,4,Books,Magazines
TXNKMPEPVAUFT,CUST67942480,2026-01-23 21:16:52.670844,156.93,1,Clothing,Shoes
TXNKXBA5AJRE1,CUST67942480,2026-01-26 21:16:52.670844,89.33,3,Electronics,Camera
TXNGP7EZ81RXX,CUST67942480,2026-02-04 21:16:52.670844,124.63,2,Home & Garden,Furniture
TXN360685UFIQ,CUST67942480,2026-01-13 21:16:52.670844,186.14,2,Electronics,Camera
TXNQCYTZKO507,CUST67942480,2026-01-25 21:16:52.670844,149.79,3,Office Supplies,Desk Accessories
TXNMWW9J8RMUB,CUST00771417,2025-08-02 21:16:52.670844,127.22,2,Health & Beauty,Supplements
TXN2PEOLWN0MR,CUST00771417,2025-03-02 21:16:52.670844,226.96,4,Books,Non-Fiction
TXN6MB6RHZ8K5,CUST00771417,2025-01-03 21:16:52.670844,168.83,1,Clothing,Accessories
TXNL4FLXRA0TJ,CUST00771417,2025-04-25 21:16:52.670844,169.03,3,Sports & Outdoors,Sportswear
TXN93HCA6U8JN,CUST00771417,2025-09-05 21:16:52.670844,134.99,3,Automotive,Parts
TXNU2OV5QFZOX,CUST00771417,2025-08-02 21:16:52.670844,156.12,1,Toys & Games,Video Games
TXN5TSYIJIH45,CUST00771417,2025-03-23 21:16:52.670844,127.75,4,Sports & Outdoors,Sportswear
TXNZVUA9VKGQS,CUST00771417,2025-03-31 21:16:52.670844,182.25,3,Automotive,Parts
TXNPFKE3XY6W7,CUST00771417,2025-11-24 21:16:52.670844,95.87,3,Clothing,Accessories
TXNAYLRJ5H64G,CUST00771417,2025-12-22 21:16:52.670844,182.15,3,Toys & Games,Action Figures
TXN9LH75FQZTX,CUST98755652,2026-05-14 21:16:52.670844,168.96,3,Toys & Games,Puzzles
TXN51UQ3VI45D,CUST98755652,2026-06-28 21:16:52.670844,208.62,5,Health & Beauty,Skincare
TXNATQ4KF7N2J,CUST98755652,2026-07-13 21:16:52.670844,153.91,2,Clothing,Jeans
TXN0CO06X4AMA,CUST98755652,2026-05-09 21:16:52.670844,311.13,1,Electronics,Headphones
TXN69HO2WNVZY,CUST98755652,2026-06-14 21:16:52.670844,284.59,1,Books,Educational
TXNCEG20C8X17,CUST98755652,2026-07-02 21:16:52.670844,229.1,3,Books,Non-Fiction
TXNSPD2VZ7LXY,CUST98755652,2026-06-14 21:16:52.670844,226.59,2,Clothing,Shoes
TXNUBC4FCNMUK,CUST98755652,2026-05-16 21:16:52.670844,263.02,3,Health & Beauty,Skincare
TXN97V0CEM1IA,CUST98755652,2026-05-22 21:16:52.670844,257.28,3,Clothing,T-Shirt
TXNSYKEEFZ0BP,CUST98755652,2026-06-29 21:16:52.670844,274.53,2,Automotive,Parts
TXN1P7N9XJ8J8,CUST98755652,2026-05-14 21:16:52.670844,263.66,3,Automotive,Parts
TXNGHHYGS5J64,CUST98755652,2026-07-11 21:16:52.670844,204.78,4,Clothing,Jacket
TXN62O1MOAHGL,CUST98755652,2026-06-11 21:16:52.670844,241.08,3,Food & Beverages,Beverages
TXNVV95F9L9MB,CUST98755652,2026-05-10 21:16:52.670844,284.95,5,Clothing,Jacket
TXNXX4T3FJ9AB,CUST98755652,2026-05-15 21:16:52.670844,180.33,4,Electronics,Headphones
TXNERNLGJ04R6,CUST98755652,2026-07-11 21:16:52.670844,288.47,5,Books,Fiction
TXNYNT6ZMAU83,CUST98755652,2026-05-04 21:16:52.670844,208.37,3,Automotive,Cleaning Supplies
TXNUS9SVESECM,CUST98755652,2026-05-08 21:16:52.670844,240.31,4,Clothing,Shoes
TXNSVYMKRUDTY,CUST98755652,2026-05-16 21:16:52.670844,207.85,5,Clothing,Dress
TXNH6KJWXLOQZ,CUST98755652,2026-05-29 21:16:52.670844,397.5,4,Food & Beverages,Organic Products
TXNEG7FFQ6V99,CUST98755652,2026-05-03 21:16:52.670844,372.67,2,Office Supplies,Stationery
TXN64J763D0G1,CUST98755652,2026-05-29 21:16:52.670844,309.38,5,Clothing,Dress
TXNA7TB98JYF4,CUST98755652,2026-06-16 21:16:52.670844,365.17,5,Sports & Outdoors,Bicycle
TXN6CWGMINAFR,CUST98755652,2026-07-20 21:16:52.670844,262.78,2,Office Supplies,Desk Accessories
TXNNBNMVAVSWE,CUST11792763,2025-12-28 21:16:52.670844,190.01,5,Electronics,Laptop
TXNCFVNJM8JH0,CUST11792763,2025-10-27 21:16:52.670844,174.65,3,Office Supplies,Furniture
TXNA58Q1S8UYJ,CUST11792763,2025-08-13 21:16:52.670844,75.05,3,Health & Beauty,Skincare
TXNRL2NLC8QV4,CUST11792763,2025-07-12 21:16:52.670844,153.68,3,Clothing,Jeans
TXN1DP0M4EKH1,CUST11792763,2025-11-23 21:16:52.670844,111.45,2,Electronics,Headphones
TXNW6PMUY5YEX,CUST11792763,2025-05-11 21:16:52.670844,121.95,2,Food & Beverages,Beverages
TXN7BXKSJ3EVV,CUST11792763,2025-02-27 21:16:52.670844,173.18,1,Books,Non-Fiction
TXNV3WB8FFLVR,CUST11792763,2025-11-07 21:16:52.670844,189.77,1,Health & Beauty,Makeup
TXNWMJV06M04M,CUST11792763,2025-01-06 21:16:52.670844,117.17,2,Automotive,Cleaning Supplies
TXN430CPIREL8,CUST11792763,2025-11-08 21:16:52.670844,146.83,2,Sports & Outdoors,Camping Gear
TXN7MXW6X2QX1,CUST11792763,2024-12-10 21:16:52.670844,128.85,1,Automotive,Cleaning Supplies
TXNHGHJ95MV0U,CUST11792763,2025-03-27 21:16:52.670844,149.26,2,Home & Garden,Furniture
TXN1J1HZ9FPDI,CUST11792763,2025-09-11 21:16:52.670844,142.07,5,Automotive,Car Accessories
TXNN0R90E5BE7,CUST11792763,2025-10-31 21:16:52.670844,101.56,4,Food & Beverages,Snacks
TXNDG7R5XS34W,CUST83963035,2025-12-11 21:16:52.670844,161.75,3,Food & Beverages,Organic Products
TXN1BJ6Y8E9P8,CUST83963035,2025-09-14 21:16:52.670844,213.97,5,Books,Magazines
TXN25KKIR4BT4,CUST83963035,2026-02-04 21:16:52.670844,172.5,1,Sports & Outdoors,Sportswear
TXNU35EYBIJRT,CUST83963035,2025-12-18 21:16:52.670844,229.77,4,Electronics,Laptop
TXNEWXO9E9KHT,CUST83963035,2025-10-26 21:16:52.670844,258.87,4,Electronics,Smart Watch
TXNMTFI4CMN9G,CUST70985487,2026-07-07 21:16:52.670844,156.78,4,Home & Garden,Furniture
TXNSR8W081BGX,CUST70985487,2026-06-14 21:16:52.670844,156.58,2,Sports & Outdoors,Camping Gear
TXNKK8BDHCLAA,CUST70985487,2026-05-22 21:16:52.670844,232.84,3,Automotive,Cleaning Supplies
TXNDYANANJK27,CUST70985487,2026-07-04 21:16:52.670844,176.76,2,Office Supplies,Stationery
TXNZECSET5RKS,CUST70985487,2026-06-30 21:16:52.670844,241.19,5,Automotive,Parts
TXNSP6U41CFSW,CUST70985487,2026-06-13 21:16:52.670844,241.85,5,Clothing,T-Shirt
TXN158D956QEM,CUST70985487,2026-06-03 21:16:52.670844,142.38,5,Toys & Games,Action Figures
TXNEFJECDPUX3,CUST70985487,2026-06-01 21:16:52.670844,212.08,4,Office Supplies,Electronics
TXNY3NVW3S0OT,CUST70985487,2026-07-06 21:16:52.670844,248.97,4,Home & Garden,Furniture
TXNYDVGNRXML9,CUST70985487,2026-07-04 21:16:52.670844,216.73,3,Office Supplies,Desk Accessories
TXN3HE1A7UJQS,CUST70985487,2026-06-06 21:16:52.670844,181.79,3,Health & Beauty,Skincare
TXNL63D7NP0J6,CUST70985487,2026-07-07 21:16:52.670844,154.59,5,Toys & Games,Video Games
TXNHABI9JLJ59,CUST70985487,2026-06-13 21:16:52.670844,287.34,4,Health & Beauty,Personal Care
TXN14N4972KEP,CUST70985487,2026-07-02 21:16:52.670844,214.28,2,Toys & Games,Video Games
TXN8BRJYMIAD2,CUST70985487,2026-06-26 21:16:52.670844,167.6,3,Automotive,Parts
TXNNYGGCPJ2MA,CUST70985487,2026-06-07 21:16:52.670844,152.74,4,Food & Beverages,Gourmet Food
TXNEEVG0CN91P,CUST70985487,2026-06-11 21:16:52.670844,185.71,2,Toys & Games,Board Games
TXNSIUEMI5XXG,CUST70985487,2026-05-22 21:16:52.670844,135.78,2,Office Supplies,Stationery
TXN4C3CW401SA,CUST70985487,2026-05-29 21:16:52.670844,187.37,2,Toys & Games,Puzzles
TXN3R9VABNYJ2,CUST70985487,2026-06-19 21:16:52.670844,147.49,3,Office Supplies,Electronics
TXNV05Y26M3U5,CUST70985487,2026-06-21 21:16:52.670844,198.13,2,Automotive,Parts
TXN8SJTIX30QL,CUST70985487,2026-06-22 21:16:52.670844,157.48,3,Automotive,Parts
TXNQIC3PF36AN,CUST70985487,2026-06-17 21:16:52.670844,171.86,4,Books,Fiction
TXN5YSLXKUMH2,CUST70985487,2026-06-01 21:16:52.670844,129.74,1,Sports & Outdoors,Camping Gear
TXNXCQYO0HA07,CUST70985487,2026-05-28 21:16:52.670844,231.68,4,Health & Beauty,Skincare
TXNIO84686LV7,CUST70985487,2026-07-03 21:16:52.670844,294.04,5,Food & Beverages,Organic Products
TXNX0RXNKJGNW,CUST70985487,2026-05-25 21:16:52.670844,225.16,5,Office Supplies,Electronics
TXNLXZNTVXPIQ,CUST70985487,2026-06-02 21:16:52.670844,159.29,4,Sports & Outdoors,Bicycle
TXN9X4ZWZQPCJ,CUST70985487,2026-05-30 21:16:52.670844,208.0,2,Home & Garden,Bedding
TXN5IMJOBFDAQ,CUST70985487,2026-06-05 21:16:52.670844,168.93,4,Sports & Outdoors,Camping Gear
TXNY3EFBTK0P0,CUST70985487,2026-06-11 21:16:52.670844,205.11,5,Health & Beauty,Makeup
TXN51IDOOZYMJ,CUST70985487,2026-06-10 21:16:52.670844,170.45,2,Food & Beverages,Beverages
TXN3OXLD91YKV,CUST70985487,2026-06-30 21:16:52.670844,168.08,3,Office Supplies,Stationery
TXN4AF4BAJS0R,CUST70985487,2026-06-06 21:16:52.670844,119.69,2,Clothing,Accessories
TXNMFHIINSKOF,CUST70985487,2026-05-25 21:16:52.670844,188.95,2,Books,Educational
TXNOK6T35VGMB,CUST70985487,2026-07-02 21:16:52.670844,174.24,2,Automotive,Tools
TXN6LA2GT5XI1,CUST70985487,2026-06-27 21:16:52.670844,252.49,1,Electronics,Headphones
TXNFY5KHP4V0X,CUST70985487,2026-06-02 21:16:52.670844,191.77,5,Automotive,Parts
TXNMJD3X455PZ,CUST70985487,2026-05-28 21:16:52.670844,166.69,5,Clothing,Jacket
TXN545ZUJZKIC,CUST70985487,2026-07-07 21:16:52.670844,176.88,3,Books,Fiction
TXNGPYBCOT2IV,CUST70985487,2026-06-22 21:16:52.670844,368.8,4,Books,Comics
TXNMMGSLERGMP,CUST70985487,2026-05-24 21:16:52.670844,74.9,4,Sports & Outdoors,Bicycle
TXNOT5L07IDED,CUST70985487,2026-06-30 21:16:52.670844,199.07,5,Office Supplies,Furniture
TXN9N6QT0UP0R,CUST70985487,2026-05-26 21:16:52.670844,164.52,5,Books,Educational
TXNRIFY746B2Z,CUST70985487,2026-06-09 21:16:52.670844,207.02,2,Electronics,Smart Watch
TXNXDS2CA2B6Z,CUST70985487,2026-06-26 21:16:52.670844,157.23,2,Office Supplies,Furniture
TXNTZK999Q29L,CUST70985487,2026-06-15 21:16:52.670844,220.31,2,Sports & Outdoors,Sportswear
TXN49STW2RGZ4,CUST70985487,2026-06-24 21:16:52.670844,229.93,3,Toys & Games,Video Games
TXNQNKRUWFBIF,CUST31493503,2025-12-07 21:16:52.670844,226.69,5,Clothing,Jacket
TXNXH72679N1G,CUST31493503,2025-07-15 21:16:52.670844,54.59,1,Sports & Outdoors,Camping Gear
TXNFYILGBR6ZT,CUST31493503,2025-08-13 21:16:52.670844,198.91,3,Electronics,Headphones
TXNV6SXA3UMTT,CUST31493503,2025-09-30 21:16:52.670844,142.29,3,Automotive,Parts
TXN9U4DLS5G09,CUST31493503,2026-03-29 21:16:52.670844,179.18,1,Office Supplies,Stationery
TXN1YKWK5RA53,CUST31493503,2026-03-29 21:16:52.670844,139.2,1,Health & Beauty,Personal Care
TXNA3GNS33JY2,CUST74128257,2026-05-15 21:16:52.670844,422.77,4,Automotive,Parts
TXN1P5C3Z5N9W,CUST74128257,2025-10-11 21:16:52.670844,298.33,5,Clothing,Jacket
TXNT9U9NHQRPB,CUST74128257,2026-01-26 21:16:52.670844,385.93,3,Electronics,Laptop
TXNI5HBXQQ2EN,CUST74128257,2026-02-24 21:16:52.670844,475.89,5,Home & Garden,Tools
TXNLC5KOB1HF5,CUST74128257,2025-12-07 21:16:52.670844,348.12,2,Automotive,Tools
TXNYCK6LU90XI,CUST74128257,2025-05-25 21:16:52.670844,333.17,5,Sports & Outdoors,Bicycle
TXN60462S0GVC,CUST74128257,2025-06-19 21:16:52.670844,235.89,1,Electronics,Tablet
TXN53VR94IW93,CUST74128257,2025-05-13 21:16:52.670844,281.7,4,Toys & Games,Puzzles
TXNBOBDJX4BD4,CUST74128257,2026-07-17 21:16:52.670844,453.65,5,Office Supplies,Desk Accessories
TXNFZ8VXV6QI7,CUST74128257,2025-04-02 21:16:52.670844,331.62,3,Food & Beverages,Gourmet Food
TXN3AXUAX2RCF,CUST74128257,2026-04-10 21:16:52.670844,257.89,5,Office Supplies,Desk Accessories
TXNFG5UXE1ZRF,CUST74128257,2026-01-10 21:16:52.670844,262.16,1,Automotive,Cleaning Supplies
TXNY8OWJAUIE0,CUST74128257,2026-07-05 21:16:52.670844,282.86,3,Home & Garden,Furniture
TXNEJ74CBLY00,CUST74128257,2026-04-20 21:16:52.670844,92.14,1,Food & Beverages,Gourmet Food
TXNL9CP6FORKD,CUST74128257,2026-02-01 21:16:52.670844,138.92,4,Electronics,Smart Watch
TXNM1JAU5ZGLY,CUST74128257,2026-03-26 21:16:52.670844,465.75,5,Books,Fiction
TXNMQ3UP79WSX,CUST74128257,2025-04-05 21:16:52.670844,454.45,5,Clothing,Accessories
TXNOW4FMOXX34,CUST74128257,2025-05-07 21:16:52.670844,442.48,2,Toys & Games,Action Figures
TXN0XQTH764VG,CUST74128257,2025-11-09 21:16:52.670844,378.48,5,Books,Educational
TXNMGZN98NTG0,CUST74128257,2026-01-09 21:16:52.670844,272.47,1,Health & Beauty,Personal Care
TXNYSPCZ23CNI,CUST74128257,2025-11-08 21:16:52.670844,427.06,5,Home & Garden,Decor
TXNBQ172CE080,CUST20232331,2025-11-27 21:16:52.670844,109.46,4,Books,Non-Fiction
TXNSOXEVF7VSQ,CUST20232331,2025-04-05 21:16:52.670844,163.82,3,Automotive,Tools
TXNIEDSN1TBRJ,CUST20232331,2025-07-01 21:16:52.670844,168.46,4,Food & Beverages,Snacks
TXN3ER67HSQHB,CUST20232331,2025-09-13 21:16:52.670844,198.12,5,Food & Beverages,Gourmet Food
TXNAVIXDMQHTN,CUST20232331,2025-07-14 21:16:52.670844,110.5,5,Automotive,Tools
TXNL8NLBPVBMQ,CUST94809537,2026-01-14 21:16:52.670844,102.26,1,Clothing,Dress
TXNS4IFHAHIJU,CUST94809537,2025-09-07 21:16:52.670844,131.43,5,Sports & Outdoors,Bicycle
TXNWELOLWN049,CUST94809537,2025-07-23 21:16:52.670844,88.57,1,Books,Educational
TXN1Q85OT9MGL,CUST94809537,2025-12-04 21:16:52.670844,128.79,3,Health & Beauty,Personal Care
TXN335SEIPDWO,CUST94809537,2025-11-23 21:16:52.670844,57.14,4,Office Supplies,Electronics
TXN2TS7IW0BAY,CUST94809537,2026-02-08 21:16:52.670844,150.19,4,Home & Garden,Tools
TXND49DMI7JSR,CUST94809537,2026-02-03 21:16:52.670844,109.17,3,Office Supplies,Desk Accessories
TXNB0RNK3QNKW,CUST94809537,2025-12-28 21:16:52.670844,68.36,5,Books,Non-Fiction
TXNPPYIV0VNKF,CUST94809537,2026-01-06 21:16:52.670844,107.54,1,Health & Beauty,Personal Care
TXNXQ0LWAPG3J,CUST94809537,2025-11-29 21:16:52.670844,112.7,3,Health & Beauty,Makeup
TXNKN651UJLPW,CUST16191260,2025-04-10 21:16:52.670844,156.32,2,Books,Magazines
TXN96PXUBIHIM,CUST16191260,2026-03-09 21:16:52.670844,81.57,1,Food & Beverages,Snacks
TXN4R8V38Z5WT,CUST16191260,2025-10-16 21:16:52.670844,68.65,4,Toys & Games,Puzzles
TXNPJNYJHEX52,CUST16191260,2025-12-06 21:16:52.670844,106.44,5,Food & Beverages,Beverages
TXNRSXHQ2E8DY,CUST16191260,2025-09-02 21:16:52.670844,94.77,3,Food & Beverages,Beverages
TXN5CZTLFP1BC,CUST16191260,2024-11-30 21:16:52.670844,152.35,5,Electronics,Headphones
TXNAEF5UCXIYW,CUST16191260,2025-04-23 21:16:52.670844,77.74,3,Electronics,Laptop
TXN4CIUXGYFJZ,CUST16191260,2024-11-26 21:16:52.670844,121.76,5,Office Supplies,Desk Accessories
TXNSF05O4J9FS,CUST63082801,2025-12-24 21:16:52.670844,228.23,1,Home & Garden,Bedding
TXN9GG3AL3S70,CUST63082801,2026-03-29 21:16:52.670844,524.97,4,Food & Beverages,Beverages
TXNCKYOB2I74U,CUST63082801,2026-03-20 21:16:52.670844,474.92,2,Electronics,Smart Watch
TXN1Y3MXGSACA,CUST63082801,2026-04-01 21:16:52.670844,481.75,1,Electronics,Smartphone
TXNDXR3UG2HFC,CUST63082801,2025-10-16 21:16:52.670844,519.17,4,Clothing,Jacket
TXN4ERJCVX909,CUST63082801,2025-09-06 21:16:52.670844,555.42,5,Office Supplies,Electronics
TXND9NBCK1M19,CUST63082801,2025-10-02 21:16:52.670844,427.62,3,Clothing,T-Shirt
TXNHIYWNUIITX,CUST63082801,2025-09-14 21:16:52.670844,373.07,2,Home & Garden,Decor
TXNL29615UBM8,CUST63082801,2025-12-09 21:16:52.670844,536.6,2,Books,Comics
TXNNV6HBMCTYI,CUST63082801,2025-07-09 21:16:52.670844,248.77,5,Books,Comics
TXN1604L2PKRM,CUST63082801,2025-07-22 21:16:52.670844,596.35,3,Sports & Outdoors,Sportswear
TXN5FVRZW1J9F,CUST63082801,2025-11-03 21:16:52.670844,715.31,4,Office Supplies,Furniture
TXNKK35S8A2DX,CUST63082801,2025-12-16 21:16:52.670844,697.82,4,Automotive,Parts
TXNF6UR0F5AXF,CUST63082801,2025-07-02 21:16:52.670844,261.69,3,Automotive,Tools
TXN19OGTJF8LC,CUST63082801,2026-04-15 21:16:52.670844,474.14,1,Health & Beauty,Personal Care
TXNQUATGLS0VJ,CUST63082801,2026-01-09 21:16:52.670844,509.43,5,Home & Garden,Furniture
TXNXMHFOYNQTS,CUST63082801,2025-08-04 21:16:52.670844,264.77,1,Toys & Games,Video Games
TXNB38DSCME8X,CUST63082801,2026-05-14 21:16:52.670844,519.93,2,Electronics,Camera
TXNHWSE96FTEA,CUST63082801,2026-03-20 21:16:52.670844,354.2,1,Automotive,Car Accessories
TXNSF00G3MNQL,CUST63082801,2025-09-12 21:16:52.670844,575.63,2,Sports & Outdoors,Camping Gear
TXNIG3959A1WJ,CUST63082801,2026-04-12 21:16:52.670844,545.21,3,Home & Garden,Bedding
TXNAXSVZVYFTZ,CUST63082801,2025-12-30 21:16:52.670844,548.39,4,Books,Magazines
TXNLJR0OSVM7W,CUST63082801,2026-03-05 21:16:52.670844,368.62,2,Office Supplies,Furniture
TXN1E5DBYX8LK,CUST63082801,2025-09-06 21:16:52.670844,484.64,3,Automotive,Car Accessories
TXNGM5OP4ZZWL,CUST63082801,2026-06-23 21:16:52.670844,208.32,1,Clothing,T-Shirt
TXN2ZJPSNWTSU,CUST63082801,2025-12-04 21:16:52.670844,538.44,3,Clothing,Shoes
TXNDF0ECYYNJ1,CUST63082801,2026-06-09 21:16:52.670844,573.53,5,Home & Garden,Tools
TXNLMS1639ZJI,CUST63082801,2026-03-01 21:16:52.670844,350.9,3,Electronics,Camera
TXN7H2FW5MQCX,CUST63082801,2025-07-13 21:16:52.670844,725.74,4,Books,Comics
TXN83JEHJYZSL,CUST63082801,2026-04-11 21:16:52.670844,118.39,5,Books,Comics
TXN4V0Y5WOK2V,CUST63082801,2025-09-21 21:16:52.670844,473.54,4,Clothing,Shoes
TXN1JYS5BUOKC,CUST63082801,2025-07-20 21:16:52.670844,375.49,2,Food & Beverages,Beverages
TXNPGBBDSX8GE,CUST63082801,2025-09-29 21:16:52.670844,423.76,3,Home & Garden,Furniture
TXNJU6T8HG529,CUST63082801,2025-09-05 21:16:52.670844,496.95,3,Electronics,Laptop
TXNKTPVXCVJWR,CUST63082801,2026-06-29 21:16:52.670844,622.39,4,Toys & Games,Video Games
TXN3T466XCERS,CUST63082801,2025-12-02 21:16:52.670844,767.25,4,Books,Magazines
TXNK77ZDRWFPA,CUST63082801,2025-11-07 21:16:52.670844,344.85,5,Books,Educational
TXNV87ERM8ZUC,CUST63082801,2025-10-03 21:16:52.670844,336.56,3,Sports & Outdoors,Bicycle
TXNZWKVENKEOG,CUST63082801,2025-11-19 21:16:52.670844,512.21,1,Clothing,Accessories
TXNA4BTJ2GLWC,CUST63082801,2026-04-25 21:16:52.670844,688.74,1,Automotive,Car Accessories
TXN8ELUFVSW90,CUST63082801,2025-07-26 21:16:52.670844,641.6,1,Food & Beverages,Gourmet Food
TXNQVTT6WCXR3,CUST63082801,2025-09-25 21:16:52.670844,314.0,5,Sports & Outdoors,Fitness Equipment
TXNCA70AAVHXM,CUST63082801,2025-08-30 21:16:52.670844,527.94,5,Sports & Outdoors,Fitness Equipment
TXNAJFTTZ2FGT,CUST63082801,2025-08-25 21:16:52.670844,595.4,1,Clothing,Jeans
TXN9VTTWJJVCS,CUST63082801,2026-06-29 21:16:52.670844,652.1,4,Sports & Outdoors,Camping Gear
TXND0Z19CA2Z9,CUST63082801,2026-01-21 21:16:52.670844,246.1,4,Electronics,Smartphone
TXNHY3PVN7C02,CUST63082801,2026-04-19 21:16:52.670844,599.7,4,Sports & Outdoors,Sportswear
TXNCRY8A58CHY,CUST63082801,2026-04-08 21:16:52.670844,566.46,4,Automotive,Car Accessories
TXNOJNXJ57BVY,CUST63082801,2025-07-10 21:16:52.670844,421.27,4,Food & Beverages,Gourmet Food
TXNL1VCHWSGJE,CUST63082801,2025-08-02 21:16:52.670844,727.28,2,Books,Educational
TXNPI11KUIKW0,CUST71913913,2025-11-03 21:16:52.670844,102.12,1,Toys & Games,Board Games
TXNEKXSZXJQXC,CUST65340076,2026-04-06 21:16:52.670844,61.87,5,Sports & Outdoors,Camping Gear
TXN78RZ52RVSD,CUST65340076,2026-04-05 21:16:52.670844,60.8,5,Food & Beverages,Snacks
TXNFXPNC8NT3A,CUST65340076,2026-04-12 21:16:52.670844,41.7,4,Books,Magazines
TXNS2WM6A819D,CUST65340076,2026-03-31 21:16:52.670844,54.15,4,Office Supplies,Furniture
TXNB93RUERF7Q,CUST41537553,2026-04-17 21:16:52.670844,97.92,5,Sports & Outdoors,Camping Gear
TXNI7HJ9FAAGD,CUST41537553,2026-06-06 21:16:52.670844,215.69,3,Health & Beauty,Skincare
TXNIS7E4EOZNE,CUST41537553,2026-06-14 21:16:52.670844,186.38,3,Sports & Outdoors,Camping Gear
TXNSA86DZOYND,CUST41537553,2026-03-23 21:16:52.670844,197.11,2,Automotive,Tools
TXNYGCQPC448W,CUST41537553,2026-06-05 21:16:52.670844,238.35,3,Books,Magazines
TXNFGWJG5M4P4,CUST41537553,2026-06-11 21:16:52.670844,87.05,2,Food & Beverages,Gourmet Food
TXN2U0EXJV21L,CUST41537553,2026-03-26 21:16:52.670844,204.07,5,Clothing,Dress
TXNJMF5QX06U5,CUST41537553,2026-06-17 21:16:52.670844,230.98,4,Books,Fiction
TXNYYG5MK5TQ9,CUST41537553,2026-06-22 21:16:52.670844,100.75,4,Food & Beverages,Beverages
TXNA3LJ0FV3JJ,CUST41537553,2026-05-13 21:16:52.670844,167.92,5,Health & Beauty,Personal Care
TXNVJ4XO7NYYI,CUST49597082,2026-02-04 21:16:52.670844,234.36,2,Books,Non-Fiction
TXNTY7J7E49D6,CUST49597082,2026-03-03 21:16:52.670844,95.96,2,Electronics,Laptop
TXN0KPC3PJI8Z,CUST49597082,2026-03-10 21:16:52.670844,204.95,4,Health & Beauty,Makeup
TXNP4YRH5G9E9,CUST49597082,2026-01-15 21:16:52.670844,136.28,4,Health & Beauty,Skincare
TXNQ5FB800SDX,CUST49597082,2026-02-27 21:16:52.670844,183.98,4,Electronics,Smartphone
TXN0RBRUZOYNN,CUST49597082,2026-02-27 21:16:52.670844,139.54,5,Toys & Games,Board Games
TXNYZ5OP2EVEN,CUST49597082,2026-01-14 21:16:52.670844,108.86,1,Electronics,Smart Watch
TXNEBGBN7JNKK,CUST49597082,2025-12-18 21:16:52.670844,218.61,3,Clothing,T-Shirt
TXNTO8EW1ZGV6,CUST49597082,2026-03-06 21:16:52.670844,151.45,3,Electronics,Camera
TXNELP6DT9XAI,CUST49597082,2026-02-01 21:16:52.670844,201.48,2,Automotive,Tools
TXNHHFSSKGI4K,CUST74212359,2025-08-27 21:16:52.670844,255.36,1,Electronics,Smartphone
TXNTIJD33AM7J,CUST74212359,2026-05-02 21:16:52.670844,198.47,2,Clothing,Accessories
TXNEZHADW1ZEL,CUST74212359,2025-04-26 21:16:52.670844,152.56,5,Toys & Games,Video Games
TXNP782DL2TVG,CUST74212359,2026-06-18 21:16:52.670844,140.43,5,Toys & Games,Video Games
TXNII96RFAYAO,CUST74212359,2025-04-21 21:16:52.670844,307.05,3,Clothing,Jeans
TXNTARGWZSAB4,CUST74212359,2025-03-30 21:16:52.670844,229.4,4,Health & Beauty,Supplements
TXNV3H1OARFRZ,CUST74212359,2026-02-04 21:16:52.670844,208.14,4,Clothing,Jeans
TXN1PR8W7LOPC,CUST74212359,2025-10-22 21:16:52.670844,199.92,2,Health & Beauty,Personal Care
TXNGM7EFCOXCT,CUST74212359,2026-04-04 21:16:52.670844,257.22,1,Electronics,Laptop
TXNWRYJ7DE3VP,CUST74212359,2025-08-01 21:16:52.670844,287.45,3,Office Supplies,Furniture
TXNCQZQDGF70Z,CUST74212359,2024-12-31 21:16:52.670844,326.92,2,Books,Fiction
TXN0QXL7XQE91,CUST74212359,2025-12-04 21:16:52.670844,285.66,4,Health & Beauty,Supplements
TXNU4IRXPMSW7,CUST74212359,2025-08-24 21:16:52.670844,139.05,2,Electronics,Smartphone
TXN86DHS1HU7G,CUST74212359,2026-01-08 21:16:52.670844,251.12,5,Sports & Outdoors,Sportswear
TXNITAIKAW41N,CUST74212359,2025-01-07 21:16:52.670844,196.14,4,Health & Beauty,Skincare
TXNDZUK8MEPKD,CUST74212359,2026-03-11 21:16:52.670844,325.25,5,Books,Non-Fiction
TXNU8I3TT79M6,CUST74212359,2025-08-09 21:16:52.670844,148.95,3,Office Supplies,Stationery
TXN0UOTC2D8LY,CUST74212359,2024-12-04 21:16:52.670844,222.63,4,Electronics,Headphones
TXNNQ7G25X7JQ,CUST74212359,2026-03-27 21:16:52.670844,264.71,2,Clothing,Dress
TXNJ1HFZLRS5F,CUST74212359,2026-07-11 21:16:52.670844,217.09,2,Home & Garden,Kitchen Appliances
TXN61EERNVRLP,CUST74212359,2026-07-06 21:16:52.670844,199.89,4,Clothing,T-Shirt
TXNMBCZ5SU9YD,CUST74212359,2024-11-06 21:16:52.670844,170.39,3,Clothing,Shoes
TXNHBIDQY8EYO,CUST71651910,2025-11-29 21:16:52.670844,75.39,2,Home & Garden,Decor
TXNFQ0Q7IT835,CUST71651910,2025-12-13 21:16:52.670844,43.25,2,Electronics,Smartphone
TXNWFEXEKR9GO,CUST71651910,2026-02-20 21:16:52.670844,58.36,2,Toys & Games,Puzzles
TXNUQQWVTCAL6,CUST71651910,2026-03-11 21:16:52.670844,74.94,5,Automotive,Parts
TXNBN744J8Y0S,CUST15920382,2025-11-14 21:16:52.670844,278.11,5,Food & Beverages,Beverages
TXNTCLE0XG8SI,CUST15920382,2026-04-24 21:16:52.670844,281.63,3,Food & Beverages,Gourmet Food
TXND2CUM20C5R,CUST15920382,2025-10-01 21:16:52.670844,226.08,5,Home & Garden,Tools
TXNLJ6SR9WL5C,CUST15920382,2026-01-25 21:16:52.670844,322.8,1,Clothing,T-Shirt
TXNQDFWLVKYAV,CUST15920382,2026-03-06 21:16:52.670844,315.9,2,Books,Non-Fiction
TXNJ7OV8SID52,CUST15920382,2025-10-11 21:16:52.670844,238.96,3,Automotive,Parts
TXN4V9G4YNI5F,CUST15920382,2026-05-03 21:16:52.670844,188.45,3,Sports & Outdoors,Sportswear
TXNQX304CJQ2X,CUST15920382,2025-02-21 21:16:52.670844,234.7,1,Toys & Games,Puzzles
TXNE7THM38U39,CUST15920382,2026-01-25 21:16:52.670844,210.62,4,Food & Beverages,Organic Products
TXNTOBRLFZG4K,CUST15920382,2025-05-17 21:16:52.670844,314.05,4,Electronics,Laptop
TXNFVB3NLK5PI,CUST15920382,2026-03-11 21:16:52.670844,254.23,5,Sports & Outdoors,Sportswear
TXN1NVA6ELR34,CUST15920382,2025-09-19 21:16:52.670844,151.69,2,Sports & Outdoors,Fitness Equipment
TXN7VKS927PIL,CUST15920382,2025-10-07 21:16:52.670844,322.03,3,Toys & Games,Puzzles
TXNND4DAF66HH,CUST15920382,2024-10-20 21:16:52.670844,259.39,1,Clothing,Dress
TXNGZ2F6275T1,CUST15920382,2025-06-14 21:16:52.670844,235.01,1,Electronics,Laptop
TXNG4Q2FC4MFO,CUST15920382,2025-11-07 21:16:52.670844,364.74,1,Clothing,Jeans
TXNH2BG266K5O,CUST15920382,2024-09-14 21:16:52.670844,151.78,2,Home & Garden,Kitchen Appliances
TXN0YZ45A77HA,CUST15920382,2025-12-07 21:16:52.670844,196.23,4,Office Supplies,Desk Accessories
TXNFYXV3AKJF9,CUST15920382,2025-01-15 21:16:52.670844,251.7,5,Home & Garden,Furniture
TXN0K6I6SF7D6,CUST15920382,2024-11-28 21:16:52.670844,154.27,1,Food & Beverages,Organic Products
TXNYHBHNMX0G1,CUST15920382,2026-01-13 21:16:52.670844,169.3,1,Automotive,Tools
TXNCCVXANHMTU,CUST15920382,2026-03-10 21:16:52.670844,322.67,3,Health & Beauty,Supplements
TXNDM06FUZF8T,CUST15920382,2025-11-23 21:16:52.670844,329.89,3,Electronics,Smart Watch
TXNGYLF6SI85C,CUST67940319,2025-10-09 21:16:52.670844,140.25,2,Health & Beauty,Skincare
TXNMMMM4YEXB9,CUST67940319,2025-10-17 21:16:52.670844,94.39,1,Home & Garden,Tools
TXNHOOA6AYLZY,CUST67940319,2025-05-11 21:16:52.670844,128.26,2,Health & Beauty,Personal Care
TXN9CMAUCVJH1,CUST67940319,2026-01-02 21:16:52.670844,94.61,5,Home & Garden,Tools
TXNIYIOGA17E6,CUST67940319,2025-09-07 21:16:52.670844,100.72,5,Home & Garden,Kitchen Appliances
TXN4TWG5HTJ4C,CUST73914264,2026-03-28 21:16:52.670844,112.0,2,Health & Beauty,Makeup
TXNI9YUG3AY1N,CUST73914264,2025-09-19 21:16:52.670844,163.6,1,Health & Beauty,Supplements
TXNTKDI3WU2II,CUST73914264,2026-03-02 21:16:52.670844,60.08,5,Clothing,T-Shirt
TXNUCCJ6JH4L2,CUST73914264,2026-02-07 21:16:52.670844,89.36,3,Home & Garden,Kitchen Appliances
TXNNH9JBE3402,CUST73914264,2025-12-13 21:16:52.670844,129.0,1,Sports & Outdoors,Sportswear
TXNBMESVE491D,CUST73914264,2025-12-23 21:16:52.670844,119.74,2,Sports & Outdoors,Camping Gear
TXNQUBS1810RV,CUST73914264,2025-08-02 21:16:52.670844,167.54,5,Clothing,Jeans
TXNXMR51F9DAA,CUST73914264,2026-02-27 21:16:52.670844,71.93,2,Food & Beverages,Organic Products
TXNWF9DYIYT0Y,CUST73914264,2025-12-17 21:16:52.670844,47.29,2,Books,Educational
TXN1XAVG1ZEYB,CUST73914264,2026-05-13 21:16:52.670844,61.78,3,Sports & Outdoors,Bicycle
TXNGATAREHXYD,CUST73914264,2026-01-26 21:16:52.670844,111.25,1,Sports & Outdoors,Sportswear
TXNYG1YF6OQ3X,CUST73914264,2025-12-27 21:16:52.670844,100.76,3,Health & Beauty,Supplements
TXNUGT0QZHF6I,CUST73914264,2025-12-05 21:16:52.670844,99.11,3,Electronics,Smart Watch
TXNH302ZAE8YF,CUST37244954,2026-03-19 21:16:52.670844,368.89,5,Health & Beauty,Skincare
TXNYEXQ8MK5ZX,CUST37244954,2026-03-11 21:16:52.670844,369.87,4,Toys & Games,Puzzles
TXNZWR8BRX52F,CUST37244954,2026-04-25 21:16:52.670844,392.16,1,Home & Garden,Bedding
TXNHXBKHAC232,CUST37244954,2026-03-21 21:16:52.670844,192.56,4,Office Supplies,Furniture
TXNEX8ZC58RK2,CUST37244954,2026-05-03 21:16:52.670844,322.22,3,Office Supplies,Desk Accessories
TXNWEVFDX8HSS,CUST37244954,2026-04-29 21:16:52.670844,290.47,4,Automotive,Parts
TXN4X2WSYHXDY,CUST37244954,2026-06-09 21:16:52.670844,333.71,5,Electronics,Laptop
TXN0385RXN084,CUST37244954,2026-05-17 21:16:52.670844,232.87,5,Food & Beverages,Gourmet Food
TXNFDV5GB723S,CUST37244954,2026-03-17 21:16:52.670844,279.47,2,Books,Fiction
TXN1FJJ32W4RO,CUST37244954,2026-04-05 21:16:52.670844,289.91,5,Sports & Outdoors,Bicycle
TXN05Y46HULVN,CUST37244954,2026-05-06 21:16:52.670844,202.63,2,Health & Beauty,Skincare
TXN4REOLBV62N,CUST37244954,2026-04-28 21:16:52.670844,311.52,3,Electronics,Camera
TXNBLJ9MIQYFQ,CUST37244954,2026-04-05 21:16:52.670844,342.05,3,Health & Beauty,Skincare
TXN0WNH6LXT6B,CUST37244954,2026-03-22 21:16:52.670844,305.97,4,Toys & Games,Puzzles
TXNQ9U1HCVZIW,CUST37244954,2026-06-07 21:16:52.670844,173.88,2,Electronics,Camera
TXNJJLDKI5WDK,CUST37244954,2026-03-29 21:16:52.670844,359.05,3,Toys & Games,Video Games
TXN936QK7ZPYU,CUST37244954,2026-03-09 21:16:52.670844,197.06,5,Books,Fiction
TXNYTP92T2TVZ,CUST37244954,2026-04-15 21:16:52.670844,386.23,2,Books,Magazines
TXN5AQHFKSO9K,CUST37244954,2026-03-31 21:16:52.670844,365.97,2,Toys & Games,Puzzles
TXNOP4D7EX7UM,CUST37244954,2026-04-07 21:16:52.670844,368.4,4,Toys & Games,Board Games
TXNKM0W2VQV7C,CUST37244954,2026-03-23 21:16:52.670844,243.03,4,Electronics,Laptop
TXNVLP25BZ1TU,CUST37244954,2026-03-11 21:16:52.670844,90.82,4,Health & Beauty,Personal Care
TXN811UU13QDM,CUST37244954,2026-04-27 21:16:52.670844,366.85,2,Home & Garden,Kitchen Appliances
TXN5ZMPG9HVIJ,CUST37244954,2026-03-10 21:16:52.670844,194.18,5,Books,Magazines
TXN9YQAQDM4OU,CUST16538924,2026-03-24 21:16:52.670844,159.42,2,Sports & Outdoors,Bicycle
TXN6QP69OVY50,CUST16538924,2025-10-16 21:16:52.670844,87.71,1,Clothing,Jacket
TXNWXYBG4KAJ8,CUST16538924,2026-04-01 21:16:52.670844,57.84,5,Home & Garden,Bedding
TXN0S27OCEP28,CUST16538924,2025-12-14 21:16:52.670844,62.15,2,Sports & Outdoors,Bicycle
TXN73H8TY3UK5,CUST16538924,2025-11-12 21:16:52.670844,81.22,4,Clothing,T-Shirt
TXN8HN0RRFV89,CUST56589660,2025-11-17 21:16:52.670844,470.81,3,Clothing,Jeans
TXNDCCTPL5OXO,CUST56589660,2026-05-21 21:16:52.670844,588.37,5,Automotive,Car Accessories
TXNULOJIDYBJB,CUST56589660,2024-11-24 21:16:52.670844,255.24,1,Sports & Outdoors,Sportswear
TXNO1007ROSMD,CUST56589660,2025-01-09 21:16:52.670844,434.12,1,Electronics,Smartphone
TXNVN6PIPKZFS,CUST56589660,2025-01-19 21:16:52.670844,277.77,2,Toys & Games,Video Games
TXNIZ3S8FLVTZ,CUST56589660,2025-10-01 21:16:52.670844,390.32,5,Toys & Games,Board Games
TXN13QA9NITDH,CUST56589660,2026-01-04 21:16:52.670844,521.32,1,Automotive,Car Accessories
TXNR8MOYC5C4N,CUST56589660,2025-06-22 21:16:52.670844,234.94,5,Electronics,Smartphone
TXN4B8FPEE0KS,CUST56589660,2024-10-09 21:16:52.670844,386.89,1,Automotive,Parts
TXNKSXR3HI4IL,CUST56589660,2026-01-29 21:16:52.670844,243.69,1,Food & Beverages,Organic Products
TXNP47IHUUYIT,CUST56589660,2025-07-07 21:16:52.670844,415.76,2,Food & Beverages,Snacks
TXNO6HE2F0YY3,CUST56589660,2025-04-21 21:16:52.670844,581.96,3,Health & Beauty,Makeup
TXNDGIPBYBI4J,CUST56589660,2024-11-21 21:16:52.670844,408.19,5,Home & Garden,Kitchen Appliances
TXNTIUSGX4D2B,CUST56589660,2025-07-10 21:16:52.670844,407.4,4,Food & Beverages,Organic Products
TXN3MZ4F9KMJ1,CUST56589660,2026-02-12 21:16:52.670844,211.38,4,Clothing,Jeans
TXNP3C1LXQH1I,CUST56589660,2024-07-24 21:16:52.670844,654.23,2,Toys & Games,Video Games
TXNM2KX04ZOIA,CUST56589660,2024-10-22 21:16:52.670844,478.16,4,Sports & Outdoors,Fitness Equipment
TXNBPH8Y7AM9D,CUST56589660,2026-04-23 21:16:52.670844,587.29,3,Books,Educational
TXNIGKLVFAZW3,CUST56589660,2026-02-14 21:16:52.670844,880.09,5,Health & Beauty,Makeup
TXNEC9OCW0FAV,CUST56589660,2025-09-11 21:16:52.670844,321.94,5,Automotive,Parts
TXNFHCT3PUAUQ,CUST56589660,2024-10-08 21:16:52.670844,420.13,3,Clothing,Shoes
TXNMQ2D2NNH4F,CUST56589660,2025-05-22 21:16:52.670844,350.3,4,Health & Beauty,Personal Care
TXN7IFN2GBTYF,CUST56589660,2026-02-01 21:16:52.670844,652.52,5,Health & Beauty,Supplements
TXNKDLA8L10FL,CUST56589660,2026-01-16 21:16:52.670844,594.47,2,Home & Garden,Kitchen Appliances
TXNL4PFUE9Q7M,CUST56589660,2025-09-16 21:16:52.670844,357.02,4,Clothing,Accessories
TXNCIQO9R2PUV,CUST56589660,2025-06-24 21:16:52.670844,526.73,2,Clothing,Dress
TXNRYZ7LWJIJA,CUST56589660,2026-03-17 21:16:52.670844,312.83,2,Automotive,Parts
TXNEGGWJIB3G6,CUST56589660,2024-10-29 21:16:52.670844,609.79,3,Electronics,Camera
TXNER7SCOSRHE,CUST56589660,2026-05-30 21:16:52.670844,296.23,5,Automotive,Cleaning Supplies
TXNTO8X8JZA2E,CUST56589660,2025-01-29 21:16:52.670844,288.54,5,Office Supplies,Furniture
TXNZZJCNA05EB,CUST56589660,2025-10-06 21:16:52.670844,592.94,5,Health & Beauty,Skincare
TXN4KS69O7831,CUST56589660,2025-04-25 21:16:52.670844,411.15,1,Food & Beverages,Beverages
TXNWEV66TFA60,CUST56589660,2025-10-06 21:16:52.670844,369.77,1,Home & Garden,Kitchen Appliances
TXNZIVDXYFVGD,CUST56589660,2026-02-16 21:16:52.670844,476.81,5,Books,Magazines
TXNK1B0B7DN3R,CUST56589660,2024-07-28 21:16:52.670844,512.17,5,Sports & Outdoors,Fitness Equipment
TXNLWHNMQ9BCM,CUST56589660,2025-02-10 21:16:52.670844,479.11,1,Office Supplies,Furniture
TXNLSKJFES1F4,CUST56589660,2025-07-05 21:16:52.670844,408.0,1,Toys & Games,Puzzles
TXNQ8FCBBUZ7D,CUST56589660,2025-04-27 21:16:52.670844,413.93,3,Office Supplies,Desk Accessories
TXNB1GWQZT86Y,CUST56589660,2024-12-19 21:16:52.670844,369.49,2,Books,Magazines
TXNAHOERJNRGH,CUST56589660,2024-12-09 21:16:52.670844,487.51,1,Office Supplies,Desk Accessories
TXNWS1EAX0XQJ,CUST56589660,2025-02-23 21:16:52.670844,290.36,2,Electronics,Smartphone
TXNCFEQND1HJP,CUST56589660,2025-04-29 21:16:52.670844,524.98,2,Books,Magazines
TXNRPYNDLVORM,CUST56589660,2025-10-29 21:16:52.670844,319.17,2,Food & Beverages,Beverages
TXNE284DNPSQ3,CUST20012930,2026-05-12 21:16:52.670844,227.49,2,Toys & Games,Action Figures
TXNYW1O7IEUJZ,CUST20012930,2026-05-21 21:16:52.670844,156.97,5,Toys & Games,Puzzles
TXN9FDOQV9UN7,CUST20012930,2026-06-29 21:16:52.670844,253.12,5,Electronics,Smart Watch
TXN6FE9XLOT5J,CUST20012930,2026-05-02 21:16:52.670844,223.95,5,Office Supplies,Desk Accessories
TXN1LWZV8X82T,CUST20012930,2026-05-24 21:16:52.670844,112.68,3,Books,Comics
TXNGRNA44A4LY,CUST20012930,2026-04-24 21:16:52.670844,311.68,3,Home & Garden,Decor
TXN3NUNQTSXQ2,CUST20012930,2026-06-08 21:16:52.670844,267.15,3,Clothing,Shoes
TXNXHB72MO403,CUST20012930,2026-05-23 21:16:52.670844,199.16,1,Toys & Games,Puzzles
TXN15KNNT1933,CUST20012930,2026-06-29 21:16:52.670844,288.98,4,Clothing,Jacket
TXNUA420V30ME,CUST20012930,2026-05-22 21:16:52.670844,225.5,1,Food & Beverages,Beverages
TXN8J1J31IX2R,CUST20012930,2026-05-28 21:16:52.670844,238.78,4,Books,Non-Fiction
TXNV91BSLF350,CUST20012930,2026-05-21 21:16:52.670844,310.74,5,Automotive,Cleaning Supplies
TXNEV193R1WCO,CUST20012930,2026-05-03 21:16:52.670844,296.02,3,Health & Beauty,Supplements
TXNAYT7O0BFUN,CUST20012930,2026-06-15 21:16:52.670844,203.04,5,Office Supplies,Furniture
TXNRXG5YY0ZJW,CUST20012930,2026-04-20 21:16:52.670844,157.9,2,Food & Beverages,Gourmet Food
TXNUHBL0DPRBY,CUST20012930,2026-05-17 21:16:52.670844,193.95,1,Health & Beauty,Makeup
TXN5ZNY25RO3C,CUST20012930,2026-05-01 21:16:52.670844,254.3,1,Home & Garden,Kitchen Appliances
TXNS05P3RB1WJ,CUST20012930,2026-06-21 21:16:52.670844,120.42,1,Home & Garden,Decor
TXNFJ9F8GZMZV,CUST20012930,2026-06-21 21:16:52.670844,177.97,2,Home & Garden,Kitchen Appliances
TXN4AF7JLEK60,CUST20012930,2026-05-30 21:16:52.670844,386.25,1,Books,Non-Fiction
TXNHMJYGCYOB1,CUST20012930,2026-06-09 21:16:52.670844,210.85,4,Clothing,Dress
TXNH7MWAUPW52,CUST20012930,2026-05-02 21:16:52.670844,363.08,3,Home & Garden,Tools
TXNP1FM90SF73,CUST20012930,2026-06-21 21:16:52.670844,359.29,1,Automotive,Parts
TXNX6KKI2BY2H,CUST20012930,2026-04-29 21:16:52.670844,241.53,3,Health & Beauty,Supplements
TXNSXNP46OHZ4,CUST20012930,2026-04-26 21:16:52.670844,257.74,3,Home & Garden,Bedding
TXNTNK42A5R63,CUST20012930,2026-05-16 21:16:52.670844,164.15,1,Clothing,Jacket
TXNR0UIOE6T3L,CUST20012930,2026-06-24 21:16:52.670844,188.03,1,Office Supplies,Furniture
TXN8V8CO6F6NI,CUST20012930,2026-05-15 21:16:52.670844,231.22,2,Books,Fiction
TXNY7YATY4TS3,CUST20012930,2026-05-15 21:16:52.670844,190.65,2,Office Supplies,Electronics
TXNKMKECX3ORL,CUST20012930,2026-05-07 21:16:52.670844,183.54,5,Home & Garden,Kitchen Appliances
TXNG0FLEQA5WS,CUST20012930,2026-05-23 21:16:52.670844,371.68,4,Toys & Games,Board Games
TXN7XDRMZQ4EK,CUST20012930,2026-04-25 21:16:52.670844,99.51,1,Clothing,Dress
TXN7FLHSH93JD,CUST20012930,2026-05-12 21:16:52.670844,158.8,1,Automotive,Tools
TXNZ9ADVOHW81,CUST20012930,2026-05-02 21:16:52.670844,271.85,4,Health & Beauty,Makeup
TXNCP3K1KCX3L,CUST20012930,2026-06-10 21:16:52.670844,361.6,1,Toys & Games,Board Games
TXN9PSV0R68EB,CUST20012930,2026-05-16 21:16:52.670844,365.29,1,Electronics,Camera
TXN6VQ29CUOED,CUST20012930,2026-05-12 21:16:52.670844,107.88,4,Health & Beauty,Makeup
TXN596R17UDTR,CUST20012930,2026-06-28 21:16:52.670844,261.99,3,Books,Educational
TXNUKL9E3GA8X,CUST20012930,2026-05-02 21:16:52.670844,309.05,2,Home & Garden,Kitchen Appliances
TXNWJZLHP24CC,CUST20012930,2026-04-24 21:16:52.670844,399.19,3,Clothing,Dress
TXNZZUVHOR2O8,CUST20012930,2026-06-21 21:16:52.670844,352.71,4,Electronics,Smart Watch
TXNZQUMNQW9GX,CUST20012930,2026-05-18 21:16:52.670844,254.44,5,Automotive,Parts
TXNYFDERSEFG6,CUST20012930,2026-05-05 21:16:52.670844,227.03,5,Toys & Games,Video Games
TXNQRYM5Y12XT,CUST88654521,2025-12-04 21:16:52.670844,269.42,3,Health & Beauty,Supplements
TXN6M5UVWZJVU,CUST88654521,2026-04-10 21:16:52.670844,218.38,3,Toys & Games,Puzzles
TXNXHYCKITJBI,CUST88654521,2026-04-09 21:16:52.670844,266.13,5,Sports & Outdoors,Sportswear
TXNL25R856758,CUST88654521,2026-01-01 21:16:52.670844,540.74,2,Clothing,Dress
TXNWKCSSXYY5Y,CUST88654521,2025-05-22 21:16:52.670844,415.21,4,Sports & Outdoors,Sportswear
TXN3GW9AAZAHX,CUST88654521,2026-07-04 21:16:52.670844,416.91,5,Clothing,Jeans
TXN2S682NCRV7,CUST88654521,2026-05-05 21:16:52.670844,400.61,3,Electronics,Laptop
TXNLRBV7L125T,CUST88654521,2025-07-23 21:16:52.670844,358.55,3,Electronics,Headphones
TXNBKJCV9ACHL,CUST88654521,2025-08-12 21:16:52.670844,553.9,4,Sports & Outdoors,Fitness Equipment
TXN0F5KSQD6B3,CUST88654521,2025-09-09 21:16:52.670844,375.04,1,Home & Garden,Kitchen Appliances
TXNO1BIT12PIB,CUST88654521,2025-05-20 21:16:52.670844,583.36,2,Electronics,Smartphone
TXNHATWLOCUBO,CUST88654521,2026-01-30 21:16:52.670844,199.22,4,Toys & Games,Puzzles
TXND87YXQ8TNS,CUST88654521,2025-05-20 21:16:52.670844,461.17,5,Clothing,Jacket
TXNR6WDX5B7L8,CUST88654521,2025-09-19 21:16:52.670844,594.01,4,Health & Beauty,Personal Care
TXN83V30P1P7T,CUST88654521,2026-05-21 21:16:52.670844,228.61,5,Food & Beverages,Gourmet Food
TXNVP3YQHFUOA,CUST88654521,2025-12-30 21:16:52.670844,351.62,2,Food & Beverages,Snacks
TXNK888QTC7D8,CUST88654521,2025-05-17 21:16:52.670844,273.48,1,Books,Comics
TXN1JXEQQPLXS,CUST88654521,2025-11-30 21:16:52.670844,533.84,2,Sports & Outdoors,Fitness Equipment
TXNSYP0BRD98K,CUST88654521,2026-04-03 21:16:52.670844,353.71,5,Health & Beauty,Personal Care
TXN2BH2AZU9OP,CUST88654521,2026-06-04 21:16:52.670844,180.84,1,Sports & Outdoors,Bicycle
TXNDZKOOSXZGC,CUST88654521,2026-01-07 21:16:52.670844,424.9,1,Health & Beauty,Makeup
TXNEQ7XUAT4KD,CUST88654521,2025-12-23 21:16:52.670844,439.49,4,Toys & Games,Puzzles
TXN7ZVWCR252S,CUST88654521,2026-05-04 21:16:52.670844,419.85,2,Electronics,Headphones
TXN7HYQBAXNUV,CUST88654521,2026-04-14 21:16:52.670844,330.0,2,Food & Beverages,Beverages
TXNXQUGR26C5Z,CUST88654521,2025-11-30 21:16:52.670844,327.04,2,Books,Non-Fiction
TXNZQ4HH41C58,CUST88654521,2025-09-26 21:16:52.670844,228.3,3,Toys & Games,Action Figures
TXNSHV88375OP,CUST88654521,2025-06-04 21:16:52.670844,404.77,1,Office Supplies,Electronics
TXN4SJD8BW0IC,CUST88654521,2025-07-17 21:16:52.670844,142.41,4,Health & Beauty,Supplements
TXN4VGZ2QZFY0,CUST88654521,2025-07-26 21:16:52.670844,535.66,4,Electronics,Tablet
TXNFA1A0V9G40,CUST88654521,2026-04-18 21:16:52.670844,258.97,3,Clothing,T-Shirt
TXNETWVONOD9T,CUST88654521,2025-10-20 21:16:52.670844,362.65,5,Health & Beauty,Makeup
TXNW7J3AXJ8YG,CUST88654521,2025-05-09 21:16:52.670844,345.4,4,Toys & Games,Board Games
TXNYD3AEWWO7N,CUST88654521,2026-03-26 21:16:52.670844,370.27,3,Health & Beauty,Skincare
TXNZ7SL8WU9AW,CUST88654521,2026-05-18 21:16:52.670844,378.27,4,Sports & Outdoors,Camping Gear
TXNAIYQY1QK2I,CUST88654521,2025-10-23 21:16:52.670844,363.3,5,Books,Non-Fiction
TXNWW4HGWTBHD,CUST88654521,2025-11-11 21:16:52.670844,409.19,4,Electronics,Laptop
TXNF41MY7M8JJ,CUST88654521,2025-06-14 21:16:52.670844,306.58,1,Food & Beverages,Gourmet Food
TXNY9T9AVJBPL,CUST88654521,2026-03-26 21:16:52.670844,317.81,3,Automotive,Car Accessories
TXNFR3P4XWZQ3,CUST39194407,2026-02-09 21:16:52.670844,52.04,2,Health & Beauty,Skincare
TXNCDV663R6NM,CUST39194407,2026-05-09 21:16:52.670844,118.54,1,Sports & Outdoors,Bicycle
TXNALQUMFY7XL,CUST39194407,2026-04-21 21:16:52.670844,94.83,2,Food & Beverages,Gourmet Food
TXNBBDIBXTGRT,CUST39194407,2025-12-18 21:16:52.670844,68.64,1,Books,Fiction
TXNTRX1DXPJ6Y,CUST39194407,2026-05-05 21:16:52.670844,57.72,2,Sports & Outdoors,Sportswear
TXNHL0MQOAEUR,CUST39194407,2026-01-31 21:16:52.670844,89.42,2,Books,Non-Fiction
TXN4RHY1C312K,CUST32737071,2026-04-17 21:16:52.670844,162.02,5,Sports & Outdoors,Sportswear
TXNMD3NZZ4W06,CUST32737071,2025-11-21 21:16:52.670844,122.75,4,Office Supplies,Stationery
TXN8DWRY8YR35,CUST32737071,2026-05-19 21:16:52.670844,259.43,5,Books,Non-Fiction
TXNVMNBGQIPD5,CUST32737071,2025-11-28 21:16:52.670844,265.86,1,Automotive,Car Accessories
TXNBAI1WNU56K,CUST32737071,2025-12-29 21:16:52.670844,307.54,1,Health & Beauty,Supplements
TXNXWIFP3B3IV,CUST32737071,2026-04-07 21:16:52.670844,237.06,5,Home & Garden,Kitchen Appliances
TXN1P74E802K4,CUST32737071,2026-05-06 21:16:52.670844,124.51,3,Automotive,Tools
TXNZ7LS6W5VZL,CUST32737071,2025-11-16 21:16:52.670844,153.73,1,Toys & Games,Video Games
TXN7RGB6GETMU,CUST32737071,2026-05-21 21:16:52.670844,186.35,2,Books,Magazines
TXNAQJHP6WNS5,CUST32737071,2026-05-15 21:16:52.670844,182.86,1,Automotive,Tools
TXND7FFA6HBJB,CUST32737071,2025-11-16 21:16:52.670844,175.68,4,Home & Garden,Bedding
TXN0WS2PKBE1S,CUST32737071,2026-02-20 21:16:52.670844,209.98,2,Sports & Outdoors,Sportswear
TXNEWCUPHS6TE,CUST32737071,2026-06-03 21:16:52.670844,344.6,1,Toys & Games,Action Figures
TXNR3E2LO7YEY,CUST32737071,2026-02-05 21:16:52.670844,177.94,2,Home & Garden,Decor
TXNQOSOMSDPPS,CUST32737071,2026-05-21 21:16:52.670844,225.69,4,Clothing,Jeans
TXNYQSM6UT309,CUST32737071,2026-03-31 21:16:52.670844,197.47,4,Clothing,Dress
TXNCL3EKFFHIR,CUST32737071,2026-06-21 21:16:52.670844,220.27,3,Office Supplies,Electronics
TXN5M92D5NF57,CUST32737071,2026-06-23 21:16:52.670844,344.36,5,Automotive,Tools
TXNNC9JLB5A65,CUST32737071,2026-03-11 21:16:52.670844,197.01,1,Electronics,Headphones
TXN614G3XTL3K,CUST32737071,2026-01-12 21:16:52.670844,208.2,1,Electronics,Headphones
TXNARGG4OAZ8H,CUST32737071,2026-06-18 21:16:52.670844,163.08,1,Toys & Games,Board Games
TXNLT3E0PYY8C,CUST32737071,2026-06-23 21:16:52.670844,217.22,3,Toys & Games,Puzzles
TXNG0I0E3FSAL,CUST32737071,2026-06-02 21:16:52.670844,201.81,4,Health & Beauty,Makeup
TXNZ7SWFERGAO,CUST32737071,2026-03-23 21:16:52.670844,209.08,1,Toys & Games,Video Games
TXNPRXD9CMAY8,CUST32737071,2026-03-31 21:16:52.670844,244.17,2,Office Supplies,Stationery
TXN7G8HJTNPVF,CUST32737071,2026-05-28 21:16:52.670844,42.82,2,Clothing,Accessories
TXNYL6U5NIHRF,CUST32737071,2026-06-09 21:16:52.670844,260.48,5,Clothing,Shoes
TXNXNI57W8P8V,CUST32737071,2025-12-17 21:16:52.670844,98.86,2,Electronics,Tablet
TXNXNOIK6U9SV,CUST32737071,2025-11-06 21:16:52.670844,291.98,4,Automotive,Car Accessories
TXN6TEQI17ZKH,CUST32737071,2026-05-01 21:16:52.670844,229.1,2,Books,Comics
TXNGV63PW6COB,CUST32737071,2026-01-21 21:16:52.670844,229.89,1,Automotive,Cleaning Supplies
TXNTZSMGHMLZM,CUST32737071,2026-04-03 21:16:52.670844,250.47,2,Automotive,Cleaning Supplies
TXNX2EYIE7V3E,CUST32737071,2026-06-07 21:16:52.670844,124.18,2,Clothing,Dress
TXNUFNP8U70HQ,CUST32737071,2025-12-11 21:16:52.670844,182.59,5,Food & Beverages,Snacks
TXNEC9QBSVZJG,CUST32737071,2026-03-23 21:16:52.670844,224.78,4,Books,Magazines
TXNBXFQJ2V69Q,CUST32737071,2026-06-11 21:16:52.670844,247.07,2,Office Supplies,Stationery
TXNH54LRZRLOD,CUST32737071,2025-12-23 21:16:52.670844,213.17,5,Food & Beverages,Organic Products
TXNYYIEM57NY7,CUST32737071,2026-05-16 21:16:52.670844,155.3,2,Food & Beverages,Organic Products
TXNW0I5WXJM4B,CUST32737071,2026-02-11 21:16:52.670844,116.62,2,Health & Beauty,Supplements
TXNSO7XDTYMDX,CUST32737071,2026-05-27 21:16:52.670844,342.42,1,Health & Beauty,Makeup
TXNDD26L08BIV,CUST32737071,2026-02-18 21:16:52.670844,218.47,5,Electronics,Laptop
TXNOF8VH1BE3T,CUST32737071,2026-02-17 21:16:52.670844,283.98,5,Sports & Outdoors,Camping Gear
TXNHH15TODBN6,CUST32737071,2025-12-30 21:16:52.670844,212.44,3,Home & Garden,Tools
TXNC1IW5UMGXP,CUST12765948,2025-08-21 21:16:52.670844,312.95,2,Office Supplies,Electronics
TXN19CY6C9QYI,CUST12765948,2025-09-10 21:16:52.670844,229.21,2,Toys & Games,Video Games
TXNJE09HOYIGY,CUST12765948,2026-04-24 21:16:52.670844,201.46,4,Clothing,Dress
TXNOF3I8L0003,CUST12765948,2025-12-18 21:16:52.670844,220.08,3,Electronics,Camera
TXNG32CZDCJ1A,CUST12765948,2026-06-30 21:16:52.670844,209.08,1,Toys & Games,Puzzles
TXN5ZVHU8R01R,CUST12765948,2026-03-07 21:16:52.670844,220.02,2,Automotive,Parts
TXNCPOVGHSGGB,CUST12765948,2026-06-05 21:16:52.670844,248.0,2,Books,Comics
TXN4YBR49STID,CUST12765948,2026-02-04 21:16:52.670844,278.52,5,Health & Beauty,Makeup
TXNLXWXMPX2TU,CUST12765948,2026-04-04 21:16:52.670844,251.75,1,Home & Garden,Kitchen Appliances
TXNKQA6EFYE68,CUST12765948,2025-11-02 21:16:52.670844,258.83,2,Automotive,Car Accessories
TXNDAD9KMJ7NE,CUST12765948,2025-12-15 21:16:52.670844,211.82,2,Automotive,Car Accessories
TXNJZRVUZQS6L,CUST12765948,2025-11-21 21:16:52.670844,204.95,3,Office Supplies,Furniture
TXN2TZ94US14U,CUST12765948,2026-02-28 21:16:52.670844,288.17,3,Sports & Outdoors,Sportswear
TXNSXKWC44HG2,CUST12765948,2025-10-20 21:16:52.670844,150.64,4,Sports & Outdoors,Camping Gear
TXN4TIG4QT507,CUST12765948,2026-05-14 21:16:52.670844,94.31,5,Home & Garden,Kitchen Appliances
TXNJTTLJ2SGEK,CUST12765948,2025-11-16 21:16:52.670844,145.18,4,Electronics,Smartphone
TXNMC5M9PAWPA,CUST12765948,2026-07-05 21:16:52.670844,338.99,3,Electronics,Camera
TXNDPHD9II84G,CUST12765948,2026-03-20 21:16:52.670844,310.05,3,Home & Garden,Furniture
TXNXLDZ73ZA3L,CUST12765948,2026-02-01 21:16:52.670844,115.85,2,Electronics,Smartphone
TXNYQRWSMNTNU,CUST12765948,2026-05-23 21:16:52.670844,181.41,3,Electronics,Smartphone
TXNL1NC6HJF7O,CUST12765948,2026-03-27 21:16:52.670844,199.68,2,Automotive,Car Accessories
TXNLM606124KA,CUST12765948,2026-06-21 21:16:52.670844,116.19,3,Books,Fiction
TXNH7W4DGV5VS,CUST12765948,2025-09-14 21:16:52.670844,183.85,3,Food & Beverages,Beverages
TXN5TC07TEE2P,CUST12765948,2026-05-18 21:16:52.670844,162.79,2,Automotive,Tools
TXNRKOXPC8RDK,CUST12765948,2025-09-07 21:16:52.670844,153.51,5,Books,Magazines
TXNS0CP4F4NEA,CUST12765948,2025-11-10 21:16:52.670844,199.72,4,Automotive,Parts
TXN868ZDU9TFF,CUST12765948,2026-03-25 21:16:52.670844,357.65,2,Books,Magazines
TXN5BNZWP584G,CUST12765948,2025-10-26 21:16:52.670844,211.32,1,Electronics,Smartphone
TXNGRSJZGMCN1,CUST12765948,2026-05-30 21:16:52.670844,182.62,2,Sports & Outdoors,Sportswear
TXNZL26VOWDYP,CUST12765948,2026-01-11 21:16:52.670844,238.33,2,Automotive,Cleaning Supplies
TXN3Z5VBI2P5Z,CUST12765948,2026-04-23 21:16:52.670844,140.67,1,Sports & Outdoors,Bicycle
TXNAYZJO29HY9,CUST12765948,2025-12-31 21:16:52.670844,334.91,5,Health & Beauty,Makeup
TXNM20RL46AMM,CUST12765948,2026-07-05 21:16:52.670844,201.13,5,Electronics,Smartphone
TXNRWI76UOWT8,CUST12765948,2026-02-27 21:16:52.670844,240.52,3,Sports & Outdoors,Camping Gear
TXNDOGYR8FHYZ,CUST12765948,2025-10-17 21:16:52.670844,183.68,3,Clothing,Shoes
TXN4UDYWAJWCB,CUST12765948,2026-02-12 21:16:52.670844,192.34,4,Automotive,Cleaning Supplies
TXNDDGFEMH9YE,CUST12765948,2026-01-15 21:16:52.670844,136.77,1,Electronics,Smart Watch
TXNZBPS94LE74,CUST12765948,2025-09-23 21:16:52.670844,205.7,3,Food & Beverages,Gourmet Food
TXNSHPEBXU3H9,CUST12765948,2026-01-02 21:16:52.670844,113.53,1,Sports & Outdoors,Sportswear
TXNXP4E83WEU4,CUST12765948,2026-02-23 21:16:52.670844,206.09,4,Toys & Games,Board Games
TXN4LAM8O2NSK,CUST12765948,2025-10-19 21:16:52.670844,354.03,3,Home & Garden,Bedding
TXNLS548XIC97,CUST12765948,2026-06-21 21:16:52.670844,172.0,5,Food & Beverages,Organic Products
TXNO5CKY31UIX,CUST12765948,2026-01-26 21:16:52.670844,259.29,1,Office Supplies,Electronics
TXNSUPI08WVDC,CUST12765948,2025-10-29 21:16:52.670844,214.47,5,Home & Garden,Kitchen Appliances
TXNR0PESMN7AR,CUST12765948,2025-09-11 21:16:52.670844,175.26,4,Health & Beauty,Personal Care
TXNMQLKFL8DAJ,CUST12765948,2026-04-02 21:16:52.670844,235.4,3,Sports & Outdoors,Bicycle
TXNFJ0OKR284I,CUST12765948,2026-04-09 21:16:52.670844,161.24,5,Food & Beverages,Snacks
TXN2GJ57CF7Q1,CUST12765948,2026-01-22 21:16:52.670844,125.36,3,Toys & Games,Video Games
TXNZ8JX03LTZ4,CUST12765948,2026-02-19 21:16:52.670844,271.99,3,Electronics,Smartphone
TXNZ9M0IN5TBO,CUST56320131,2025-12-05 21:16:52.670844,97.83,5,Office Supplies,Electronics
TXNWSTP01HD8D,CUST56320131,2025-11-11 21:16:52.670844,120.85,5,Books,Magazines
TXNKYR4P5IXPR,CUST56320131,2025-11-19 21:16:52.670844,70.52,3,Electronics,Headphones
TXNPO9YD6L30C,CUST56320131,2025-12-28 21:16:52.670844,105.37,2,Food & Beverages,Beverages
TXNNNE969FABO,CUST56320131,2025-08-31 21:16:52.670844,92.16,1,Automotive,Cleaning Supplies
TXNO35DG1M3D9,CUST56320131,2025-10-10 21:16:52.670844,100.06,4,Books,Magazines
TXN1SSTJHR6BR,CUST89058584,2025-12-12 21:16:52.670844,17.68,5,Automotive,Car Accessories
TXN40UAX5MYMU,CUST89058584,2025-01-26 21:16:52.670844,38.52,5,Home & Garden,Bedding
TXN5MPGN0UDXZ,CUST89058584,2024-11-12 21:16:52.670844,82.03,1,Sports & Outdoors,Bicycle
TXN3CB3P4H0DA,CUST89058584,2024-12-01 21:16:52.670844,43.85,5,Sports & Outdoors,Bicycle
TXNPU266INK8D,CUST89058584,2026-04-01 21:16:52.670844,36.9,2,Toys & Games,Board Games
TXNSDQ1FG0MKY,CUST25771748,2026-04-18 21:16:52.670844,144.26,5,Automotive,Parts
TXN15RV2PKANG,CUST25771748,2026-05-01 21:16:52.670844,63.8,4,Toys & Games,Puzzles
TXNF5O16CKQN3,CUST25771748,2026-04-24 21:16:52.670844,77.34,3,Sports & Outdoors,Fitness Equipment
TXNMO4LNQ1E3I,CUST77936008,2026-05-08 21:16:52.670844,101.7,2,Electronics,Camera
TXNXPBT09J54R,CUST77936008,2026-05-13 21:16:52.670844,129.0,3,Office Supplies,Furniture
TXN0EZOY0KPWC,CUST77936008,2026-05-30 21:16:52.670844,213.18,2,Home & Garden,Tools
TXN1M5C7ZM75G,CUST77936008,2026-06-01 21:16:52.670844,106.81,3,Health & Beauty,Skincare
TXN8H8QTW26XX,CUST77936008,2026-05-23 21:16:52.670844,185.3,2,Clothing,Jeans
TXNBPKABDHJ1A,CUST77936008,2026-05-23 21:16:52.670844,188.97,4,Toys & Games,Board Games
TXN4UTEBOPGIA,CUST77936008,2026-05-13 21:16:52.670844,155.12,4,Toys & Games,Puzzles
TXNXQH1BKUR46,CUST77936008,2026-05-19 21:16:52.670844,185.19,3,Books,Magazines
TXN1X7EU2X93X,CUST77936008,2026-05-24 21:16:52.670844,203.69,1,Health & Beauty,Personal Care
TXNJ8HH08UP3S,CUST77936008,2026-05-16 21:16:52.670844,139.67,1,Electronics,Camera
TXNTUW3XSR0RI,CUST77936008,2026-05-12 21:16:52.670844,144.31,5,Electronics,Smartphone
TXNFJ0H8N4YSY,CUST77936008,2026-06-01 21:16:52.670844,174.36,4,Electronics,Tablet
TXN8KEKQZIU0N,CUST77936008,2026-05-21 21:16:52.670844,172.65,2,Home & Garden,Kitchen Appliances
TXNXQNFX6QCLB,CUST77936008,2026-05-25 21:16:52.670844,188.18,5,Home & Garden,Bedding
TXNMSJMK4Z0EN,CUST77936008,2026-06-01 21:16:52.670844,204.55,5,Books,Non-Fiction
TXN64BBKZ2H1E,CUST77936008,2026-05-21 21:16:52.670844,169.35,4,Electronics,Camera
TXN3WFARCL6VY,CUST77936008,2026-05-18 21:16:52.670844,241.7,3,Health & Beauty,Makeup
TXN3CI271H6QQ,CUST77936008,2026-05-12 21:16:52.670844,178.41,1,Automotive,Car Accessories
TXNA4QESOTKH1,CUST99697684,2026-07-03 21:16:52.670844,206.8,2,Books,Comics
TXNW1SXGJLID8,CUST99697684,2026-07-17 21:16:52.670844,96.62,2,Automotive,Parts
TXNRFZ7K8RU9E,CUST99697684,2026-07-12 21:16:52.670844,146.96,1,Books,Comics
TXNEJW0F8OVM9,CUST99697684,2026-07-10 21:16:52.670844,270.5,2,Toys & Games,Puzzles
TXNM63FL8GTLB,CUST99697684,2026-07-14 21:16:52.670844,254.0,1,Home & Garden,Bedding
TXNVVFYP4PJSO,CUST99697684,2026-07-07 21:16:52.670844,213.97,1,Sports & Outdoors,Bicycle
TXNNDSR73P4MW,CUST99697684,2026-07-19 21:16:52.670844,214.36,1,Books,Magazines
TXNRO5U7SC2LI,CUST99697684,2026-07-06 21:16:52.670844,297.26,3,Office Supplies,Electronics
TXNLT4392E6RV,CUST99697684,2026-07-11 21:16:52.670844,217.51,4,Clothing,Jacket
TXNL07B64FYQ2,CUST99697684,2026-07-21 21:16:52.670844,355.48,5,Electronics,Smart Watch
TXNUD7U71VQDD,CUST99697684,2026-07-14 21:16:52.670844,185.05,1,Office Supplies,Furniture
TXN4VE6DL1V60,CUST99697684,2026-07-12 21:16:52.670844,245.55,5,Clothing,Accessories
TXNZPOCW7GI7S,CUST99697684,2026-07-11 21:16:52.670844,368.83,5,Clothing,Jacket
TXNI4WZIAHP92,CUST99697684,2026-07-15 21:16:52.670844,103.11,2,Sports & Outdoors,Bicycle
TXNZYDY6PNF8P,CUST99697684,2026-07-10 21:16:52.670844,330.65,2,Home & Garden,Decor
TXN07TWBT96PO,CUST99697684,2026-07-17 21:16:52.670844,327.98,5,Office Supplies,Desk Accessories
TXNQUOZXVZX6L,CUST99697684,2026-07-18 21:16:52.670844,277.76,4,Books,Comics
TXNOU46QH5NR2,CUST99697684,2026-07-17 21:16:52.670844,335.94,3,Toys & Games,Action Figures
TXN2IDUWUJ0EX,CUST99697684,2026-07-11 21:16:52.670844,212.02,4,Automotive,Parts
TXN41I28YASDX,CUST99697684,2026-07-21 21:16:52.670844,302.65,5,Automotive,Car Accessories
TXNS2MOIKLZ16,CUST99697684,2026-07-21 21:16:52.670844,216.68,4,Office Supplies,Desk Accessories
TXNXCT1O47ZAL,CUST99697684,2026-07-04 21:16:52.670844,178.94,4,Automotive,Cleaning Supplies
TXN65B8V2YVJI,CUST99697684,2026-07-08 21:16:52.670844,277.69,4,Books,Fiction
TXNPBJYH9KLQK,CUST99697684,2026-07-05 21:16:52.670844,271.51,3,Electronics,Tablet
TXN7PVHH36JYJ,CUST99697684,2026-07-20 21:16:52.670844,315.66,5,Food & Beverages,Snacks
TXNE3MXTI8R2B,CUST99697684,2026-07-12 21:16:52.670844,193.23,5,Home & Garden,Tools
TXNM6OU01J599,CUST99697684,2026-07-11 21:16:52.670844,340.47,2,Sports & Outdoors,Camping Gear
TXNQL3XDJYTDL,CUST99697684,2026-07-21 21:16:52.670844,206.95,3,Books,Educational
TXNG46822MC8C,CUST99697684,2026-07-14 21:16:52.670844,247.0,3,Food & Beverages,Organic Products
TXN3R0V3Y3W4L,CUST99697684,2026-07-14 21:16:52.670844,187.39,5,Electronics,Smart Watch
TXNPQ7RCZ1NTG,CUST33686216,2025-07-13 21:16:52.670844,356.7,3,Home & Garden,Furniture
TXNTVZUXJQG73,CUST33686216,2025-11-24 21:16:52.670844,249.36,3,Electronics,Tablet
TXNKZIBOV638N,CUST33686216,2025-07-14 21:16:52.670844,296.4,2,Health & Beauty,Skincare
TXN5CUPT6MQ3V,CUST33686216,2025-06-13 21:16:52.670844,203.01,2,Books,Comics
TXNNJYI4LTGK7,CUST33686216,2025-12-09 21:16:52.670844,212.63,1,Sports & Outdoors,Sportswear
TXNRURNI7HS1R,CUST33686216,2025-06-03 21:16:52.670844,99.2,5,Health & Beauty,Supplements
TXNCOM6J0LBH1,CUST33686216,2025-11-24 21:16:52.670844,166.4,2,Sports & Outdoors,Camping Gear
TXNM5W3HEJJSY,CUST33686216,2025-11-28 21:16:52.670844,164.54,5,Books,Fiction
TXNDEO6EVMQ1Y,CUST33686216,2025-11-04 21:16:52.670844,172.18,2,Electronics,Headphones
TXNRR80PWJFW6,CUST33686216,2026-04-03 21:16:52.670844,114.65,5,Toys & Games,Action Figures
TXNCUS01W0V2Z,CUST33686216,2025-08-14 21:16:52.670844,61.67,5,Food & Beverages,Gourmet Food
TXNA68NVPLBFV,CUST33686216,2025-01-29 21:16:52.670844,233.99,4,Food & Beverages,Beverages
TXN57XNQ8UCGY,CUST33686216,2025-07-31 21:16:52.670844,216.4,5,Sports & Outdoors,Sportswear
TXNQ73IUK360R,CUST33686216,2025-12-04 21:16:52.670844,231.23,4,Toys & Games,Action Figures
TXN9WL0YDQPCF,CUST33686216,2025-09-07 21:16:52.670844,246.4,5,Health & Beauty,Supplements
TXNGMQ0L1DRPD,CUST33686216,2026-02-28 21:16:52.670844,283.73,4,Health & Beauty,Supplements
TXNJST02YHGDN,CUST33686216,2026-06-05 21:16:52.670844,198.09,4,Home & Garden,Kitchen Appliances
TXN0HZI31VW7Z,CUST33686216,2025-12-26 21:16:52.670844,209.41,4,Home & Garden,Decor
TXN9C9ECC36RJ,CUST33686216,2025-02-22 21:16:52.670844,177.78,3,Electronics,Laptop
TXN3SXS70CMYH,CUST33686216,2025-03-22 21:16:52.670844,264.37,2,Electronics,Camera
TXN05DPBZ2402,CUST33686216,2026-04-17 21:16:52.670844,230.97,1,Food & Beverages,Gourmet Food
TXNRLYLXXIFQQ,CUST32777281,2026-07-10 21:16:52.670844,304.85,4,Automotive,Cleaning Supplies
TXNQRKPY70JGY,CUST32777281,2026-07-16 21:16:52.670844,511.27,3,Food & Beverages,Gourmet Food
TXN4MYTT6LSU9,CUST32777281,2026-05-03 21:16:52.670844,228.22,4,Food & Beverages,Beverages
TXNGYCTQ77F04,CUST32777281,2026-05-19 21:16:52.670844,480.88,2,Office Supplies,Furniture
TXNOFP1ZWGD44,CUST32777281,2026-05-03 21:16:52.670844,330.06,3,Sports & Outdoors,Sportswear
TXNJL47X9VCDR,CUST32777281,2026-06-25 21:16:52.670844,341.72,2,Office Supplies,Furniture
TXN90TP7HDS1F,CUST32777281,2026-06-21 21:16:52.670844,408.37,5,Automotive,Tools
TXNDY7C891R0R,CUST32777281,2026-06-26 21:16:52.670844,283.32,5,Automotive,Cleaning Supplies
TXNQDCYXL11L5,CUST32777281,2026-07-18 21:16:52.670844,252.39,1,Office Supplies,Furniture
TXNSTRKOM4IMZ,CUST32777281,2026-05-19 21:16:52.670844,445.35,2,Clothing,T-Shirt
TXN8VFZZMB4Q1,CUST32777281,2026-06-27 21:16:52.670844,346.69,5,Food & Beverages,Snacks
TXNUXXDDST90G,CUST32777281,2026-05-02 21:16:52.670844,257.17,4,Books,Non-Fiction
TXNWNVHB7G3PA,CUST32777281,2026-06-15 21:16:52.670844,266.5,2,Office Supplies,Desk Accessories
TXN9AELE1J7NG,CUST32777281,2026-06-04 21:16:52.670844,321.35,2,Clothing,Jacket
TXNINV3F0OSKA,CUST32777281,2026-05-12 21:16:52.670844,286.9,5,Toys & Games,Action Figures
TXNQ1F1IVMCMA,CUST32777281,2026-07-06 21:16:52.670844,452.13,5,Food & Beverages,Organic Products
TXNW6Z8HR5JTF,CUST32777281,2026-07-20 21:16:52.670844,227.08,4,Electronics,Smartphone
TXNZC7G9VGZJT,CUST32777281,2026-06-28 21:16:52.670844,411.94,2,Health & Beauty,Supplements
TXNJIFSNDR07Q,CUST32777281,2026-04-15 21:16:52.670844,541.06,4,Books,Comics
TXNLFM1HNKBU6,CUST32777281,2026-05-27 21:16:52.670844,343.87,4,Food & Beverages,Beverages
TXNQWTC9LJFRX,CUST32777281,2026-07-10 21:16:52.670844,247.51,1,Health & Beauty,Makeup
TXNISN4C3A28M,CUST32777281,2026-06-02 21:16:52.670844,394.63,1,Electronics,Headphones
TXNS9V90OCKBI,CUST32777281,2026-05-03 21:16:52.670844,380.45,2,Toys & Games,Video Games
TXNIKQMCW4DDV,CUST32777281,2026-05-30 21:16:52.670844,212.79,5,Books,Non-Fiction
TXNTEOIOS31HW,CUST32777281,2026-06-06 21:16:52.670844,313.54,5,Home & Garden,Kitchen Appliances
TXNB4XME3O7XY,CUST32777281,2026-04-19 21:16:52.670844,243.3,2,Books,Non-Fiction
TXN7Z87J4ZVJW,CUST32777281,2026-05-21 21:16:52.670844,443.07,3,Food & Beverages,Gourmet Food
TXNKZXH7YIIOR,CUST41641655,2025-10-07 21:16:52.670844,114.29,1,Electronics,Headphones
TXN01JFEVKYHG,CUST41641655,2026-03-28 21:16:52.670844,119.75,2,Electronics,Tablet
TXNAC0N4STQHP,CUST41641655,2026-01-12 21:16:52.670844,159.84,5,Home & Garden,Decor
TXNQ9ACHFBSVI,CUST41641655,2025-09-23 21:16:52.670844,155.97,5,Automotive,Cleaning Supplies
TXNIVFA4BKYFQ,CUST41641655,2025-08-15 21:16:52.670844,215.29,4,Toys & Games,Action Figures
TXNSQRAO9XXA8,CUST41641655,2026-04-08 21:16:52.670844,114.25,1,Office Supplies,Electronics
TXNICKDLLF3B6,CUST41641655,2026-02-06 21:16:52.670844,153.4,2,Clothing,Shoes
TXN9P4P1SRX3Q,CUST41641655,2026-01-20 21:16:52.670844,115.88,3,Books,Comics
TXNMY3L96DMZQ,CUST41641655,2026-05-05 21:16:52.670844,139.8,1,Home & Garden,Bedding
TXNPO38FRWL4S,CUST41641655,2026-02-10 21:16:52.670844,157.32,2,Food & Beverages,Organic Products
TXNIBMLLL464R,CUST79550599,2026-01-02 21:16:52.670844,119.6,4,Toys & Games,Video Games
TXNJ3E7202JY8,CUST79550599,2024-10-13 21:16:52.670844,171.69,2,Health & Beauty,Supplements
TXNCCLJEIZTWE,CUST79550599,2025-01-30 21:16:52.670844,155.17,4,Books,Magazines
TXN1SS1DJSOPG,CUST79550599,2025-12-09 21:16:52.670844,366.83,1,Home & Garden,Kitchen Appliances
TXNVD2QHYVR6L,CUST79550599,2025-10-01 21:16:52.670844,178.11,3,Automotive,Tools
TXNN1RV7I5TFN,CUST79550599,2025-01-03 21:16:52.670844,200.35,1,Automotive,Parts
TXNKIFPVFGSVH,CUST79550599,2025-12-24 21:16:52.670844,182.5,1,Office Supplies,Furniture
TXNGPQC3RZ8Q1,CUST79550599,2026-02-16 21:16:52.670844,221.35,3,Health & Beauty,Skincare
TXNBWJWK38Q3C,CUST79550599,2025-07-14 21:16:52.670844,203.04,2,Toys & Games,Action Figures
TXN6BLNO3YXVN,CUST94739672,2026-02-04 21:16:52.670844,50.99,4,Toys & Games,Board Games
TXN2FVEV6X149,CUST94739672,2025-09-22 21:16:52.670844,31.33,2,Health & Beauty,Skincare
TXNSNYWCGUMG8,CUST94739672,2026-03-16 21:16:52.670844,58.9,5,Sports & Outdoors,Bicycle
TXNG6ONNWS2VL,CUST94739672,2025-11-10 21:16:52.670844,32.6,1,Toys & Games,Puzzles
TXNHYKOEQILUX,CUST94739672,2025-04-13 21:16:52.670844,76.98,5,Home & Garden,Decor
TXNE1H09MNT2R,CUST94739672,2025-04-04 21:16:52.670844,77.33,3,Electronics,Laptop
TXNIZKNOLMGQL,CUST31055937,2026-05-07 21:16:52.670844,187.71,2,Automotive,Tools
TXNXYY6ARJNJ7,CUST31055937,2026-05-11 21:16:52.670844,199.54,1,Electronics,Headphones
TXND2H9SSU72C,CUST31055937,2026-05-11 21:16:52.670844,155.88,5,Home & Garden,Furniture
TXN1DWUVMMPCM,CUST31055937,2026-05-07 21:16:52.670844,148.04,2,Clothing,Dress
TXNYK6E64294G,CUST31055937,2026-05-08 21:16:52.670844,160.82,3,Automotive,Cleaning Supplies
TXNSJMHAMFTHR,CUST31055937,2026-05-11 21:16:52.670844,217.93,4,Office Supplies,Electronics
TXN6NPCV5JKIV,CUST31055937,2026-05-09 21:16:52.670844,187.07,5,Home & Garden,Kitchen Appliances
TXN4UKH73LQX4,CUST84969271,2026-04-04 21:16:52.670844,568.44,4,Electronics,Laptop
TXNNQETDN91KE,CUST84969271,2026-01-04 21:16:52.670844,408.87,3,Toys & Games,Board Games
TXNZ6F3CGG9XG,CUST84969271,2026-03-27 21:16:52.670844,427.36,4,Health & Beauty,Makeup
TXNT2U1O40YEU,CUST84969271,2026-05-20 21:16:52.670844,544.94,3,Food & Beverages,Organic Products
TXNUUZ2V3URB6,CUST84969271,2026-06-04 21:16:52.670844,452.68,1,Home & Garden,Kitchen Appliances
TXNQLB70WUOGA,CUST84969271,2026-02-08 21:16:52.670844,377.58,1,Food & Beverages,Snacks
TXNM3XEGG939W,CUST84969271,2026-05-03 21:16:52.670844,483.85,3,Health & Beauty,Supplements
TXNN48CMFHZ53,CUST84969271,2026-06-17 21:16:52.670844,368.25,3,Electronics,Smartphone
TXND8YIJXINRI,CUST84969271,2026-04-14 21:16:52.670844,501.58,4,Office Supplies,Furniture
TXNUSC9ZWUH6K,CUST84969271,2025-10-28 21:16:52.670844,535.08,1,Sports & Outdoors,Fitness Equipment
TXN3DK0PQ9TBX,CUST84969271,2026-06-21 21:16:52.670844,408.73,1,Office Supplies,Furniture
TXN83PLH2VUK1,CUST84969271,2026-06-01 21:16:52.670844,633.96,3,Automotive,Cleaning Supplies
TXNGXBCRZAFNX,CUST84969271,2026-04-05 21:16:52.670844,456.41,2,Sports & Outdoors,Bicycle
TXN866VV408F0,CUST84969271,2025-11-17 21:16:52.670844,93.57,5,Automotive,Tools
TXNVWUXNV41HC,CUST84969271,2025-11-13 21:16:52.670844,268.97,1,Sports & Outdoors,Fitness Equipment
TXN4EX64NKS7U,CUST84969271,2025-09-28 21:16:52.670844,450.73,1,Automotive,Parts
TXNH7FB65S0SV,CUST84969271,2026-05-21 21:16:52.670844,480.01,2,Sports & Outdoors,Camping Gear
TXNQG5BOIEOI1,CUST84969271,2026-01-02 21:16:52.670844,271.39,4,Electronics,Camera
TXN7UA67T35VZ,CUST84969271,2026-01-23 21:16:52.670844,565.18,3,Clothing,Accessories
TXN95S4KFGOIU,CUST84969271,2026-03-23 21:16:52.670844,626.41,1,Office Supplies,Electronics
TXNAZRUAHIWT4,CUST84969271,2025-10-13 21:16:52.670844,645.88,4,Health & Beauty,Makeup
TXN2OQHLQSWLO,CUST84969271,2025-11-08 21:16:52.670844,484.02,5,Toys & Games,Video Games
TXNUDQJJHZGNY,CUST84969271,2025-12-08 21:16:52.670844,233.74,4,Office Supplies,Desk Accessories
TXNJ8M1P3MKFQ,CUST84969271,2026-03-06 21:16:52.670844,495.53,1,Food & Beverages,Gourmet Food
TXNA2V8E6RYXH,CUST84969271,2025-09-27 21:16:52.670844,228.4,5,Office Supplies,Electronics
TXN26BRTCA0OG,CUST84969271,2026-05-22 21:16:52.670844,283.12,4,Food & Beverages,Gourmet Food
TXNSRYNOGRZP4,CUST84969271,2026-05-17 21:16:52.670844,425.23,2,Sports & Outdoors,Fitness Equipment
TXNKMDGPAYE3U,CUST84969271,2026-05-27 21:16:52.670844,410.33,3,Office Supplies,Furniture
TXNQMH5J2R1J1,CUST84969271,2025-11-29 21:16:52.670844,251.36,4,Electronics,Headphones
TXNIWK26MTH7V,CUST84969271,2026-04-30 21:16:52.670844,503.27,5,Health & Beauty,Makeup
TXNW0SUHVGQYE,CUST84969271,2026-02-11 21:16:52.670844,522.24,2,Sports & Outdoors,Sportswear
TXNA44WIXTSLP,CUST84969271,2026-07-04 21:16:52.670844,322.31,5,Automotive,Tools
TXNUS1VIXNN5Q,CUST84969271,2025-12-16 21:16:52.670844,322.08,1,Clothing,Dress
TXNZ3EEO87MTY,CUST84969271,2026-02-11 21:16:52.670844,521.39,1,Health & Beauty,Personal Care
TXN9ML42T9P2W,CUST84969271,2026-04-01 21:16:52.670844,462.17,3,Home & Garden,Decor
TXN5BU1M9PF7L,CUST84969271,2026-03-31 21:16:52.670844,410.08,5,Health & Beauty,Makeup
TXN55L5Y5NZR1,CUST84969271,2026-04-16 21:16:52.670844,521.17,1,Clothing,Dress
TXNG46IBFHQRJ,CUST84969271,2025-11-29 21:16:52.670844,614.26,3,Sports & Outdoors,Fitness Equipment
TXNHRY5JYIGIX,CUST84969271,2026-06-21 21:16:52.670844,541.69,3,Home & Garden,Tools
TXNGWNPH0A1H3,CUST84969271,2025-11-13 21:16:52.670844,316.53,1,Electronics,Tablet
TXNY95NA1ETA3,CUST84969271,2025-12-22 21:16:52.670844,325.87,2,Automotive,Car Accessories
TXNLBU2FINSPY,CUST84969271,2026-06-29 21:16:52.670844,376.65,5,Office Supplies,Electronics
TXN9P7POLMJXJ,CUST84969271,2026-05-07 21:16:52.670844,429.1,2,Sports & Outdoors,Fitness Equipment
TXNZKV8YOF6VQ,CUST84969271,2025-12-28 21:16:52.670844,706.75,3,Automotive,Tools
TXN8PAC0BHN2C,CUST84969271,2025-11-13 21:16:52.670844,647.08,2,Toys & Games,Video Games
TXNDQOP0WMMVG,CUST84969271,2026-05-12 21:16:52.670844,383.29,1,Sports & Outdoors,Bicycle
TXNYFTW2YNG32,CUST84969271,2026-02-15 21:16:52.670844,359.29,4,Electronics,Headphones
TXN7T4OH02NLS,CUST84969271,2025-10-17 21:16:52.670844,366.3,1,Books,Non-Fiction
TXN2YQB55PKN0,CUST84969271,2026-07-08 21:16:52.670844,551.04,1,Sports & Outdoors,Bicycle
TXNMW3LLSWD5Y,CUST01455700,2026-05-21 21:16:52.670844,171.59,1,Sports & Outdoors,Sportswear
TXN98ZZEL1VVB,CUST01455700,2026-06-17 21:16:52.670844,180.83,5,Books,Comics
TXNBZGGKY69TV,CUST01455700,2026-06-06 21:16:52.670844,100.0,4,Home & Garden,Bedding
TXNFWG9WYYEXW,CUST01455700,2026-05-08 21:16:52.670844,140.06,5,Office Supplies,Furniture
TXNNMSLFT17JS,CUST01455700,2026-04-15 21:16:52.670844,120.92,3,Electronics,Headphones
TXN1UP6OL2OVS,CUST01455700,2026-04-19 21:16:52.670844,111.73,4,Sports & Outdoors,Fitness Equipment
TXNBOOWKFOHUT,CUST01455700,2026-06-19 21:16:52.670844,184.91,5,Electronics,Smartphone
TXNEKKXV3GPLC,CUST26990133,2025-11-08 21:16:52.670844,145.81,3,Food & Beverages,Organic Products
TXN3B7RGHEWCS,CUST26990133,2025-11-17 21:16:52.670844,197.24,5,Books,Educational
TXNCCC4W9MGUN,CUST26990133,2026-04-20 21:16:52.670844,149.91,3,Sports & Outdoors,Fitness Equipment
TXN8O2GXW828Z,CUST26990133,2026-03-24 21:16:52.670844,153.84,2,Food & Beverages,Beverages
TXN66AFIQ7J5V,CUST26990133,2026-02-24 21:16:52.670844,242.26,1,Books,Magazines
TXNDZB2MY2CDK,CUST26990133,2025-12-20 21:16:52.670844,170.37,3,Electronics,Smart Watch
TXN4JGU3TVCP5,CUST26990133,2025-12-26 21:16:52.670844,253.93,4,Health & Beauty,Makeup
TXN0ZYDAA3RQY,CUST88504061,2026-03-29 21:16:52.670844,281.69,4,Sports & Outdoors,Bicycle
TXNKI2OHGTZBX,CUST88504061,2026-04-30 21:16:52.670844,292.38,3,Toys & Games,Board Games
TXN95PLPI374P,CUST88504061,2026-04-15 21:16:52.670844,183.8,1,Home & Garden,Tools
TXNZV7WHC2ZRT,CUST88504061,2026-06-07 21:16:52.670844,261.54,4,Office Supplies,Stationery
TXNLY0YWFXJIR,CUST88504061,2026-07-01 21:16:52.670844,284.99,4,Automotive,Car Accessories
TXNUVRVMM8MRV,CUST88504061,2026-05-15 21:16:52.670844,218.92,1,Automotive,Car Accessories
TXNU95MVMHMFU,CUST88504061,2026-06-12 21:16:52.670844,231.62,5,Health & Beauty,Makeup
TXNJY5ENS68YV,CUST88504061,2026-06-27 21:16:52.670844,223.68,2,Food & Beverages,Gourmet Food
TXN20KFZBWTOV,CUST88504061,2026-04-24 21:16:52.670844,227.88,4,Health & Beauty,Personal Care
TXNQVDS8S1T50,CUST88504061,2026-06-09 21:16:52.670844,177.69,3,Health & Beauty,Personal Care
TXNT5IZZPPMKK,CUST88504061,2026-05-17 21:16:52.670844,247.81,4,Clothing,Jeans
TXNZ2TWULL4Z9,CUST88504061,2026-05-31 21:16:52.670844,249.91,2,Toys & Games,Board Games
TXNEB3EKU8YT4,CUST88504061,2026-04-04 21:16:52.670844,357.97,2,Automotive,Tools
TXNUR151E0JNJ,CUST88504061,2026-03-30 21:16:52.670844,292.58,3,Electronics,Tablet
TXN4FUWUXYVLY,CUST88504061,2026-05-18 21:16:52.670844,204.89,4,Clothing,Dress
TXNJ38L1COUNQ,CUST88504061,2026-05-11 21:16:52.670844,227.53,5,Automotive,Tools
TXN7X86EJ37PU,CUST88504061,2026-05-27 21:16:52.670844,189.27,5,Food & Beverages,Organic Products
TXN6K8EC0YP9S,CUST88504061,2026-06-28 21:16:52.670844,259.59,3,Automotive,Tools
TXNY1YO5JBF6G,CUST88504061,2026-06-05 21:16:52.670844,208.73,4,Clothing,T-Shirt
TXN0ZLQF2RYS6,CUST88504061,2026-05-06 21:16:52.670844,342.5,4,Books,Educational
TXNVSWO0JLXYL,CUST88504061,2026-06-02 21:16:52.670844,314.6,5,Office Supplies,Electronics
TXNKRDWFI7EBW,CUST88504061,2026-04-26 21:16:52.670844,192.7,5,Health & Beauty,Makeup
TXN492QW4JC7C,CUST88504061,2026-04-11 21:16:52.670844,221.63,3,Automotive,Parts
TXNSIAGSRWHJJ,CUST88504061,2026-06-02 21:16:52.670844,227.41,4,Books,Comics
TXN3YYRPNIUBV,CUST99458344,2025-08-06 21:16:52.670844,188.59,3,Automotive,Car Accessories
TXNG8AGM13NWF,CUST99458344,2024-09-24 21:16:52.670844,91.04,3,Food & Beverages,Beverages
TXN7JFSTBZNDE,CUST99458344,2025-08-29 21:16:52.670844,127.8,2,Clothing,T-Shirt
TXNJBEWXLI9QA,CUST99458344,2025-08-24 21:16:52.670844,124.84,2,Electronics,Headphones
TXNMCK3GBVOMQ,CUST99458344,2026-06-09 21:16:52.670844,137.16,2,Home & Garden,Bedding
TXN7JYGZ00X1C,CUST99458344,2026-02-27 21:16:52.670844,216.88,2,Health & Beauty,Personal Care
TXNT62O2C38EQ,CUST99458344,2026-06-22 21:16:52.670844,151.79,4,Home & Garden,Furniture
TXNQ0WQMKKNCW,CUST99458344,2025-08-05 21:16:52.670844,126.31,2,Books,Magazines
TXN6AXS3E51MS,CUST99458344,2025-10-05 21:16:52.670844,178.89,5,Toys & Games,Board Games
TXNRPF6TUSDO0,CUST99458344,2026-01-22 21:16:52.670844,51.45,2,Home & Garden,Furniture
TXNL8PGYR11UB,CUST99458344,2024-11-25 21:16:52.670844,157.92,1,Clothing,Jeans
TXNPBNM8679Q7,CUST99458344,2026-03-07 21:16:52.670844,189.82,1,Automotive,Car Accessories
TXNDUMVYCOIZ0,CUST99458344,2025-03-04 21:16:52.670844,148.7,5,Electronics,Smart Watch
TXNNRGNLY47WL,CUST99458344,2025-03-28 21:16:52.670844,141.67,3,Office Supplies,Desk Accessories
TXN207NIN8G5P,CUST99458344,2026-05-03 21:16:52.670844,104.78,2,Office Supplies,Electronics
TXNATHVIAQTMH,CUST99458344,2025-08-29 21:16:52.670844,147.5,1,Sports & Outdoors,Camping Gear
TXN8NP9YFMLIP,CUST99458344,2025-02-15 21:16:52.670844,125.51,1,Electronics,Tablet
TXNYTDK4ANQWG,CUST99458344,2024-12-22 21:16:52.670844,89.12,5,Electronics,Headphones
TXNTSB9SPCGSG,CUST99458344,2025-09-30 21:16:52.670844,79.99,1,Books,Fiction
TXNUVHE6Q834G,CUST99458344,2026-01-29 21:16:52.670844,192.48,4,Health & Beauty,Skincare
TXN9T08LYLNZK,CUST99458344,2024-11-07 21:16:52.670844,77.19,2,Health & Beauty,Personal Care
TXN4C0EJ4OILO,CUST99458344,2025-09-25 21:16:52.670844,124.27,2,Toys & Games,Video Games
TXNQRIO2YPPM7,CUST99458344,2025-04-24 21:16:52.670844,175.31,5,Sports & Outdoors,Bicycle
TXNFGRZ9DEP9J,CUST99458344,2024-09-28 21:16:52.670844,149.18,4,Clothing,Jeans
TXNRY7BE95X9N,CUST99458344,2026-04-05 21:16:52.670844,99.21,2,Electronics,Headphones
TXNLTA2IALHTB,CUST99458344,2025-05-08 21:16:52.670844,113.21,2,Office Supplies,Stationery
TXNQEBMQV9Y42,CUST99458344,2025-11-20 21:16:52.670844,185.36,4,Books,Comics
TXNBQEEE4520W,CUST99458344,2026-02-06 21:16:52.670844,127.04,3,Clothing,Dress
TXN3CJR3HJIZZ,CUST99458344,2024-11-21 21:16:52.670844,117.3,3,Home & Garden,Bedding
TXNJSPY4OKSOO,CUST42767304,2025-11-30 21:16:52.670844,113.26,1,Automotive,Tools
TXNO5N957XQ32,CUST42767304,2025-06-02 21:16:52.670844,142.13,1,Clothing,Jeans
TXN5BT3CM8OCV,CUST42767304,2025-10-15 21:16:52.670844,181.77,1,Office Supplies,Electronics
TXNZ7HQBZ8J6Y,CUST42767304,2025-10-12 21:16:52.670844,135.89,5,Sports & Outdoors,Fitness Equipment
TXNG0A7JL51FL,CUST42767304,2025-06-21 21:16:52.670844,238.54,1,Home & Garden,Furniture
TXN673P7P4H7T,CUST42767304,2026-02-10 21:16:52.670844,210.91,4,Office Supplies,Desk Accessories
TXNNWG7GKYVAU,CUST42767304,2025-11-14 21:16:52.670844,78.25,2,Clothing,T-Shirt
TXNVN9CPDGUS7,CUST42767304,2025-09-24 21:16:52.670844,138.81,1,Clothing,Accessories
TXNMJX0Y8M2ZO,CUST42767304,2026-01-19 21:16:52.670844,246.75,5,Toys & Games,Action Figures
TXNCQKZROPV1K,CUST42767304,2025-08-16 21:16:52.670844,196.47,3,Health & Beauty,Supplements
TXNQKUFS6H0H0,CUST42767304,2026-06-14 21:16:52.670844,176.17,2,Toys & Games,Action Figures
TXN079X1OJ82M,CUST42767304,2025-11-05 21:16:52.670844,166.91,4,Automotive,Tools
TXNH4I0AFCM5N,CUST42767304,2025-11-20 21:16:52.670844,187.39,2,Books,Comics
TXNN0EVP2XE1M,CUST42767304,2025-04-27 21:16:52.670844,199.95,3,Office Supplies,Stationery
TXNDI77WTWZI0,CUST42767304,2026-04-23 21:16:52.670844,162.53,4,Clothing,Jacket
TXNDYZ6NZKH16,CUST42767304,2026-04-23 21:16:52.670844,115.8,3,Automotive,Car Accessories
TXN54EXSUQ0AO,CUST42767304,2025-07-08 21:16:52.670844,233.82,1,Clothing,Dress
TXNE7OIXHE4T6,CUST42767304,2026-02-10 21:16:52.670844,120.99,2,Home & Garden,Bedding
TXNDHWGAS8BHL,CUST42767304,2026-01-29 21:16:52.670844,294.29,4,Health & Beauty,Personal Care
TXN12PNWW3PS6,CUST42767304,2026-03-12 21:16:52.670844,140.81,5,Clothing,Jacket
TXNF92B3XIQBN,CUST42767304,2025-09-09 21:16:52.670844,148.67,3,Home & Garden,Bedding
TXNF6C0GMYPW6,CUST42767304,2026-05-22 21:16:52.670844,185.26,5,Office Supplies,Furniture
TXNVQS56XDN5F,CUST42767304,2025-10-06 21:16:52.670844,165.56,1,Toys & Games,Board Games
TXN3PTFUJQEA9,CUST42767304,2025-06-16 21:16:52.670844,98.05,5,Health & Beauty,Personal Care
TXN3R8BXXSMO4,CUST60499207,2025-09-20 21:16:52.670844,105.59,5,Books,Fiction
TXNB8THEGJ7MT,CUST93515941,2024-12-22 21:16:52.670844,103.27,1,Books,Non-Fiction
TXNJQL2TVNV6E,CUST93515941,2026-01-04 21:16:52.670844,91.2,1,Toys & Games,Board Games
TXNDU1CVR0AHZ,CUST93515941,2025-04-02 21:16:52.670844,52.35,5,Health & Beauty,Personal Care
TXNVT7P9WC2HP,CUST93515941,2025-03-17 21:16:52.670844,95.23,3,Office Supplies,Furniture
TXN5OGU6JS4BP,CUST93515941,2026-04-07 21:16:52.670844,105.93,1,Clothing,Jacket
TXN07LI1E4P5G,CUST93515941,2025-08-18 21:16:52.670844,99.4,4,Books,Magazines
TXN6E5MOBBRZX,CUST93515941,2025-09-07 21:16:52.670844,123.16,3,Books,Educational
TXNPA3YYI41IG,CUST85661319,2025-08-15 21:16:52.670844,60.19,3,Home & Garden,Tools
TXNQ2PPLC1IO5,CUST85661319,2026-02-20 21:16:52.670844,70.78,4,Food & Beverages,Organic Products
TXN13VIRYOMEB,CUST85661319,2025-08-27 21:16:52.670844,46.04,5,Toys & Games,Board Games
TXN6XAB1A129J,CUST85661319,2025-09-20 21:16:52.670844,60.62,1,Electronics,Laptop
TXNTVP0X05ET1,CUST85661319,2025-10-29 21:16:52.670844,46.33,4,Electronics,Camera
TXNISEIBWRTNZ,CUST76802378,2025-08-14 21:16:52.670844,214.73,4,Food & Beverages,Beverages
TXNCPRQHV4Z19,CUST76802378,2025-01-02 21:16:52.670844,215.37,3,Books,Non-Fiction
TXNK6MNEQBW9Z,CUST76802378,2026-01-13 21:16:52.670844,177.89,4,Sports & Outdoors,Camping Gear
TXNRN7TALINSH,CUST76802378,2025-04-03 21:16:52.670844,110.78,5,Automotive,Car Accessories
TXNBZQZ73SIUV,CUST76802378,2024-12-18 21:16:52.670844,213.92,3,Sports & Outdoors,Sportswear
TXN8VWDXYVFQZ,CUST84185934,2025-08-31 21:16:52.670844,91.89,2,Office Supplies,Stationery
TXN24TB53JFQP,CUST84185934,2025-11-11 21:16:52.670844,94.54,1,Health & Beauty,Skincare
TXNRECJ9QSF8M,CUST84185934,2026-04-20 21:16:52.670844,73.11,1,Food & Beverages,Gourmet Food
TXN066HULUE9L,CUST84185934,2025-08-24 21:16:52.670844,65.39,4,Electronics,Camera
TXNU0V2N09QKX,CUST84185934,2025-09-18 21:16:52.670844,82.04,4,Books,Non-Fiction
TXNSHNE539E0W,CUST84185934,2026-04-15 21:16:52.670844,123.35,5,Health & Beauty,Personal Care
TXNUQ58PVFDMA,CUST84185934,2026-05-24 21:16:52.670844,99.27,3,Health & Beauty,Personal Care
TXN4I3J2SR4V1,CUST84185934,2026-01-25 21:16:52.670844,73.34,1,Clothing,Jacket
TXN760QMOUWR6,CUST84185934,2026-01-13 21:16:52.670844,88.29,5,Automotive,Tools
TXNJ6TS9TETZS,CUST84185934,2026-04-23 21:16:52.670844,76.61,3,Office Supplies,Electronics
TXNQSU29GTWKU,CUST84185934,2026-05-25 21:16:52.670844,92.98,3,Home & Garden,Kitchen Appliances
TXNYJH134CM8G,CUST84185934,2026-06-01 21:16:52.670844,85.92,4,Books,Magazines
TXN9WXL6BT1CY,CUST84185934,2026-06-03 21:16:52.670844,136.68,5,Books,Magazines
TXN6NBL36NFL1,CUST84185934,2026-02-25 21:16:52.670844,81.03,4,Health & Beauty,Skincare
TXN8BDONEWGJ9,CUST84185934,2025-09-13 21:16:52.670844,65.29,1,Books,Comics
TXNGQ30DG9QGP,CUST84185934,2025-12-18 21:16:52.670844,39.81,1,Sports & Outdoors,Fitness Equipment
TXNAY4WYCO1GN,CUST84185934,2025-12-15 21:16:52.670844,77.11,5,Clothing,Shoes
TXNWPZDVO27SL,CUST84185934,2025-12-20 21:16:52.670844,70.62,4,Automotive,Cleaning Supplies
TXN1OM7IY19SY,CUST84185934,2025-11-12 21:16:52.670844,129.73,4,Home & Garden,Kitchen Appliances
TXNRB31HKJFH4,CUST84185934,2026-04-09 21:16:52.670844,63.46,2,Books,Magazines
TXNYSJCEBST9B,CUST84185934,2025-09-06 21:16:52.670844,56.02,3,Home & Garden,Kitchen Appliances
TXNRGULEQ40TZ,CUST84185934,2025-10-19 21:16:52.670844,94.76,5,Sports & Outdoors,Camping Gear
TXNIOMG7WCMRA,CUST84185934,2026-05-09 21:16:52.670844,89.11,5,Sports & Outdoors,Bicycle
TXNUD7RPUDMAZ,CUST84185934,2026-02-14 21:16:52.670844,118.67,1,Health & Beauty,Supplements
TXNLKX5K303RT,CUST02828023,2026-05-25 21:16:52.670844,216.93,2,Electronics,Headphones
TXNV3131N9K8Z,CUST02828023,2026-06-15 21:16:52.670844,206.17,4,Automotive,Parts
TXNF6WWHL920A,CUST02828023,2026-05-30 21:16:52.670844,254.16,3,Sports & Outdoors,Camping Gear
TXN7AP6X74H3J,CUST02828023,2026-05-03 21:16:52.670844,98.43,1,Office Supplies,Desk Accessories
TXNDTZL4ACGFV,CUST02828023,2026-04-24 21:16:52.670844,140.84,2,Clothing,Accessories
TXNHXZJ8Z2UH5,CUST02828023,2026-04-19 21:16:52.670844,225.41,2,Automotive,Cleaning Supplies
TXNFPPIKJA15C,CUST02828023,2026-03-31 21:16:52.670844,290.79,3,Health & Beauty,Makeup
TXN2CSCHZ2488,CUST02828023,2026-05-12 21:16:52.670844,303.55,4,Sports & Outdoors,Fitness Equipment
TXN32XCUUCK08,CUST02828023,2026-06-20 21:16:52.670844,228.12,4,Health & Beauty,Supplements
TXN91VV8T3SUA,CUST02828023,2026-06-20 21:16:52.670844,146.44,2,Home & Garden,Tools
TXNRZ5STOUE7A,CUST02828023,2026-05-31 21:16:52.670844,248.31,2,Automotive,Cleaning Supplies
TXNVQ7COGSMIA,CUST02828023,2026-06-10 21:16:52.670844,219.83,4,Toys & Games,Board Games
TXNR1XHEZALVD,CUST02828023,2026-05-16 21:16:52.670844,176.32,3,Food & Beverages,Organic Products
TXNJSDNSFYGKL,CUST02828023,2026-04-20 21:16:52.670844,245.97,3,Books,Fiction
TXNATIZB1IIIN,CUST02828023,2026-05-04 21:16:52.670844,139.13,4,Electronics,Tablet
TXNQ9OCQ34U80,CUST02828023,2026-06-26 21:16:52.670844,221.78,1,Sports & Outdoors,Bicycle
TXN2KAR5L8QU0,CUST02828023,2026-04-30 21:16:52.670844,148.75,5,Electronics,Headphones
TXNTBOVI6CH8C,CUST02828023,2026-05-13 21:16:52.670844,130.36,4,Automotive,Car Accessories
TXNVZQCNB3FPG,CUST02828023,2026-05-05 21:16:52.670844,85.8,1,Books,Fiction
TXN6Z0047ILQ3,CUST02828023,2026-03-30 21:16:52.670844,173.96,2,Clothing,Shoes
TXNZ1VXAPF2D9,CUST02828023,2026-06-28 21:16:52.670844,156.7,5,Food & Beverages,Gourmet Food
TXNIKR59MKGJB,CUST02828023,2026-06-10 21:16:52.670844,167.57,3,Automotive,Tools
TXNZ6HUG0ZFXM,CUST02828023,2026-06-12 21:16:52.670844,226.22,2,Health & Beauty,Skincare
TXN6R9X8X3WKY,CUST02828023,2026-04-25 21:16:52.670844,166.61,2,Clothing,Accessories
TXN7GPFVN1CZF,CUST02828023,2026-07-04 21:16:52.670844,313.65,4,Automotive,Cleaning Supplies
TXN7C6HE8E84X,CUST02828023,2026-05-15 21:16:52.670844,255.09,5,Office Supplies,Electronics
TXNL42H12LOIP,CUST02828023,2026-05-15 21:16:52.670844,206.32,5,Health & Beauty,Makeup
TXN8XK52ZJBD5,CUST02828023,2026-05-15 21:16:52.670844,126.82,2,Health & Beauty,Skincare
TXNT70VS6UWS0,CUST02828023,2026-06-12 21:16:52.670844,335.76,1,Health & Beauty,Skincare
TXNV1170EGR7A,CUST02828023,2026-07-01 21:16:52.670844,181.98,4,Toys & Games,Action Figures
TXN9I66I1IODI,CUST02828023,2026-04-07 21:16:52.670844,178.63,3,Automotive,Car Accessories
TXNH64WBVRRZR,CUST02828023,2026-03-23 21:16:52.670844,192.48,5,Toys & Games,Action Figures
TXNGGK3ESMTH3,CUST02828023,2026-05-12 21:16:52.670844,123.34,3,Electronics,Laptop
TXNJDL63WKGTS,CUST02828023,2026-07-02 21:16:52.670844,243.58,3,Food & Beverages,Snacks
TXNGSVNNCP8UZ,CUST02828023,2026-06-29 21:16:52.670844,186.72,3,Books,Non-Fiction
TXN5SNQXG2QGB,CUST02828023,2026-06-23 21:16:52.670844,174.56,5,Sports & Outdoors,Bicycle
TXNLTIFAJRORL,CUST02828023,2026-05-26 21:16:52.670844,158.65,1,Health & Beauty,Personal Care
TXNPAMIHJKTLX,CUST02828023,2026-06-19 21:16:52.670844,162.02,5,Sports & Outdoors,Camping Gear
TXN6SZZKFCHDH,CUST02828023,2026-05-09 21:16:52.670844,96.02,5,Automotive,Car Accessories
TXNSUHGQWIS8B,CUST02828023,2026-03-25 21:16:52.670844,272.42,5,Sports & Outdoors,Bicycle
TXNA2ZX0OHW56,CUST02828023,2026-04-30 21:16:52.670844,217.75,2,Toys & Games,Video Games
TXNZ3B93YA8J9,CUST74625190,2026-04-19 21:16:52.670844,180.98,3,Automotive,Car Accessories
TXN7W5O9YNXAP,CUST74625190,2026-06-25 21:16:52.670844,155.38,1,Home & Garden,Bedding
TXN7Y9BE06IBW,CUST74625190,2026-03-25 21:16:52.670844,159.97,5,Clothing,T-Shirt
TXNLD07HNDPIM,CUST74625190,2026-06-13 21:16:52.670844,150.89,5,Home & Garden,Bedding
TXNL520OSS6RG,CUST74625190,2026-06-18 21:16:52.670844,192.62,3,Clothing,Jeans
TXNSOJQP273BW,CUST74625190,2026-02-01 21:16:52.670844,170.3,3,Home & Garden,Kitchen Appliances
TXNIO7T98WCNH,CUST74625190,2026-05-29 21:16:52.670844,158.26,4,Electronics,Headphones
TXNMWOS01LENR,CUST74625190,2026-05-07 21:16:52.670844,113.04,1,Health & Beauty,Supplements
TXNHXLWV1G7UP,CUST74625190,2026-05-24 21:16:52.670844,154.27,1,Automotive,Car Accessories
TXNQVIO0QYG99,CUST74625190,2026-04-01 21:16:52.670844,175.27,3,Office Supplies,Electronics
TXN45EDPGAO19,CUST74625190,2026-01-26 21:16:52.670844,133.15,5,Electronics,Headphones
TXNWKKYNQ2M7F,CUST74625190,2026-01-31 21:16:52.670844,207.99,4,Electronics,Headphones
TXN4LWVY6FBN0,CUST74625190,2026-01-24 21:16:52.670844,223.95,3,Food & Beverages,Gourmet Food
TXNIOE3NPAI6O,CUST74625190,2026-05-19 21:16:52.670844,166.71,2,Health & Beauty,Skincare
TXNL2LDXG23QS,CUST74625190,2026-05-08 21:16:52.670844,56.13,3,Home & Garden,Bedding
TXNNCZWY966RX,CUST74625190,2026-06-08 21:16:52.670844,187.85,4,Automotive,Parts
TXNKR4C25HDMH,CUST74625190,2026-06-12 21:16:52.670844,102.1,5,Toys & Games,Video Games
TXNBAFXNAYQN3,CUST74625190,2026-02-26 21:16:52.670844,149.94,5,Toys & Games,Video Games
TXNVZB4VYIOMZ,CUST74625190,2026-02-25 21:16:52.670844,90.7,1,Food & Beverages,Gourmet Food
TXNF1MY7N2795,CUST74625190,2026-03-22 21:16:52.670844,125.15,4,Automotive,Car Accessories
TXNS2KY73AN99,CUST74625190,2026-06-01 21:16:52.670844,99.22,1,Toys & Games,Board Games
TXN5SFV7RM1KA,CUST74625190,2026-06-05 21:16:52.670844,169.8,4,Books,Fiction
TXNRI91QBN9MT,CUST74625190,2026-04-17 21:16:52.670844,180.32,3,Toys & Games,Board Games
TXN0UG4L296B4,CUST74625190,2026-06-04 21:16:52.670844,109.18,4,Office Supplies,Electronics
TXNTTQ1UTZ0KO,CUST74625190,2026-04-19 21:16:52.670844,147.53,1,Home & Garden,Furniture
TXNA9O2PM9XSI,CUST74625190,2026-02-11 21:16:52.670844,80.36,2,Clothing,Jeans
TXNGCKSJNE228,CUST74625190,2026-03-06 21:16:52.670844,239.79,3,Automotive,Parts
TXNSJVRAT5797,CUST74625190,2026-02-23 21:16:52.670844,180.06,1,Health & Beauty,Skincare
TXNRP7UQ3UA9N,CUST74625190,2026-02-28 21:16:52.670844,149.65,2,Clothing,Dress
TXNSU6SJIEQ2C,CUST74625190,2026-06-05 21:16:52.670844,234.67,4,Home & Garden,Decor
TXNVWY4V2OVTT,CUST74625190,2026-04-12 21:16:52.670844,141.18,3,Food & Beverages,Organic Products
TXNZNI78ZLL8U,CUST74625190,2026-03-20 21:16:52.670844,210.09,1,Sports & Outdoors,Sportswear
TXN1FIMKR12OT,CUST74625190,2026-05-08 21:16:52.670844,170.53,4,Automotive,Car Accessories
TXNI75LI7BLCH,CUST74625190,2026-04-05 21:16:52.670844,150.78,2,Clothing,Shoes
TXNNJV7HRWH2C,CUST74625190,2026-05-28 21:16:52.670844,188.7,3,Food & Beverages,Gourmet Food
TXN7U3C6XNE2F,CUST74625190,2026-05-25 21:16:52.670844,145.99,5,Clothing,Shoes
TXN2A1AZHL17N,CUST74625190,2026-06-27 21:16:52.670844,145.13,2,Toys & Games,Board Games
TXNA84EIMUO8W,CUST74625190,2026-06-17 21:16:52.670844,223.89,5,Sports & Outdoors,Sportswear
TXN43NL6R77JP,CUST74625190,2026-03-13 21:16:52.670844,80.37,1,Sports & Outdoors,Fitness Equipment
TXNJUL9OWER7A,CUST74625190,2026-04-06 21:16:52.670844,131.85,3,Health & Beauty,Makeup
TXNNZUNWL1V97,CUST74625190,2026-03-05 21:16:52.670844,260.55,5,Toys & Games,Video Games
TXNK3Y1AWYGQP,CUST74625190,2026-05-01 21:16:52.670844,87.61,4,Automotive,Tools
TXNDWA5Y8FWU1,CUST74625190,2026-01-29 21:16:52.670844,258.97,4,Toys & Games,Action Figures
TXN48XXU1JXJ0,CUST74625190,2026-04-13 21:16:52.670844,109.26,3,Sports & Outdoors,Sportswear
TXNKYWLBOVFT4,CUST74625190,2026-02-02 21:16:52.670844,50.42,5,Health & Beauty,Makeup
TXN01KQ9TH0UG,CUST74625190,2026-06-18 21:16:52.670844,139.13,3,Electronics,Headphones
TXNVAKHB7A4Z3,CUST74625190,2026-05-10 21:16:52.670844,188.95,2,Automotive,Tools
TXN8M7UJCBTWZ,CUST74625190,2026-02-15 21:16:52.670844,109.03,4,Toys & Games,Board Games
TXN1THAJ0FKUO,CUST74625190,2026-05-08 21:16:52.670844,116.85,3,Toys & Games,Puzzles
TXN3JPLH8FLOT,CUST70700137,2026-05-22 21:16:52.670844,191.01,3,Health & Beauty,Supplements
TXNGP6J20D5PF,CUST70700137,2026-05-21 21:16:52.670844,129.41,2,Office Supplies,Desk Accessories
TXN46J3KJPWXB,CUST70700137,2026-05-15 21:16:52.670844,107.1,3,Automotive,Cleaning Supplies
TXNT3GWLM20S3,CUST70700137,2026-05-17 21:16:52.670844,190.99,5,Clothing,Jeans
TXNTUOG5MEGCW,CUST70700137,2026-05-20 21:16:52.670844,204.32,5,Sports & Outdoors,Camping Gear
TXNCHAUKZFNWC,CUST70700137,2026-05-22 21:16:52.670844,108.89,4,Health & Beauty,Skincare
TXNKI14XX4MZN,CUST70700137,2026-05-17 21:16:52.670844,191.35,2,Food & Beverages,Gourmet Food
TXN4CEHU0KLEI,CUST70700137,2026-05-07 21:16:52.670844,114.57,5,Electronics,Laptop
TXNSQXY92913W,CUST70700137,2026-05-29 21:16:52.670844,144.91,5,Automotive,Car Accessories
TXNM7YNFMBA5L,CUST70700137,2026-05-29 21:16:52.670844,171.13,5,Automotive,Tools
TXN4TTM3CP6BX,CUST70700137,2026-06-04 21:16:52.670844,106.12,1,Food & Beverages,Beverages
TXNCBOWJEGC9W,CUST70700137,2026-05-05 21:16:52.670844,116.06,3,Health & Beauty,Skincare
TXN47FTVR8PKS,CUST70700137,2026-05-23 21:16:52.670844,174.25,1,Automotive,Car Accessories
TXNGOY4MV05ED,CUST70700137,2026-05-07 21:16:52.670844,112.54,4,Toys & Games,Video Games
TXNTQOS0HRP4C,CUST70700137,2026-05-10 21:16:52.670844,172.56,5,Automotive,Tools
TXN29M7N921PC,CUST70700137,2026-05-18 21:16:52.670844,99.49,3,Toys & Games,Action Figures
TXNFE9R456XMC,CUST70700137,2026-05-28 21:16:52.670844,193.86,2,Office Supplies,Furniture
TXNLG0W2V8F4X,CUST70700137,2026-06-05 21:16:52.670844,162.47,1,Sports & Outdoors,Camping Gear
TXNQUHDWT5QR4,CUST70700137,2026-05-04 21:16:52.670844,58.08,3,Sports & Outdoors,Camping Gear
TXNNXEDAHFWAJ,CUST70700137,2026-05-30 21:16:52.670844,66.94,4,Books,Non-Fiction
TXN0UKINXFNKW,CUST70700137,2026-05-11 21:16:52.670844,171.95,4,Office Supplies,Electronics
TXNVJFKU6SDDJ,CUST65639573,2026-03-23 21:16:52.670844,100.47,5,Toys & Games,Video Games
TXNNDW1297FV9,CUST65639573,2026-04-07 21:16:52.670844,57.71,1,Clothing,Accessories
TXN77ZTRPG9AM,CUST65639573,2026-03-10 21:16:52.670844,106.51,5,Books,Magazines
TXN38PIJY6KIG,CUST65814728,2026-06-02 21:16:52.670844,408.55,4,Automotive,Parts
TXND7G5P2N1TE,CUST65814728,2026-04-14 21:16:52.670844,421.81,5,Sports & Outdoors,Sportswear
TXNGW0G9THPWJ,CUST65814728,2026-06-24 21:16:52.670844,591.55,1,Home & Garden,Furniture
TXN7IY13LU011,CUST65814728,2026-05-09 21:16:52.670844,461.13,3,Electronics,Laptop
TXNA4A9B5T0VX,CUST65814728,2026-04-01 21:16:52.670844,607.05,5,Automotive,Car Accessories
TXNAP317R2RBQ,CUST65814728,2026-05-16 21:16:52.670844,779.19,3,Home & Garden,Kitchen Appliances
TXNXIODAWE0HC,CUST65814728,2026-05-18 21:16:52.670844,177.16,3,Health & Beauty,Personal Care
TXNBF90XEQ9PC,CUST65814728,2026-06-25 21:16:52.670844,166.46,3,Books,Comics
TXNMTGT1FF57I,CUST65814728,2026-04-14 21:16:52.670844,429.0,5,Home & Garden,Decor
TXNER9S94Z6ZO,CUST65814728,2026-02-01 21:16:52.670844,432.65,4,Health & Beauty,Supplements
TXNA2SHCSSY18,CUST65814728,2026-06-15 21:16:52.670844,476.68,1,Books,Fiction
TXND91Z60F9KX,CUST65814728,2026-05-17 21:16:52.670844,504.58,3,Books,Comics
TXN2MOFP7TX02,CUST65814728,2026-03-21 21:16:52.670844,317.88,3,Electronics,Headphones
TXN05H7I5TNFD,CUST65814728,2026-02-23 21:16:52.670844,486.8,2,Food & Beverages,Beverages
TXNHEOCNMBZ7P,CUST65814728,2026-06-08 21:16:52.670844,457.89,5,Food & Beverages,Beverages
TXNK2I4LF4M5M,CUST65814728,2026-04-30 21:16:52.670844,472.69,4,Electronics,Camera
TXNSV1SL544WG,CUST65814728,2026-03-20 21:16:52.670844,480.0,5,Books,Non-Fiction
TXN7OYJW42UX3,CUST65814728,2026-03-12 21:16:52.670844,334.44,5,Sports & Outdoors,Sportswear
TXN0ZBGMGXBZK,CUST65814728,2026-04-10 21:16:52.670844,495.76,3,Home & Garden,Kitchen Appliances
TXN5R73I0QRHB,CUST65814728,2026-01-19 21:16:52.670844,252.18,5,Sports & Outdoors,Fitness Equipment
TXNHCXK4AC1Z7,CUST65814728,2026-03-21 21:16:52.670844,697.73,3,Office Supplies,Furniture
TXNT23Y95M2MV,CUST65814728,2026-02-09 21:16:52.670844,593.81,3,Office Supplies,Desk Accessories
TXNDICTYSEZV1,CUST65814728,2026-03-26 21:16:52.670844,521.64,3,Automotive,Parts
TXNYC4MD1TJKO,CUST65814728,2026-06-30 21:16:52.670844,502.7,5,Food & Beverages,Snacks
TXNA75FE8UCCJ,CUST65814728,2026-02-02 21:16:52.670844,505.19,2,Health & Beauty,Supplements
TXN6Q7C4I4ZKF,CUST65814728,2026-07-01 21:16:52.670844,597.64,1,Toys & Games,Board Games
TXNETJ86ZHA7A,CUST65814728,2026-04-26 21:16:52.670844,372.85,1,Home & Garden,Bedding
TXNRJRJVTXV7F,CUST65814728,2026-01-24 21:16:52.670844,210.14,5,Food & Beverages,Gourmet Food
TXNZ0DLSKSAHX,CUST65814728,2026-03-16 21:16:52.670844,502.72,2,Toys & Games,Board Games
TXNQSYI7ARLW5,CUST65814728,2026-03-21 21:16:52.670844,513.64,2,Electronics,Smartphone
TXN20OZS36DLW,CUST65814728,2026-07-04 21:16:52.670844,660.65,1,Clothing,Jacket
TXNQI5J5XIIGQ,CUST65814728,2026-06-15 21:16:52.670844,538.73,4,Health & Beauty,Supplements
TXNXDKV124UXL,CUST65814728,2026-01-16 21:16:52.670844,207.0,3,Electronics,Smartphone
TXN50GV3DUEV3,CUST65814728,2026-03-12 21:16:52.670844,298.93,1,Automotive,Parts
TXNOWB1GDUHWH,CUST65814728,2026-02-25 21:16:52.670844,412.08,4,Sports & Outdoors,Bicycle
TXN0BA1U5T4QQ,CUST65814728,2026-02-27 21:16:52.670844,256.79,1,Clothing,Jacket
TXNRU2Q9SL26E,CUST65814728,2026-07-02 21:16:52.670844,553.41,3,Office Supplies,Electronics
TXNRGGWKWQG1H,CUST65814728,2026-03-02 21:16:52.670844,420.17,2,Toys & Games,Video Games
TXNQRZ602XSLB,CUST65814728,2026-02-20 21:16:52.670844,364.46,3,Health & Beauty,Personal Care
TXNAG1JIO25F0,CUST65814728,2026-05-16 21:16:52.670844,373.99,2,Clothing,Dress
TXNBRIAPS2X8B,CUST65814728,2026-06-01 21:16:52.670844,591.67,5,Sports & Outdoors,Sportswear
TXN97S2YSISRL,CUST65814728,2026-07-07 21:16:52.670844,364.46,1,Toys & Games,Video Games
TXNAG499M2LP1,CUST65814728,2026-05-20 21:16:52.670844,614.86,5,Automotive,Cleaning Supplies
TXNONJYIWM83N,CUST65814728,2026-06-13 21:16:52.670844,541.21,3,Office Supplies,Furniture
TXNY5NM1CM5PY,CUST65814728,2026-02-08 21:16:52.670844,636.59,2,Automotive,Tools
TXNR2S8HT4FNA,CUST65814728,2026-05-14 21:16:52.670844,427.78,2,Clothing,Dress
TXNQ4PEC6FXZ9,CUST18848482,2026-06-14 21:16:52.670844,137.63,3,Automotive,Car Accessories
TXNLREYSZE2BQ,CUST18848482,2026-04-04 21:16:52.670844,125.61,5,Books,Magazines
TXNRQ8U14PRGV,CUST18848482,2026-04-18 21:16:52.670844,163.42,1,Clothing,Jacket
TXNQTFCZFJ7IZ,CUST18848482,2026-04-17 21:16:52.670844,140.26,2,Toys & Games,Board Games
TXN5ON7N9UGR3,CUST18848482,2026-06-27 21:16:52.670844,87.77,1,Books,Magazines
TXN5U93PWI1FH,CUST18848482,2026-05-01 21:16:52.670844,202.44,3,Health & Beauty,Makeup
TXNBWGO9DGOY9,CUST18848482,2026-04-05 21:16:52.670844,225.1,4,Health & Beauty,Supplements
TXNGA4RTR9PWJ,CUST18848482,2026-03-14 21:16:52.670844,156.05,2,Office Supplies,Furniture
TXNZ6KHKYMIBI,CUST18848482,2026-06-12 21:16:52.670844,103.93,4,Home & Garden,Tools
TXN7MRAW2LWU2,CUST18848482,2026-03-31 21:16:52.670844,153.26,2,Clothing,Dress
TXN7XG0H4TSZI,CUST18848482,2026-06-01 21:16:52.670844,147.97,2,Toys & Games,Action Figures
TXNYV369J0UAY,CUST18848482,2026-04-30 21:16:52.670844,165.41,3,Clothing,Shoes
TXNHR9PJUY8IM,CUST18848482,2026-04-09 21:16:52.670844,125.62,3,Office Supplies,Furniture
TXN65HISWBF7T,CUST18848482,2026-03-28 21:16:52.670844,214.06,1,Clothing,Jacket
TXNG9T3I4V62F,CUST18848482,2026-06-06 21:16:52.670844,218.2,5,Electronics,Laptop
TXNVGD00NDGZX,CUST18848482,2026-06-27 21:16:52.670844,149.77,4,Sports & Outdoors,Camping Gear
TXNORW1NP6GME,CUST18848482,2026-06-12 21:16:52.670844,138.97,5,Automotive,Car Accessories
TXNOUCVUHX821,CUST18848482,2026-04-16 21:16:52.670844,176.02,4,Sports & Outdoors,Bicycle
TXN6VI00Y7CX7,CUST18848482,2026-05-05 21:16:52.670844,197.23,5,Books,Magazines
TXNVNJPP7J5H0,CUST18848482,2026-05-20 21:16:52.670844,160.75,2,Office Supplies,Desk Accessories
TXNM4PXALG1V2,CUST18848482,2026-06-10 21:16:52.670844,193.39,5,Office Supplies,Desk Accessories
TXN5EKH69ISLB,CUST18848482,2026-05-05 21:16:52.670844,119.15,5,Food & Beverages,Organic Products
TXNL77BIB2NJ5,CUST18848482,2026-03-29 21:16:52.670844,145.91,4,Health & Beauty,Supplements
TXNW0812ZNZ1X,CUST18848482,2026-06-27 21:16:52.670844,195.53,4,Home & Garden,Kitchen Appliances
TXNNG4GKS1AXC,CUST18848482,2026-04-11 21:16:52.670844,186.73,2,Health & Beauty,Personal Care
TXN59IOISPPLC,CUST18848482,2026-05-16 21:16:52.670844,121.29,3,Toys & Games,Board Games
TXNP845106UR6,CUST18848482,2026-03-20 21:16:52.670844,188.23,4,Books,Fiction
TXNY42542YY0N,CUST18848482,2026-03-15 21:16:52.670844,188.13,2,Automotive,Cleaning Supplies
TXN8FRTG35MOB,CUST18848482,2026-07-07 21:16:52.670844,141.25,2,Food & Beverages,Gourmet Food
TXN95MLPU34Z0,CUST77509325,2026-02-03 21:16:52.670844,162.83,5,Automotive,Car Accessories
TXNIAC2KC1C5J,CUST77509325,2026-03-06 21:16:52.670844,152.56,1,Food & Beverages,Organic Products
TXN9JNGSKXMIE,CUST77509325,2026-02-25 21:16:52.670844,90.29,3,Electronics,Smartphone
TXNX8FHGFGAG0,CUST77509325,2026-04-12 21:16:52.670844,106.29,5,Clothing,Dress
TXNR6GTGQP6J8,CUST77509325,2026-03-29 21:16:52.670844,114.34,4,Electronics,Smartphone
TXNYUO56VL310,CUST77509325,2026-02-05 21:16:52.670844,136.42,3,Office Supplies,Furniture
TXN0BI8HUEJ4D,CUST77509325,2026-03-11 21:16:52.670844,151.14,5,Books,Comics
TXNRZ6ER0XKAZ,CUST77509325,2026-03-14 21:16:52.670844,152.09,4,Automotive,Cleaning Supplies
TXN4PVX9CFT8D,CUST14225598,2025-09-02 21:16:52.670844,110.5,3,Electronics,Tablet
TXNDCA4C83IBG,CUST77827417,2025-07-03 21:16:52.670844,119.16,2,Electronics,Smart Watch
TXNUV47F0PM66,CUST98201925,2026-01-29 21:16:52.670844,158.66,5,Home & Garden,Furniture
TXNQQNOXABV29,CUST98201925,2026-02-01 21:16:52.670844,170.19,2,Automotive,Car Accessories
TXNUAI0TX4DLN,CUST98201925,2026-04-23 21:16:52.670844,73.93,5,Home & Garden,Kitchen Appliances
TXNESZA2Y9O4O,CUST98201925,2026-02-09 21:16:52.670844,213.01,2,Clothing,Jacket
TXNNNQP0SZVKO,CUST98201925,2026-03-24 21:16:52.670844,63.64,5,Electronics,Tablet
TXN49KRATAFRD,CUST73464319,2026-04-21 21:16:52.670844,143.51,1,Office Supplies,Furniture
TXNDOJ3XORAAH,CUST73464319,2026-03-29 21:16:52.670844,137.42,2,Home & Garden,Kitchen Appliances
TXNG21PMHA0CT,CUST73464319,2026-04-21 21:16:52.670844,42.33,1,Toys & Games,Action Figures
TXN3SJENP3I5V,CUST73464319,2026-04-05 21:16:52.670844,155.52,1,Automotive,Cleaning Supplies
TXNCJN9H1KTQA,CUST73464319,2026-04-22 21:16:52.670844,49.02,1,Health & Beauty,Personal Care
TXN1AOA6U8PPL,CUST73464319,2026-03-29 21:16:52.670844,102.95,3,Food & Beverages,Gourmet Food
TXNN24X15BP5G,CUST73464319,2026-04-07 21:16:52.670844,70.81,4,Office Supplies,Electronics
TXNFGO3NLD5H7,CUST73464319,2026-04-21 21:16:52.670844,71.66,4,Office Supplies,Furniture
TXNOTYAEXO29U,CUST73464319,2026-03-31 21:16:52.670844,104.24,3,Clothing,Jacket
TXNHOY5327VCR,CUST93323510,2025-11-11 21:16:52.670844,220.14,5,Sports & Outdoors,Camping Gear
TXNR2OMGZ0HCW,CUST93323510,2026-02-07 21:16:52.670844,198.75,4,Office Supplies,Electronics
TXNP0FGCHQ3O7,CUST93323510,2025-09-26 21:16:52.670844,318.22,3,Office Supplies,Stationery
TXNKAG03SLR7T,CUST93323510,2025-07-27 21:16:52.670844,271.78,4,Office Supplies,Furniture
TXNOA54YIZ3KE,CUST93323510,2025-12-27 21:16:52.670844,176.89,3,Food & Beverages,Snacks
TXNCHM49BFKSJ,CUST93323510,2026-02-18 21:16:52.670844,291.46,1,Food & Beverages,Gourmet Food
TXN8ZAVGXP9BS,CUST93323510,2025-10-31 21:16:52.670844,278.12,2,Sports & Outdoors,Sportswear
TXN9MGOH8O7K9,CUST93323510,2026-04-09 21:16:52.670844,348.11,4,Toys & Games,Board Games
TXN1F6Q5A7QG1,CUST93323510,2026-01-28 21:16:52.670844,361.97,2,Food & Beverages,Organic Products
TXNX94BGIE45Y,CUST93323510,2025-10-17 21:16:52.670844,305.2,2,Sports & Outdoors,Fitness Equipment
TXNW684IN0BZ9,CUST93323510,2025-10-23 21:16:52.670844,334.75,5,Books,Comics
TXNA9WUQ0V0PR,CUST93323510,2026-03-28 21:16:52.670844,452.06,5,Health & Beauty,Supplements
TXNT6AGY7FH9Q,CUST93323510,2025-12-20 21:16:52.670844,136.45,4,Office Supplies,Electronics
TXNXQTCD7UOJ5,CUST93323510,2026-01-12 21:16:52.670844,222.16,1,Health & Beauty,Personal Care
TXN5NQMRHD6BN,CUST93323510,2026-04-14 21:16:52.670844,339.58,3,Health & Beauty,Skincare
TXNHHWO0DZEYI,CUST93323510,2025-12-26 21:16:52.670844,311.38,4,Automotive,Cleaning Supplies
TXN4X2X2XIP8I,CUST93323510,2025-12-10 21:16:52.670844,113.27,5,Clothing,Accessories
TXNSDWV6WYBVU,CUST93323510,2025-09-08 21:16:52.670844,428.91,4,Food & Beverages,Beverages
TXNG0XWDMHYD2,CUST93323510,2026-01-27 21:16:52.670844,273.9,4,Books,Non-Fiction
TXNQOF2QSYQ3M,CUST93323510,2025-09-16 21:16:52.670844,194.12,5,Health & Beauty,Makeup
TXNLR8KOD18VA,CUST85210702,2026-03-01 21:16:52.670844,46.48,1,Automotive,Parts
TXNEW3RW371OL,CUST85210702,2025-10-20 21:16:52.670844,31.13,3,Electronics,Headphones
TXNZUYMKJ4306,CUST85210702,2026-04-16 21:16:52.670844,24.34,4,Office Supplies,Desk Accessories
TXN5U4BQ5ZY3Y,CUST85210702,2025-10-21 21:16:52.670844,24.66,4,Food & Beverages,Gourmet Food
TXNRFWL3ACUBB,CUST85210702,2025-10-18 21:16:52.670844,50.52,1,Toys & Games,Board Games
TXNS0AIEMI9GC,CUST85210702,2026-01-22 21:16:52.670844,30.79,4,Books,Comics
TXNA777MVQI36,CUST85210702,2025-11-01 21:16:52.670844,47.04,4,Toys & Games,Puzzles
TXNZ5YQBDUDB1,CUST85210702,2026-03-31 21:16:52.670844,60.11,1,Office Supplies,Furniture
TXNO7II8VV5UV,CUST85210702,2025-12-05 21:16:52.670844,16.46,1,Toys & Games,Board Games
TXNW3E33X1QJU,CUST32797459,2026-06-21 21:16:52.670844,249.39,2,Sports & Outdoors,Fitness Equipment
TXNJCDEZWSMUW,CUST32797459,2026-05-17 21:16:52.670844,284.49,4,Office Supplies,Furniture
TXNSCPGG58B9A,CUST32797459,2026-06-04 21:16:52.670844,372.25,2,Electronics,Headphones
TXNICE7YMZ4SP,CUST32797459,2026-06-16 21:16:52.670844,365.82,4,Home & Garden,Bedding
TXNSFPS5W49O0,CUST32797459,2026-05-22 21:16:52.670844,280.85,5,Food & Beverages,Beverages
TXNF176UIREY7,CUST32797459,2026-06-16 21:16:52.670844,257.37,2,Books,Magazines
TXN8OX52QT2BG,CUST32797459,2026-05-27 21:16:52.670844,288.21,2,Books,Comics
TXN3KDBXPV26K,CUST32797459,2026-05-21 21:16:52.670844,282.4,4,Health & Beauty,Personal Care
TXNH5RCEX2LFQ,CUST32797459,2026-05-13 21:16:52.670844,343.08,4,Sports & Outdoors,Camping Gear
TXNRMBF7GE8RE,CUST32797459,2026-05-30 21:16:52.670844,299.34,1,Sports & Outdoors,Sportswear
TXN8XY6XZCORY,CUST32797459,2026-05-19 21:16:52.670844,189.63,4,Books,Magazines
TXNLCRSCC7PZQ,CUST32797459,2026-05-22 21:16:52.670844,316.3,3,Toys & Games,Action Figures
TXN1N3G15AENG,CUST32797459,2026-06-18 21:16:52.670844,425.48,2,Clothing,Jacket
TXNUCUUSF12A3,CUST32797459,2026-06-26 21:16:52.670844,269.49,5,Clothing,Jeans
TXNYJFDIM02BX,CUST32797459,2026-05-17 21:16:52.670844,193.11,4,Clothing,Dress
TXNS8WQ675982,CUST32797459,2026-05-26 21:16:52.670844,226.55,1,Sports & Outdoors,Sportswear
TXNPP9655983E,CUST22560668,2025-12-19 21:16:52.670844,113.05,4,Automotive,Tools
TXNZKKIDT0K8Y,CUST22560668,2026-03-25 21:16:52.670844,155.69,3,Toys & Games,Action Figures
TXN7RI0I6AIBS,CUST22560668,2026-03-21 21:16:52.670844,181.33,3,Office Supplies,Electronics
TXNEEYRTZGW8Q,CUST22560668,2025-12-24 21:16:52.670844,236.07,5,Automotive,Parts
TXN7I6OILU0N3,CUST22560668,2026-06-06 21:16:52.670844,163.09,1,Books,Educational
TXNY7JWCNHI5Z,CUST22560668,2026-01-26 21:16:52.670844,209.41,2,Health & Beauty,Supplements
TXNBCAKQBIHPX,CUST22560668,2026-02-18 21:16:52.670844,187.78,3,Books,Fiction
TXN4212Y5Z11X,CUST22560668,2026-05-21 21:16:52.670844,139.15,5,Health & Beauty,Supplements
TXNKXRQ7ONM1H,CUST22560668,2026-01-08 21:16:52.670844,184.03,1,Office Supplies,Electronics
TXNNRGZD76Y1P,CUST22560668,2026-03-14 21:16:52.670844,231.89,1,Toys & Games,Board Games
TXNYE6Z6WKT9Z,CUST22560668,2025-12-03 21:16:52.670844,99.17,2,Health & Beauty,Supplements
TXNTJJO0RO7QP,CUST22560668,2026-02-06 21:16:52.670844,220.31,2,Health & Beauty,Supplements
TXN6C7V4NNAY7,CUST22560668,2026-06-08 21:16:52.670844,148.72,3,Health & Beauty,Skincare
TXNYYXJWWF3L9,CUST22560668,2026-02-12 21:16:52.670844,227.5,5,Home & Garden,Furniture
TXNV9ZCE84BUO,CUST22560668,2026-05-30 21:16:52.670844,223.93,2,Office Supplies,Stationery
TXN2D96RWN677,CUST22560668,2026-06-18 21:16:52.670844,254.0,5,Sports & Outdoors,Sportswear
TXNBCNFJ3MJ6Y,CUST22560668,2026-01-19 21:16:52.670844,209.65,3,Food & Beverages,Gourmet Food
TXN7X6SSSD0GP,CUST22560668,2026-01-11 21:16:52.670844,242.62,4,Automotive,Parts
TXNRMKMJ0QIHX,CUST22560668,2026-03-02 21:16:52.670844,103.3,3,Sports & Outdoors,Fitness Equipment
TXNAA5L7F57LF,CUST22560668,2026-06-20 21:16:52.670844,233.8,5,Electronics,Tablet
TXNH8Q9HHLQOZ,CUST22560668,2026-02-04 21:16:52.670844,192.63,4,Food & Beverages,Beverages
TXNECEBFAPL3V,CUST22560668,2026-06-28 21:16:52.670844,154.61,3,Office Supplies,Electronics
TXNEQQ6HV3S5G,CUST22560668,2025-12-28 21:16:52.670844,243.29,3,Automotive,Tools
TXNF4OK4FO3VS,CUST22560668,2026-03-21 21:16:52.670844,168.7,1,Sports & Outdoors,Fitness Equipment
TXN7L3KKWAO1U,CUST22560668,2026-02-28 21:16:52.670844,188.35,3,Health & Beauty,Skincare
TXN5WT1VG5ZDJ,CUST22560668,2025-12-10 21:16:52.670844,173.94,5,Home & Garden,Furniture
TXNEDYFWVUJYN,CUST22560668,2026-05-18 21:16:52.670844,273.59,1,Electronics,Camera
TXN05A82UBIRE,CUST22560668,2026-02-26 21:16:52.670844,224.82,5,Health & Beauty,Personal Care
TXNSCLQPTIU8O,CUST22560668,2026-05-30 21:16:52.670844,211.15,3,Automotive,Tools
TXNUO0TDXEXWO,CUST22560668,2026-06-12 21:16:52.670844,165.62,1,Books,Magazines
TXNRUST7V9CW0,CUST22560668,2026-02-03 21:16:52.670844,244.95,2,Home & Garden,Furniture
TXNXKXF410Y6A,CUST22560668,2026-06-01 21:16:52.670844,193.27,1,Automotive,Cleaning Supplies
TXNMUJOY4KLYF,CUST22560668,2026-04-26 21:16:52.670844,361.23,4,Automotive,Tools
TXNMDMDMUK1RS,CUST22560668,2026-06-13 21:16:52.670844,230.44,1,Electronics,Tablet
TXN730MHZUJBQ,CUST22560668,2026-04-25 21:16:52.670844,63.37,3,Electronics,Headphones
TXNEZ6ZSOH6Y4,CUST22560668,2026-06-28 21:16:52.670844,250.3,1,Sports & Outdoors,Fitness Equipment
TXN8YOKXDT9GD,CUST22560668,2025-12-08 21:16:52.670844,190.17,3,Home & Garden,Decor
TXNDUMKCG01Z6,CUST22560668,2025-12-26 21:16:52.670844,188.02,1,Sports & Outdoors,Camping Gear
TXN582CD7VJNR,CUST22560668,2026-05-23 21:16:52.670844,283.23,3,Office Supplies,Furniture
TXN9YKP9JG1IJ,CUST32388235,2026-01-24 21:16:52.670844,174.0,4,Office Supplies,Furniture
TXNZR6600VOD2,CUST32388235,2025-12-04 21:16:52.670844,180.23,1,Automotive,Parts
TXNB03Z0WAA03,CUST32388235,2026-01-29 21:16:52.670844,178.25,5,Home & Garden,Tools
TXN5Q8WUFLKHB,CUST32388235,2025-12-03 21:16:52.670844,181.34,1,Home & Garden,Furniture
TXNX8DS9PADMQ,CUST93015870,2025-12-24 21:16:52.670844,113.18,4,Office Supplies,Furniture
TXNIG8SJZCTMN,CUST93015870,2026-04-22 21:16:52.670844,149.28,4,Electronics,Tablet
TXNBL8EL04L0V,CUST93015870,2026-03-19 21:16:52.670844,156.41,3,Sports & Outdoors,Bicycle
TXNDRLFJAV1QS,CUST93015870,2026-01-25 21:16:52.670844,116.19,2,Office Supplies,Electronics
TXNGTD1B8JVVT,CUST51298174,2026-04-25 21:16:52.670844,496.77,3,Health & Beauty,Personal Care
TXNE3E4WNGX39,CUST51298174,2026-06-21 21:16:52.670844,318.86,3,Automotive,Tools
TXNXNC4G05OHV,CUST51298174,2026-07-01 21:16:52.670844,412.07,4,Food & Beverages,Snacks
TXN23BTRR3G83,CUST51298174,2026-07-08 21:16:52.670844,502.73,2,Home & Garden,Decor
TXN6NXL76W4UF,CUST51298174,2026-06-26 21:16:52.670844,567.5,2,Automotive,Parts
TXNF4HFT1FZRT,CUST51298174,2026-06-21 21:16:52.670844,407.43,1,Health & Beauty,Makeup
TXN9R8AE0LW96,CUST51298174,2026-07-01 21:16:52.670844,742.93,2,Office Supplies,Stationery
TXNHUDHXN7KHG,CUST51298174,2026-06-10 21:16:52.670844,212.45,3,Sports & Outdoors,Bicycle
TXNGHBA7392RL,CUST51298174,2026-05-12 21:16:52.670844,493.94,3,Home & Garden,Decor
TXNHF1MOG0NY0,CUST51298174,2026-05-15 21:16:52.670844,275.64,3,Toys & Games,Board Games
TXNXHKVIHG5HQ,CUST51298174,2026-05-11 21:16:52.670844,210.7,3,Health & Beauty,Makeup
TXNZMMSGKUG1H,CUST51298174,2026-05-01 21:16:52.670844,325.65,3,Toys & Games,Puzzles
TXN7W9YDU31HF,CUST51298174,2026-06-27 21:16:52.670844,357.36,5,Automotive,Parts
TXN3TO5PJSBJW,CUST51298174,2026-06-15 21:16:52.670844,312.08,1,Electronics,Tablet
TXNG5UKRGYVTK,CUST51298174,2026-06-18 21:16:52.670844,514.17,1,Books,Educational
TXNKQH57MK7U5,CUST51298174,2026-06-08 21:16:52.670844,392.33,3,Books,Comics
TXNP4X3APBBSN,CUST51298174,2026-07-15 21:16:52.670844,764.46,1,Toys & Games,Action Figures
TXNUKSVLBR841,CUST51298174,2026-05-11 21:16:52.670844,583.35,4,Sports & Outdoors,Fitness Equipment
TXNLKJ4JO7QMD,CUST51298174,2026-06-19 21:16:52.670844,215.58,2,Clothing,Accessories
TXN7H2FPW63VE,CUST51298174,2026-05-23 21:16:52.670844,494.36,4,Home & Garden,Bedding
TXNG194GFO1BT,CUST51298174,2026-05-07 21:16:52.670844,657.74,2,Electronics,Smart Watch
TXN2QLZKT3FHC,CUST51298174,2026-05-23 21:16:52.670844,434.53,5,Sports & Outdoors,Sportswear
TXNQBFA0LK3DT,CUST51298174,2026-05-24 21:16:52.670844,568.36,5,Home & Garden,Bedding
TXNLBG1LJFLUU,CUST51298174,2026-05-18 21:16:52.670844,310.8,3,Food & Beverages,Beverages
TXNRTZKY0XVYI,CUST51298174,2026-04-28 21:16:52.670844,460.21,2,Electronics,Laptop
TXNH13CMRHNOG,CUST51298174,2026-06-06 21:16:52.670844,477.63,5,Toys & Games,Puzzles
TXNL2LDDI9UNW,CUST51298174,2026-07-08 21:16:52.670844,403.02,3,Food & Beverages,Snacks
TXNHHYP2VZ0I2,CUST51298174,2026-05-22 21:16:52.670844,370.27,3,Toys & Games,Action Figures
TXN64WIQBJR1P,CUST51298174,2026-05-06 21:16:52.670844,599.35,2,Clothing,Jacket
TXNTKHXT6GXIX,CUST51298174,2026-06-17 21:16:52.670844,371.88,2,Automotive,Tools
TXNR22VGZE3MD,CUST51298174,2026-06-23 21:16:52.670844,322.7,4,Toys & Games,Board Games
TXNU6MKGE83DU,CUST51298174,2026-07-01 21:16:52.670844,409.48,1,Home & Garden,Bedding
TXNNJIQCC2QMZ,CUST51298174,2026-06-09 21:16:52.670844,317.52,3,Home & Garden,Bedding
TXNZ6OPVGST45,CUST51298174,2026-05-11 21:16:52.670844,653.95,3,Automotive,Car Accessories
TXNVZGP3M3RMK,CUST51298174,2026-07-17 21:16:52.670844,207.91,4,Books,Educational
TXN00YH8T5LH9,CUST51298174,2026-06-12 21:16:52.670844,417.87,3,Clothing,Accessories
TXNGQVNJQAFEW,CUST25302446,2026-02-09 21:16:52.670844,115.44,5,Food & Beverages,Beverages
TXNL0ZF5ITT4Y,CUST25302446,2026-02-16 21:16:52.670844,190.04,5,Automotive,Parts
TXNBFF4KHAMM8,CUST25302446,2026-02-13 21:16:52.670844,125.96,4,Clothing,Jeans
TXNR3E010CU70,CUST25302446,2026-02-13 21:16:52.670844,164.76,3,Automotive,Tools
TXN4FKELB32H6,CUST25302446,2026-02-05 21:16:52.670844,193.51,1,Office Supplies,Stationery
TXNLAM30W567W,CUST25302446,2026-02-11 21:16:52.670844,163.83,5,Health & Beauty,Supplements
TXN8VGXN0FD3K,CUST25302446,2026-02-21 21:16:52.670844,136.16,2,Clothing,Shoes
TXND0TTW89NVG,CUST11443705,2026-04-13 21:16:52.670844,41.12,4,Sports & Outdoors,Bicycle
TXN9NKFQPMUD6,CUST11443705,2025-10-20 21:16:52.670844,24.37,3,Sports & Outdoors,Fitness Equipment
TXN1TUMC5W1IL,CUST11443705,2025-12-11 21:16:52.670844,65.05,1,Books,Educational
TXNWZ8E1DEU9N,CUST11443705,2026-03-28 21:16:52.670844,86.48,3,Office Supplies,Stationery
TXNMTB2QDTKQ0,CUST11443705,2025-11-02 21:16:52.670844,73.63,2,Clothing,Shoes
TXN5OF4SR6QHN,CUST11443705,2026-04-16 21:16:52.670844,70.12,5,Food & Beverages,Organic Products
TXNI3HGH31M0B,CUST11443705,2025-09-15 21:16:52.670844,74.29,1,Toys & Games,Video Games
TXNGDVRZISPTD,CUST11799993,2026-04-17 21:16:52.670844,136.22,3,Health & Beauty,Makeup
TXNC86UW3A9GD,CUST11799993,2026-05-03 21:16:52.670844,112.49,3,Food & Beverages,Snacks
TXNYUMXE4BH3F,CUST11799993,2026-05-03 21:16:52.670844,100.28,2,Books,Educational
TXNQ2N6320K92,CUST11799993,2026-05-06 21:16:52.670844,134.56,4,Home & Garden,Kitchen Appliances
TXNEFYBQ4D6UG,CUST11799993,2026-04-14 21:16:52.670844,131.97,2,Sports & Outdoors,Bicycle
TXN7LB28YWASC,CUST84533145,2026-06-03 21:16:52.670844,211.09,3,Clothing,Jacket
TXN180JU090PD,CUST84533145,2026-04-08 21:16:52.670844,170.09,3,Toys & Games,Puzzles
TXNU5EHCI6YGF,CUST84533145,2026-06-09 21:16:52.670844,180.22,4,Home & Garden,Tools
TXNOBX20KYKOG,CUST84533145,2026-05-23 21:16:52.670844,137.69,2,Books,Non-Fiction
TXN37Y5ANUFIL,CUST84533145,2026-04-16 21:16:52.670844,227.89,3,Office Supplies,Desk Accessories
TXN3L1IJ2QS31,CUST84533145,2026-04-27 21:16:52.670844,87.04,3,Sports & Outdoors,Fitness Equipment
TXNLB6RRTRE63,CUST84533145,2026-06-28 21:16:52.670844,183.91,2,Automotive,Tools
TXNVM6T5GKQLY,CUST84533145,2026-04-04 21:16:52.670844,94.18,1,Sports & Outdoors,Sportswear
TXNENZPVMUBAD,CUST84533145,2026-04-10 21:16:52.670844,108.89,4,Books,Educational
TXN14FZ4PM4A3,CUST84533145,2026-04-04 21:16:52.670844,171.54,5,Automotive,Cleaning Supplies
TXNKLH9QU4IS5,CUST84533145,2026-04-22 21:16:52.670844,114.48,3,Sports & Outdoors,Fitness Equipment
TXN8EYLTJFPSM,CUST84533145,2026-06-07 21:16:52.670844,121.34,2,Food & Beverages,Snacks
TXNR44X5G8MS8,CUST84533145,2026-05-08 21:16:52.670844,207.79,3,Books,Educational
TXNJA1C20BAWQ,CUST84533145,2026-05-05 21:16:52.670844,182.21,1,Office Supplies,Furniture
TXNKN7VGRN0UA,CUST84533145,2026-06-07 21:16:52.670844,194.96,3,Clothing,Jacket
TXNQ5TOTODXUE,CUST84533145,2026-06-14 21:16:52.670844,130.05,3,Toys & Games,Board Games
TXN2N221IX7TM,CUST84533145,2026-07-11 21:16:52.670844,110.6,2,Food & Beverages,Organic Products
TXN4WVHIAZSMH,CUST84533145,2026-05-30 21:16:52.670844,138.11,4,Books,Non-Fiction
TXN6T2233X5T3,CUST84533145,2026-06-21 21:16:52.670844,135.72,3,Home & Garden,Decor
TXNTG5TWJF8KU,CUST84533145,2026-06-26 21:16:52.670844,81.48,5,Automotive,Car Accessories
TXN3VLLE5FQ3Q,CUST84533145,2026-07-12 21:16:52.670844,107.65,3,Toys & Games,Video Games
TXNJ7TD75O6GZ,CUST99667226,2025-03-16 21:16:52.670844,81.05,2,Sports & Outdoors,Fitness Equipment
TXN8P0XLRL5QW,CUST99667226,2025-06-26 21:16:52.670844,87.02,2,Books,Non-Fiction
TXNV4UCW3TU45,CUST99667226,2026-01-10 21:16:52.670844,97.56,5,Home & Garden,Decor
TXNWQTVWPEKG6,CUST99667226,2026-02-07 21:16:52.670844,54.21,1,Office Supplies,Stationery
TXNEPNTPCS0R2,CUST99667226,2024-09-15 21:16:52.670844,61.57,1,Home & Garden,Kitchen Appliances
TXNHR6J1CF7S4,CUST99667226,2026-03-05 21:16:52.670844,32.48,1,Office Supplies,Electronics
TXNN9U2ZZBFSK,CUST99667226,2025-01-10 21:16:52.670844,45.82,2,Office Supplies,Desk Accessories
TXN15TSSHH3QT,CUST36397663,2024-12-04 21:16:52.670844,458.76,1,Health & Beauty,Supplements
TXNFBKQVSB4AZ,CUST36397663,2025-02-13 21:16:52.670844,241.57,4,Health & Beauty,Personal Care
TXN3C2KA5P24N,CUST36397663,2025-08-31 21:16:52.670844,152.23,5,Books,Educational
TXNOFAQBUIZCE,CUST36397663,2024-09-08 21:16:52.670844,221.23,4,Books,Non-Fiction
TXN6G7PARHVNS,CUST36397663,2025-08-16 21:16:52.670844,284.16,1,Food & Beverages,Beverages
TXN31OPAUH6HI,CUST36397663,2025-06-10 21:16:52.670844,311.08,4,Books,Educational
TXNU027NTKST6,CUST36397663,2024-10-29 21:16:52.670844,76.77,2,Food & Beverages,Organic Products
TXNQTECEV9SDG,CUST36397663,2025-11-23 21:16:52.670844,337.72,1,Home & Garden,Decor
TXNIIFQFQ1Y8L,CUST36397663,2026-05-16 21:16:52.670844,252.51,1,Books,Educational
TXNCSOQE0UU6F,CUST36397663,2025-06-02 21:16:52.670844,328.84,1,Books,Comics
TXNR4UYSGOKWZ,CUST36397663,2026-05-23 21:16:52.670844,277.01,4,Clothing,Jacket
TXNDQ3C219EVU,CUST36397663,2025-07-20 21:16:52.670844,324.84,5,Automotive,Car Accessories
TXNUJUYXWLR3V,CUST36397663,2026-04-15 21:16:52.670844,251.4,5,Electronics,Smartphone
TXN3N8I8NKXAW,CUST36397663,2025-07-21 21:16:52.670844,388.17,1,Toys & Games,Video Games
TXNC3XHQJZIDS,CUST36397663,2024-09-27 21:16:52.670844,297.2,5,Books,Magazines
TXNRX7SE8QJP2,CUST36397663,2025-01-11 21:16:52.670844,408.22,5,Health & Beauty,Skincare
TXN9E5K3EHEWP,CUST36397663,2025-03-14 21:16:52.670844,484.78,4,Electronics,Smartphone
TXNGFG5P9T7PE,CUST36397663,2025-10-04 21:16:52.670844,397.43,3,Health & Beauty,Makeup
TXNEAGIRKSRI0,CUST36397663,2025-05-14 21:16:52.670844,372.52,5,Sports & Outdoors,Camping Gear
TXN8DGXMXLSNC,CUST36397663,2025-04-21 21:16:52.670844,320.84,1,Food & Beverages,Beverages
TXN4V32XFRIEI,CUST36397663,2025-12-04 21:16:52.670844,418.81,1,Sports & Outdoors,Fitness Equipment
TXN92S6HVROBE,CUST36397663,2025-08-06 21:16:52.670844,257.29,1,Electronics,Camera
TXNL86Q3NGCHK,CUST36397663,2025-10-27 21:16:52.670844,418.64,1,Health & Beauty,Personal Care
TXN2RP40IU4K0,CUST36397663,2024-08-09 21:16:52.670844,307.0,5,Health & Beauty,Makeup
TXNB4YWNIZSRN,CUST36397663,2025-06-22 21:16:52.670844,299.48,3,Sports & Outdoors,Sportswear
TXNVL5R7TOVHC,CUST36397663,2025-10-04 21:16:52.670844,338.49,3,Clothing,Jeans
TXN97HWWB7AWB,CUST36397663,2026-05-21 21:16:52.670844,47.12,3,Home & Garden,Kitchen Appliances
TXNNNRS307X5T,CUST36397663,2026-06-15 21:16:52.670844,264.57,4,Toys & Games,Puzzles
TXNBPCF75E64Q,CUST36397663,2025-11-28 21:16:52.670844,354.42,4,Home & Garden,Furniture
TXNVMYPF5USNB,CUST36397663,2025-05-18 21:16:52.670844,448.93,1,Clothing,T-Shirt
TXNL5IY3GNQ20,CUST36397663,2025-01-23 21:16:52.670844,391.64,2,Health & Beauty,Personal Care
TXNOJ69R4MRDU,CUST36397663,2026-03-26 21:16:52.670844,333.84,1,Sports & Outdoors,Fitness Equipment
TXNH0DOSEQ7EY,CUST36397663,2025-12-12 21:16:52.670844,254.44,1,Electronics,Laptop
TXN5OC8IB1WSM,CUST36397663,2026-04-15 21:16:52.670844,250.11,1,Toys & Games,Board Games
TXNOSLR6GRZYY,CUST36397663,2026-03-08 21:16:52.670844,324.07,1,Clothing,Jeans
TXNL6QOX013XL,CUST36397663,2025-02-20 21:16:52.670844,182.84,4,Sports & Outdoors,Camping Gear
TXNK3C1WQKKU9,CUST36397663,2024-09-27 21:16:52.670844,294.59,4,Books,Magazines
TXN2SE2BXUMW5,CUST36397663,2026-03-15 21:16:52.670844,329.0,1,Home & Garden,Tools
TXNCZVVVS6MQK,CUST36397663,2025-04-07 21:16:52.670844,389.65,5,Automotive,Tools
TXNFTRHGI5Z5W,CUST36397663,2026-01-03 21:16:52.670844,62.41,1,Food & Beverages,Beverages
TXN6CJ27EO4GW,CUST36397663,2024-11-13 21:16:52.670844,248.76,4,Sports & Outdoors,Bicycle
TXNQ8NILLDUZU,CUST36397663,2026-03-02 21:16:52.670844,293.15,4,Toys & Games,Video Games
TXNTVE2JZN772,CUST86204363,2026-04-15 21:16:52.670844,139.22,5,Sports & Outdoors,Camping Gear
TXNPTIKDRGUVZ,CUST86204363,2026-04-30 21:16:52.670844,112.76,2,Books,Comics
TXN9XD5S5QRB2,CUST86204363,2026-04-15 21:16:52.670844,93.5,1,Toys & Games,Video Games
TXNYUVLZ2WPJZ,CUST86204363,2026-05-24 21:16:52.670844,134.82,5,Automotive,Cleaning Supplies
TXNRHJCPXMJNZ,CUST86204363,2026-04-14 21:16:52.670844,192.59,2,Sports & Outdoors,Camping Gear
TXNTG2NUUUUMY,CUST86204363,2026-04-12 21:16:52.670844,69.25,3,Sports & Outdoors,Sportswear
TXNHEIR2XT0CK,CUST86204363,2026-03-25 21:16:52.670844,185.96,4,Toys & Games,Video Games
TXN3VQ88CE1YT,CUST86204363,2026-05-30 21:16:52.670844,154.52,1,Home & Garden,Bedding
TXNS4QFVBKKGY,CUST86204363,2026-03-31 21:16:52.670844,102.29,1,Office Supplies,Furniture
TXNMG9E9DM8AW,CUST86204363,2026-04-15 21:16:52.670844,120.96,1,Sports & Outdoors,Bicycle
TXN0X9SIBANX3,CUST86204363,2026-04-03 21:16:52.670844,130.89,5,Sports & Outdoors,Bicycle
TXN1ZUIB67RB3,CUST86204363,2026-04-23 21:16:52.670844,149.12,3,Clothing,Shoes
TXN0O0A3HVGUF,CUST86204363,2026-05-20 21:16:52.670844,137.69,5,Electronics,Headphones
TXNM0QHCN27IZ,CUST86204363,2026-04-21 21:16:52.670844,151.32,2,Electronics,Camera
TXNT6TMOJE8TB,CUST86204363,2026-06-02 21:16:52.670844,86.86,4,Food & Beverages,Beverages
TXNUDRPBCJG64,CUST86204363,2026-05-12 21:16:52.670844,151.16,3,Electronics,Camera
TXN9KVW6VMA9F,CUST86204363,2026-05-13 21:16:52.670844,58.9,3,Home & Garden,Decor
TXNTQ2R0QDLTM,CUST95496819,2025-05-04 21:16:52.670844,97.94,1,Food & Beverages,Snacks
TXNJ410SIEK9G,CUST95496819,2025-11-29 21:16:52.670844,135.29,2,Automotive,Car Accessories
TXNFAWAVGDKYQ,CUST95496819,2026-02-04 21:16:52.670844,133.94,4,Toys & Games,Puzzles
TXNI4AQS2F6IG,CUST95496819,2025-05-17 21:16:52.670844,83.17,5,Food & Beverages,Gourmet Food
TXNGLKN6WTO9F,CUST95496819,2025-05-16 21:16:52.670844,134.19,4,Health & Beauty,Supplements
TXN3ZM8O36PV7,CUST95496819,2026-01-13 21:16:52.670844,56.29,1,Home & Garden,Furniture
TXNF20ZLDQGWP,CUST95496819,2025-12-07 21:16:52.670844,95.88,5,Toys & Games,Board Games
TXNOBQL039SOB,CUST95496819,2025-12-24 21:16:52.670844,147.53,2,Electronics,Camera
TXNYT372DBEUH,CUST95496819,2025-09-07 21:16:52.670844,168.91,2,Sports & Outdoors,Fitness Equipment
TXNOGCBD7Q6MR,CUST95496819,2025-04-13 21:16:52.670844,128.58,2,Sports & Outdoors,Sportswear
TXNUH5ISS0M7K,CUST95496819,2025-05-24 21:16:52.670844,100.69,5,Toys & Games,Video Games
TXNJ115ZIG54U,CUST95496819,2025-05-02 21:16:52.670844,193.04,1,Food & Beverages,Gourmet Food
TXNIQH39V0BBB,CUST95496819,2026-04-10 21:16:52.670844,136.42,5,Health & Beauty,Makeup
TXN0BZP8Z8WN4,CUST95496819,2026-05-28 21:16:52.670844,104.79,1,Health & Beauty,Skincare
TXN9OK9UQLN4W,CUST38054313,2026-03-10 21:16:52.670844,52.53,4,Toys & Games,Action Figures
TXNQ6PARVV7WW,CUST38054313,2026-03-23 21:16:52.670844,227.21,3,Electronics,Camera
TXNW2GOH9YMRS,CUST38054313,2026-03-13 21:16:52.670844,215.71,4,Electronics,Smart Watch
TXN3QBPEMOSBI,CUST38054313,2026-03-24 21:16:52.670844,197.38,3,Office Supplies,Electronics
TXNWMN6JNQJ5U,CUST38054313,2026-03-24 21:16:52.670844,225.99,3,Clothing,Jacket
TXN6FW3TS60JZ,CUST38054313,2026-03-16 21:16:52.670844,191.13,3,Books,Fiction
TXNWR5YVRPDQQ,CUST38054313,2026-03-18 21:16:52.670844,175.54,5,Home & Garden,Furniture
TXNL7CAKJC74K,CUST59802922,2025-04-13 21:16:52.670844,96.52,2,Clothing,Shoes
TXNDE16Q8PU8H,CUST59802922,2026-03-09 21:16:52.670844,62.09,1,Sports & Outdoors,Sportswear
TXNXQ9KIFZEBX,CUST59802922,2025-09-09 21:16:52.670844,76.43,4,Automotive,Tools
TXNQE5FFMJNED,CUST59802922,2025-10-17 21:16:52.670844,100.06,3,Health & Beauty,Supplements
TXNWRZSB4Z7W4,CUST59802922,2025-10-01 21:16:52.670844,82.89,3,Food & Beverages,Beverages
TXN3IAUXL07X1,CUST59802922,2025-10-07 21:16:52.670844,60.15,4,Health & Beauty,Makeup
TXNC9JT2Q044A,CUST59802922,2025-12-23 21:16:52.670844,50.05,4,Clothing,Shoes
TXNVI8TCS4SGV,CUST59802922,2026-04-13 21:16:52.670844,102.25,4,Food & Beverages,Beverages
TXNRJI6S4T4BW,CUST59802922,2026-05-04 21:16:52.670844,118.45,4,Food & Beverages,Beverages
TXNQUXR1QX283,CUST59802922,2025-08-21 21:16:52.670844,74.33,3,Clothing,T-Shirt
TXNKVVEIPCEKL,CUST59802922,2025-10-10 21:16:52.670844,56.11,5,Food & Beverages,Gourmet Food
TXNK0ST5R1UQ7,CUST59802922,2026-04-20 21:16:52.670844,95.09,2,Books,Educational
TXN2U7YUAWV91,CUST59802922,2025-05-08 21:16:52.670844,102.63,5,Health & Beauty,Skincare
TXNSLMB1HB4IZ,CUST59802922,2026-02-05 21:16:52.670844,46.31,5,Clothing,Jacket
TXNGDWAUUZWYF,CUST66161745,2026-06-24 21:16:52.670844,213.3,3,Clothing,Dress
TXNMTQBOUQW6Y,CUST66161745,2026-06-27 21:16:52.670844,234.07,3,Clothing,Shoes
TXNORYC9IWU4J,CUST66161745,2026-06-21 21:16:52.670844,178.59,2,Home & Garden,Furniture
TXNG0VFUYJV7N,CUST66161745,2026-06-26 21:16:52.670844,316.65,4,Sports & Outdoors,Camping Gear
TXNDR4KYR2CSK,CUST66161745,2026-07-01 21:16:52.670844,173.57,5,Toys & Games,Board Games
TXNYMYGY3AF84,CUST66161745,2026-06-23 21:16:52.670844,272.25,3,Health & Beauty,Makeup
TXN9S0HYQ4XZL,CUST66161745,2026-07-01 21:16:52.670844,390.67,4,Health & Beauty,Supplements
TXNRVQVR8SK96,CUST66161745,2026-06-22 21:16:52.670844,260.01,5,Home & Garden,Decor
TXNG48M52RTMV,CUST66161745,2026-06-26 21:16:52.670844,425.88,3,Health & Beauty,Personal Care
TXNG3EIV7XSJC,CUST66161745,2026-06-30 21:16:52.670844,355.13,1,Health & Beauty,Personal Care
TXNFCXLQ6FQZJ,CUST66161745,2026-07-02 21:16:52.670844,241.12,1,Clothing,T-Shirt
TXNASF69PVQOS,CUST66161745,2026-06-29 21:16:52.670844,72.09,4,Health & Beauty,Personal Care
TXNUKPGQLW522,CUST66161745,2026-06-21 21:16:52.670844,187.42,3,Office Supplies,Desk Accessories
TXN663LIUXHDP,CUST66161745,2026-06-24 21:16:52.670844,260.17,2,Automotive,Car Accessories
TXNN6HB079CFW,CUST18860288,2025-02-11 21:16:52.670844,168.3,4,Electronics,Smartphone
TXNQ2JNPMU57V,CUST18860288,2026-01-16 21:16:52.670844,196.26,3,Health & Beauty,Makeup
TXNMEPC88MRTM,CUST18860288,2026-05-26 21:16:52.670844,245.02,1,Office Supplies,Stationery
TXNVHKRWWVM7L,CUST18860288,2026-01-24 21:16:52.670844,125.02,3,Books,Educational
TXN7NXNNXLGNR,CUST18860288,2026-05-01 21:16:52.670844,178.65,1,Sports & Outdoors,Camping Gear
TXN1ADQMVN49S,CUST18860288,2025-11-11 21:16:52.670844,290.56,4,Clothing,Dress
TXNLS6EOE0UDR,CUST18860288,2026-04-09 21:16:52.670844,291.17,1,Toys & Games,Board Games
TXNZ2H4P37XYF,CUST18860288,2025-11-28 21:16:52.670844,348.16,1,Sports & Outdoors,Bicycle
TXNU0X6ZSB4KX,CUST18860288,2025-02-01 21:16:52.670844,286.83,5,Office Supplies,Electronics
TXNVJGP7JAZYO,CUST18860288,2025-03-24 21:16:52.670844,100.63,1,Office Supplies,Stationery
TXNL2T06KN1TI,CUST18860288,2026-03-10 21:16:52.670844,293.49,2,Health & Beauty,Skincare
TXNRXKY08GOCO,CUST18860288,2025-07-11 21:16:52.670844,237.21,5,Books,Fiction
TXN4JG93BI4QA,CUST18860288,2025-07-03 21:16:52.670844,386.23,1,Food & Beverages,Gourmet Food
TXNOYV213416E,CUST18860288,2025-06-08 21:16:52.670844,211.99,1,Home & Garden,Furniture
TXNSMFGYLDVLH,CUST18860288,2025-07-20 21:16:52.670844,131.83,4,Food & Beverages,Organic Products
TXNDRFHAVZIR5,CUST18860288,2025-03-19 21:16:52.670844,216.98,4,Food & Beverages,Snacks
TXNV6QTS93LTL,CUST18860288,2026-05-04 21:16:52.670844,236.12,2,Health & Beauty,Personal Care
TXN6VC0ID6VVV,CUST18860288,2025-12-18 21:16:52.670844,339.44,2,Food & Beverages,Beverages
TXNKW42GU4W8U,CUST18860288,2025-07-11 21:16:52.670844,259.04,4,Health & Beauty,Personal Care
TXNVR32EIPLBA,CUST18860288,2025-10-22 21:16:52.670844,125.3,1,Books,Magazines
TXN1QZJM7I9TD,CUST18860288,2025-07-21 21:16:52.670844,203.53,4,Health & Beauty,Skincare
TXNXG3BAQML3H,CUST18860288,2025-06-07 21:16:52.670844,197.74,1,Health & Beauty,Personal Care
TXNJ0WXKGR292,CUST18860288,2025-02-28 21:16:52.670844,193.53,3,Home & Garden,Tools
TXNFU5ALFFI8D,CUST18860288,2026-05-22 21:16:52.670844,177.88,5,Sports & Outdoors,Fitness Equipment
TXN3TIB5I4E38,CUST95819240,2026-04-24 21:16:52.670844,308.54,4,Sports & Outdoors,Camping Gear
TXN3VOEWTLL3A,CUST95819240,2025-12-06 21:16:52.670844,301.0,5,Automotive,Tools
TXNPHXX4FYA96,CUST95819240,2025-11-29 21:16:52.670844,206.75,5,Health & Beauty,Makeup
TXNTU8FP9KLPQ,CUST95819240,2025-08-01 21:16:52.670844,293.87,5,Office Supplies,Electronics
TXNKAMSPK9CTE,CUST95819240,2025-04-27 21:16:52.670844,270.35,4,Office Supplies,Stationery
TXN77ILP5Y8XO,CUST95819240,2025-12-17 21:16:52.670844,243.69,1,Food & Beverages,Gourmet Food
TXN69R7PZAC5L,CUST95819240,2026-03-28 21:16:52.670844,216.97,2,Sports & Outdoors,Camping Gear
TXNTEZ2SRKWYC,CUST95819240,2026-03-14 21:16:52.670844,207.96,1,Home & Garden,Tools
TXN7270OCBI8L,CUST95819240,2025-06-04 21:16:52.670844,241.2,5,Food & Beverages,Snacks
TXNGBE76PCVYQ,CUST95819240,2026-04-26 21:16:52.670844,371.54,4,Clothing,T-Shirt
TXNUFJC9LY40X,CUST95819240,2026-04-18 21:16:52.670844,195.63,2,Automotive,Parts
TXNHXIGK47OIQ,CUST95819240,2025-10-24 21:16:52.670844,234.72,4,Books,Comics
TXNE8146GALYM,CUST95819240,2026-04-24 21:16:52.670844,204.22,3,Clothing,Jeans
TXN6NH2F6HE0D,CUST95819240,2025-06-18 21:16:52.670844,276.53,1,Automotive,Car Accessories
TXNX5DQ1XVMJF,CUST95819240,2025-05-09 21:16:52.670844,271.69,4,Books,Magazines
TXNFPDOOGD5L8,CUST95819240,2026-01-29 21:16:52.670844,176.36,3,Office Supplies,Desk Accessories
TXN6CE76B2CU0,CUST95819240,2026-02-22 21:16:52.670844,197.62,1,Food & Beverages,Beverages
TXNYYCAXXSWRF,CUST95819240,2026-06-01 21:16:52.670844,303.58,5,Automotive,Parts
TXN3V60M8U5H5,CUST95819240,2026-06-15 21:16:52.670844,160.02,1,Sports & Outdoors,Sportswear
TXN7HDALX1JUH,CUST87287421,2026-02-14 21:16:52.670844,51.76,4,Home & Garden,Furniture
TXNQG5F4MIEDD,CUST87287421,2026-02-12 21:16:52.670844,51.92,2,Food & Beverages,Beverages
TXNQKJM90JWBG,CUST87287421,2026-02-09 21:16:52.670844,86.32,4,Food & Beverages,Gourmet Food
TXNDLOIXGHT83,CUST87287421,2026-02-12 21:16:52.670844,107.8,1,Office Supplies,Stationery
TXNC3UMDDQUU4,CUST87287421,2026-02-13 21:16:52.670844,82.15,1,Sports & Outdoors,Camping Gear
TXN0SCGRYHA9H,CUST87287421,2026-02-11 21:16:52.670844,67.48,3,Home & Garden,Kitchen Appliances
TXNY8RSSFCIH9,CUST74847582,2026-05-14 21:16:52.670844,90.18,3,Office Supplies,Stationery
TXNLNK4UPYYRO,CUST74847582,2026-05-20 21:16:52.670844,89.98,3,Food & Beverages,Organic Products
TXNCZOH2WN0WY,CUST74847582,2025-11-02 21:16:52.670844,109.84,4,Books,Non-Fiction
TXN9FNLDG4388,CUST25189890,2026-05-23 21:16:52.670844,299.96,2,Toys & Games,Action Figures
TXNL42OZKLKSM,CUST25189890,2026-06-01 21:16:52.670844,260.29,4,Health & Beauty,Skincare
TXNQT9RUHNY0A,CUST25189890,2026-06-09 21:16:52.670844,440.71,1,Toys & Games,Board Games
TXNI65UXBOL3Q,CUST25189890,2026-07-04 21:16:52.670844,481.98,4,Automotive,Car Accessories
TXN6DWJXSQSNP,CUST25189890,2026-04-18 21:16:52.670844,409.15,2,Office Supplies,Furniture
TXNOS4268Q0QV,CUST25189890,2026-04-24 21:16:52.670844,542.95,4,Health & Beauty,Skincare
TXNOU59KP89RZ,CUST25189890,2026-06-29 21:16:52.670844,416.77,4,Food & Beverages,Beverages
TXN0JWQ4N4HRC,CUST25189890,2026-05-17 21:16:52.670844,266.57,2,Home & Garden,Kitchen Appliances
TXN06A0Z88HRG,CUST25189890,2026-05-26 21:16:52.670844,356.92,5,Home & Garden,Bedding
TXNT39BEILUMK,CUST25189890,2026-06-17 21:16:52.670844,425.1,3,Office Supplies,Stationery
TXN08USHDS8UD,CUST25189890,2026-05-15 21:16:52.670844,501.38,4,Clothing,T-Shirt
TXN4ZP6U54BC8,CUST25189890,2026-06-17 21:16:52.670844,322.54,2,Clothing,Dress
TXNWO8YVZ2LZE,CUST25189890,2026-04-19 21:16:52.670844,283.72,5,Electronics,Headphones
TXNFXEQPWHTU6,CUST25189890,2026-06-25 21:16:52.670844,374.09,1,Toys & Games,Puzzles
TXNJM8RIHF4NZ,CUST25189890,2026-05-13 21:16:52.670844,300.4,1,Clothing,Shoes
TXNZSJ36IAOTO,CUST25189890,2026-06-19 21:16:52.670844,270.98,1,Office Supplies,Electronics
TXN3I2EAH9G5I,CUST25189890,2026-04-15 21:16:52.670844,374.2,4,Electronics,Tablet
TXNLBDLXNZ16G,CUST25189890,2026-05-18 21:16:52.670844,326.24,4,Clothing,Jeans
TXNO90JB9VBBE,CUST25189890,2026-04-18 21:16:52.670844,297.27,1,Clothing,Accessories
TXND5UTGL62IJ,CUST25189890,2026-05-04 21:16:52.670844,349.79,1,Toys & Games,Board Games
TXNMEXMDVMPZZ,CUST25189890,2026-05-26 21:16:52.670844,395.47,1,Automotive,Car Accessories
TXN3X6B3A7Q5Y,CUST25189890,2026-05-29 21:16:52.670844,564.66,3,Health & Beauty,Makeup
TXNYJW2FN5D8L,CUST25189890,2026-06-25 21:16:52.670844,303.44,2,Office Supplies,Desk Accessories
TXNDE3VIQMBCJ,CUST25189890,2026-04-27 21:16:52.670844,363.37,4,Health & Beauty,Personal Care
TXNEL3POBCM6M,CUST25189890,2026-06-04 21:16:52.670844,383.57,5,Clothing,Jeans
TXNS9U60H1BW7,CUST25189890,2026-06-12 21:16:52.670844,403.45,3,Sports & Outdoors,Camping Gear
TXNM6JKWZV9GB,CUST25189890,2026-05-18 21:16:52.670844,363.41,5,Books,Non-Fiction
TXNM6NNOMYYAK,CUST25189890,2026-04-17 21:16:52.670844,370.57,5,Home & Garden,Furniture
TXNQCIK98UO6S,CUST25189890,2026-06-03 21:16:52.670844,366.61,5,Food & Beverages,Beverages
TXN4C4V5KQFBY,CUST25189890,2026-05-05 21:16:52.670844,431.34,5,Home & Garden,Tools
TXNFKP98FMF0D,CUST25189890,2026-07-03 21:16:52.670844,518.18,1,Health & Beauty,Supplements
TXNOVT49DNXUI,CUST25189890,2026-04-26 21:16:52.670844,471.11,1,Automotive,Parts
TXNXKSQZ898HS,CUST25189890,2026-07-04 21:16:52.670844,344.7,1,Health & Beauty,Supplements
TXNHADA60R2DG,CUST25189890,2026-07-03 21:16:52.670844,285.45,5,Toys & Games,Video Games
TXN24GDC1BSDH,CUST25189890,2026-05-23 21:16:52.670844,370.96,2,Food & Beverages,Snacks
TXNFTVBNM9HW2,CUST25189890,2026-06-05 21:16:52.670844,317.35,4,Sports & Outdoors,Camping Gear
TXNH56SGLL4U8,CUST25189890,2026-06-01 21:16:52.670844,345.54,3,Electronics,Smart Watch
TXNPAXC3BUT2Z,CUST25189890,2026-04-23 21:16:52.670844,197.43,3,Toys & Games,Video Games
TXNNPXV0NDQ7G,CUST25189890,2026-04-23 21:16:52.670844,418.02,4,Toys & Games,Puzzles
TXNVJ3AP12X6B,CUST25189890,2026-06-27 21:16:52.670844,325.78,4,Books,Magazines
TXNE8227Y7HX5,CUST25189890,2026-05-01 21:16:52.670844,209.2,5,Automotive,Car Accessories
TXNMTX1L2J5AZ,CUST25189890,2026-04-26 21:16:52.670844,248.89,3,Office Supplies,Stationery
TXNG3MFIQDUT2,CUST25189890,2026-05-26 21:16:52.670844,315.5,2,Clothing,Jeans
TXNH9RFNW3KAB,CUST25189890,2026-06-22 21:16:52.670844,326.86,5,Health & Beauty,Personal Care
TXNMDMF1M0RBX,CUST19882005,2026-03-15 21:16:52.670844,168.33,4,Home & Garden,Furniture
TXN2QS3KVNNRA,CUST19882005,2026-04-07 21:16:52.670844,87.09,5,Electronics,Camera
TXN3RJ50XIT3U,CUST19882005,2026-04-07 21:16:52.670844,122.66,2,Office Supplies,Electronics
TXNZCVYUVVP7D,CUST19882005,2026-03-10 21:16:52.670844,134.23,5,Automotive,Car Accessories
TXNHJ3180VGGQ,CUST19882005,2026-03-12 21:16:52.670844,117.5,3,Clothing,Dress
TXN9KP5R8UDWF,CUST19882005,2026-04-08 21:16:52.670844,81.32,4,Automotive,Parts
TXNG41HUUM00O,CUST19882005,2026-03-25 21:16:52.670844,136.3,4,Health & Beauty,Personal Care
TXN12T7WBET6C,CUST19882005,2026-03-15 21:16:52.670844,143.69,1,Automotive,Tools
TXNQK45073TLY,CUST16345869,2026-03-24 21:16:52.670844,213.15,4,Sports & Outdoors,Sportswear
TXNV70A64SBIQ,CUST16345869,2026-03-29 21:16:52.670844,188.14,1,Automotive,Parts
TXN81KGB59MUJ,CUST16345869,2026-03-19 21:16:52.670844,153.35,5,Toys & Games,Video Games
TXNHDTFML4Y6S,CUST16345869,2026-03-21 21:16:52.670844,173.61,2,Electronics,Camera
TXN7XAOQGERCQ,CUST16345869,2026-04-13 21:16:52.670844,193.45,3,Toys & Games,Board Games
TXNXVGJI73QY1,CUST16345869,2026-04-10 21:16:52.670844,170.86,1,Sports & Outdoors,Fitness Equipment
TXNAZXYDB4G91,CUST16345869,2026-03-24 21:16:52.670844,215.17,5,Automotive,Parts
TXNMFF2WU0AKR,CUST16345869,2026-04-04 21:16:52.670844,148.7,5,Food & Beverages,Gourmet Food
TXNLH15GG110F,CUST16345869,2026-03-25 21:16:52.670844,119.84,4,Sports & Outdoors,Bicycle
TXNTOU2BRT7OS,CUST16345869,2026-03-23 21:16:52.670844,146.1,4,Electronics,Smart Watch
TXNIOMM6Z4O09,CUST70686437,2025-09-10 21:16:52.670844,210.31,2,Health & Beauty,Supplements
TXN2WRTQVRU9C,CUST70686437,2026-05-29 21:16:52.670844,183.43,1,Toys & Games,Board Games
TXNWCXEVS1KUT,CUST70686437,2026-04-12 21:16:52.670844,81.95,1,Health & Beauty,Makeup
TXNFV1WMP1TM3,CUST70686437,2026-01-05 21:16:52.670844,133.77,5,Books,Comics
TXNZM6J2GEZGH,CUST70686437,2026-03-02 21:16:52.670844,177.62,2,Automotive,Car Accessories
TXNF8NK232J2X,CUST70686437,2025-12-10 21:16:52.670844,134.76,2,Electronics,Camera
TXNSSVAL71RLO,CUST70686437,2025-11-28 21:16:52.670844,178.54,1,Toys & Games,Video Games
TXNEVPMARNWMJ,CUST70686437,2025-08-21 21:16:52.670844,153.62,1,Electronics,Tablet
TXNPYZA9JMSFG,CUST70686437,2026-02-12 21:16:52.670844,110.11,4,Home & Garden,Furniture
TXN7ZRPQ355FS,CUST70686437,2026-01-02 21:16:52.670844,212.54,5,Office Supplies,Desk Accessories
TXN10IMLOIQAG,CUST70686437,2026-03-31 21:16:52.670844,195.14,1,Sports & Outdoors,Fitness Equipment
TXNOIAQ7VZABJ,CUST70686437,2025-09-10 21:16:52.670844,129.5,3,Food & Beverages,Beverages
TXNLDRCJ5G1VM,CUST70686437,2025-09-15 21:16:52.670844,163.31,3,Books,Fiction
TXNYF3X2F9DRQ,CUST70686437,2025-11-06 21:16:52.670844,177.29,5,Automotive,Car Accessories
TXNWW985ZTQ4N,CUST70686437,2025-08-07 21:16:52.670844,239.78,3,Toys & Games,Video Games
TXN6H5WCMLIO7,CUST70686437,2025-10-02 21:16:52.670844,150.68,3,Sports & Outdoors,Fitness Equipment
TXN730ET6UKGR,CUST70686437,2026-04-21 21:16:52.670844,159.53,1,Electronics,Laptop
TXNBNIHWU50LP,CUST70686437,2026-06-11 21:16:52.670844,132.86,3,Office Supplies,Desk Accessories
TXNDE8YD9W4ZK,CUST70686437,2026-02-23 21:16:52.670844,112.38,2,Electronics,Smart Watch
TXNE168DQ5O7S,CUST70686437,2026-02-08 21:16:52.670844,159.28,5,Books,Fiction
TXNPGWHFEJDPG,CUST70686437,2026-04-07 21:16:52.670844,195.46,4,Electronics,Headphones
TXNOQ9BO2BH0E,CUST57251930,2026-06-06 21:16:52.670844,100.58,5,Electronics,Headphones
TXNXUSSQE78HB,CUST57251930,2026-06-08 21:16:52.670844,282.38,1,Sports & Outdoors,Sportswear
TXNZBX0VWRN2X,CUST57251930,2026-06-04 21:16:52.670844,210.99,4,Automotive,Parts
TXNC4OTDG8CM4,CUST57251930,2026-06-15 21:16:52.670844,109.22,5,Home & Garden,Furniture
TXNLEJJIKKXZ4,CUST57251930,2026-05-23 21:16:52.670844,244.65,3,Books,Magazines
TXNBRHFWP6CEG,CUST57251930,2026-06-08 21:16:52.670844,220.33,4,Home & Garden,Kitchen Appliances
TXNURAD1P00EM,CUST57251930,2026-06-14 21:16:52.670844,155.79,2,Food & Beverages,Organic Products
TXN9MX4UIKZZV,CUST57251930,2026-05-28 21:16:52.670844,270.53,5,Food & Beverages,Beverages
TXNI91FH9XA9L,CUST57251930,2026-06-11 21:16:52.670844,211.62,1,Sports & Outdoors,Sportswear
TXNAK7SE7CDUI,CUST57251930,2026-06-07 21:16:52.670844,302.63,3,Toys & Games,Board Games
TXNIUDXEW2RE7,CUST57251930,2026-06-11 21:16:52.670844,99.81,3,Automotive,Tools
TXN68MR4WP8PG,CUST57251930,2026-06-07 21:16:52.670844,285.16,5,Health & Beauty,Makeup
TXNRS7S9ZP6QK,CUST57251930,2026-06-07 21:16:52.670844,252.51,2,Food & Beverages,Gourmet Food
TXNW10G242ZTF,CUST57251930,2026-06-15 21:16:52.670844,202.09,1,Home & Garden,Bedding
TXN2J99H3C6VM,CUST57251930,2026-06-06 21:16:52.670844,133.38,2,Electronics,Tablet
TXND81DDOJWOL,CUST57251930,2026-05-23 21:16:52.670844,170.23,4,Electronics,Headphones
TXNJTA3PBEXC6,CUST57251930,2026-06-09 21:16:52.670844,222.01,5,Health & Beauty,Skincare
TXNPGMI2XMGUY,CUST57251930,2026-05-31 21:16:52.670844,75.83,5,Sports & Outdoors,Fitness Equipment
TXNUAKTXIPEWI,CUST15217651,2026-06-09 21:16:52.670844,163.02,1,Health & Beauty,Personal Care
TXNF6LZQPK2WE,CUST15217651,2026-06-08 21:16:52.670844,174.74,2,Electronics,Laptop
TXNT83RJVQ5Q3,CUST15217651,2026-06-13 21:16:52.670844,153.91,4,Automotive,Tools
TXNQ9O7VWV4S7,CUST15217651,2026-06-14 21:16:52.670844,121.83,3,Food & Beverages,Gourmet Food
TXNGDRT4LJ7XO,CUST15217651,2026-06-12 21:16:52.670844,68.93,1,Automotive,Parts
TXNCF4DNQM5H3,CUST15217651,2026-06-06 21:16:52.670844,161.85,2,Home & Garden,Tools
TXNQFI6L9T6UW,CUST15217651,2026-06-05 21:16:52.670844,131.39,5,Health & Beauty,Makeup
TXN93ABVPBJQE,CUST15217651,2026-06-13 21:16:52.670844,116.3,5,Books,Non-Fiction
TXNHDBTPLQZEY,CUST15217651,2026-06-04 21:16:52.670844,183.9,3,Home & Garden,Kitchen Appliances
TXNWO5DYSIPRM,CUST15217651,2026-05-31 21:16:52.670844,172.02,5,Electronics,Smartphone
TXNR9B9TNZ2N1,CUST15217651,2026-06-06 21:16:52.670844,178.9,4,Office Supplies,Stationery
TXN9KOHDM3KQF,CUST15217651,2026-06-06 21:16:52.670844,236.44,3,Sports & Outdoors,Camping Gear
TXNYOFG0BKDDE,CUST15217651,2026-06-05 21:16:52.670844,146.47,3,Automotive,Parts
TXNXJIUF2XUB6,CUST15217651,2026-06-06 21:16:52.670844,114.44,1,Books,Non-Fiction
TXN2FRXGTATAX,CUST15217651,2026-06-12 21:16:52.670844,192.99,5,Sports & Outdoors,Bicycle
TXNNFP3RGY6VV,CUST15217651,2026-06-01 21:16:52.670844,130.96,2,Clothing,Jacket
TXN9TF16SDVVJ,CUST15217651,2026-06-04 21:16:52.670844,171.57,4,Office Supplies,Electronics
TXNUACTKWGSXX,CUST15217651,2026-06-12 21:16:52.670844,106.29,3,Office Supplies,Stationery
TXNSQ6V52Q1FA,CUST15217651,2026-06-10 21:16:52.670844,143.83,5,Toys & Games,Video Games
TXNAF6HM032CL,CUST15217651,2026-06-11 21:16:52.670844,127.71,1,Clothing,T-Shirt
TXNSUK1UCC6IH,CUST15217651,2026-06-10 21:16:52.670844,145.62,3,Electronics,Laptop
TXN2YDQSSAR6L,CUST11353088,2026-03-26 21:16:52.670844,201.82,4,Books,Non-Fiction
TXNQFPAAI2KT3,CUST11353088,2026-03-27 21:16:52.670844,246.89,4,Toys & Games,Action Figures
TXNN3KFUZCQYX,CUST11353088,2026-03-26 21:16:52.670844,180.36,5,Home & Garden,Decor
TXN85C7ULJTBH,CUST92570989,2026-01-16 21:16:52.670844,49.43,2,Toys & Games,Board Games
TXNLSWV460QD5,CUST92570989,2026-02-05 21:16:52.670844,72.61,1,Office Supplies,Furniture
TXNP9H1G4RBUI,CUST92570989,2026-02-11 21:16:52.670844,42.48,4,Office Supplies,Electronics
TXN3EPR2TP7HU,CUST92570989,2026-03-08 21:16:52.670844,64.46,4,Clothing,T-Shirt
TXNQ03BSMVSRB,CUST92570989,2026-04-01 21:16:52.670844,66.86,3,Health & Beauty,Skincare
TXNNZIJT9RVUG,CUST92570989,2026-03-28 21:16:52.670844,37.01,2,Sports & Outdoors,Sportswear
TXNOSHZC7TZN7,CUST92570989,2026-03-28 21:16:52.670844,115.48,1,Books,Non-Fiction
TXNEQBGEQAAFZ,CUST46035255,2026-06-09 21:16:52.670844,267.15,3,Sports & Outdoors,Fitness Equipment
TXNUG4Z59JPKA,CUST46035255,2026-06-12 21:16:52.670844,234.45,3,Food & Beverages,Snacks
TXNBQ22RI8D7L,CUST46035255,2026-05-29 21:16:52.670844,188.08,3,Health & Beauty,Skincare
TXN3DKKSI3EI2,CUST46035255,2026-05-30 21:16:52.670844,229.64,3,Automotive,Parts
TXN2F172U4SIE,CUST46035255,2026-06-19 21:16:52.670844,250.26,3,Food & Beverages,Gourmet Food
TXNFLW50ACNV2,CUST46035255,2026-06-08 21:16:52.670844,169.93,2,Sports & Outdoors,Fitness Equipment
TXN3MXU04JEMH,CUST46035255,2026-06-02 21:16:52.670844,335.92,2,Home & Garden,Decor
TXNGEQHTHTOAW,CUST46035255,2026-06-05 21:16:52.670844,235.74,5,Clothing,Dress
TXNNBO159F3R5,CUST46035255,2026-06-28 21:16:52.670844,191.06,5,Automotive,Parts
TXNTY9K07TZ63,CUST46035255,2026-06-03 21:16:52.670844,140.72,5,Home & Garden,Tools
TXNLBHRB0EUCJ,CUST46035255,2026-06-19 21:16:52.670844,211.02,4,Health & Beauty,Supplements
TXNCE0MVL2EOR,CUST46035255,2026-06-25 21:16:52.670844,190.97,3,Health & Beauty,Supplements
TXN3X2AZ60O0H,CUST46035255,2026-05-28 21:16:52.670844,203.9,4,Home & Garden,Furniture
TXN9Q947116KU,CUST46035255,2026-06-27 21:16:52.670844,129.51,2,Clothing,Shoes
TXNR0UG8IFSQR,CUST46035255,2026-06-02 21:16:52.670844,266.78,4,Health & Beauty,Makeup
TXN1Y8VJYQVH7,CUST46035255,2026-06-13 21:16:52.670844,186.78,2,Home & Garden,Tools
TXN6WXXKVY5OX,CUST46035255,2026-06-17 21:16:52.670844,98.73,2,Home & Garden,Furniture
TXNT1LSXK6K8X,CUST46035255,2026-06-21 21:16:52.670844,205.31,5,Electronics,Tablet
TXNA16V85G8BV,CUST46035255,2026-06-01 21:16:52.670844,199.74,3,Clothing,Dress
TXN7J081G9SBY,CUST46035255,2026-06-20 21:16:52.670844,125.32,5,Toys & Games,Video Games
TXNIJA4JS9FZM,CUST46035255,2026-06-19 21:16:52.670844,380.08,2,Clothing,T-Shirt
TXNIJCKIF2YMG,CUST46035255,2026-06-14 21:16:52.670844,201.43,5,Health & Beauty,Supplements
TXN10T3RSND9D,CUST46035255,2026-06-28 21:16:52.670844,117.6,3,Clothing,T-Shirt
TXN5Z2OZCCMSJ,CUST46035255,2026-06-02 21:16:52.670844,246.22,2,Office Supplies,Desk Accessories
TXN3E4JOMOEEI,CUST46035255,2026-06-20 21:16:52.670844,166.79,2,Automotive,Parts
TXNS1IORI7OJN,CUST46035255,2026-06-22 21:16:52.670844,130.3,2,Toys & Games,Board Games
TXN6YEOQ90S4I,CUST46035255,2026-05-21 21:16:52.670844,172.93,1,Automotive,Car Accessories
TXN1RW0VDAVGQ,CUST46035255,2026-06-17 21:16:52.670844,291.73,2,Office Supplies,Desk Accessories
TXNUYA5I7R0OG,CUST46035255,2026-05-22 21:16:52.670844,213.52,2,Toys & Games,Action Figures
TXNW4VJJRZZA0,CUST46035255,2026-05-26 21:16:52.670844,249.25,4,Automotive,Cleaning Supplies
TXNUGVTXO24NL,CUST46035255,2026-06-12 21:16:52.670844,158.43,5,Clothing,Accessories
TXNFWYZZQDOBO,CUST46035255,2026-06-12 21:16:52.670844,275.61,2,Electronics,Smart Watch
TXN7JH6RMXC3K,CUST46035255,2026-06-12 21:16:52.670844,181.35,1,Toys & Games,Puzzles
TXN5U1O0LFT2P,CUST46035255,2026-06-17 21:16:52.670844,204.45,1,Food & Beverages,Organic Products
TXN9E20WVKJ8P,CUST46035255,2026-05-25 21:16:52.670844,242.2,3,Toys & Games,Board Games
TXNXTM52027QP,CUST46035255,2026-06-11 21:16:52.670844,229.61,3,Health & Beauty,Supplements
TXN29HI0E4XXA,CUST46035255,2026-05-25 21:16:52.670844,202.41,2,Health & Beauty,Personal Care
TXNPTGE07H441,CUST46035255,2026-05-25 21:16:52.670844,196.71,4,Health & Beauty,Makeup
TXNHSDPYKU19W,CUST46035255,2026-06-24 21:16:52.670844,200.98,4,Electronics,Tablet
TXNY9VJ1EFYHS,CUST46035255,2026-05-23 21:16:52.670844,112.64,4,Health & Beauty,Skincare
TXNZMTZGPXI5U,CUST46035255,2026-05-31 21:16:52.670844,83.21,5,Books,Fiction
TXNJKZLH1AFFM,CUST46035255,2026-06-17 21:16:52.670844,192.29,1,Clothing,Accessories
TXN549K4I1YTE,CUST46035255,2026-05-27 21:16:52.670844,195.9,4,Office Supplies,Electronics
TXNHY4ADYP8JG,CUST46035255,2026-06-14 21:16:52.670844,214.51,2,Books,Non-Fiction
TXNQJKD7S29KQ,CUST46035255,2026-06-06 21:16:52.670844,160.91,5,Office Supplies,Furniture
TXNTKPFNCBCV6,CUST46035255,2026-06-18 21:16:52.670844,199.56,3,Clothing,Shoes
TXN70H3O84TYC,CUST46035255,2026-06-07 21:16:52.670844,179.38,1,Sports & Outdoors,Camping Gear
TXNDQR14HKAUP,CUST46035255,2026-06-10 21:16:52.670844,146.53,5,Office Supplies,Electronics
TXNGE3VT36QTD,CUST46035255,2026-06-01 21:16:52.670844,174.17,3,Toys & Games,Video Games
TXNNMPPYBW3V6,CUST10402412,2026-06-20 21:16:52.670844,384.04,5,Food & Beverages,Organic Products
TXNZGYLAJUQQW,CUST10402412,2026-06-17 21:16:52.670844,269.93,3,Sports & Outdoors,Sportswear
TXNNSLGY0SCNC,CUST10402412,2026-06-22 21:16:52.670844,604.99,1,Toys & Games,Action Figures
TXNV6UGABHERX,CUST10402412,2026-06-06 21:16:52.670844,415.85,5,Office Supplies,Stationery
TXNHZ2V94EOW2,CUST10402412,2026-06-05 21:16:52.670844,543.27,4,Toys & Games,Action Figures
TXNOO39HJRPND,CUST10402412,2026-05-28 21:16:52.670844,375.41,3,Health & Beauty,Personal Care
TXNP7IO23C5QG,CUST10402412,2026-06-11 21:16:52.670844,474.74,1,Clothing,Jeans
TXNVC7UR8JE8I,CUST10402412,2026-06-02 21:16:52.670844,779.2,1,Home & Garden,Kitchen Appliances
TXNCS7WDNXV65,CUST10402412,2026-06-16 21:16:52.670844,705.5,3,Sports & Outdoors,Bicycle
TXNQZRX4OGVVO,CUST10402412,2026-06-12 21:16:52.670844,286.15,1,Home & Garden,Tools
TXNHC5OBZ02IP,CUST10402412,2026-06-10 21:16:52.670844,564.4,2,Office Supplies,Desk Accessories
TXNXANN8TCRP9,CUST10402412,2026-06-24 21:16:52.670844,336.93,2,Toys & Games,Board Games
TXNBRKIDVQVT1,CUST10402412,2026-05-22 21:16:52.670844,451.77,1,Office Supplies,Electronics
TXNWLVZW2G2LS,CUST10402412,2026-06-08 21:16:52.670844,310.42,2,Toys & Games,Action Figures
TXNSCVS7KTR62,CUST10402412,2026-05-29 21:16:52.670844,599.62,3,Clothing,Jacket
TXN6TKHQWUTDE,CUST10402412,2026-06-06 21:16:52.670844,453.72,1,Office Supplies,Furniture
TXN4K9M5UTFMH,CUST10402412,2026-06-06 21:16:52.670844,424.43,3,Office Supplies,Furniture
TXN158007D493,CUST10402412,2026-05-19 21:16:52.670844,488.17,1,Sports & Outdoors,Bicycle
TXNI1XKSAHOGF,CUST10402412,2026-06-06 21:16:52.670844,519.01,2,Sports & Outdoors,Sportswear
TXNO29TD3M0QR,CUST10402412,2026-06-10 21:16:52.670844,545.39,5,Health & Beauty,Makeup
TXNVWEYWC5J10,CUST10402412,2026-06-13 21:16:52.670844,557.39,2,Automotive,Tools
TXNOEOEZHDOXC,CUST10402412,2026-06-04 21:16:52.670844,578.08,1,Books,Non-Fiction
TXNFT6JKULY3R,CUST10402412,2026-06-01 21:16:52.670844,442.86,5,Toys & Games,Board Games
TXNRISIL4IQS5,CUST10402412,2026-05-25 21:16:52.670844,445.36,3,Home & Garden,Furniture
TXNQVZ5SIO0EI,CUST10402412,2026-06-05 21:16:52.670844,424.62,5,Office Supplies,Desk Accessories
TXN7J7MXQZFDX,CUST10402412,2026-06-20 21:16:52.670844,194.63,5,Automotive,Cleaning Supplies
TXNHQOB37HA2O,CUST10402412,2026-06-14 21:16:52.670844,580.36,4,Automotive,Cleaning Supplies
TXNU9I030MSBY,CUST10402412,2026-06-24 21:16:52.670844,502.68,1,Electronics,Tablet
TXNZNGVTSYJ31,CUST10402412,2026-05-25 21:16:52.670844,442.25,5,Automotive,Tools
TXNJFMRVCPAQA,CUST10402412,2026-06-21 21:16:52.670844,360.1,1,Electronics,Smartphone
TXNGIFHGFVS7S,CUST10402412,2026-05-29 21:16:52.670844,684.78,3,Health & Beauty,Supplements
TXNCLS6I94HOA,CUST10402412,2026-05-17 21:16:52.670844,228.84,2,Home & Garden,Furniture
TXNVC2ALDAJFK,CUST10402412,2026-05-17 21:16:52.670844,412.26,5,Food & Beverages,Snacks
TXNWCUIYJNM7R,CUST95196148,2025-05-30 21:16:52.670844,309.7,1,Sports & Outdoors,Sportswear
TXN0CH42VJAOC,CUST95196148,2026-02-25 21:16:52.670844,281.25,1,Food & Beverages,Gourmet Food
TXN9JFUXY9KT6,CUST95196148,2025-08-31 21:16:52.670844,280.95,5,Books,Educational
TXNM7GKIE4U7B,CUST95196148,2026-02-26 21:16:52.670844,266.69,1,Toys & Games,Board Games
TXNBMQLN1JLZV,CUST95196148,2026-06-11 21:16:52.670844,163.95,2,Clothing,Jacket
TXNXCSES6B1CG,CUST95196148,2025-03-07 21:16:52.670844,345.37,1,Electronics,Laptop
TXN69L06GNR7V,CUST95196148,2025-02-24 21:16:52.670844,275.1,4,Electronics,Laptop
TXNPXR4WUK92S,CUST95196148,2025-02-08 21:16:52.670844,291.43,2,Automotive,Cleaning Supplies
TXN4ILVDP9PTY,CUST95196148,2026-03-29 21:16:52.670844,411.34,2,Health & Beauty,Makeup
TXN5YWI1YJ0V1,CUST95196148,2024-09-03 21:16:52.670844,264.36,4,Health & Beauty,Personal Care
TXNWX0ARPTFRL,CUST95196148,2026-01-23 21:16:52.670844,339.73,4,Office Supplies,Stationery
TXNN6B28O6RHC,CUST95196148,2025-12-16 21:16:52.670844,269.67,3,Sports & Outdoors,Fitness Equipment
TXNAPT4VW6IO8,CUST95196148,2025-01-01 21:16:52.670844,281.12,2,Automotive,Car Accessories
TXNZM4BZ347WE,CUST95196148,2025-10-17 21:16:52.670844,226.89,1,Health & Beauty,Skincare
TXN2N650FNLJH,CUST95196148,2026-05-14 21:16:52.670844,341.36,3,Office Supplies,Electronics
TXNX78N451DO9,CUST95196148,2025-08-02 21:16:52.670844,300.47,3,Clothing,T-Shirt
TXNTF7CSFWF11,CUST95196148,2026-06-08 21:16:52.670844,475.83,3,Toys & Games,Action Figures
TXNBY2M9OGWTL,CUST95196148,2025-12-27 21:16:52.670844,286.63,5,Automotive,Car Accessories
TXNS5UA3ZBYNX,CUST95196148,2025-06-09 21:16:52.670844,228.24,3,Office Supplies,Furniture
TXNMPCG8ABHSG,CUST95196148,2026-05-27 21:16:52.670844,364.05,1,Books,Non-Fiction
TXNH62N34KKC3,CUST95196148,2025-01-20 21:16:52.670844,361.52,2,Toys & Games,Board Games
TXNVWUJY6S54F,CUST95196148,2026-05-14 21:16:52.670844,230.09,1,Home & Garden,Bedding
TXN24ZP7EKDGB,CUST95196148,2024-09-16 21:16:52.670844,223.92,4,Food & Beverages,Gourmet Food
TXNV4DG5S73BX,CUST95196148,2025-07-10 21:16:52.670844,423.1,5,Sports & Outdoors,Camping Gear
TXNRTB3XO65VU,CUST95196148,2024-08-20 21:16:52.670844,386.34,2,Office Supplies,Furniture
TXNVGYN4TC94T,CUST95196148,2024-11-19 21:16:52.670844,439.23,1,Automotive,Cleaning Supplies
TXNWU6MIHDEDB,CUST95196148,2024-10-27 21:16:52.670844,290.37,2,Toys & Games,Board Games
TXNLYM6SHFJF9,CUST95196148,2026-01-22 21:16:52.670844,302.1,1,Office Supplies,Electronics
TXNKXDE9OR8RX,CUST95196148,2025-07-30 21:16:52.670844,432.63,4,Electronics,Laptop
TXNAFL8D5TMG0,CUST95196148,2025-05-02 21:16:52.670844,131.18,4,Office Supplies,Electronics
TXN04CY5XE469,CUST95196148,2026-06-06 21:16:52.670844,388.88,1,Books,Comics
TXN1GZJOBRAWC,CUST95196148,2025-04-13 21:16:52.670844,294.85,3,Toys & Games,Board Games
TXNJV5VD25INH,CUST42305114,2026-01-28 21:16:52.670844,170.38,1,Clothing,Jacket
TXN9J8SOW8LIR,CUST42305114,2026-04-13 21:16:52.670844,90.12,2,Books,Magazines
TXNPHKN7VXINL,CUST42305114,2026-02-01 21:16:52.670844,103.97,5,Books,Fiction
TXNL6Q6S6NVP4,CUST42305114,2026-03-19 21:16:52.670844,122.41,3,Office Supplies,Furniture
TXN3GQKIRSVSD,CUST42305114,2026-03-03 21:16:52.670844,127.11,4,Electronics,Tablet
TXNZATHET8PPR,CUST42305114,2026-03-13 21:16:52.670844,80.12,4,Books,Fiction
TXNUWOSA2URB1,CUST42305114,2026-06-03 21:16:52.670844,100.33,1,Home & Garden,Kitchen Appliances
TXNBMCL8VXAUQ,CUST42305114,2026-04-01 21:16:52.670844,173.84,3,Food & Beverages,Beverages
TXN9FLOFS32TV,CUST42305114,2026-04-15 21:16:52.670844,121.42,1,Clothing,T-Shirt
TXNO2DHJNH65U,CUST42305114,2026-02-02 21:16:52.670844,151.05,4,Health & Beauty,Skincare
TXNJEQL5CTUMH,CUST42305114,2026-02-26 21:16:52.670844,99.03,3,Sports & Outdoors,Fitness Equipment
TXNG3PAL8KX26,CUST42305114,2026-04-04 21:16:52.670844,137.06,3,Clothing,T-Shirt
TXN6THZPBD77A,CUST42305114,2026-04-14 21:16:52.670844,127.26,4,Automotive,Cleaning Supplies
TXN0ALNJS00R7,CUST42305114,2026-05-21 21:16:52.670844,246.79,4,Toys & Games,Action Figures
TXNG187G3P62B,CUST42305114,2026-04-12 21:16:52.670844,10.0,2,Health & Beauty,Makeup
TXN0GLZP5NHOR,CUST42305114,2026-05-10 21:16:52.670844,128.47,2,Food & Beverages,Organic Products
TXNTKD6VM0PHX,CUST87184745,2025-06-25 21:16:52.670844,164.56,5,Health & Beauty,Supplements
TXNXOV4ZRP0Z5,CUST87184745,2025-12-22 21:16:52.670844,373.79,2,Sports & Outdoors,Bicycle
TXNPDXLXYMY8H,CUST87184745,2024-07-25 21:16:52.670844,117.35,2,Food & Beverages,Organic Products
TXN0Z2S3KTHA8,CUST87184745,2025-10-10 21:16:52.670844,326.91,4,Automotive,Tools
TXNNVM0S6FYD0,CUST87184745,2026-02-05 21:16:52.670844,215.58,2,Sports & Outdoors,Camping Gear
TXNA3ICL5O9CN,CUST87184745,2025-06-07 21:16:52.670844,275.58,4,Health & Beauty,Makeup
TXNPVD194I2ZJ,CUST87184745,2026-06-03 21:16:52.670844,320.77,1,Clothing,Jacket
TXNDRDA5580OF,CUST87184745,2026-02-18 21:16:52.670844,156.77,1,Home & Garden,Kitchen Appliances
TXNAPZJX2OGOQ,CUST87184745,2026-05-30 21:16:52.670844,23.89,5,Clothing,Shoes
TXNNK850RC43L,CUST87184745,2026-04-19 21:16:52.670844,310.51,4,Food & Beverages,Gourmet Food
TXNJDU6FSCJQY,CUST87184745,2026-03-01 21:16:52.670844,224.18,2,Home & Garden,Decor
TXNV8LBG4DHTO,CUST87184745,2025-08-27 21:16:52.670844,337.49,2,Food & Beverages,Gourmet Food
TXNPWBZGI69HB,CUST87184745,2024-11-27 21:16:52.670844,282.44,1,Automotive,Cleaning Supplies
TXNZG5Z3WF7PW,CUST87184745,2025-11-17 21:16:52.670844,299.09,2,Toys & Games,Video Games
TXNHPXZ9WCF5L,CUST87184745,2024-08-27 21:16:52.670844,399.19,5,Electronics,Headphones
TXNRNI57FDJXY,CUST87184745,2025-10-20 21:16:52.670844,261.91,5,Home & Garden,Bedding
TXNDLLPFWFAOT,CUST87184745,2026-01-01 21:16:52.670844,308.61,2,Home & Garden,Decor
TXNQWD7VG0Q4Y,CUST87184745,2025-05-06 21:16:52.670844,194.34,4,Books,Fiction
TXN07HH9I5YP9,CUST87184745,2025-05-16 21:16:52.670844,278.07,1,Electronics,Camera
TXNI0GWM6FX9S,CUST87184745,2026-06-06 21:16:52.670844,335.7,5,Automotive,Car Accessories
TXNO4A2XUXDYR,CUST87184745,2024-09-25 21:16:52.670844,285.82,5,Books,Fiction
TXN4SG5G53PKO,CUST87184745,2024-11-11 21:16:52.670844,246.6,3,Books,Educational
TXN365TZ367JM,CUST87184745,2025-03-03 21:16:52.670844,314.02,5,Health & Beauty,Skincare
TXNDNAMLK4TFO,CUST83647465,2026-02-01 21:16:52.670844,243.61,5,Home & Garden,Furniture
TXNOZS84144DO,CUST83647465,2026-03-24 21:16:52.670844,303.47,4,Books,Magazines
TXNL7B46RISA7,CUST83647465,2026-02-10 21:16:52.670844,147.84,5,Electronics,Headphones
TXNH3BAYH862Y,CUST83647465,2026-02-23 21:16:52.670844,163.33,3,Home & Garden,Furniture
TXNY8APQALZXW,CUST83647465,2026-05-07 21:16:52.670844,164.85,1,Sports & Outdoors,Camping Gear
TXNNTMVQ1CO2Z,CUST83647465,2026-05-18 21:16:52.670844,223.09,4,Toys & Games,Board Games
TXNNPR63YKH1E,CUST83647465,2026-04-29 21:16:52.670844,103.67,2,Electronics,Laptop
TXN7JD87KLVRL,CUST83647465,2026-02-08 21:16:52.670844,281.76,2,Toys & Games,Puzzles
TXNJ352H5GT8J,CUST83647465,2026-05-13 21:16:52.670844,262.95,1,Toys & Games,Video Games
TXN23F1K003O2,CUST83647465,2026-05-14 21:16:52.670844,204.22,2,Sports & Outdoors,Fitness Equipment
TXNN065L1HQM4,CUST83647465,2026-06-02 21:16:52.670844,329.96,5,Home & Garden,Kitchen Appliances
TXNZPF4N4HC6W,CUST83647465,2026-02-28 21:16:52.670844,147.36,4,Toys & Games,Board Games
TXN5SVNZV50WN,CUST83647465,2026-01-31 21:16:52.670844,80.11,3,Home & Garden,Decor
TXNV0JIFU1LAG,CUST83647465,2026-02-05 21:16:52.670844,119.12,1,Sports & Outdoors,Fitness Equipment
TXN8LNEZHSQ8E,CUST83647465,2026-05-31 21:16:52.670844,188.1,4,Electronics,Headphones
TXND1CDTS8J51,CUST83647465,2026-05-09 21:16:52.670844,197.18,4,Toys & Games,Action Figures
TXNCCVGKKA0WA,CUST83647465,2026-03-21 21:16:52.670844,206.94,4,Home & Garden,Tools
TXNLF2K9CB2ZL,CUST83647465,2026-06-02 21:16:52.670844,179.92,2,Toys & Games,Action Figures
TXNBSGUULNUWI,CUST83647465,2026-02-27 21:16:52.670844,236.99,2,Health & Beauty,Skincare
TXNOOMPRAXPX4,CUST83647465,2026-05-22 21:16:52.670844,272.26,3,Sports & Outdoors,Fitness Equipment
TXNLIU6GQD15Z,CUST83647465,2026-05-04 21:16:52.670844,117.18,4,Health & Beauty,Makeup
TXNTI60SW092L,CUST83647465,2026-03-27 21:16:52.670844,266.81,2,Clothing,T-Shirt
TXNUU4YPER4SZ,CUST82423757,2025-11-19 21:16:52.670844,96.09,4,Clothing,Dress
TXN9Q2VT9B7IX,CUST82423757,2025-11-19 21:16:52.670844,80.53,5,Books,Non-Fiction
TXNUDGO1GE4LX,CUST82423757,2025-11-30 21:16:52.670844,92.32,2,Books,Fiction
TXNN9O09ZD713,CUST82423757,2025-11-19 21:16:52.670844,114.98,4,Electronics,Smart Watch
TXN7HOTBUS4YG,CUST82423757,2026-02-01 21:16:52.670844,118.65,2,Toys & Games,Board Games
TXNN0C0FZSMI5,CUST01739917,2026-03-22 21:16:52.670844,113.22,1,Office Supplies,Stationery
TXN6ONMXA2RMT,CUST01739917,2026-02-12 21:16:52.670844,94.54,2,Books,Educational
TXNSL0125OV0S,CUST01739917,2025-10-26 21:16:52.670844,182.87,4,Clothing,Dress
TXNIABQ43J19K,CUST01739917,2025-12-22 21:16:52.670844,162.45,4,Sports & Outdoors,Camping Gear
TXNQ28KVVRR61,CUST01739917,2025-10-06 21:16:52.670844,146.58,5,Office Supplies,Desk Accessories
TXNYLZMDU8DAF,CUST01739917,2025-12-31 21:16:52.670844,134.73,3,Automotive,Tools
TXNG77P9WTC1D,CUST01739917,2025-10-27 21:16:52.670844,122.15,3,Books,Fiction
TXNARHATR962E,CUST01739917,2025-12-16 21:16:52.670844,74.03,1,Food & Beverages,Organic Products
TXNFSRFN9F5K0,CUST01739917,2026-01-26 21:16:52.670844,150.02,5,Home & Garden,Decor
TXNZUGY4QMQ5W,CUST46013044,2026-04-12 21:16:52.670844,126.6,5,Home & Garden,Tools
TXN5SXJZK2R6X,CUST46013044,2026-04-29 21:16:52.670844,129.09,5,Health & Beauty,Makeup
TXNSMBE7KVUW0,CUST46013044,2026-06-06 21:16:52.670844,117.48,2,Automotive,Parts
TXNFS0MO518Y2,CUST09727741,2026-05-06 21:16:52.670844,232.54,1,Sports & Outdoors,Bicycle
TXN94G0Y64KOO,CUST09727741,2026-05-24 21:16:52.670844,125.11,3,Office Supplies,Desk Accessories
TXN7R3NS3RZV9,CUST09727741,2026-05-21 21:16:52.670844,307.46,4,Toys & Games,Video Games
TXNYYMKIGAPEN,CUST09727741,2026-05-22 21:16:52.670844,205.2,2,Electronics,Smartphone
TXNGI3L2GZ319,CUST09727741,2026-05-09 21:16:52.670844,141.36,5,Sports & Outdoors,Bicycle
TXN7AO7PTT2Z1,CUST09727741,2026-05-21 21:16:52.670844,220.76,4,Sports & Outdoors,Sportswear
TXNCYXU42P6YU,CUST09727741,2026-05-13 21:16:52.670844,296.25,5,Toys & Games,Action Figures
TXNXCNOOL0XGK,CUST09727741,2026-05-16 21:16:52.670844,97.95,4,Health & Beauty,Makeup
TXNIN84ZFMCLO,CUST09727741,2026-05-07 21:16:52.670844,186.81,4,Clothing,Dress
TXNR6ZTXR60SR,CUST09727741,2026-05-18 21:16:52.670844,370.37,3,Automotive,Car Accessories
TXNBONOM7MYVW,CUST09727741,2026-05-12 21:16:52.670844,306.36,2,Electronics,Headphones
TXN9R7C8U8YTV,CUST09727741,2026-05-13 21:16:52.670844,320.35,5,Home & Garden,Tools
TXNSWF7UU0VRT,CUST09727741,2026-05-06 21:16:52.670844,177.83,5,Books,Fiction
TXNMTGOGZI9UF,CUST09727741,2026-05-17 21:16:52.670844,223.73,2,Food & Beverages,Beverages
TXNVX1OQWGCXY,CUST09727741,2026-05-16 21:16:52.670844,170.74,1,Books,Non-Fiction
TXNHT0ZXMPP9I,CUST09727741,2026-05-09 21:16:52.670844,171.97,2,Health & Beauty,Supplements
TXNF4ZZLBS8KG,CUST09727741,2026-05-16 21:16:52.670844,242.86,3,Books,Fiction
TXNLR2PMXE1PI,CUST09727741,2026-05-07 21:16:52.670844,276.08,2,Toys & Games,Board Games
TXNRHPCXSM4WP,CUST09727741,2026-05-12 21:16:52.670844,228.94,4,Home & Garden,Bedding
TXN9MY0K2DMM5,CUST09727741,2026-05-11 21:16:52.670844,168.47,4,Automotive,Cleaning Supplies
TXNH80F7K73TQ,CUST09727741,2026-05-19 21:16:52.670844,167.98,1,Health & Beauty,Personal Care
TXNCT8YX3NO15,CUST09727741,2026-05-18 21:16:52.670844,205.32,4,Sports & Outdoors,Bicycle
TXNT0IRTZZMND,CUST09727741,2026-05-15 21:16:52.670844,238.8,4,Health & Beauty,Supplements
TXNMNC3CULW6H,CUST09727741,2026-05-10 21:16:52.670844,172.7,4,Home & Garden,Tools
TXNLFK67G54NX,CUST86986165,2026-06-30 21:16:52.670844,188.48,3,Toys & Games,Puzzles
TXNSQ3ERYXJ8R,CUST86986165,2026-06-21 21:16:52.670844,44.96,4,Sports & Outdoors,Camping Gear
TXNQQXPBRXF8P,CUST86986165,2026-06-20 21:16:52.670844,162.12,5,Electronics,Smart Watch
TXNLZQEDVQWLS,CUST86986165,2026-06-23 21:16:52.670844,140.56,5,Clothing,T-Shirt
TXN650YH8XZ33,CUST86986165,2026-07-01 21:16:52.670844,87.09,3,Books,Comics
TXNRDBCP2FW0L,CUST86986165,2026-06-26 21:16:52.670844,227.77,1,Automotive,Parts
TXNUDZOK1UVSN,CUST86986165,2026-06-24 21:16:52.670844,240.27,4,Clothing,Jeans
TXNF7QI7LECQK,CUST86986165,2026-06-25 21:16:52.670844,145.72,1,Automotive,Cleaning Supplies
TXN95JANMNGIC,CUST86986165,2026-07-01 21:16:52.670844,142.77,3,Health & Beauty,Supplements
TXNMILMOPBEYA,CUST86986165,2026-06-22 21:16:52.670844,85.13,2,Food & Beverages,Snacks
TXNVSRRTT7FO1,CUST86986165,2026-06-27 21:16:52.670844,108.69,4,Toys & Games,Video Games
TXNEDDFI6BF39,CUST86986165,2026-06-22 21:16:52.670844,138.73,5,Electronics,Headphones
TXNOY7WRZQ55R,CUST86986165,2026-06-26 21:16:52.670844,157.71,4,Office Supplies,Furniture
TXN17XW3KWWRT,CUST86986165,2026-06-25 21:16:52.670844,223.09,5,Home & Garden,Furniture
TXN8JR1SUINBB,CUST86986165,2026-06-25 21:16:52.670844,190.71,4,Books,Fiction
TXNHJ5XYRQ629,CUST86986165,2026-07-01 21:16:52.670844,209.49,5,Toys & Games,Video Games
TXN1JOHPXG0J3,CUST86986165,2026-06-25 21:16:52.670844,185.0,2,Sports & Outdoors,Camping Gear
TXNOCQCS2P3KI,CUST86986165,2026-06-24 21:16:52.670844,203.84,2,Health & Beauty,Supplements
TXN0S2XVYS7FB,CUST86986165,2026-06-27 21:16:52.670844,114.78,1,Books,Magazines
TXNMPPQUTU31F,CUST86986165,2026-06-23 21:16:52.670844,185.26,4,Health & Beauty,Supplements
TXN7EU91ECHGR,CUST86986165,2026-06-24 21:16:52.670844,188.99,3,Home & Garden,Kitchen Appliances
TXNSPRGNRXPT1,CUST86986165,2026-06-24 21:16:52.670844,201.62,4,Books,Educational
TXNFS1BIIA85P,CUST86986165,2026-06-25 21:16:52.670844,209.01,1,Office Supplies,Desk Accessories
TXNVK32JLOFZN,CUST86986165,2026-06-28 21:16:52.670844,162.56,4,Electronics,Smart Watch
TXNAKPYPGHDTE,CUST86986165,2026-06-28 21:16:52.670844,155.76,4,Office Supplies,Desk Accessories
TXNNELQSZE07C,CUST86986165,2026-07-01 21:16:52.670844,139.88,2,Clothing,Jeans
TXNLASH20VLLJ,CUST86986165,2026-06-27 21:16:52.670844,253.17,5,Health & Beauty,Supplements
TXN4UNRUQ3GS6,CUST86986165,2026-06-27 21:16:52.670844,109.09,1,Automotive,Tools
TXN294DO9CFTU,CUST24224782,2026-06-16 21:16:52.670844,142.0,2,Automotive,Cleaning Supplies
TXNYUCR8OTY2E,CUST24224782,2026-05-27 21:16:52.670844,154.47,2,Office Supplies,Stationery
TXNP7UBGC829U,CUST24224782,2026-06-14 21:16:52.670844,154.82,4,Sports & Outdoors,Sportswear
TXNIG9WSR042U,CUST24224782,2026-06-19 21:16:52.670844,161.77,1,Electronics,Headphones
TXNB1DGP6LGQW,CUST24224782,2026-06-12 21:16:52.670844,93.58,5,Food & Beverages,Organic Products
TXNFFKCHDY280,CUST24224782,2026-05-31 21:16:52.670844,118.38,2,Sports & Outdoors,Sportswear
TXN9L3SPJL980,CUST24224782,2026-05-22 21:16:52.670844,173.96,4,Health & Beauty,Personal Care
TXNPRW6QNHJRZ,CUST24224782,2026-06-08 21:16:52.670844,182.36,2,Toys & Games,Video Games
TXNSND6P8PG71,CUST24224782,2026-05-26 21:16:52.670844,120.49,2,Electronics,Headphones
TXN3VUYME4GJA,CUST24224782,2026-06-05 21:16:52.670844,212.7,5,Health & Beauty,Supplements
TXNAMMSJW1XPV,CUST24224782,2026-05-31 21:16:52.670844,208.55,5,Books,Comics
TXNTOC5ESUSMG,CUST24224782,2026-05-30 21:16:52.670844,282.37,5,Automotive,Car Accessories
TXNQHFVPD27JF,CUST31480902,2025-08-18 21:16:52.670844,132.61,2,Automotive,Cleaning Supplies
TXNEU4N5F8QU5,CUST31480902,2026-06-23 21:16:52.670844,222.03,4,Books,Magazines
TXNIUBF0E03KF,CUST31480902,2026-05-05 21:16:52.670844,212.03,3,Health & Beauty,Personal Care
TXNVAABJWQUS5,CUST31480902,2026-05-08 21:16:52.670844,217.27,2,Food & Beverages,Beverages
TXNAMJH6E9WF3,CUST31480902,2025-05-27 21:16:52.670844,227.71,4,Home & Garden,Decor
TXNYQMVMA08TA,CUST31480902,2026-01-11 21:16:52.670844,188.91,3,Health & Beauty,Makeup
TXNRDF0BAIE6G,CUST31480902,2025-06-27 21:16:52.670844,188.64,5,Sports & Outdoors,Sportswear
TXN0TN4D6L12M,CUST31480902,2025-09-11 21:16:52.670844,238.67,3,Health & Beauty,Supplements
TXN62VS6I3POZ,CUST31480902,2026-02-13 21:16:52.670844,295.58,4,Clothing,Accessories
TXNL15ALRTNGF,CUST31480902,2025-11-11 21:16:52.670844,213.11,4,Books,Fiction
TXNGM4D51TRC9,CUST31480902,2025-11-17 21:16:52.670844,154.09,3,Automotive,Tools
TXN4FIFLQGZLL,CUST31480902,2026-03-03 21:16:52.670844,181.93,3,Food & Beverages,Organic Products
TXNAYVHHO1G6K,CUST31480902,2026-01-17 21:16:52.670844,317.36,3,Office Supplies,Desk Accessories
TXNKBI9PFV5O6,CUST31480902,2026-05-29 21:16:52.670844,200.28,2,Electronics,Smartphone
TXNR7D8RC3FD9,CUST31480902,2025-05-11 21:16:52.670844,273.18,2,Food & Beverages,Snacks
TXNZD2CLY2O2A,CUST31480902,2025-09-21 21:16:52.670844,299.74,3,Office Supplies,Stationery
TXNXKY3CATG5Y,CUST31480902,2026-01-15 21:16:52.670844,167.11,5,Electronics,Tablet
TXNXIYV5831XQ,CUST31480902,2026-01-31 21:16:52.670844,253.45,4,Health & Beauty,Supplements
TXNRXSCOB8FER,CUST31480902,2026-06-10 21:16:52.670844,126.21,2,Office Supplies,Stationery
TXN6TQ08N8MQL,CUST31480902,2025-10-30 21:16:52.670844,138.67,3,Automotive,Parts
TXNE2KHX3OL1O,CUST31480902,2025-05-29 21:16:52.670844,252.66,5,Toys & Games,Action Figures
TXNT1KBGI49UQ,CUST31480902,2025-09-25 21:16:52.670844,219.41,4,Books,Fiction
TXNZ1GNTDJUVU,CUST31480902,2025-07-31 21:16:52.670844,187.5,2,Health & Beauty,Personal Care
TXN4BOTMN3YNN,CUST56959008,2025-10-20 21:16:52.670844,78.08,2,Sports & Outdoors,Bicycle
TXNKWI6X4FER0,CUST56959008,2025-12-22 21:16:52.670844,156.25,2,Health & Beauty,Makeup
TXNANLCVI6S53,CUST56959008,2025-11-28 21:16:52.670844,88.86,1,Sports & Outdoors,Camping Gear
TXNTSJVHDDG3Y,CUST29775654,2025-09-05 21:16:52.670844,213.78,3,Home & Garden,Kitchen Appliances
TXNH3A3M5SRIC,CUST29775654,2025-05-31 21:16:52.670844,216.14,2,Automotive,Parts
TXNPI4I1Z157U,CUST29775654,2026-01-02 21:16:52.670844,114.38,3,Books,Educational
TXNDC7RR4ICZN,CUST29775654,2025-04-30 21:16:52.670844,177.82,4,Health & Beauty,Makeup
TXNSQ7LQH60BO,CUST10738274,2026-04-28 21:16:52.670844,140.01,5,Home & Garden,Tools
TXNNYSD2M7P2Z,CUST10738274,2026-04-02 21:16:52.670844,144.4,5,Health & Beauty,Supplements
TXNDRXPDRT9WV,CUST10738274,2026-02-13 21:16:52.670844,100.83,2,Health & Beauty,Makeup
TXNFBMGO84NGJ,CUST10738274,2026-05-19 21:16:52.670844,113.77,1,Electronics,Smart Watch
TXNKPOXJVVYG5,CUST10738274,2025-12-10 21:16:52.670844,149.74,1,Electronics,Headphones
TXN7JJKNGQP4N,CUST10738274,2026-05-21 21:16:52.670844,91.89,2,Sports & Outdoors,Fitness Equipment
TXN1UW8J6FW2A,CUST10738274,2026-01-09 21:16:52.670844,123.11,1,Food & Beverages,Snacks
TXNZBLY6D3CNM,CUST10738274,2025-12-09 21:16:52.670844,125.89,4,Electronics,Tablet
TXNICL6KVBRQD,CUST10738274,2026-03-17 21:16:52.670844,97.84,3,Automotive,Tools
TXNPXGYB79DWS,CUST10738274,2026-04-30 21:16:52.670844,109.43,5,Health & Beauty,Makeup
TXNS9O2UOKJ0L,CUST10738274,2026-03-05 21:16:52.670844,192.79,2,Books,Fiction
TXNRWP84XT4F0,CUST10738274,2026-02-13 21:16:52.670844,113.8,2,Food & Beverages,Beverages
TXN3GGAXAA6FO,CUST10738274,2026-03-21 21:16:52.670844,60.84,5,Food & Beverages,Organic Products
TXN8WQ4RZOAIY,CUST10738274,2026-05-13 21:16:52.670844,159.51,1,Office Supplies,Stationery
TXNM0AYK7M8HJ,CUST03626437,2026-02-19 21:16:52.670844,225.07,2,Books,Comics
TXNQG7SSCE40S,CUST03626437,2026-07-01 21:16:52.670844,319.26,2,Books,Magazines
TXNIEGTSXTJBH,CUST03626437,2025-07-04 21:16:52.670844,544.41,1,Food & Beverages,Gourmet Food
TXNQZY4WOZXE3,CUST03626437,2026-03-16 21:16:52.670844,415.41,5,Home & Garden,Tools
TXNGFI27VAF78,CUST03626437,2026-03-20 21:16:52.670844,481.18,4,Books,Non-Fiction
TXNIC7ULMUS4P,CUST03626437,2026-04-12 21:16:52.670844,155.57,1,Clothing,Jeans
TXNT014UBGQ7G,CUST03626437,2025-10-10 21:16:52.670844,541.22,3,Office Supplies,Electronics
TXN54O6KDFCQR,CUST03626437,2025-02-16 21:16:52.670844,353.53,4,Home & Garden,Furniture
TXN44NTN4AE9S,CUST03626437,2026-05-28 21:16:52.670844,265.19,3,Electronics,Smart Watch
TXN5DHPXKU34U,CUST03626437,2025-05-07 21:16:52.670844,417.73,2,Home & Garden,Furniture
TXNSDO1NLKQBW,CUST03626437,2026-05-17 21:16:52.670844,405.43,5,Food & Beverages,Beverages
TXNHAE86MOS0G,CUST03626437,2025-08-11 21:16:52.670844,325.02,1,Home & Garden,Furniture
TXND2LGVVD75U,CUST03626437,2025-08-11 21:16:52.670844,375.6,2,Health & Beauty,Skincare
TXNQZS9GMAK1F,CUST03626437,2024-11-02 21:16:52.670844,451.65,1,Home & Garden,Decor
TXN0LSYD9LQ9F,CUST03626437,2025-06-14 21:16:52.670844,242.12,2,Food & Beverages,Beverages
TXNM6PDG7ZCMD,CUST03626437,2025-03-02 21:16:52.670844,286.6,2,Food & Beverages,Snacks
TXNLWIC8SPG8A,CUST03626437,2026-06-20 21:16:52.670844,156.92,4,Sports & Outdoors,Sportswear
TXNQUTC3QG6TH,CUST03626437,2024-10-26 21:16:52.670844,329.47,2,Home & Garden,Furniture
TXNAHTNP9DO40,CUST03626437,2025-06-02 21:16:52.670844,335.79,2,Toys & Games,Action Figures
TXNJVPM0XOHDP,CUST03626437,2026-06-09 21:16:52.670844,451.74,2,Health & Beauty,Skincare
TXNGNDUULAFWZ,CUST03626437,2024-11-07 21:16:52.670844,364.99,4,Health & Beauty,Supplements
TXNVCXHC2FZ9I,CUST03626437,2025-12-21 21:16:52.670844,341.42,2,Sports & Outdoors,Bicycle
TXN7FBDKKU7FU,CUST03626437,2025-10-31 21:16:52.670844,451.39,4,Food & Beverages,Gourmet Food
TXNYLV1R931UM,CUST03626437,2026-01-05 21:16:52.670844,549.0,3,Automotive,Cleaning Supplies
TXN6FGO3X7LRC,CUST03626437,2026-02-20 21:16:52.670844,394.64,2,Food & Beverages,Gourmet Food
TXND8RYJNZ3Z8,CUST03626437,2025-10-12 21:16:52.670844,480.65,5,Toys & Games,Board Games
TXNGW68XPU4ZC,CUST03626437,2025-09-11 21:16:52.670844,202.93,5,Home & Garden,Kitchen Appliances
TXNDUVG77PLIZ,CUST03626437,2026-04-13 21:16:52.670844,255.12,4,Books,Non-Fiction
TXNAZEQWDMEOR,CUST03626437,2025-07-05 21:16:52.670844,456.2,2,Office Supplies,Stationery
TXN4YBNUU5MGC,CUST03626437,2024-08-20 21:16:52.670844,204.45,3,Food & Beverages,Beverages
TXNUTCOH6BJ7L,CUST03626437,2024-12-07 21:16:52.670844,415.15,3,Books,Magazines
TXNFM0X9O72PD,CUST03626437,2026-04-06 21:16:52.670844,517.18,1,Electronics,Smartphone
TXNDW8Y993ZHG,CUST03626437,2026-02-07 21:16:52.670844,203.67,4,Sports & Outdoors,Bicycle
TXNOLEPBLQ1IR,CUST03626437,2024-08-23 21:16:52.670844,280.18,1,Health & Beauty,Personal Care
TXNA2NC1O2ZRV,CUST03626437,2025-05-20 21:16:52.670844,256.12,2,Electronics,Camera
TXNZAM542J7C2,CUST03626437,2026-05-13 21:16:52.670844,210.34,3,Food & Beverages,Beverages
TXN742SQEXYRQ,CUST33162559,2026-03-19 21:16:52.670844,101.95,3,Toys & Games,Video Games
TXNBSICTWTEV4,CUST33162559,2025-06-16 21:16:52.670844,120.01,5,Home & Garden,Furniture
TXNI0J1RU1EQW,CUST33162559,2024-11-01 21:16:52.670844,100.95,1,Books,Educational
TXNQGUZMOM3WI,CUST33162559,2026-03-11 21:16:52.670844,69.38,1,Toys & Games,Video Games
TXNA314DVWEXZ,CUST33162559,2025-02-10 21:16:52.670844,83.16,2,Health & Beauty,Supplements
TXNQIGBHNBQR7,CUST04790005,2025-09-10 21:16:52.670844,111.43,2,Health & Beauty,Skincare
TXNMW0UZWL25K,CUST04790005,2026-05-28 21:16:52.670844,236.07,1,Home & Garden,Bedding
TXNZPKI1AR269,CUST04790005,2026-03-09 21:16:52.670844,215.47,1,Office Supplies,Furniture
TXNGJPWG8SWV4,CUST04790005,2026-03-28 21:16:52.670844,187.59,2,Home & Garden,Furniture
TXND6PH1BZRIS,CUST04790005,2026-04-20 21:16:52.670844,297.02,5,Food & Beverages,Beverages
TXNQW6IBV9UR4,CUST04790005,2025-10-26 21:16:52.670844,78.69,2,Automotive,Tools
TXNTS54DZEIOV,CUST04790005,2025-08-19 21:16:52.670844,215.59,1,Books,Educational
TXNIZ0VXDCN7X,CUST04790005,2025-06-26 21:16:52.670844,175.87,3,Home & Garden,Decor
TXN5A10VSGHUV,CUST40408062,2026-01-19 21:16:52.670844,139.28,2,Electronics,Smart Watch
TXNASXKLI8UP7,CUST40408062,2025-12-18 21:16:52.670844,189.31,2,Home & Garden,Bedding
TXNEUQ9CH7A62,CUST40408062,2025-12-30 21:16:52.670844,178.45,4,Office Supplies,Desk Accessories
TXNCAFPCX3ITE,CUST40408062,2025-11-13 21:16:52.670844,109.22,3,Automotive,Cleaning Supplies
TXNVYABJ1C0BJ,CUST40408062,2025-10-16 21:16:52.670844,33.3,5,Clothing,T-Shirt
TXNF1R3H3L7MM,CUST40408062,2026-02-27 21:16:52.670844,93.3,2,Automotive,Cleaning Supplies
TXN1G70H5WW9K,CUST40408062,2025-09-19 21:16:52.670844,103.78,1,Sports & Outdoors,Camping Gear
TXNI3AFQ1ZAAN,CUST40408062,2026-03-13 21:16:52.670844,96.57,5,Food & Beverages,Organic Products
TXNYSTG2H2O91,CUST83621905,2025-11-09 21:16:52.670844,66.69,5,Books,Fiction
TXNHI5SYNNTLO,CUST83621905,2025-02-26 21:16:52.670844,114.99,1,Clothing,Accessories
TXNJDT8RKOLHQ,CUST83621905,2026-05-14 21:16:52.670844,91.6,1,Health & Beauty,Skincare
TXNM1FBRSBSK2,CUST83621905,2025-11-11 21:16:52.670844,80.73,3,Home & Garden,Tools
TXNOQPIVHQFRS,CUST66915742,2026-04-28 21:16:52.670844,177.85,2,Toys & Games,Action Figures
TXNC6Y11465CE,CUST66915742,2026-04-10 21:16:52.670844,218.4,2,Automotive,Car Accessories
TXNL2HGH1FVIP,CUST66915742,2026-04-12 21:16:52.670844,200.05,2,Electronics,Camera
TXNC0ZW6EACLG,CUST66915742,2026-04-18 21:16:52.670844,167.19,4,Electronics,Tablet
TXNBXCZ7O1HXI,CUST43450488,2025-06-19 21:16:52.670844,131.99,4,Sports & Outdoors,Sportswear
TXNN8AZTLU9HV,CUST43450488,2026-03-12 21:16:52.670844,260.7,1,Books,Comics
TXN8QXDIX1OYB,CUST43450488,2025-06-12 21:16:52.670844,249.0,5,Health & Beauty,Makeup
TXNK6PIQ4HGLT,CUST43450488,2025-09-19 21:16:52.670844,184.18,4,Electronics,Camera
TXNW3DV7Z1UG7,CUST43450488,2026-05-19 21:16:52.670844,162.17,4,Clothing,Jacket
TXNN7KILWGFGF,CUST43450488,2026-05-19 21:16:52.670844,234.16,1,Home & Garden,Tools
TXN3WQOSLQ2DS,CUST43450488,2025-10-29 21:16:52.670844,162.89,2,Clothing,Jeans
TXNS07BAGH62R,CUST43450488,2026-01-06 21:16:52.670844,191.64,1,Clothing,Accessories
TXNMGUYO7D1XF,CUST43450488,2025-08-10 21:16:52.670844,180.58,5,Sports & Outdoors,Fitness Equipment
TXNWEQKOCSERZ,CUST43450488,2025-09-16 21:16:52.670844,177.13,5,Electronics,Laptop
TXNLDD3DWC6CQ,CUST43450488,2025-09-10 21:16:52.670844,226.86,1,Sports & Outdoors,Bicycle
TXNF9BCKQB0VI,CUST43450488,2025-12-04 21:16:52.670844,174.71,1,Electronics,Headphones
TXNDS8JU53OHQ,CUST43450488,2025-10-05 21:16:52.670844,234.68,2,Food & Beverages,Beverages
TXN7LM3Y83S1Z,CUST43450488,2026-02-11 21:16:52.670844,196.32,4,Office Supplies,Electronics
TXNDBFO7520KD,CUST43450488,2025-12-29 21:16:52.670844,225.34,2,Home & Garden,Kitchen Appliances
TXN3NYA5X1E1Z,CUST43450488,2026-05-19 21:16:52.670844,266.51,2,Electronics,Laptop
TXNHGEC1KXQI4,CUST43450488,2025-07-24 21:16:52.670844,195.61,2,Books,Comics
TXNKUNM1WAUG9,CUST01359885,2025-10-27 21:16:52.670844,97.8,2,Food & Beverages,Snacks
TXNYDIN0I5EH4,CUST01359885,2025-10-11 21:16:52.670844,94.25,1,Home & Garden,Furniture
TXNTYKSUCH73S,CUST01359885,2026-02-23 21:16:52.670844,100.17,2,Health & Beauty,Supplements
TXN5DR3UTK8CV,CUST01359885,2026-02-25 21:16:52.670844,56.84,4,Home & Garden,Kitchen Appliances
TXNHBJZU285XE,CUST01359885,2025-12-07 21:16:52.670844,49.96,2,Automotive,Tools
TXN0RLROXVFSB,CUST14394548,2026-05-21 21:16:52.670844,147.61,4,Office Supplies,Stationery
TXN6FTLEJGG6P,CUST14394548,2026-05-21 21:16:52.670844,117.77,1,Health & Beauty,Skincare
TXNV0XT7NUV8X,CUST14394548,2026-05-19 21:16:52.670844,80.62,2,Clothing,Jacket
TXNYZ1QHENLUM,CUST14394548,2026-05-22 21:16:52.670844,125.05,1,Office Supplies,Stationery
TXN9CB73O7XBW,CUST14394548,2026-05-23 21:16:52.670844,99.9,5,Automotive,Tools
TXN6AGN73ENAB,CUST14394548,2026-05-22 21:16:52.670844,111.05,3,Books,Non-Fiction
TXNIHWDH4HLSY,CUST14394548,2026-05-20 21:16:52.670844,88.98,1,Office Supplies,Stationery
TXN5P70EBMP0O,CUST14394548,2026-05-25 21:16:52.670844,139.25,5,Home & Garden,Furniture
TXN7WEB3D5S76,CUST14394548,2026-05-21 21:16:52.670844,75.62,2,Clothing,Jacket
TXNVPYVHRZ2TL,CUST14394548,2026-05-25 21:16:52.670844,135.21,5,Toys & Games,Action Figures
TXNVHEX4C5142,CUST14394548,2026-05-22 21:16:52.670844,101.26,5,Books,Educational
TXNL0Z7SBDI2M,CUST14394548,2026-05-20 21:16:52.670844,43.96,2,Books,Non-Fiction
TXNET3II1FV48,CUST14394548,2026-05-22 21:16:52.670844,89.22,3,Books,Educational
TXNT05TB96RY1,CUST14394548,2026-05-25 21:16:52.670844,96.92,1,Automotive,Tools
TXNMJM6Z01LM9,CUST14394548,2026-05-23 21:16:52.670844,135.99,1,Home & Garden,Kitchen Appliances
TXNSSH3GJAE9E,CUST14394548,2026-05-24 21:16:52.670844,148.44,4,Sports & Outdoors,Bicycle
TXNE8SJ7V7OJJ,CUST00895254,2025-12-29 21:16:52.670844,120.09,3,Toys & Games,Action Figures
TXNUSTU2FTR5K,CUST00895254,2025-10-25 21:16:52.670844,65.96,2,Clothing,Jeans
TXNTI14Z48HBC,CUST00895254,2025-11-28 21:16:52.670844,40.58,2,Sports & Outdoors,Bicycle
TXNRSRDBQC1V7,CUST00895254,2025-10-20 21:16:52.670844,56.66,5,Health & Beauty,Personal Care
TXNSDUMRJBK7I,CUST00895254,2025-10-30 21:16:52.670844,68.61,3,Office Supplies,Furniture
TXNHY21TV3B99,CUST00895254,2026-04-26 21:16:52.670844,79.04,1,Automotive,Parts
TXNQ19U9Z3H3U,CUST15854540,2026-05-21 21:16:52.670844,169.5,1,Books,Educational
TXNMCXU0R7TSS,CUST15854540,2026-05-23 21:16:52.670844,150.27,5,Clothing,Accessories
TXNPV02EN1K4H,CUST15854540,2026-06-27 21:16:52.670844,113.52,1,Clothing,Jeans
TXNGDJDL4ZSJK,CUST15854540,2026-06-19 21:16:52.670844,93.36,2,Books,Educational
TXNJMHRZH98RD,CUST15854540,2026-07-15 21:16:52.670844,47.29,1,Clothing,Shoes
TXN51F9NQ7LLW,CUST15854540,2026-07-13 21:16:52.670844,71.16,4,Food & Beverages,Organic Products
TXN0BGTFHBWPN,CUST15854540,2026-07-01 21:16:52.670844,98.9,5,Health & Beauty,Skincare
TXNXBNDV4I6TP,CUST15854540,2026-05-28 21:16:52.670844,164.43,1,Electronics,Camera
TXNZPT67NI8XR,CUST15854540,2026-06-11 21:16:52.670844,86.14,1,Health & Beauty,Skincare
TXNBEPX0KSGJQ,CUST15854540,2026-05-24 21:16:52.670844,59.3,4,Clothing,T-Shirt
TXNSPX75OC7OH,CUST15854540,2026-06-13 21:16:52.670844,130.35,2,Books,Comics
TXNM03UB35LJO,CUST15854540,2026-06-23 21:16:52.670844,76.87,3,Office Supplies,Desk Accessories
TXN6Z1DYUR863,CUST15854540,2026-06-25 21:16:52.670844,132.75,5,Toys & Games,Action Figures
TXNGMYB27X60O,CUST15854540,2026-07-13 21:16:52.670844,110.84,2,Clothing,T-Shirt
TXNRS64H26SFY,CUST15854540,2026-05-24 21:16:52.670844,75.43,4,Clothing,Dress
TXN9KN5603AGN,CUST15854540,2026-06-13 21:16:52.670844,35.44,5,Food & Beverages,Gourmet Food
TXN7A697RUD97,CUST15854540,2026-05-28 21:16:52.670844,124.29,4,Health & Beauty,Supplements
TXNWX2URJBOAD,CUST15854540,2026-05-27 21:16:52.670844,156.89,1,Home & Garden,Decor
TXN21TDPJTPVC,CUST15854540,2026-06-02 21:16:52.670844,71.07,1,Health & Beauty,Supplements
TXN9IC6A0J7TM,CUST15854540,2026-07-10 21:16:52.670844,114.55,1,Automotive,Cleaning Supplies
TXNY9FMS5JUDL,CUST81732805,2026-05-05 21:16:52.670844,101.23,5,Health & Beauty,Skincare
TXNK4STRA7ML6,CUST81732805,2026-04-17 21:16:52.670844,132.23,3,Electronics,Smartphone
TXN7NAJOF0LAD,CUST81732805,2026-05-16 21:16:52.670844,76.71,4,Food & Beverages,Gourmet Food
TXNYSH4U6OLVI,CUST81732805,2026-05-05 21:16:52.670844,101.02,5,Automotive,Parts
TXNI8W9FJEN1R,CUST00830975,2024-11-03 21:16:52.670844,164.98,5,Automotive,Car Accessories
TXNOHJF9R44E0,CUST00830975,2025-03-31 21:16:52.670844,193.25,3,Office Supplies,Stationery
TXN9KOIK6C9ZA,CUST00830975,2025-03-25 21:16:52.670844,155.81,4,Health & Beauty,Personal Care
TXNDMF1H8PDIE,CUST00830975,2025-03-09 21:16:52.670844,144.76,3,Office Supplies,Stationery
TXNOSY5EW6SUP,CUST00830975,2025-03-19 21:16:52.670844,272.24,3,Office Supplies,Stationery
TXN15APYLA5C8,CUST00830975,2025-07-11 21:16:52.670844,269.61,4,Electronics,Headphones
TXNXZ6YRC2508,CUST64975493,2026-03-31 21:16:52.670844,143.85,3,Home & Garden,Tools
TXNGJK6I08NYA,CUST64975493,2025-12-16 21:16:52.670844,135.95,3,Office Supplies,Desk Accessories
TXN1BWKY7JT57,CUST64975493,2026-01-13 21:16:52.670844,113.07,2,Food & Beverages,Gourmet Food
TXNSFH46VFDDZ,CUST64975493,2026-01-07 21:16:52.670844,83.76,5,Home & Garden,Decor
TXNOUFREIEW9X,CUST64975493,2026-01-25 21:16:52.670844,139.64,2,Food & Beverages,Beverages
TXNVCG8KLUFD0,CUST64975493,2026-03-09 21:16:52.670844,118.22,4,Office Supplies,Electronics
TXNQM3K8IVVSI,CUST64975493,2026-01-12 21:16:52.670844,58.03,2,Clothing,Dress
TXNZIWGY2FNHV,CUST55846366,2025-09-24 21:16:52.670844,132.8,5,Toys & Games,Puzzles
TXN3S7DO90SO7,CUST55846366,2025-09-05 21:16:52.670844,227.23,5,Sports & Outdoors,Fitness Equipment
TXNCM3MAX13F9,CUST55846366,2026-01-27 21:16:52.670844,237.54,1,Clothing,Jeans
TXNHZNN6AIOCY,CUST55846366,2025-12-15 21:16:52.670844,205.85,4,Automotive,Cleaning Supplies
TXN8KQWVSMO6P,CUST55846366,2026-04-03 21:16:52.670844,157.78,3,Clothing,T-Shirt
TXNH6KVMTWE28,CUST55846366,2025-12-21 21:16:52.670844,133.05,2,Toys & Games,Board Games
TXNHHHV9L6J40,CUST55846366,2025-12-21 21:16:52.670844,144.06,2,Food & Beverages,Gourmet Food
TXNCKOFDPTD3M,CUST55846366,2025-11-17 21:16:52.670844,89.25,1,Automotive,Car Accessories
TXNAB3PCVGFFD,CUST55846366,2025-10-01 21:16:52.670844,116.45,3,Sports & Outdoors,Camping Gear
TXN9XD56IXRVI,CUST55846366,2025-09-04 21:16:52.670844,84.59,5,Home & Garden,Decor
TXNXAGFSPVBR1,CUST41320102,2025-12-21 21:16:52.670844,88.8,1,Home & Garden,Kitchen Appliances
TXN0U5JB8A78B,CUST41320102,2026-01-09 21:16:52.670844,64.71,5,Electronics,Laptop
TXNL51STS65O6,CUST41320102,2025-12-01 21:16:52.670844,43.52,4,Books,Educational
TXNN8FV5QNDFA,CUST04776022,2025-08-16 21:16:52.670844,199.96,1,Health & Beauty,Supplements
TXN83G6IVL5IF,CUST04776022,2025-10-16 21:16:52.670844,74.4,5,Toys & Games,Puzzles
TXNNFMJ2USLVE,CUST04776022,2025-04-18 21:16:52.670844,134.75,2,Health & Beauty,Supplements
TXNODXV1R9V4C,CUST04776022,2026-02-04 21:16:52.670844,206.24,1,Health & Beauty,Skincare
TXNNUTIZZECPC,CUST04776022,2025-12-21 21:16:52.670844,102.19,1,Food & Beverages,Organic Products
TXN4E34H40UDA,CUST04776022,2025-06-26 21:16:52.670844,236.36,1,Office Supplies,Desk Accessories
TXNWG9ZWHBK5L,CUST04776022,2025-05-25 21:16:52.670844,98.11,3,Automotive,Tools
TXNSOLANLGXOC,CUST39293623,2026-04-20 21:16:52.670844,216.94,3,Sports & Outdoors,Camping Gear
TXN9Q6FXE99N6,CUST39293623,2026-04-14 21:16:52.670844,191.18,1,Clothing,Jeans
TXNL5G03V5XAX,CUST39293623,2026-02-08 21:16:52.670844,216.22,2,Sports & Outdoors,Camping Gear
TXNOV9HT7GE23,CUST39293623,2026-06-23 21:16:52.670844,220.36,5,Food & Beverages,Snacks
TXN4QE9RQYGD2,CUST39293623,2026-02-15 21:16:52.670844,284.16,4,Electronics,Laptop
TXNVEV5HQYQHU,CUST39293623,2026-05-30 21:16:52.670844,220.0,2,Sports & Outdoors,Fitness Equipment
TXN68UC2KNM4H,CUST39293623,2026-05-27 21:16:52.670844,105.52,4,Sports & Outdoors,Sportswear
TXN8B08K3HZUZ,CUST39293623,2026-02-20 21:16:52.670844,162.3,2,Home & Garden,Decor
TXND914JDIYP4,CUST39293623,2026-03-27 21:16:52.670844,181.37,3,Food & Beverages,Snacks
TXNR8VILAPQ1P,CUST39293623,2026-06-20 21:16:52.670844,109.3,4,Books,Fiction
TXNZ6STFCSUGZ,CUST39293623,2026-03-31 21:16:52.670844,184.8,5,Sports & Outdoors,Fitness Equipment
TXNWH8SLPYLVO,CUST39293623,2026-02-11 21:16:52.670844,229.59,2,Sports & Outdoors,Bicycle
TXN0PAMNCBUKG,CUST39293623,2026-02-11 21:16:52.670844,330.3,2,Electronics,Headphones
TXN4DBYD99FJB,CUST39293623,2026-03-03 21:16:52.670844,229.52,3,Electronics,Camera
TXNOTXTXZMQZ0,CUST39293623,2026-04-03 21:16:52.670844,366.18,1,Automotive,Car Accessories
TXNRNY1AQ7D2U,CUST39293623,2026-02-28 21:16:52.670844,171.02,4,Home & Garden,Furniture
TXNFWJNRIVQT8,CUST39293623,2026-06-09 21:16:52.670844,326.61,5,Food & Beverages,Beverages
TXNLX5NHBUC44,CUST39293623,2026-05-13 21:16:52.670844,144.26,5,Sports & Outdoors,Sportswear
TXNOWPN00JSVC,CUST39293623,2026-02-04 21:16:52.670844,149.71,2,Home & Garden,Furniture
TXN6KAOXE03EU,CUST39293623,2026-05-09 21:16:52.670844,225.12,3,Electronics,Headphones
TXN6VYL39TJ4O,CUST39293623,2026-05-28 21:16:52.670844,248.61,2,Home & Garden,Kitchen Appliances
TXNZ42X1F0ATJ,CUST39293623,2026-05-22 21:16:52.670844,236.56,3,Toys & Games,Board Games
TXNL4RQVOO7GJ,CUST39293623,2026-04-13 21:16:52.670844,287.02,3,Books,Comics
TXNQBPDWKGN6O,CUST39293623,2026-05-01 21:16:52.670844,136.37,5,Clothing,T-Shirt
TXNGR6ZJMAQ29,CUST91396401,2026-01-17 21:16:52.670844,442.07,5,Health & Beauty,Personal Care
TXNQ2R9BYUWRI,CUST91396401,2026-05-17 21:16:52.670844,463.44,2,Clothing,Accessories
TXNM40S9I0R75,CUST91396401,2025-08-28 21:16:52.670844,541.82,4,Food & Beverages,Beverages
TXN6SMNQMPMX0,CUST91396401,2025-09-23 21:16:52.670844,188.63,1,Home & Garden,Kitchen Appliances
TXNI4BVX1KH3N,CUST91396401,2025-10-16 21:16:52.670844,534.44,1,Electronics,Smart Watch
TXNI02WQZQE43,CUST91396401,2026-05-19 21:16:52.670844,577.64,2,Clothing,Jeans
TXNIU3SBR72SC,CUST91396401,2026-05-18 21:16:52.670844,586.3,1,Office Supplies,Stationery
TXNFTDK2NB493,CUST91396401,2026-02-28 21:16:52.670844,367.38,1,Food & Beverages,Organic Products
TXNRZ7Y9IEQBP,CUST91396401,2026-04-08 21:16:52.670844,647.11,4,Books,Educational
TXNCGWML1KWG1,CUST91396401,2026-03-03 21:16:52.670844,388.83,2,Books,Fiction
TXN7925CYCZE1,CUST91396401,2026-06-05 21:16:52.670844,525.48,3,Food & Beverages,Beverages
TXNUSIWS8G388,CUST91396401,2026-02-22 21:16:52.670844,408.26,5,Books,Educational
TXNPTD2Q8QK0K,CUST91396401,2026-04-08 21:16:52.670844,593.84,4,Books,Comics
TXNFI3N984JOL,CUST91396401,2026-01-10 21:16:52.670844,338.53,2,Food & Beverages,Gourmet Food
TXN22S31JXB0X,CUST91396401,2025-09-15 21:16:52.670844,525.81,3,Home & Garden,Kitchen Appliances
TXN51SJNQXK4N,CUST91396401,2026-03-31 21:16:52.670844,226.23,5,Sports & Outdoors,Bicycle
TXN9G41FN9ND0,CUST91396401,2026-04-10 21:16:52.670844,349.1,3,Office Supplies,Stationery
TXNVJG6DI9671,CUST91396401,2025-08-16 21:16:52.670844,329.22,5,Sports & Outdoors,Bicycle
TXNJX74XMI5VA,CUST91396401,2025-12-28 21:16:52.670844,411.35,3,Health & Beauty,Skincare
TXNBFD670VDJR,CUST91396401,2026-06-22 21:16:52.670844,609.87,3,Clothing,Jacket
TXNCFYXEBAY4K,CUST91396401,2025-09-25 21:16:52.670844,635.74,3,Health & Beauty,Skincare
TXNJK5LB640CU,CUST91396401,2026-02-05 21:16:52.670844,485.07,1,Toys & Games,Puzzles
TXN6VU5CD4U75,CUST91396401,2026-03-30 21:16:52.670844,602.38,2,Toys & Games,Video Games
TXNSG5AVOWY4V,CUST91396401,2026-06-24 21:16:52.670844,505.04,1,Health & Beauty,Skincare
TXNRP8XI6NN79,CUST91396401,2026-04-20 21:16:52.670844,458.69,3,Toys & Games,Video Games
TXNB09X3D674A,CUST91396401,2026-03-14 21:16:52.670844,368.76,5,Sports & Outdoors,Sportswear
TXNGK0JAUO2UI,CUST91396401,2026-04-10 21:16:52.670844,527.72,1,Food & Beverages,Snacks
TXNKGW7H2Q2TP,CUST91396401,2025-10-20 21:16:52.670844,355.52,1,Sports & Outdoors,Fitness Equipment
TXN091160REOL,CUST91396401,2025-12-19 21:16:52.670844,431.16,1,Toys & Games,Puzzles
TXNDEN1P9ERBJ,CUST91396401,2025-11-30 21:16:52.670844,472.31,4,Toys & Games,Video Games
TXNY3HZLUZA02,CUST91396401,2025-08-27 21:16:52.670844,536.39,2,Health & Beauty,Skincare
TXN97DZF0C00P,CUST91396401,2026-01-27 21:16:52.670844,496.12,4,Office Supplies,Desk Accessories
TXNG26EG63U5Y,CUST60812228,2025-07-29 21:16:52.670844,155.7,1,Health & Beauty,Personal Care
TXNGTOFDWVWS5,CUST60812228,2026-06-23 21:16:52.670844,167.5,5,Sports & Outdoors,Fitness Equipment
TXNXCL8JWBOE0,CUST60812228,2026-07-02 21:16:52.670844,163.56,3,Toys & Games,Puzzles
TXNEZMN0NX0OQ,CUST60812228,2026-07-02 21:16:52.670844,226.61,2,Automotive,Tools
TXNXBFLRT5YHD,CUST60812228,2025-06-18 21:16:52.670844,316.26,3,Clothing,Jacket
TXN9LLOJ6IQ3L,CUST60812228,2025-07-23 21:16:52.670844,138.76,1,Clothing,Jeans
TXN3121XINW8C,CUST60812228,2025-12-25 21:16:52.670844,114.3,5,Food & Beverages,Beverages
TXNGT8YX6BSZO,CUST60812228,2026-06-10 21:16:52.670844,234.65,2,Food & Beverages,Organic Products
TXNB70KO2VX6Y,CUST60812228,2025-11-12 21:16:52.670844,359.9,1,Home & Garden,Kitchen Appliances
TXNKKEJKDRFM7,CUST60812228,2025-07-04 21:16:52.670844,176.48,3,Clothing,Dress
TXNHTT8ZOXN91,CUST60812228,2026-03-16 21:16:52.670844,240.05,3,Toys & Games,Video Games
TXNW0QY4R57KZ,CUST60812228,2026-04-30 21:16:52.670844,303.43,4,Books,Educational
TXN5B4INHC6G2,CUST60812228,2025-10-27 21:16:52.670844,359.8,2,Books,Educational
TXNPMGYZ8Z9A5,CUST60812228,2026-06-29 21:16:52.670844,267.8,2,Sports & Outdoors,Camping Gear
TXNSMKJ9YA15E,CUST60812228,2025-10-18 21:16:52.670844,268.76,3,Books,Educational
TXNFJ5PKWO571,CUST60812228,2025-06-27 21:16:52.670844,228.21,5,Toys & Games,Video Games
TXNAYIWYFXVKV,CUST60812228,2025-07-15 21:16:52.670844,438.72,5,Clothing,Jeans
TXN29O6Z7JNEP,CUST60812228,2025-12-02 21:16:52.670844,182.95,1,Books,Non-Fiction
TXN8NGXBNY0UD,CUST60812228,2025-09-30 21:16:52.670844,335.23,1,Electronics,Laptop
TXN3TQJE7XH0S,CUST60812228,2025-08-18 21:16:52.670844,280.5,5,Toys & Games,Board Games
TXN75LN7XJS8E,CUST60812228,2026-05-17 21:16:52.670844,262.29,4,Books,Non-Fiction
TXNZTGK7RTLT8,CUST60812228,2025-09-15 21:16:52.670844,220.53,5,Sports & Outdoors,Fitness Equipment
TXNFN45D8WMDH,CUST60812228,2025-08-14 21:16:52.670844,173.6,1,Sports & Outdoors,Sportswear
TXNX4WONPMEIL,CUST60812228,2026-05-25 21:16:52.670844,343.38,2,Office Supplies,Desk Accessories
TXNGDTVORIM9W,CUST60812228,2026-02-08 21:16:52.670844,298.03,1,Toys & Games,Puzzles
TXNVCJJ0MCWK9,CUST60812228,2026-04-14 21:16:52.670844,214.07,2,Office Supplies,Desk Accessories
TXN3VWQ243S9M,CUST60812228,2026-02-11 21:16:52.670844,368.09,1,Books,Fiction
TXNM81WUOJ83B,CUST60812228,2026-03-11 21:16:52.670844,199.68,4,Health & Beauty,Makeup
TXNUYN5J9IWD1,CUST60812228,2026-01-13 21:16:52.670844,323.97,1,Automotive,Car Accessories
TXNWQGMLLN5VR,CUST60812228,2026-06-28 21:16:52.670844,374.48,4,Books,Magazines
TXNQ7PO76FI95,CUST67333500,2026-04-07 21:16:52.670844,136.03,4,Clothing,Accessories
TXNRIK5QCKCAT,CUST67333500,2025-04-30 21:16:52.670844,111.0,4,Health & Beauty,Personal Care
TXNSBQ5315MP1,CUST67333500,2026-01-04 21:16:52.670844,136.56,3,Home & Garden,Decor
TXNMJH26R6326,CUST67333500,2025-07-30 21:16:52.670844,222.43,3,Electronics,Tablet
TXNBV9OH1ZIAH,CUST67333500,2025-04-15 21:16:52.670844,144.79,5,Home & Garden,Tools
TXNQMX7925YRQ,CUST67333500,2025-12-21 21:16:52.670844,105.63,4,Health & Beauty,Supplements
TXNMB3R2S4HYY,CUST67333500,2026-04-21 21:16:52.670844,174.49,3,Clothing,T-Shirt
TXN6LNCCP5QPC,CUST67333500,2025-11-20 21:16:52.670844,95.24,3,Toys & Games,Action Figures
TXNVHP92HEU7E,CUST67333500,2025-02-05 21:16:52.670844,193.31,2,Clothing,Jeans
TXNNXBBDNYJ0E,CUST67333500,2025-06-11 21:16:52.670844,175.13,4,Food & Beverages,Beverages
TXNTZUW1RNXIA,CUST67333500,2025-04-01 21:16:52.670844,175.23,2,Office Supplies,Desk Accessories
TXN544WUQRPYP,CUST74467298,2024-09-12 21:16:52.670844,241.51,1,Books,Magazines
TXNCH5MV9RKUS,CUST74467298,2024-12-11 21:16:52.670844,240.55,2,Electronics,Camera
TXNPSBX2QSDJ8,CUST74467298,2024-10-04 21:16:52.670844,155.86,2,Clothing,Dress
TXNRGCTAQ2M6X,CUST74467298,2025-03-06 21:16:52.670844,91.49,3,Toys & Games,Board Games
TXNBLFQYDLHU8,CUST02912133,2025-12-12 21:16:52.670844,412.64,3,Food & Beverages,Snacks
TXNUIR7M5BHWF,CUST02912133,2026-05-12 21:16:52.670844,262.89,4,Food & Beverages,Snacks
TXNTZFC7B6M1R,CUST02912133,2026-03-16 21:16:52.670844,175.39,1,Sports & Outdoors,Sportswear
TXNXYG6A6KBBX,CUST02912133,2026-02-14 21:16:52.670844,196.12,4,Food & Beverages,Snacks
TXNNC7Q3GZ6KO,CUST02912133,2025-09-29 21:16:52.670844,385.36,2,Office Supplies,Furniture
TXN92Z2MJL3P9,CUST02912133,2025-07-28 21:16:52.670844,233.02,5,Books,Magazines
TXNY3H7HMQTI8,CUST02912133,2025-08-02 21:16:52.670844,238.0,1,Office Supplies,Stationery
TXNC462X5J2AR,CUST02912133,2025-07-31 21:16:52.670844,259.66,1,Sports & Outdoors,Sportswear
TXN25BWSG58MC,CUST02912133,2026-07-13 21:16:52.670844,514.38,1,Electronics,Smart Watch
TXNSA3KT2U1SM,CUST02912133,2025-11-26 21:16:52.670844,178.13,3,Food & Beverages,Beverages
TXN3XYV72OSJ5,CUST02912133,2025-11-11 21:16:52.670844,321.76,4,Toys & Games,Action Figures
TXNO7HKXP11N5,CUST02912133,2025-11-24 21:16:52.670844,133.2,5,Electronics,Laptop
TXNLXFG1CXS8C,CUST02912133,2026-03-26 21:16:52.670844,276.85,2,Automotive,Parts
TXN07V2HDGC33,CUST02912133,2025-12-11 21:16:52.670844,360.1,1,Toys & Games,Board Games
TXNTJ7BY0QB35,CUST02912133,2026-04-03 21:16:52.670844,424.08,1,Books,Fiction
TXNB7BWXB8OD9,CUST02912133,2026-02-01 21:16:52.670844,162.76,1,Automotive,Car Accessories
TXN4NFO6QOU37,CUST02912133,2026-01-03 21:16:52.670844,381.41,3,Health & Beauty,Makeup
TXNBHZAN8VNFZ,CUST02912133,2025-08-28 21:16:52.670844,285.73,2,Books,Magazines
TXNQ22TBYVPON,CUST02912133,2025-11-27 21:16:52.670844,190.65,2,Home & Garden,Kitchen Appliances
TXNM0QW3P35RG,CUST02912133,2025-07-27 21:16:52.670844,134.7,2,Health & Beauty,Supplements
TXN6HM7PCSDYY,CUST02912133,2026-05-18 21:16:52.670844,396.03,5,Electronics,Camera
TXN2XU40C502S,CUST02912133,2026-06-11 21:16:52.670844,207.17,4,Home & Garden,Kitchen Appliances
TXNXO55BLA69S,CUST02912133,2025-09-26 21:16:52.670844,432.64,1,Sports & Outdoors,Camping Gear
TXNTBXDPRIBND,CUST02912133,2026-02-08 21:16:52.670844,219.68,2,Clothing,Dress
TXNK8VFNZ1QY4,CUST02912133,2025-08-21 21:16:52.670844,342.84,3,Sports & Outdoors,Fitness Equipment
TXNBEPWC2J338,CUST02912133,2025-10-25 21:16:52.670844,441.75,1,Books,Educational
TXN1XCIIH2IED,CUST02912133,2026-02-01 21:16:52.670844,376.89,1,Sports & Outdoors,Fitness Equipment
TXN0U7KWY31BI,CUST02912133,2026-05-29 21:16:52.670844,405.98,1,Sports & Outdoors,Sportswear
TXNRB2VSYW55P,CUST81476807,2024-10-18 21:16:52.670844,386.82,1,Food & Beverages,Organic Products
TXN3ZCQ5WSVAE,CUST81476807,2026-04-15 21:16:52.670844,334.72,3,Office Supplies,Stationery
TXNNVV0YPM3DY,CUST81476807,2026-06-13 21:16:52.670844,267.38,3,Health & Beauty,Supplements
TXN2Z5QLF57ES,CUST81476807,2024-08-17 21:16:52.670844,500.65,2,Health & Beauty,Personal Care
TXNA95FQMM480,CUST81476807,2025-12-09 21:16:52.670844,438.93,4,Sports & Outdoors,Fitness Equipment
TXNFT34Z2CR3X,CUST81476807,2025-11-10 21:16:52.670844,639.44,4,Toys & Games,Puzzles
TXN1YZMN9TV7T,CUST81476807,2026-04-30 21:16:52.670844,752.36,3,Automotive,Parts
TXNE745EZP0F6,CUST81476807,2024-11-29 21:16:52.670844,717.34,1,Home & Garden,Furniture
TXN4CXRWNVGY3,CUST81476807,2026-03-04 21:16:52.670844,602.49,1,Health & Beauty,Personal Care
TXNEBT7D4CUOJ,CUST81476807,2024-12-01 21:16:52.670844,469.34,4,Toys & Games,Action Figures
TXNNVZ4Y4EG0R,CUST81476807,2025-08-10 21:16:52.670844,377.21,1,Electronics,Laptop
TXNOMOONQTLU9,CUST81476807,2025-04-12 21:16:52.670844,504.84,3,Toys & Games,Board Games
TXNLGS8NVMEXC,CUST81476807,2025-07-19 21:16:52.670844,661.93,3,Home & Garden,Furniture
TXNCLRZ8Q1TMJ,CUST81476807,2025-05-21 21:16:52.670844,161.18,1,Books,Comics
TXN9SEWVYEY8T,CUST81476807,2025-04-14 21:16:52.670844,479.16,4,Food & Beverages,Beverages
TXNCKWY0K4MJ5,CUST81476807,2025-06-25 21:16:52.670844,605.07,3,Health & Beauty,Makeup
TXN80BBU3KV7T,CUST81476807,2026-06-13 21:16:52.670844,541.65,1,Sports & Outdoors,Fitness Equipment
TXNYTJXBMEQIT,CUST81476807,2024-08-14 21:16:52.670844,449.14,1,Clothing,Shoes
TXNN4EXIXKDZA,CUST81476807,2026-03-11 21:16:52.670844,279.95,3,Health & Beauty,Skincare
TXNGBITM3EW96,CUST81476807,2026-06-04 21:16:52.670844,323.78,2,Home & Garden,Tools
TXN15SHZOS6M9,CUST81476807,2024-11-12 21:16:52.670844,645.48,5,Clothing,Jeans
TXNBH5APEA20B,CUST81139253,2026-02-22 21:16:52.670844,77.89,2,Office Supplies,Electronics
TXNGXDL32XENK,CUST81139253,2026-02-22 21:16:52.670844,60.83,5,Home & Garden,Decor
TXNH1ACVX6VTN,CUST81139253,2026-03-21 21:16:52.670844,77.9,4,Electronics,Laptop
TXN9L5G3B9NID,CUST81139253,2026-03-01 21:16:52.670844,105.0,4,Office Supplies,Desk Accessories
TXNGRJTK8GAE0,CUST81139253,2026-02-19 21:16:52.670844,101.39,5,Clothing,Dress
TXNXRH0LCYROP,CUST81139253,2026-03-02 21:16:52.670844,57.38,4,Automotive,Car Accessories
TXNV5Q04MIVFS,CUST67622446,2026-01-20 21:16:52.670844,186.29,3,Automotive,Car Accessories
TXNJBYM9N9EPW,CUST67622446,2025-11-24 21:16:52.670844,126.96,2,Books,Educational
TXNR7C8IBP1P3,CUST67622446,2025-10-23 21:16:52.670844,162.34,2,Electronics,Smartphone
TXNP73E6RRM85,CUST67622446,2026-06-04 21:16:52.670844,76.0,5,Food & Beverages,Gourmet Food
TXN7Z97D0BIRS,CUST67622446,2026-03-12 21:16:52.670844,110.37,4,Home & Garden,Bedding
TXNTDRNL0UF1A,CUST67622446,2025-11-23 21:16:52.670844,130.47,1,Books,Magazines
TXNEVOLLPMREE,CUST67622446,2026-02-09 21:16:52.670844,157.05,3,Health & Beauty,Skincare
TXNBIEEMOK2M1,CUST67622446,2026-06-11 21:16:52.670844,81.38,1,Food & Beverages,Snacks
TXNZT2PCFND7M,CUST67622446,2026-05-19 21:16:52.670844,139.53,4,Electronics,Smart Watch
TXNGO17ZU0OMP,CUST67622446,2025-11-04 21:16:52.670844,136.89,5,Electronics,Smartphone
TXN1ZQ0AEEBZE,CUST67622446,2025-10-21 21:16:52.670844,142.51,2,Office Supplies,Furniture
TXNN80SD2NRYO,CUST67622446,2026-03-23 21:16:52.670844,188.44,2,Books,Educational
TXNLXN180VWT6,CUST67622446,2025-10-11 21:16:52.670844,136.17,1,Office Supplies,Electronics
TXNPS58ZXUM6P,CUST67622446,2025-11-05 21:16:52.670844,72.62,2,Electronics,Laptop
TXNQU6WDG2884,CUST67622446,2026-04-07 21:16:52.670844,102.1,3,Home & Garden,Kitchen Appliances
TXNXY2XT9GBP6,CUST67622446,2026-05-28 21:16:52.670844,165.48,1,Food & Beverages,Organic Products
TXNM8L4GKX1P8,CUST67622446,2026-04-13 21:16:52.670844,189.71,1,Sports & Outdoors,Fitness Equipment
TXNCHGCU08OJX,CUST67622446,2026-02-17 21:16:52.670844,164.14,2,Electronics,Tablet
TXNZRSVXUCHHT,CUST67622446,2026-06-07 21:16:52.670844,131.15,3,Food & Beverages,Organic Products
TXNOP70FB7LUM,CUST67622446,2026-05-09 21:16:52.670844,99.52,1,Sports & Outdoors,Bicycle
TXN4KZP0YAPI8,CUST18265808,2026-05-05 21:16:52.670844,167.79,3,Home & Garden,Decor
TXNLGTTCIDZX9,CUST18265808,2026-05-10 21:16:52.670844,296.83,2,Sports & Outdoors,Sportswear
TXN5MRWVIALVO,CUST18265808,2026-04-07 21:16:52.670844,154.81,3,Office Supplies,Desk Accessories
TXNN88OXJTRZS,CUST18265808,2026-06-05 21:16:52.670844,234.71,5,Health & Beauty,Personal Care
TXNZ563G1BF9Z,CUST18265808,2026-05-05 21:16:52.670844,332.07,2,Health & Beauty,Skincare
TXNLKQLGGX3FS,CUST18265808,2026-04-30 21:16:52.670844,260.16,4,Health & Beauty,Personal Care
TXN00DNSUWMH8,CUST18265808,2026-05-28 21:16:52.670844,288.7,1,Sports & Outdoors,Fitness Equipment
TXNVXNZ9CT5NG,CUST18265808,2026-04-17 21:16:52.670844,168.13,3,Electronics,Headphones
TXNZ6V4C1ZGW7,CUST18265808,2026-06-16 21:16:52.670844,299.51,1,Home & Garden,Bedding
TXN383Z429T3Y,CUST18265808,2026-05-29 21:16:52.670844,142.29,5,Food & Beverages,Gourmet Food
TXN3SFLI5XYJ1,CUST18265808,2026-05-14 21:16:52.670844,109.04,4,Home & Garden,Decor
TXNN0ZOTMULW9,CUST18265808,2026-05-12 21:16:52.670844,293.95,5,Health & Beauty,Skincare
TXNBLPXWVHFKR,CUST18265808,2026-06-28 21:16:52.670844,241.75,2,Health & Beauty,Skincare
TXNO3QGT8YYAA,CUST18265808,2026-07-02 21:16:52.670844,299.74,1,Electronics,Headphones
TXNPZABN83E1Y,CUST18265808,2026-06-09 21:16:52.670844,212.82,3,Automotive,Cleaning Supplies
TXNVDQS5OUTQ6,CUST18265808,2026-04-21 21:16:52.670844,155.08,3,Clothing,Jacket
TXNR2QRWJWS5F,CUST18265808,2026-04-09 21:16:52.670844,362.12,4,Electronics,Headphones
TXNM7RPL9AK0B,CUST18265808,2026-06-20 21:16:52.670844,213.0,3,Clothing,Accessories
TXNLUWGS3NBD1,CUST18265808,2026-05-14 21:16:52.670844,198.82,2,Sports & Outdoors,Sportswear
TXNZQSV5ITL3T,CUST18265808,2026-06-05 21:16:52.670844,194.34,1,Sports & Outdoors,Bicycle
TXNTDCK3DJLXK,CUST18265808,2026-04-13 21:16:52.670844,305.37,4,Books,Educational
TXN1C52DX4VV0,CUST18265808,2026-05-06 21:16:52.670844,301.59,3,Clothing,Jacket
TXNFP719WQKLK,CUST18265808,2026-05-16 21:16:52.670844,279.3,5,Automotive,Cleaning Supplies
TXNI0DWULVIY7,CUST18265808,2026-05-26 21:16:52.670844,164.42,2,Clothing,Jeans
TXNLBDM14AY5E,CUST18265808,2026-04-12 21:16:52.670844,196.0,4,Electronics,Tablet
TXN96QQYT85DH,CUST18265808,2026-06-18 21:16:52.670844,228.85,4,Office Supplies,Electronics
TXNKPZDCRLLI7,CUST18265808,2026-04-29 21:16:52.670844,157.94,4,Home & Garden,Tools
TXNB0IAQMCQKX,CUST18265808,2026-06-19 21:16:52.670844,207.54,4,Automotive,Tools
TXNIYCQPKOYTV,CUST18265808,2026-05-23 21:16:52.670844,275.11,2,Home & Garden,Bedding
TXN95W9Q9X8U3,CUST18265808,2026-05-09 21:16:52.670844,238.23,3,Office Supplies,Electronics
TXN1BZ6JCTXJQ,CUST18265808,2026-06-02 21:16:52.670844,303.36,5,Books,Educational
TXNZQ632SRH2B,CUST18265808,2026-06-22 21:16:52.670844,139.31,1,Office Supplies,Desk Accessories
TXN3ZD4IZ9W4K,CUST18265808,2026-05-12 21:16:52.670844,144.07,2,Food & Beverages,Beverages
TXNPMYIB9B3QW,CUST18265808,2026-05-23 21:16:52.670844,256.15,5,Health & Beauty,Skincare
TXNNHB52Q6G0Q,CUST18265808,2026-05-07 21:16:52.670844,212.79,4,Office Supplies,Furniture
TXNIXLM96UD9Y,CUST18265808,2026-04-07 21:16:52.670844,198.81,5,Books,Educational
TXNZE00JL4GMV,CUST18265808,2026-05-07 21:16:52.670844,137.29,1,Sports & Outdoors,Sportswear
TXNZM1IAP5E1V,CUST18265808,2026-06-21 21:16:52.670844,301.45,3,Books,Magazines
TXNT2TQW4S7DT,CUST18265808,2026-06-21 21:16:52.670844,320.53,5,Health & Beauty,Supplements
TXNSTXQDVDSSI,CUST18265808,2026-06-10 21:16:52.670844,310.23,2,Toys & Games,Action Figures
TXN0JN8WGXP1G,CUST18265808,2026-06-12 21:16:52.670844,168.39,1,Food & Beverages,Gourmet Food
TXNQ70ZW53LZY,CUST18265808,2026-05-30 21:16:52.670844,348.63,4,Automotive,Cleaning Supplies
TXNPOR4G1FWX9,CUST18265808,2026-05-21 21:16:52.670844,280.51,5,Health & Beauty,Makeup
TXN70BJA1HQHB,CUST18265808,2026-06-24 21:16:52.670844,254.71,5,Electronics,Smartphone
TXNE21IVUXHQC,CUST18265808,2026-04-26 21:16:52.670844,242.3,2,Automotive,Cleaning Supplies
TXN30ATJTIHK7,CUST18265808,2026-05-23 21:16:52.670844,213.68,3,Toys & Games,Board Games
TXN9X9ZURA414,CUST18265808,2026-06-25 21:16:52.670844,260.76,2,Home & Garden,Bedding
TXNQH6QENX3BT,CUST04052361,2025-08-04 21:16:52.670844,542.03,5,Food & Beverages,Gourmet Food
TXN6UOC9RYCNT,CUST04052361,2026-03-12 21:16:52.670844,173.62,1,Toys & Games,Action Figures
TXNYU74EDTRWJ,CUST04052361,2025-03-02 21:16:52.670844,394.58,3,Food & Beverages,Gourmet Food
TXN7THI0WHC0C,CUST04052361,2025-07-08 21:16:52.670844,336.46,5,Health & Beauty,Skincare
TXNJUTGREY2GA,CUST04052361,2026-04-07 21:16:52.670844,148.46,2,Books,Educational
TXNR8ZC91T5RU,CUST04052361,2025-06-12 21:16:52.670844,339.87,2,Sports & Outdoors,Sportswear
TXN9SCT1FL7IO,CUST04052361,2025-09-15 21:16:52.670844,394.08,1,Books,Educational
TXNURMINVKM2R,CUST04052361,2025-10-12 21:16:52.670844,555.03,5,Health & Beauty,Makeup
TXNSBA7E7A0V2,CUST04052361,2025-06-27 21:16:52.670844,492.36,4,Food & Beverages,Organic Products
TXNUW3BIVESQZ,CUST04052361,2025-10-03 21:16:52.670844,488.64,5,Automotive,Tools
TXN9TI9B2LNTL,CUST04052361,2026-03-09 21:16:52.670844,534.15,1,Home & Garden,Decor
TXNP2QRXCSV20,CUST04052361,2025-12-10 21:16:52.670844,271.45,5,Office Supplies,Furniture
TXN8S316GZ68I,CUST04052361,2025-09-22 21:16:52.670844,526.27,4,Home & Garden,Furniture
TXNXWS9PICBHS,CUST04052361,2025-06-19 21:16:52.670844,456.6,5,Health & Beauty,Skincare
TXN5G268B5OJA,CUST04052361,2025-12-26 21:16:52.670844,348.89,5,Food & Beverages,Organic Products
TXNJCLG33SCB6,CUST04052361,2025-06-29 21:16:52.670844,475.89,1,Food & Beverages,Snacks
TXNFDIYKEZ5NG,CUST04052361,2026-04-27 21:16:52.670844,223.7,4,Office Supplies,Stationery
TXND4RW68SVVC,CUST04052361,2025-04-30 21:16:52.670844,202.49,3,Food & Beverages,Beverages
TXNONFIHY4HG9,CUST04052361,2025-06-04 21:16:52.670844,427.97,3,Electronics,Headphones
TXN9I2VGNRE8C,CUST04052361,2025-09-11 21:16:52.670844,449.35,2,Sports & Outdoors,Camping Gear
TXNW87MJXBKL5,CUST04052361,2026-03-10 21:16:52.670844,206.84,2,Automotive,Cleaning Supplies
TXN7PG2CF551U,CUST04052361,2025-11-18 21:16:52.670844,342.56,5,Electronics,Tablet
TXNIJ4VURS9Z0,CUST04052361,2026-03-29 21:16:52.670844,275.53,2,Books,Educational
TXN5KSI2SVPWT,CUST04052361,2026-04-22 21:16:52.670844,175.27,4,Books,Comics
TXN1JEGRD0EWO,CUST04052361,2026-07-05 21:16:52.670844,387.62,3,Sports & Outdoors,Camping Gear
TXNOAGP1779NG,CUST04052361,2025-10-13 21:16:52.670844,404.56,1,Toys & Games,Board Games
TXNC9LI7WLE8L,CUST04052361,2026-06-25 21:16:52.670844,617.82,5,Automotive,Tools
TXN9NB0IUYYIL,CUST04052361,2026-06-25 21:16:52.670844,375.75,5,Books,Educational
TXN9HE7UD5YRW,CUST04052361,2025-12-09 21:16:52.670844,560.17,3,Health & Beauty,Supplements
TXN35BIHTX6G2,CUST04052361,2025-06-16 21:16:52.670844,368.28,5,Toys & Games,Puzzles
TXN4I790VB5Q0,CUST04052361,2026-02-11 21:16:52.670844,471.72,2,Clothing,Accessories
TXNRKKQ7PTMLJ,CUST97616105,2025-10-31 21:16:52.670844,288.61,2,Food & Beverages,Organic Products
TXNHKURTD3O5N,CUST97616105,2025-08-22 21:16:52.670844,383.12,4,Electronics,Tablet
TXNEHTV24MXUB,CUST97616105,2026-02-10 21:16:52.670844,335.72,1,Books,Non-Fiction
TXN1CF86D4GM1,CUST97616105,2026-04-11 21:16:52.670844,390.84,4,Books,Educational
TXNROE7JTW9FB,CUST97616105,2026-05-18 21:16:52.670844,79.42,3,Automotive,Cleaning Supplies
TXNMOKUX6LN91,CUST97616105,2026-03-23 21:16:52.670844,280.19,3,Home & Garden,Tools
TXNU4KY25E9RU,CUST97616105,2025-11-27 21:16:52.670844,356.6,3,Home & Garden,Furniture
TXN2GMJ0N7XKH,CUST97616105,2026-01-23 21:16:52.670844,257.34,2,Office Supplies,Stationery
TXN4QG8V6E1WT,CUST97616105,2026-06-15 21:16:52.670844,177.13,3,Health & Beauty,Supplements
TXNNXQBNSKAIE,CUST97616105,2026-03-17 21:16:52.670844,430.27,5,Home & Garden,Kitchen Appliances
TXNNLED5E75ZO,CUST97616105,2026-06-08 21:16:52.670844,345.86,1,Office Supplies,Electronics
TXNJ1A88CYE4U,CUST97616105,2026-01-15 21:16:52.670844,48.54,3,Sports & Outdoors,Fitness Equipment
TXNWH536I6FUY,CUST97616105,2026-06-19 21:16:52.670844,285.17,2,Electronics,Tablet
TXN3X6ZKLNS8M,CUST97616105,2026-03-28 21:16:52.670844,205.85,2,Books,Fiction
TXNBOF8X967RI,CUST97616105,2026-05-07 21:16:52.670844,400.63,1,Automotive,Parts
TXN7Q882X1V9E,CUST97616105,2026-02-08 21:16:52.670844,224.53,2,Office Supplies,Stationery
TXNUY8KKVJ4BS,CUST97616105,2025-09-06 21:16:52.670844,389.77,5,Office Supplies,Electronics
TXN34D95X5ZB5,CUST97616105,2026-06-16 21:16:52.670844,383.49,5,Sports & Outdoors,Fitness Equipment
TXNXDGK4XM7C7,CUST97616105,2026-06-06 21:16:52.670844,326.84,5,Sports & Outdoors,Camping Gear
TXN4STPO9WLCJ,CUST97616105,2026-06-11 21:16:52.670844,153.43,4,Health & Beauty,Makeup
TXNWZ6K55RK58,CUST97616105,2025-12-20 21:16:52.670844,414.3,2,Sports & Outdoors,Fitness Equipment
TXNTN5GUN24MS,CUST26451084,2025-08-27 21:16:52.670844,74.01,1,Office Supplies,Furniture
TXNJ8YITNFHI9,CUST26451084,2025-07-09 21:16:52.670844,42.69,5,Electronics,Camera
TXN05OS8GT3X4,CUST26451084,2025-01-30 21:16:52.670844,79.85,5,Automotive,Car Accessories
TXNIB0VB30YIR,CUST26451084,2026-01-30 21:16:52.670844,112.73,3,Books,Educational
TXN8B4KB2DXOF,CUST28603781,2026-02-11 21:16:52.670844,190.36,2,Sports & Outdoors,Sportswear
TXNIUHSE7HBND,CUST28603781,2025-10-08 21:16:52.670844,119.48,5,Office Supplies,Stationery
TXNQXK2173D0G,CUST28603781,2026-05-04 21:16:52.670844,227.89,3,Sports & Outdoors,Fitness Equipment
TXNNYGBL5PATB,CUST28603781,2026-01-07 21:16:52.670844,232.71,4,Electronics,Smartphone
TXNTGFWK4C20R,CUST03381871,2026-04-29 21:16:52.670844,74.61,5,Clothing,Dress
TXNY0UJQU5W9F,CUST03381871,2026-04-30 21:16:52.670844,110.25,1,Automotive,Tools
TXNBT0WEECYE8,CUST03381871,2026-05-01 21:16:52.670844,127.78,1,Food & Beverages,Organic Products
TXN5S3ZN3LV4Q,CUST03381871,2026-04-29 21:16:52.670844,116.73,2,Toys & Games,Video Games
TXNI91YDXCHTW,CUST03381871,2026-04-26 21:16:52.670844,136.9,4,Toys & Games,Video Games
TXNAO3R0TM6QF,CUST03381871,2026-05-04 21:16:52.670844,100.4,1,Health & Beauty,Supplements
TXNX12D9DS8BO,CUST41066222,2025-12-20 21:16:52.670844,363.35,1,Office Supplies,Electronics
TXNSDOKMA9JGJ,CUST41066222,2026-05-02 21:16:52.670844,300.93,4,Office Supplies,Furniture
TXN09QS4OVFMI,CUST41066222,2025-09-14 21:16:52.670844,274.74,5,Sports & Outdoors,Bicycle
TXNCWNN9OV3VC,CUST41066222,2026-06-18 21:16:52.670844,229.91,2,Electronics,Smartphone
TXNG0K7B6NKNU,CUST41066222,2026-02-10 21:16:52.670844,493.44,5,Clothing,T-Shirt
TXNRTO6Z4TYVY,CUST41066222,2026-01-05 21:16:52.670844,173.8,5,Electronics,Tablet
TXNAU9HEYA9P4,CUST41066222,2025-09-07 21:16:52.670844,426.4,1,Home & Garden,Bedding
TXNUIA4LBDNEN,CUST41066222,2026-05-06 21:16:52.670844,230.78,4,Automotive,Tools
TXNYFTBBN7IKJ,CUST41066222,2026-05-03 21:16:52.670844,385.09,3,Office Supplies,Stationery
TXNDRA32KIN6C,CUST41066222,2026-04-05 21:16:52.670844,326.82,3,Automotive,Parts
TXNHP003NIN28,CUST41066222,2025-09-05 21:16:52.670844,169.84,5,Books,Fiction
TXNB4UPNIQJMT,CUST41066222,2025-09-14 21:16:52.670844,301.29,5,Sports & Outdoors,Fitness Equipment
TXNZRZZDJUQSS,CUST41066222,2026-05-20 21:16:52.670844,287.96,2,Office Supplies,Stationery
TXN2DH0I0K83C,CUST41066222,2025-11-14 21:16:52.670844,325.03,2,Food & Beverages,Organic Products
TXNU3JTN8U9O0,CUST41066222,2026-04-28 21:16:52.670844,299.64,1,Sports & Outdoors,Camping Gear
TXNY01CFWSAEF,CUST41066222,2026-05-10 21:16:52.670844,271.34,4,Electronics,Camera
TXNBAZ716TS9O,CUST41066222,2025-11-26 21:16:52.670844,258.26,5,Health & Beauty,Personal Care
TXNRD7EUAN014,CUST41066222,2026-05-17 21:16:52.670844,340.1,1,Clothing,Jeans
TXNIMK4Z12TA2,CUST41066222,2026-01-06 21:16:52.670844,423.82,5,Automotive,Parts
TXNG7DKH17OZL,CUST41066222,2026-03-26 21:16:52.670844,294.8,2,Sports & Outdoors,Camping Gear
TXNFNBBPXDBSZ,CUST41066222,2026-02-04 21:16:52.670844,276.44,1,Toys & Games,Puzzles
TXN6QIN4WZBWO,CUST41066222,2026-04-09 21:16:52.670844,257.5,3,Home & Garden,Furniture
TXN2242V7IXK7,CUST41066222,2025-12-07 21:16:52.670844,230.15,5,Sports & Outdoors,Bicycle
TXN6I3O1WEGFP,CUST41066222,2025-10-30 21:16:52.670844,420.26,4,Health & Beauty,Makeup
TXNVLTDIM963S,CUST41066222,2025-11-01 21:16:52.670844,260.43,4,Books,Comics
TXNCUVOD31K2I,CUST41066222,2025-09-17 21:16:52.670844,449.25,5,Sports & Outdoors,Bicycle
TXN31UQUPOFIP,CUST41066222,2026-05-16 21:16:52.670844,451.69,1,Food & Beverages,Snacks
TXNHNQC73IU30,CUST41066222,2026-04-05 21:16:52.670844,427.19,5,Toys & Games,Puzzles
TXNR8YGZKI0NN,CUST41066222,2026-04-17 21:16:52.670844,325.3,3,Clothing,Shoes
TXNY1SR2CN1SQ,CUST41066222,2025-10-25 21:16:52.670844,180.28,1,Automotive,Cleaning Supplies
TXNKT7TH6BG30,CUST41066222,2025-09-26 21:16:52.670844,321.8,1,Food & Beverages,Organic Products
TXNRMO39LUEMK,CUST41066222,2026-02-12 21:16:52.670844,490.77,3,Sports & Outdoors,Camping Gear
TXN6ZW5AOB3ON,CUST41066222,2025-10-27 21:16:52.670844,209.81,2,Toys & Games,Board Games
TXNJ98I5NOMK1,CUST41066222,2026-02-07 21:16:52.670844,251.89,3,Toys & Games,Puzzles
TXNDUN4YCA8B7,CUST41066222,2026-05-06 21:16:52.670844,437.52,3,Books,Fiction
TXNER6IGK09R4,CUST41066222,2025-09-20 21:16:52.670844,297.63,2,Toys & Games,Action Figures
TXNB6GCXT8E5S,CUST41066222,2025-11-12 21:16:52.670844,477.86,1,Health & Beauty,Skincare
TXNLDUDGYGH77,CUST41066222,2025-10-17 21:16:52.670844,286.57,3,Clothing,Jacket
TXNCECNY7CCDX,CUST41066222,2026-05-23 21:16:52.670844,375.1,3,Clothing,Jeans
TXNE9QXZAUNRT,CUST41066222,2025-12-05 21:16:52.670844,281.47,2,Automotive,Tools
TXN0LAEF404JL,CUST11137048,2025-08-07 21:16:52.670844,48.65,3,Electronics,Laptop
TXN6RT78AAP3R,CUST11137048,2026-04-12 21:16:52.670844,65.57,5,Food & Beverages,Beverages
TXNWSC1BP4TIN,CUST11137048,2026-04-17 21:16:52.670844,36.19,3,Home & Garden,Bedding
TXNVM7KUO7HYP,CUST11137048,2025-04-16 21:16:52.670844,56.81,5,Clothing,Accessories
TXNH0O1FHWX1Y,CUST11137048,2025-11-16 21:16:52.670844,39.76,3,Food & Beverages,Snacks
TXNUFMFXP33TL,CUST11137048,2025-07-08 21:16:52.670844,54.35,1,Home & Garden,Kitchen Appliances
TXNIY2H3U6Z9G,CUST11137048,2026-04-26 21:16:52.670844,10.0,3,Sports & Outdoors,Bicycle
TXN3O5GFTBAZ7,CUST37269263,2025-06-04 21:16:52.670844,296.76,2,Electronics,Tablet
TXNF28ZCP5W59,CUST37269263,2025-06-10 21:16:52.670844,157.34,2,Books,Non-Fiction
TXNTLVDQ732US,CUST37269263,2026-04-11 21:16:52.670844,298.49,1,Books,Non-Fiction
TXNKDDH25V2MF,CUST37269263,2026-02-28 21:16:52.670844,325.42,5,Health & Beauty,Makeup
TXNCMWZ7L4D6R,CUST37269263,2025-08-02 21:16:52.670844,222.6,1,Automotive,Tools
TXNYCL47RNL6C,CUST37269263,2026-02-03 21:16:52.670844,188.29,1,Automotive,Tools
TXNCHPO0UVZX5,CUST37269263,2025-07-17 21:16:52.670844,294.16,1,Home & Garden,Decor
TXNVT60GY4UIH,CUST37269263,2026-01-13 21:16:52.670844,353.61,5,Clothing,Shoes
TXN9NWR2L6BZ8,CUST37269263,2025-07-19 21:16:52.670844,179.35,2,Office Supplies,Electronics
TXN2ZMDMJXARQ,CUST37269263,2026-04-10 21:16:52.670844,284.17,5,Automotive,Tools
TXNCWDWU0GY9M,CUST37269263,2025-09-29 21:16:52.670844,248.77,1,Health & Beauty,Supplements
TXN69LTOCGA47,CUST37269263,2025-09-25 21:16:52.670844,223.37,1,Health & Beauty,Skincare
TXNZ9E6G195DV,CUST37269263,2026-01-24 21:16:52.670844,30.36,5,Books,Educational
TXN5GS1ECGWIB,CUST37269263,2025-07-25 21:16:52.670844,194.24,4,Automotive,Cleaning Supplies
TXNM7JXL21DLR,CUST37269263,2025-03-15 21:16:52.670844,310.79,4,Clothing,Accessories
TXN54V5LPC1MF,CUST37269263,2025-06-17 21:16:52.670844,159.35,3,Food & Beverages,Beverages
TXNZEJLN2DRJE,CUST37269263,2025-07-17 21:16:52.670844,353.07,4,Home & Garden,Tools
TXN10IVK04CT8,CUST37269263,2025-07-29 21:16:52.670844,192.02,5,Food & Beverages,Organic Products
TXNVZTTWY0RZC,CUST37269263,2025-06-08 21:16:52.670844,194.69,3,Clothing,Accessories
TXN5BW2J2IWVO,CUST37269263,2025-05-10 21:16:52.670844,439.97,5,Clothing,Jeans
TXNY2RL57MT2L,CUST37269263,2025-10-05 21:16:52.670844,159.54,4,Automotive,Tools
TXNH3EAB5ERK7,CUST37269263,2025-07-11 21:16:52.670844,178.07,5,Home & Garden,Tools
TXND0VWCZQTEB,CUST37269263,2025-10-22 21:16:52.670844,271.96,4,Toys & Games,Action Figures
TXN01GZ2PQHPL,CUST37269263,2025-09-10 21:16:52.670844,151.78,4,Food & Beverages,Organic Products
TXNLBESEKY4Q0,CUST37269263,2026-03-29 21:16:52.670844,254.1,1,Food & Beverages,Snacks
TXNNULTLZY61N,CUST37269263,2026-06-08 21:16:52.670844,359.26,1,Electronics,Smartphone
TXN1IE5HFBQBE,CUST37269263,2026-02-19 21:16:52.670844,390.58,2,Electronics,Camera
TXNUQIV5GR32X,CUST37269263,2025-03-21 21:16:52.670844,383.38,2,Office Supplies,Electronics
TXNE354IDR82F,CUST37269263,2026-07-07 21:16:52.670844,175.33,3,Clothing,Accessories
TXNBFFNUM2P7P,CUST37269263,2026-05-20 21:16:52.670844,256.83,3,Toys & Games,Puzzles
TXN15QVUCDHIS,CUST37269263,2025-05-05 21:16:52.670844,306.07,5,Electronics,Headphones
TXNOYDHXAJBBD,CUST37269263,2025-09-22 21:16:52.670844,115.12,4,Books,Fiction
TXNWA3ZWYTKPD,CUST37269263,2026-04-15 21:16:52.670844,126.06,2,Toys & Games,Action Figures
TXNVCS6JKVBVX,CUST37269263,2025-02-14 21:16:52.670844,283.44,1,Food & Beverages,Beverages
TXNXTQWPLY98P,CUST37269263,2025-10-28 21:16:52.670844,363.78,4,Automotive,Parts
TXN3SLESWOJV0,CUST37269263,2025-12-05 21:16:52.670844,211.55,2,Books,Educational
TXNP7UMV9HYV5,CUST37269263,2025-05-10 21:16:52.670844,202.48,3,Books,Magazines
TXNAUDKVDZGY0,CUST37269263,2025-06-09 21:16:52.670844,261.52,5,Electronics,Laptop
TXNA69Q3V4NA3,CUST37269263,2025-08-27 21:16:52.670844,205.4,3,Electronics,Camera
TXNSGKXUT4NFW,CUST37269263,2025-10-28 21:16:52.670844,214.37,4,Automotive,Parts
TXN950PF0ZH6W,CUST37269263,2025-09-19 21:16:52.670844,415.08,4,Books,Educational
TXN6PFWAHG4RM,CUST37269263,2025-05-12 21:16:52.670844,211.75,2,Toys & Games,Action Figures
TXNV6VA2KI9FH,CUST37269263,2025-06-08 21:16:52.670844,360.83,3,Electronics,Tablet
TXNA0I1NS6A5A,CUST37269263,2026-04-21 21:16:52.670844,148.0,3,Sports & Outdoors,Sportswear
TXNLV5P2VSRII,CUST37269263,2025-08-19 21:16:52.670844,193.04,4,Clothing,Jeans
TXNFN7YGZRRZW,CUST37269263,2025-08-09 21:16:52.670844,273.51,4,Toys & Games,Puzzles
TXN32N4JRLGM4,CUST37269263,2026-05-20 21:16:52.670844,277.66,1,Electronics,Smart Watch
TXNZ45WZ22KL2,CUST37269263,2026-03-28 21:16:52.670844,171.85,2,Clothing,Dress
TXNIPQRST3LGA,CUST37269263,2025-09-20 21:16:52.670844,163.07,2,Home & Garden,Kitchen Appliances
TXNYIFH85UIG5,CUST37269263,2026-04-11 21:16:52.670844,231.36,2,Books,Fiction
TXNKTPA6W9C47,CUST93463348,2025-02-10 21:16:52.670844,114.97,3,Health & Beauty,Skincare
TXNS6EUO3BCG3,CUST60023779,2024-09-13 21:16:52.670844,149.31,4,Automotive,Parts
TXNZ7CDTWYJNV,CUST60023779,2026-03-01 21:16:52.670844,151.49,5,Books,Non-Fiction
TXN0D9R7IMQLU,CUST60023779,2024-12-13 21:16:52.670844,65.5,5,Automotive,Car Accessories
TXNDR5CJXTNVO,CUST69682785,2026-04-30 21:16:52.670844,162.41,4,Electronics,Smartphone
TXNYAUTOCVOJ4,CUST69682785,2026-05-29 21:16:52.670844,55.14,4,Sports & Outdoors,Sportswear
TXNR1M8Z61UGE,CUST69682785,2026-06-07 21:16:52.670844,43.61,1,Food & Beverages,Gourmet Food
TXNNY2VV1W9QB,CUST69682785,2026-04-27 21:16:52.670844,79.68,3,Health & Beauty,Makeup
TXNJ4FC702DIE,CUST69682785,2026-06-10 21:16:52.670844,140.7,5,Health & Beauty,Personal Care
TXNJ58W9C6UYG,CUST69682785,2026-05-19 21:16:52.670844,116.95,2,Books,Magazines
TXNM945VRHHG7,CUST69682785,2026-05-07 21:16:52.670844,129.44,2,Electronics,Camera
TXNTNFLSOA89Y,CUST69682785,2026-06-05 21:16:52.670844,104.0,2,Home & Garden,Bedding
TXN9Z4Y0P5RNL,CUST69682785,2026-05-20 21:16:52.670844,198.17,1,Office Supplies,Stationery
TXNCLLU8AMUB5,CUST69682785,2026-05-25 21:16:52.670844,167.66,4,Toys & Games,Board Games
TXN2XXXS4PF7F,CUST69682785,2026-06-07 21:16:52.670844,133.72,4,Home & Garden,Kitchen Appliances
TXNOQ03VRWV15,CUST69682785,2026-05-31 21:16:52.670844,123.46,5,Toys & Games,Board Games
TXNVYMD8HLF5N,CUST69682785,2026-04-15 21:16:52.670844,80.74,1,Electronics,Headphones
TXNZV12YLTLPJ,CUST69682785,2026-06-09 21:16:52.670844,252.75,4,Home & Garden,Kitchen Appliances
TXNS7VI5W45HZ,CUST69682785,2026-04-14 21:16:52.670844,148.07,3,Home & Garden,Bedding
TXNW7D2AD8IO6,CUST69682785,2026-05-28 21:16:52.670844,93.0,1,Books,Non-Fiction
TXNC7QEV6IDAU,CUST69682785,2026-04-25 21:16:52.670844,172.24,3,Books,Educational
TXNYWHD3TEH8L,CUST69682785,2026-05-06 21:16:52.670844,157.6,5,Toys & Games,Video Games
TXNZWZ8RS4PAN,CUST69682785,2026-04-20 21:16:52.670844,88.46,2,Toys & Games,Video Games
TXNWCISS4W662,CUST69682785,2026-04-29 21:16:52.670844,171.83,2,Office Supplies,Electronics
TXN3Y8SWIJ94K,CUST69682785,2026-04-30 21:16:52.670844,159.34,4,Electronics,Tablet
TXN3SWB7FUNT3,CUST69682785,2026-04-14 21:16:52.670844,198.66,3,Sports & Outdoors,Camping Gear
TXN2E9EGRP5CB,CUST69682785,2026-05-21 21:16:52.670844,218.01,3,Clothing,Accessories
TXNUPV1X68PWY,CUST23667793,2025-10-05 21:16:52.670844,66.82,5,Office Supplies,Desk Accessories
TXNAGZ9PXS28L,CUST24653720,2026-04-15 21:16:52.670844,54.73,5,Books,Educational
TXNDWFL58BPDX,CUST24653720,2026-04-20 21:16:52.670844,51.17,4,Books,Fiction
TXN81OPRP0SC8,CUST24653720,2026-04-09 21:16:52.670844,51.55,2,Sports & Outdoors,Sportswear
TXNGB1O1CR12G,CUST33075421,2025-10-14 21:16:52.670844,74.21,4,Office Supplies,Furniture
TXNWJT2264IX6,CUST33075421,2025-11-14 21:16:52.670844,64.3,4,Sports & Outdoors,Camping Gear
TXN8WM64E0MMP,CUST33075421,2025-10-26 21:16:52.670844,76.5,1,Automotive,Parts
TXNK03Q5UXWT9,CUST33075421,2026-05-30 21:16:52.670844,75.78,3,Clothing,Jeans
TXNXPBQ6FF5GF,CUST33075421,2025-10-23 21:16:52.670844,76.28,4,Books,Fiction
TXNEB0YAXMFMA,CUST33075421,2025-11-19 21:16:52.670844,95.14,4,Food & Beverages,Snacks
TXN42PFN8ZY4Q,CUST33075421,2026-05-18 21:16:52.670844,76.2,4,Books,Comics
TXNF8NQ1B1X27,CUST33075421,2026-01-22 21:16:52.670844,66.43,1,Office Supplies,Electronics
TXNZJ3TFCSC5J,CUST33075421,2026-04-10 21:16:52.670844,47.47,1,Clothing,Jacket
TXNP6MGUU8L4X,CUST25078509,2026-01-02 21:16:52.670844,95.44,5,Books,Magazines
TXN4RBPWRWX1G,CUST25078509,2025-03-01 21:16:52.670844,218.74,3,Home & Garden,Furniture
TXN62A5KKSQ3D,CUST25078509,2025-03-17 21:16:52.670844,105.33,3,Clothing,Jeans
TXNPUKZ82XXZQ,CUST25078509,2025-12-13 21:16:52.670844,349.16,3,Toys & Games,Action Figures
TXNKLIYEDD1P5,CUST25078509,2026-04-16 21:16:52.670844,310.41,1,Clothing,Dress
TXNK4CPHUDVP4,CUST25078509,2025-03-20 21:16:52.670844,257.04,3,Office Supplies,Electronics
TXNFNX5ADMHG5,CUST25078509,2025-04-27 21:16:52.670844,454.08,3,Toys & Games,Puzzles
TXN0995UTNW5H,CUST25078509,2025-05-29 21:16:52.670844,340.22,5,Toys & Games,Board Games
TXN8B0JCKS6BG,CUST25078509,2025-03-17 21:16:52.670844,324.23,2,Sports & Outdoors,Camping Gear
TXNMTIS7Y15G6,CUST25078509,2026-05-04 21:16:52.670844,244.69,1,Automotive,Tools
TXN0SNWAB4CVP,CUST25078509,2025-05-02 21:16:52.670844,323.13,4,Office Supplies,Desk Accessories
TXNRBEFOFVW7S,CUST25078509,2026-03-30 21:16:52.670844,316.1,1,Sports & Outdoors,Fitness Equipment
TXNO9RS8UYMK7,CUST25078509,2025-03-30 21:16:52.670844,264.08,5,Toys & Games,Action Figures
TXNXAURPPMCGG,CUST45505291,2026-07-17 21:16:52.670844,153.19,2,Office Supplies,Desk Accessories
TXNN6JY1HO579,CUST45505291,2026-07-18 21:16:52.670844,183.33,1,Home & Garden,Decor
TXN2HELYJPCPS,CUST45505291,2026-07-14 21:16:52.670844,283.19,5,Office Supplies,Electronics
TXNOPG864HDLI,CUST45505291,2026-07-16 21:16:52.670844,177.35,4,Automotive,Parts
TXNRHKGJ8KF2E,CUST45505291,2026-07-15 21:16:52.670844,199.24,5,Books,Fiction
TXNTQVQ47JJ4Z,CUST45505291,2026-07-18 21:16:52.670844,159.06,4,Food & Beverages,Snacks
TXNBHSXAC7N3U,CUST45505291,2026-07-15 21:16:52.670844,275.64,3,Home & Garden,Bedding
TXNAU07ERP3C9,CUST45505291,2026-07-14 21:16:52.670844,244.76,5,Toys & Games,Video Games
TXNI6BJSQ499H,CUST45505291,2026-07-15 21:16:52.670844,91.24,5,Office Supplies,Electronics
TXNLVUWE6KO0L,CUST45505291,2026-07-16 21:16:52.670844,125.86,5,Toys & Games,Action Figures
TXN60L5T1S2Y2,CUST45505291,2026-07-17 21:16:52.670844,179.61,3,Office Supplies,Desk Accessories
TXNWEB9QAHF2L,CUST45505291,2026-07-16 21:16:52.670844,215.23,3,Clothing,Accessories
TXNF64H4QCAPW,CUST45505291,2026-07-16 21:16:52.670844,175.8,4,Clothing,Dress
TXN0WH7KBY3EW,CUST45505291,2026-07-17 21:16:52.670844,84.87,2,Books,Non-Fiction
TXN234LG2TM64,CUST45505291,2026-07-18 21:16:52.670844,211.84,5,Books,Non-Fiction
TXNX46IO4N6V3,CUST45505291,2026-07-14 21:16:52.670844,219.03,1,Sports & Outdoors,Fitness Equipment
TXNB000A955JM,CUST45505291,2026-07-15 21:16:52.670844,167.83,5,Sports & Outdoors,Bicycle
TXNV54BQF9Y31,CUST45505291,2026-07-15 21:16:52.670844,205.46,5,Sports & Outdoors,Camping Gear
TXNCNA7VDMEUV,CUST45505291,2026-07-15 21:16:52.670844,196.87,4,Home & Garden,Furniture
TXNMBWK8S7F1Q,CUST45505291,2026-07-14 21:16:52.670844,142.76,4,Clothing,Jeans
TXNRAVJZ1KOWB,CUST45505291,2026-07-17 21:16:52.670844,246.59,4,Food & Beverages,Gourmet Food
TXNOH5XT4MIQV,CUST45505291,2026-07-18 21:16:52.670844,266.51,2,Office Supplies,Electronics
TXNK3I0W9SCCF,CUST45505291,2026-07-18 21:16:52.670844,347.07,2,Sports & Outdoors,Sportswear
TXN2Y7T3EWP2L,CUST45505291,2026-07-16 21:16:52.670844,119.37,3,Health & Beauty,Personal Care
TXNEXX4EMG0TT,CUST45505291,2026-07-14 21:16:52.670844,223.21,4,Toys & Games,Video Games
TXN4QVUS6UYKM,CUST45505291,2026-07-18 21:16:52.670844,215.37,2,Home & Garden,Decor
TXNPFI10FNAIN,CUST98794930,2025-04-05 21:16:52.670844,102.84,4,Sports & Outdoors,Sportswear
TXN11XLQILWPI,CUST98794930,2025-02-05 21:16:52.670844,159.41,5,Books,Educational
TXN1PPWAXS2TR,CUST98794930,2025-02-28 21:16:52.670844,91.53,1,Books,Comics
TXN9MCQUIYV65,CUST98794930,2025-03-07 21:16:52.670844,188.27,1,Home & Garden,Furniture
TXNQOA3TW0U3O,CUST98794930,2025-02-28 21:16:52.670844,142.96,3,Electronics,Tablet
TXN8IHQVWDILV,CUST98794930,2025-02-23 21:16:52.670844,147.46,3,Home & Garden,Furniture
TXNMN6UGBDTYG,CUST98794930,2025-03-16 21:16:52.670844,109.56,3,Home & Garden,Decor
TXN6CZ7Q5CB6F,CUST98794930,2025-04-05 21:16:52.670844,90.47,4,Books,Educational
TXNQ82G8UW3A1,CUST93984198,2025-10-03 21:16:52.670844,325.71,5,Automotive,Cleaning Supplies
TXN8F76LB50NA,CUST93984198,2025-10-01 21:16:52.670844,108.44,3,Health & Beauty,Makeup
TXN0ATS6BJ795,CUST93984198,2025-08-20 21:16:52.670844,168.6,3,Health & Beauty,Supplements
TXN095SL0HAMW,CUST93984198,2025-10-11 21:16:52.670844,186.77,5,Electronics,Headphones
TXNYB9WPES0TH,CUST93984198,2026-01-14 21:16:52.670844,205.09,2,Clothing,Dress
TXNMBYUXR5IEZ,CUST93984198,2025-10-23 21:16:52.670844,159.75,1,Electronics,Smart Watch
TXN5NITCP7Q4T,CUST93984198,2025-08-08 21:16:52.670844,159.75,3,Clothing,Jeans
TXN279D6EIAF2,CUST93984198,2025-06-08 21:16:52.670844,227.24,1,Books,Comics
TXNELJ56FNWQ5,CUST93984198,2025-10-09 21:16:52.670844,248.11,3,Electronics,Camera
TXNDDH1HHUQRK,CUST93984198,2026-01-28 21:16:52.670844,298.07,2,Automotive,Cleaning Supplies
TXNZR0ZXH7741,CUST93984198,2025-06-26 21:16:52.670844,231.34,5,Food & Beverages,Gourmet Food
TXN9O6IVV7WHX,CUST93984198,2026-06-15 21:16:52.670844,260.44,3,Health & Beauty,Supplements
TXNDQZMNPAVI1,CUST93984198,2026-05-09 21:16:52.670844,228.99,3,Office Supplies,Stationery
TXNRC2CARIP4X,CUST93984198,2026-02-04 21:16:52.670844,225.41,2,Books,Comics
TXNGQF65BTTMA,CUST93984198,2025-12-12 21:16:52.670844,280.57,2,Health & Beauty,Makeup
TXN5EZ3RM6KZG,CUST93984198,2026-02-04 21:16:52.670844,328.93,1,Toys & Games,Puzzles
TXN5F8OB46AMT,CUST93984198,2025-12-16 21:16:52.670844,300.95,3,Books,Fiction
TXNIKTZ4HP7MT,CUST93984198,2025-10-22 21:16:52.670844,281.91,1,Toys & Games,Video Games
TXNZ2GJCLF6HC,CUST93984198,2025-12-05 21:16:52.670844,321.25,2,Electronics,Tablet
TXNL4HK4UE5AT,CUST93984198,2025-06-05 21:16:52.670844,266.46,2,Office Supplies,Desk Accessories
TXN4QGW1A8LRY,CUST91305223,2026-06-26 21:16:52.670844,197.77,2,Health & Beauty,Makeup
TXN57ZLV5J64E,CUST91305223,2026-06-25 21:16:52.670844,297.58,2,Sports & Outdoors,Camping Gear
TXNEYL2EXBQFT,CUST91305223,2026-07-03 21:16:52.670844,257.49,2,Sports & Outdoors,Sportswear
TXNO0FY4D1H6Y,CUST91305223,2026-06-20 21:16:52.670844,150.68,3,Food & Beverages,Snacks
TXNINK3MU4VKI,CUST91305223,2026-06-29 21:16:52.670844,371.9,1,Health & Beauty,Makeup
TXNJ8170EXUOE,CUST91305223,2026-07-06 21:16:52.670844,122.96,2,Home & Garden,Decor
TXNEP7ZUI8RZM,CUST91305223,2026-06-21 21:16:52.670844,295.94,4,Electronics,Smart Watch
TXNKPKV4WQHCL,CUST91305223,2026-07-07 21:16:52.670844,75.12,1,Books,Fiction
TXN0MRBLGDFUE,CUST91305223,2026-07-10 21:16:52.670844,312.88,1,Automotive,Car Accessories
TXNP1VDFKMNJ8,CUST91305223,2026-06-21 21:16:52.670844,235.29,3,Toys & Games,Puzzles
TXNF5Q0NYY13W,CUST91305223,2026-06-23 21:16:52.670844,155.28,1,Health & Beauty,Skincare
TXNAPDBSQ5FD1,CUST91305223,2026-07-02 21:16:52.670844,356.49,1,Sports & Outdoors,Bicycle
TXNOFGSFHEY32,CUST91305223,2026-06-12 21:16:52.670844,216.21,2,Office Supplies,Desk Accessories
TXNHARKHIAHPS,CUST91305223,2026-07-06 21:16:52.670844,162.26,1,Sports & Outdoors,Camping Gear
TXND9RH5X565P,CUST91305223,2026-07-05 21:16:52.670844,203.99,5,Toys & Games,Video Games
TXN2C56U2BPWX,CUST91305223,2026-07-10 21:16:52.670844,322.08,3,Toys & Games,Puzzles
TXNZRGR9PUCDQ,CUST91305223,2026-06-12 21:16:52.670844,318.05,1,Home & Garden,Furniture
TXNS9FMIAGGJC,CUST91305223,2026-07-05 21:16:52.670844,307.87,5,Sports & Outdoors,Bicycle
TXNO7SXO3Z005,CUST91305223,2026-07-05 21:16:52.670844,226.81,5,Health & Beauty,Personal Care
TXND8BZ5WGXKD,CUST91305223,2026-06-21 21:16:52.670844,333.17,5,Electronics,Laptop
TXNDZM02DH0K4,CUST91305223,2026-06-11 21:16:52.670844,302.54,2,Sports & Outdoors,Bicycle
TXNFHNVGP9X0P,CUST91305223,2026-06-11 21:16:52.670844,205.91,2,Automotive,Car Accessories
TXN26A3MV4OQ6,CUST91305223,2026-06-18 21:16:52.670844,355.17,4,Clothing,Jacket
TXNO0V7760PHK,CUST91305223,2026-06-23 21:16:52.670844,254.95,5,Clothing,Jacket
TXNW7B3XDQ3HV,CUST91305223,2026-06-23 21:16:52.670844,142.51,1,Home & Garden,Bedding
TXNAFH4A3YY13,CUST91305223,2026-06-28 21:16:52.670844,55.02,4,Health & Beauty,Personal Care
TXNMK2866QR5N,CUST91305223,2026-06-12 21:16:52.670844,200.37,2,Food & Beverages,Beverages
TXN0QR1KQWL9Q,CUST91305223,2026-06-11 21:16:52.670844,205.7,2,Health & Beauty,Skincare
TXNF5CU9JBHWH,CUST00123583,2025-11-09 21:16:52.670844,97.82,4,Office Supplies,Furniture
TXN20K7IDG6EZ,CUST00123583,2026-02-28 21:16:52.670844,141.79,4,Sports & Outdoors,Fitness Equipment
TXN0Z4VFU9YJY,CUST00123583,2026-02-15 21:16:52.670844,133.67,5,Food & Beverages,Snacks
TXN5CKR0C6CPL,CUST00123583,2026-03-04 21:16:52.670844,142.58,4,Health & Beauty,Personal Care
TXN2ZCOYTYLKY,CUST00123583,2026-05-28 21:16:52.670844,225.91,2,Electronics,Camera
TXNIE0JH0XXTE,CUST00123583,2025-11-20 21:16:52.670844,156.16,3,Office Supplies,Desk Accessories
TXNBDSW839TF8,CUST00123583,2026-06-01 21:16:52.670844,119.05,5,Home & Garden,Tools
TXN3GQKVKXL5M,CUST81544521,2026-07-03 21:16:52.670844,244.48,1,Sports & Outdoors,Sportswear
TXNXFHR7ILAKL,CUST81544521,2026-07-13 21:16:52.670844,461.07,3,Electronics,Laptop
TXNACKUT4HL8U,CUST81544521,2026-07-12 21:16:52.670844,221.43,1,Food & Beverages,Organic Products
TXNYPDOXEZH35,CUST81544521,2026-07-10 21:16:52.670844,501.75,4,Automotive,Tools
TXNZNCMEWAGLN,CUST81544521,2026-06-25 21:16:52.670844,430.98,1,Home & Garden,Bedding
TXNJ1YQ8PULF8,CUST81544521,2026-07-14 21:16:52.670844,278.2,5,Books,Educational
TXNUBUWMJM3IW,CUST81544521,2026-07-06 21:16:52.670844,345.36,4,Electronics,Tablet
TXNXBSL3BFO37,CUST81544521,2026-07-02 21:16:52.670844,270.36,4,Sports & Outdoors,Bicycle
TXNOCYEEXUI3W,CUST81544521,2026-07-08 21:16:52.670844,501.42,4,Sports & Outdoors,Sportswear
TXNN4DSVBSGOT,CUST81544521,2026-06-30 21:16:52.670844,613.94,3,Automotive,Tools
TXNXY2409DH7I,CUST81544521,2026-06-29 21:16:52.670844,809.31,1,Electronics,Laptop
TXNTKBH8JWFR8,CUST81544521,2026-07-17 21:16:52.670844,566.69,3,Health & Beauty,Supplements
TXNNLMCG22XQV,CUST81544521,2026-07-04 21:16:52.670844,343.41,1,Food & Beverages,Gourmet Food
TXNAIG1Z3FHS5,CUST81544521,2026-07-15 21:16:52.670844,278.58,4,Electronics,Smartphone
TXN6Q5NZ92602,CUST81544521,2026-07-08 21:16:52.670844,562.02,3,Toys & Games,Puzzles
TXNB02HAV12NI,CUST81544521,2026-07-03 21:16:52.670844,428.88,3,Home & Garden,Decor
TXNGPB7IOBDE5,CUST81544521,2026-07-09 21:16:52.670844,458.65,5,Food & Beverages,Organic Products
TXNPEAOPHIDRR,CUST81544521,2026-07-01 21:16:52.670844,526.06,4,Health & Beauty,Skincare
TXNH9TCBAQA3Y,CUST81544521,2026-06-29 21:16:52.670844,567.64,3,Home & Garden,Kitchen Appliances
TXNQLA4Z0FW9O,CUST81544521,2026-06-28 21:16:52.670844,653.15,2,Home & Garden,Bedding
TXNXJK79PK4PX,CUST81544521,2026-06-25 21:16:52.670844,428.83,1,Office Supplies,Electronics
TXN8FEIFGQYYC,CUST81544521,2026-07-13 21:16:52.670844,498.75,5,Health & Beauty,Skincare
TXNNRHE2I3PM8,CUST81544521,2026-07-17 21:16:52.670844,443.97,3,Electronics,Tablet
TXNGQ2AVZTQH8,CUST81544521,2026-06-26 21:16:52.670844,462.03,5,Toys & Games,Action Figures
TXNUJ0BO17UWB,CUST81544521,2026-06-22 21:16:52.670844,304.17,2,Toys & Games,Puzzles
TXNYOEXJ7M2IE,CUST81544521,2026-07-05 21:16:52.670844,483.41,1,Sports & Outdoors,Fitness Equipment
TXNTKFF1R48OM,CUST81544521,2026-06-29 21:16:52.670844,637.84,2,Clothing,Dress
TXN0SD3STPDWA,CUST81544521,2026-07-13 21:16:52.670844,466.15,3,Toys & Games,Puzzles
TXNFTQ0CO9IPW,CUST81544521,2026-07-05 21:16:52.670844,364.33,4,Health & Beauty,Skincare
TXNI7ZAU09OB9,CUST81544521,2026-06-21 21:16:52.670844,522.79,5,Health & Beauty,Makeup
TXNJILYESJA0V,CUST81544521,2026-07-14 21:16:52.670844,441.74,5,Books,Magazines
TXNB2OKQBL0QJ,CUST81544521,2026-07-04 21:16:52.670844,230.42,2,Books,Fiction
TXNLTINJPVWFN,CUST81544521,2026-07-11 21:16:52.670844,370.06,5,Sports & Outdoors,Camping Gear
TXN281J3YRCZT,CUST81544521,2026-06-28 21:16:52.670844,319.75,1,Clothing,Jeans
TXNF7ID87I0K9,CUST81544521,2026-07-05 21:16:52.670844,351.84,1,Clothing,T-Shirt
TXNXBHHJA8BJD,CUST76882400,2026-04-15 21:16:52.670844,225.5,4,Toys & Games,Action Figures
TXN3RIMGSB4W6,CUST76882400,2026-03-30 21:16:52.670844,185.67,3,Office Supplies,Furniture
TXNTH60NAACG5,CUST76882400,2026-04-12 21:16:52.670844,173.44,2,Food & Beverages,Gourmet Food
TXNKOBMDCXUYI,CUST76882400,2026-03-15 21:16:52.670844,169.26,2,Sports & Outdoors,Camping Gear
TXN4GAGQ1Y88W,CUST76882400,2026-03-30 21:16:52.670844,220.63,3,Health & Beauty,Skincare
TXN7IKSFTR7RE,CUST76882400,2026-03-06 21:16:52.670844,211.16,5,Clothing,Shoes
TXNASCW3EK13E,CUST88750995,2026-06-06 21:16:52.670844,754.3,4,Office Supplies,Desk Accessories
TXN1WQVHXS48K,CUST88750995,2026-06-21 21:16:52.670844,616.93,4,Clothing,Jeans
TXNBBQ6PPV9XV,CUST88750995,2026-05-29 21:16:52.670844,538.09,3,Electronics,Smartphone
TXN1R70FKEK2R,CUST88750995,2026-05-21 21:16:52.670844,404.09,1,Automotive,Cleaning Supplies
TXNFY1CLNY9WE,CUST88750995,2026-06-27 21:16:52.670844,411.18,4,Books,Comics
TXN4L1MU7HAT4,CUST88750995,2026-06-04 21:16:52.670844,355.98,5,Books,Non-Fiction
TXNGRL08B61PG,CUST88750995,2026-06-23 21:16:52.670844,412.51,1,Office Supplies,Furniture
TXNZK41PDYQB7,CUST88750995,2026-06-15 21:16:52.670844,127.43,4,Health & Beauty,Personal Care
TXN79RIJWYKLK,CUST88750995,2026-06-27 21:16:52.670844,690.27,2,Sports & Outdoors,Sportswear
TXN8J61LV6C5W,CUST88750995,2026-05-30 21:16:52.670844,376.26,5,Office Supplies,Electronics
TXNWMTHUPPDI4,CUST88750995,2026-06-04 21:16:52.670844,700.52,1,Food & Beverages,Organic Products
TXNLOJRICRBOO,CUST88750995,2026-06-09 21:16:52.670844,349.24,5,Health & Beauty,Skincare
TXNBVHUBUTNNL,CUST88750995,2026-05-12 21:16:52.670844,343.49,3,Home & Garden,Furniture
TXNY00YW6F4TR,CUST88750995,2026-05-26 21:16:52.670844,516.05,5,Sports & Outdoors,Fitness Equipment
TXNK22XFM0K4Z,CUST88750995,2026-06-22 21:16:52.670844,415.31,2,Books,Comics
TXNQQQ7K4KM5T,CUST88750995,2026-05-26 21:16:52.670844,382.75,4,Automotive,Parts
TXNEOCM7ZOKUZ,CUST88750995,2026-06-14 21:16:52.670844,349.71,5,Home & Garden,Kitchen Appliances
TXNL8V4RSNXIL,CUST88750995,2026-05-16 21:16:52.670844,407.87,4,Clothing,Accessories
TXN20IY8RA9HN,CUST88750995,2026-05-26 21:16:52.670844,394.46,3,Food & Beverages,Gourmet Food
TXNS1IBFMFT04,CUST88750995,2026-06-22 21:16:52.670844,408.95,3,Health & Beauty,Personal Care
TXN3HDO1B8428,CUST88750995,2026-06-08 21:16:52.670844,407.31,3,Home & Garden,Bedding
TXN825GF4XGI9,CUST88750995,2026-05-30 21:16:52.670844,370.85,2,Food & Beverages,Snacks
TXNRKPJN2X54L,CUST88750995,2026-06-08 21:16:52.670844,246.76,2,Office Supplies,Furniture
TXNVHUU4ACMNJ,CUST88750995,2026-05-14 21:16:52.670844,417.03,2,Toys & Games,Action Figures
TXNLHWIJALEIU,CUST88750995,2026-06-26 21:16:52.670844,416.04,4,Electronics,Laptop
TXN4QBOVXP8SX,CUST88750995,2026-05-13 21:16:52.670844,411.48,4,Home & Garden,Kitchen Appliances
TXN73YQ9Q0WOJ,CUST88750995,2026-06-18 21:16:52.670844,403.29,1,Home & Garden,Bedding
TXN24YKWE1WYB,CUST88750995,2026-06-08 21:16:52.670844,482.33,3,Home & Garden,Decor
TXN9H309G690N,CUST88750995,2026-05-27 21:16:52.670844,332.66,5,Food & Beverages,Beverages
TXNOWQGB2RBT7,CUST88750995,2026-05-25 21:16:52.670844,162.5,2,Sports & Outdoors,Fitness Equipment
TXNCUBVCYO9RW,CUST88750995,2026-06-27 21:16:52.670844,367.61,2,Food & Beverages,Beverages
TXNU6294HBTO9,CUST88750995,2026-05-26 21:16:52.670844,264.53,4,Food & Beverages,Organic Products
TXN7AIJF8T09H,CUST28774981,2025-12-23 21:16:52.670844,126.84,2,Books,Non-Fiction
TXNXI6TH9BPW2,CUST74162245,2026-07-09 21:16:52.670844,137.22,5,Food & Beverages,Gourmet Food
TXNRCUK05J8AC,CUST74162245,2026-06-29 21:16:52.670844,190.76,1,Food & Beverages,Organic Products
TXNS3VN34J307,CUST74162245,2026-07-13 21:16:52.670844,134.94,2,Food & Beverages,Beverages
TXN80ALW2O3FS,CUST74162245,2026-07-05 21:16:52.670844,141.32,3,Sports & Outdoors,Camping Gear
TXN751U3KUO9V,CUST74162245,2026-07-16 21:16:52.670844,207.07,4,Food & Beverages,Snacks
TXNKVH3F1WQ7Q,CUST74162245,2026-07-05 21:16:52.670844,181.01,3,Sports & Outdoors,Sportswear
TXN1XK6E0BVT2,CUST74162245,2026-06-27 21:16:52.670844,144.65,4,Books,Magazines
TXN98MRDXSV4E,CUST74162245,2026-06-27 21:16:52.670844,240.45,5,Office Supplies,Desk Accessories
TXNBEXQQLTQPD,CUST74162245,2026-07-21 21:16:52.670844,103.47,1,Office Supplies,Desk Accessories
TXNKJBCSHUHL7,CUST74162245,2026-07-16 21:16:52.670844,208.88,4,Home & Garden,Decor
TXNW5Q16X2AZO,CUST74162245,2026-07-18 21:16:52.670844,195.51,3,Food & Beverages,Organic Products
TXN7BF1WRKQL2,CUST74162245,2026-07-16 21:16:52.670844,112.18,5,Clothing,Shoes
TXNUFH9RV5YMS,CUST74162245,2026-07-13 21:16:52.670844,93.19,5,Health & Beauty,Personal Care
TXNP0S316II55,CUST74162245,2026-07-19 21:16:52.670844,247.26,2,Clothing,Accessories
TXNZHHYH7NNNT,CUST74162245,2026-07-13 21:16:52.670844,144.54,2,Health & Beauty,Personal Care
TXNLCS0FOMKJL,CUST74162245,2026-06-30 21:16:52.670844,174.36,2,Clothing,Dress
TXN6EGPXK7P9R,CUST74162245,2026-07-14 21:16:52.670844,177.24,1,Toys & Games,Puzzles
TXN1LYMMN44OR,CUST74162245,2026-07-15 21:16:52.670844,222.66,4,Health & Beauty,Personal Care
TXNBIR68A2TGN,CUST74162245,2026-07-16 21:16:52.670844,143.31,3,Office Supplies,Desk Accessories
TXN0UA9A65WS0,CUST74162245,2026-07-16 21:16:52.670844,206.25,5,Automotive,Tools
TXN14KQUIW4BJ,CUST74162245,2026-07-16 21:16:52.670844,108.23,4,Books,Comics
TXNZSF77GJHQO,CUST74162245,2026-07-06 21:16:52.670844,125.24,2,Toys & Games,Board Games
TXNVTK1P8DQCI,CUST74162245,2026-07-15 21:16:52.670844,151.18,3,Electronics,Camera
TXNEOH4EICYQ0,CUST74162245,2026-06-30 21:16:52.670844,93.04,4,Home & Garden,Furniture
TXN4E64N1QQ5R,CUST74162245,2026-06-30 21:16:52.670844,90.03,5,Books,Non-Fiction
TXNVORKICUQ55,CUST74162245,2026-07-11 21:16:52.670844,159.11,3,Automotive,Parts
TXNOA2PWQ193X,CUST74162245,2026-07-15 21:16:52.670844,123.26,4,Home & Garden,Kitchen Appliances
TXNJO23GN3V3F,CUST74162245,2026-07-09 21:16:52.670844,133.6,1,Food & Beverages,Organic Products
TXNJUF4KICKHM,CUST74162245,2026-07-12 21:16:52.670844,104.94,1,Health & Beauty,Makeup
TXNPNF8O7PAQ1,CUST74162245,2026-06-27 21:16:52.670844,174.79,1,Books,Magazines
TXN7KQ2FLCAF2,CUST74162245,2026-06-27 21:16:52.670844,205.09,5,Toys & Games,Video Games
TXNPGKRV3H7XG,CUST74162245,2026-06-28 21:16:52.670844,112.02,1,Automotive,Car Accessories
TXNQTZEHHEX3V,CUST74162245,2026-07-12 21:16:52.670844,213.74,3,Home & Garden,Furniture
TXNDUJLMO5NVI,CUST74162245,2026-07-21 21:16:52.670844,206.98,3,Books,Educational
TXNMIUYDHS5Y9,CUST74162245,2026-07-12 21:16:52.670844,186.77,3,Automotive,Tools
TXNEN7SEDW9ST,CUST74162245,2026-07-06 21:16:52.670844,264.21,4,Office Supplies,Desk Accessories
TXN1PX15N56DD,CUST74162245,2026-07-09 21:16:52.670844,140.68,4,Home & Garden,Tools
TXNK4CHTFXOQS,CUST63519190,2026-04-18 21:16:52.670844,202.97,1,Food & Beverages,Gourmet Food
TXNSC312IPH1B,CUST63519190,2026-05-29 21:16:52.670844,183.88,4,Home & Garden,Tools
TXNT7RP8QF4EI,CUST63519190,2026-05-16 21:16:52.670844,188.67,5,Food & Beverages,Snacks
TXNHSPSVVZYPQ,CUST63519190,2026-07-09 21:16:52.670844,213.87,1,Clothing,Jeans
TXNFQS4B0DZZ5,CUST63519190,2026-04-28 21:16:52.670844,191.49,2,Electronics,Tablet
TXNNKEAOET243,CUST63519190,2026-05-27 21:16:52.670844,109.22,5,Home & Garden,Tools
TXN4U2DQL5JGM,CUST63519190,2026-06-22 21:16:52.670844,179.42,1,Automotive,Cleaning Supplies
TXN84XOIIYCDW,CUST63519190,2026-06-20 21:16:52.670844,159.75,2,Electronics,Headphones
TXN6VIZKK1ALV,CUST63519190,2026-04-24 21:16:52.670844,108.37,4,Clothing,Dress
TXN09NUDL0NCO,CUST63519190,2026-04-17 21:16:52.670844,178.25,5,Toys & Games,Puzzles
TXNU49ZKLY185,CUST63519190,2026-04-25 21:16:52.670844,241.3,5,Health & Beauty,Personal Care
TXNCH9T1797NF,CUST63519190,2026-07-06 21:16:52.670844,209.55,5,Home & Garden,Decor
TXNTGURRLXYC3,CUST63519190,2026-06-21 21:16:52.670844,212.68,5,Electronics,Headphones
TXNGAGRJ44BX5,CUST63519190,2026-07-10 21:16:52.670844,111.29,5,Toys & Games,Puzzles
TXNZCGG9HUJZ5,CUST63519190,2026-05-07 21:16:52.670844,153.52,5,Office Supplies,Furniture
TXNWZS61895QV,CUST63519190,2026-06-12 21:16:52.670844,165.92,1,Office Supplies,Desk Accessories
TXNATQK7SH6EE,CUST63519190,2026-04-17 21:16:52.670844,119.42,4,Food & Beverages,Gourmet Food
TXND5QE1MN8BW,CUST63519190,2026-07-08 21:16:52.670844,245.28,3,Electronics,Smart Watch
TXNG1607P39IV,CUST63519190,2026-05-28 21:16:52.670844,247.97,1,Office Supplies,Furniture
TXN8FJKUUIXV3,CUST63519190,2026-06-20 21:16:52.670844,120.24,1,Books,Non-Fiction
TXNEWP7BI4COO,CUST63519190,2026-04-28 21:16:52.670844,170.93,5,Books,Fiction
TXN5U7O0UL79G,CUST63519190,2026-06-23 21:16:52.670844,179.61,2,Sports & Outdoors,Fitness Equipment
TXNCFIXE0GZIE,CUST63519190,2026-05-04 21:16:52.670844,196.27,5,Sports & Outdoors,Sportswear
TXN1MIU3BUXF0,CUST63519190,2026-07-12 21:16:52.670844,164.38,1,Toys & Games,Video Games
TXNX15F6Z3Z62,CUST63519190,2026-06-01 21:16:52.670844,161.44,5,Office Supplies,Furniture
TXN9Z76TQBZWY,CUST63519190,2026-06-01 21:16:52.670844,75.22,5,Electronics,Tablet
TXND3RCUPEKRO,CUST63519190,2026-04-23 21:16:52.670844,108.24,1,Electronics,Smart Watch
TXNB0YILV4K87,CUST63519190,2026-05-06 21:16:52.670844,96.57,3,Automotive,Parts
TXNYQJYFZ0LYK,CUST63519190,2026-06-22 21:16:52.670844,160.44,4,Food & Beverages,Gourmet Food
TXNRLSCCO5URB,CUST63519190,2026-06-10 21:16:52.670844,157.71,4,Sports & Outdoors,Bicycle
TXNYKGGE5K6CS,CUST63519190,2026-05-12 21:16:52.670844,217.7,4,Office Supplies,Stationery
TXNRU46XGHO7U,CUST63519190,2026-07-04 21:16:52.670844,144.83,4,Health & Beauty,Supplements
TXNCBJMFSGGRW,CUST30237658,2026-05-23 21:16:52.670844,109.53,3,Home & Garden,Kitchen Appliances
TXNZ9PYK9B74K,CUST30237658,2026-05-24 21:16:52.670844,176.15,1,Books,Educational
TXN4VPWWAOU5J,CUST30237658,2026-06-11 21:16:52.670844,208.1,3,Office Supplies,Stationery
TXNCURW9JVBC4,CUST30237658,2026-06-08 21:16:52.670844,264.22,3,Toys & Games,Action Figures
TXN3HHJBYF175,CUST30237658,2026-05-08 21:16:52.670844,273.13,3,Home & Garden,Bedding
TXNVEPFKJMX4I,CUST30237658,2026-06-09 21:16:52.670844,260.7,4,Clothing,Jacket
TXNKW1PV197N5,CUST30237658,2026-05-27 21:16:52.670844,169.53,1,Office Supplies,Desk Accessories
TXNAS5X7FZXAW,CUST30237658,2026-05-10 21:16:52.670844,217.96,5,Sports & Outdoors,Camping Gear
TXNEZUZ7U4D2F,CUST30237658,2026-06-04 21:16:52.670844,287.68,4,Electronics,Smart Watch
TXN49QEBSJRVJ,CUST30237658,2026-05-08 21:16:52.670844,110.71,3,Automotive,Parts
TXNGL1NDUC23H,CUST30237658,2026-06-12 21:16:52.670844,250.43,2,Office Supplies,Electronics
TXNUWB2HBGE9S,CUST30237658,2026-04-28 21:16:52.670844,194.11,1,Electronics,Camera
TXNDWG68RLE4Z,CUST30237658,2026-06-01 21:16:52.670844,111.99,3,Books,Fiction
TXNUPIDY5SFFG,CUST30237658,2026-06-02 21:16:52.670844,225.2,1,Office Supplies,Furniture
TXNAZMKGM4B7S,CUST30237658,2026-06-05 21:16:52.670844,213.16,3,Health & Beauty,Supplements
TXNE5BCXNFRU6,CUST81348749,2026-05-28 21:16:52.670844,207.92,3,Automotive,Car Accessories
TXNKJXIL1JIF6,CUST81348749,2026-05-24 21:16:52.670844,252.41,3,Books,Non-Fiction
TXN4ZGKVBH9XI,CUST81348749,2026-05-22 21:16:52.670844,199.84,5,Clothing,Jacket
TXNI1ZOR69ZLU,CUST81348749,2026-05-21 21:16:52.670844,118.41,4,Automotive,Cleaning Supplies
TXN98UTQIQX8L,CUST81348749,2026-05-27 21:16:52.670844,156.03,5,Sports & Outdoors,Camping Gear
TXNAW6IZ28BDG,CUST81348749,2026-05-12 21:16:52.670844,126.65,4,Automotive,Cleaning Supplies
TXNRC6CX911ZQ,CUST81348749,2026-05-27 21:16:52.670844,185.42,5,Sports & Outdoors,Fitness Equipment
TXNSWGIHXUI32,CUST81348749,2026-05-14 21:16:52.670844,221.83,3,Clothing,T-Shirt
TXNAQQXUAQRPT,CUST81348749,2026-05-29 21:16:52.670844,375.82,3,Automotive,Tools
TXN6F8Z9JPTX4,CUST81348749,2026-05-19 21:16:52.670844,158.01,5,Health & Beauty,Skincare
TXNTVZGIK76TL,CUST81348749,2026-05-14 21:16:52.670844,232.93,5,Food & Beverages,Snacks
TXN4YZYL6BW4B,CUST81348749,2026-05-27 21:16:52.670844,263.7,3,Electronics,Laptop
TXN5LL4E6RWKT,CUST81348749,2026-05-21 21:16:52.670844,251.0,5,Toys & Games,Board Games
TXNYEATQH259D,CUST81348749,2026-05-13 21:16:52.670844,271.12,4,Clothing,Jacket
TXN4EA3NR3E5Z,CUST81348749,2026-05-29 21:16:52.670844,218.02,1,Home & Garden,Kitchen Appliances
TXN56ZVUXHUVO,CUST81348749,2026-05-18 21:16:52.670844,265.62,4,Office Supplies,Electronics
TXNYITDXPA6MI,CUST81348749,2026-05-30 21:16:52.670844,360.02,1,Automotive,Cleaning Supplies
TXNZZ7S9DJYJL,CUST81348749,2026-05-18 21:16:52.670844,109.92,5,Health & Beauty,Supplements
TXN249VZ2JHBN,CUST81348749,2026-05-15 21:16:52.670844,184.48,4,Sports & Outdoors,Fitness Equipment
TXNKKD4SO6I93,CUST81348749,2026-05-22 21:16:52.670844,318.46,2,Home & Garden,Bedding
TXNAPRUPCVMWR,CUST81348749,2026-05-20 21:16:52.670844,186.62,3,Food & Beverages,Beverages
TXN9S543AC91S,CUST81348749,2026-05-12 21:16:52.670844,217.15,1,Sports & Outdoors,Camping Gear
TXN9W2VVBHMMD,CUST81348749,2026-05-15 21:16:52.670844,242.47,3,Sports & Outdoors,Sportswear
TXNJNB3Y0WB4G,CUST81348749,2026-05-14 21:16:52.670844,246.77,1,Office Supplies,Stationery
TXNJRW3761BZO,CUST81348749,2026-05-14 21:16:52.670844,150.87,3,Sports & Outdoors,Fitness Equipment
TXNGU4M5VANC0,CUST71741186,2025-12-20 21:16:52.670844,219.56,4,Home & Garden,Bedding
TXNRVJ9L4CYI6,CUST71741186,2025-09-25 21:16:52.670844,264.16,5,Home & Garden,Tools
TXNYR5OV3GOYT,CUST71741186,2025-11-04 21:16:52.670844,132.68,5,Clothing,Jeans
TXNW9XOATVG0W,CUST71741186,2026-01-02 21:16:52.670844,167.74,1,Books,Educational
TXN48NHDZ0UT8,CUST71741186,2025-08-21 21:16:52.670844,174.09,3,Automotive,Parts
TXNAMBWCPXJQ9,CUST71741186,2026-01-23 21:16:52.670844,131.92,1,Sports & Outdoors,Sportswear
TXNQ3ER7KOW9G,CUST71741186,2026-01-22 21:16:52.670844,168.34,5,Office Supplies,Electronics
TXNOJORH3KUSZ,CUST71741186,2026-01-08 21:16:52.670844,193.93,5,Clothing,Accessories
TXNITW0949GPD,CUST71741186,2025-11-13 21:16:52.670844,52.4,1,Sports & Outdoors,Bicycle
TXN9OTJUH9ALH,CUST51233546,2026-07-01 21:16:52.670844,121.79,3,Sports & Outdoors,Sportswear
TXNJOGL2DAXCJ,CUST51233546,2026-04-28 21:16:52.670844,122.43,4,Food & Beverages,Snacks
TXNVBO3AF2X04,CUST51233546,2026-04-22 21:16:52.670844,66.84,5,Toys & Games,Action Figures
TXNVB6RZ1I8RW,CUST51233546,2026-04-02 21:16:52.670844,110.1,3,Clothing,Jacket
TXNP91J5QW054,CUST51233546,2026-05-23 21:16:52.670844,100.87,3,Clothing,Accessories
TXNPUYVIC088X,CUST51233546,2026-07-04 21:16:52.670844,174.16,1,Office Supplies,Furniture
TXN95U270P5KO,CUST51233546,2026-04-15 21:16:52.670844,75.33,2,Office Supplies,Electronics
TXNMO98QXFNFC,CUST51233546,2026-06-22 21:16:52.670844,125.71,5,Toys & Games,Video Games
TXN04P7QYJBVQ,CUST51233546,2026-05-31 21:16:52.670844,83.75,2,Food & Beverages,Gourmet Food
TXNH52UTFQBRN,CUST51233546,2026-06-22 21:16:52.670844,114.96,1,Sports & Outdoors,Bicycle
TXN3X75C99QEI,CUST51233546,2026-06-09 21:16:52.670844,141.66,1,Electronics,Smart Watch
TXNN85FIPNASC,CUST51233546,2026-05-15 21:16:52.670844,110.75,4,Office Supplies,Stationery
TXND5C7U5O9MY,CUST51233546,2026-05-03 21:16:52.670844,80.18,5,Clothing,Dress
TXN8WG3NIQA93,CUST51233546,2026-04-06 21:16:52.670844,119.19,1,Health & Beauty,Makeup
TXNK5K03OIB92,CUST51233546,2026-05-18 21:16:52.670844,105.44,3,Automotive,Car Accessories
TXNZJJPCQY7SN,CUST51233546,2026-03-30 21:16:52.670844,95.03,5,Home & Garden,Bedding
TXNQD338IA1AX,CUST51233546,2026-06-02 21:16:52.670844,161.95,2,Clothing,Dress
TXN1TXS9SVA32,CUST51233546,2026-06-22 21:16:52.670844,159.71,5,Sports & Outdoors,Sportswear
TXNFUCZHXAZSL,CUST51233546,2026-05-04 21:16:52.670844,139.88,1,Health & Beauty,Makeup
TXNBMXZ2BKDJV,CUST51233546,2026-04-27 21:16:52.670844,139.69,5,Automotive,Cleaning Supplies
TXNBLL8YQD32N,CUST51233546,2026-06-28 21:16:52.670844,104.03,1,Health & Beauty,Personal Care
TXN134HGBSC0W,CUST51233546,2026-03-29 21:16:52.670844,87.47,3,Home & Garden,Bedding
TXNSPVG1JZ4A6,CUST51233546,2026-05-31 21:16:52.670844,128.35,3,Clothing,Shoes
TXNNE54M7E4N0,CUST51233546,2026-05-29 21:16:52.670844,103.05,2,Automotive,Cleaning Supplies
TXNJ331BCE5ST,CUST51233546,2026-06-28 21:16:52.670844,63.65,2,Office Supplies,Stationery
TXNJ141C8AICV,CUST51233546,2026-05-12 21:16:52.670844,92.01,1,Automotive,Cleaning Supplies
TXNNDKR26W738,CUST51233546,2026-06-02 21:16:52.670844,150.91,4,Office Supplies,Desk Accessories
TXNNDP6J81MAH,CUST51233546,2026-05-18 21:16:52.670844,114.26,3,Office Supplies,Furniture
TXNOZ92O09RBS,CUST51233546,2026-04-24 21:16:52.670844,59.17,2,Automotive,Tools
TXNB1LNZN84ON,CUST51233546,2026-05-04 21:16:52.670844,120.54,4,Sports & Outdoors,Bicycle
TXN4DQ4W85XZT,CUST51233546,2026-04-07 21:16:52.670844,90.54,4,Home & Garden,Tools
TXNBJAP2AKPFA,CUST51233546,2026-06-01 21:16:52.670844,100.57,3,Toys & Games,Action Figures
TXNXGL3E6VEHE,CUST51233546,2026-06-07 21:16:52.670844,134.15,2,Clothing,Dress
TXN4DM6PQ187A,CUST51233546,2026-04-07 21:16:52.670844,89.06,2,Automotive,Parts
TXNZPO87NOGQV,CUST51233546,2026-05-31 21:16:52.670844,133.08,5,Electronics,Smart Watch
TXN5VDEHW6257,CUST51233546,2026-05-29 21:16:52.670844,101.43,2,Books,Educational
TXNE9M29UR7M1,CUST94284874,2026-05-29 21:16:52.670844,343.03,1,Toys & Games,Video Games
TXNQQLOQTNJ3B,CUST94284874,2026-03-30 21:16:52.670844,229.2,4,Toys & Games,Puzzles
TXNK3O1K2CMX8,CUST94284874,2026-06-20 21:16:52.670844,270.13,5,Health & Beauty,Skincare
TXNQ5RIPLWDRJ,CUST94284874,2026-06-21 21:16:52.670844,194.32,5,Automotive,Cleaning Supplies
TXNJQXBUOJ0NQ,CUST94284874,2026-07-10 21:16:52.670844,248.0,1,Food & Beverages,Gourmet Food
TXNX3U2100VCH,CUST94284874,2026-04-05 21:16:52.670844,98.63,5,Health & Beauty,Makeup
TXN2BLN3UXRP2,CUST94284874,2026-07-06 21:16:52.670844,316.41,3,Automotive,Parts
TXN04I5JH83Z0,CUST94284874,2026-04-07 21:16:52.670844,186.17,2,Electronics,Headphones
TXNY7RMXERLTW,CUST94284874,2026-05-04 21:16:52.670844,314.48,5,Books,Comics
TXNKPLNW0PITN,CUST94284874,2026-05-07 21:16:52.670844,252.31,2,Books,Non-Fiction
TXN3CTMWHJE7O,CUST94284874,2026-06-22 21:16:52.670844,327.5,5,Office Supplies,Desk Accessories
TXN354E3IGDRR,CUST30656982,2026-01-28 21:16:52.670844,72.28,4,Office Supplies,Stationery
TXN8JUV5N2P38,CUST30656982,2026-02-01 21:16:52.670844,94.44,3,Home & Garden,Tools
TXNP58GW89M7N,CUST30656982,2026-02-26 21:16:52.670844,109.4,4,Office Supplies,Electronics
TXNF7PWWW5LBB,CUST30656982,2026-02-12 21:16:52.670844,114.98,5,Food & Beverages,Organic Products
TXNWPXYEWPVOB,CUST30656982,2026-02-27 21:16:52.670844,60.12,2,Food & Beverages,Beverages
TXN6ZBZ9JFVFH,CUST35863724,2026-05-27 21:16:52.670844,227.33,3,Office Supplies,Stationery
TXNRWIXUT8NOK,CUST35863724,2026-05-10 21:16:52.670844,320.27,3,Food & Beverages,Snacks
TXNDTSCU09AYC,CUST35863724,2026-05-04 21:16:52.670844,318.8,3,Toys & Games,Board Games
TXNEDP2QR0L3B,CUST35863724,2026-05-04 21:16:52.670844,297.9,1,Home & Garden,Furniture
TXNC2ONBMZ4XN,CUST35863724,2026-06-05 21:16:52.670844,252.69,5,Books,Comics
TXN4KEIB7PQNJ,CUST35863724,2025-10-29 21:16:52.670844,259.41,3,Office Supplies,Electronics
TXN8HUBLRVJ5J,CUST35863724,2026-01-28 21:16:52.670844,170.3,5,Food & Beverages,Beverages
TXN6W36WQSRYO,CUST35863724,2025-12-11 21:16:52.670844,349.3,4,Automotive,Car Accessories
TXNGNDGQZUJNQ,CUST35863724,2026-03-31 21:16:52.670844,432.6,4,Food & Beverages,Organic Products
TXNZKMMIP2983,CUST35863724,2025-12-17 21:16:52.670844,232.68,1,Electronics,Smart Watch
TXN0D5ER8OAR4,CUST35863724,2025-12-17 21:16:52.670844,381.17,5,Home & Garden,Bedding
TXNROOWWMB4SN,CUST35863724,2026-05-18 21:16:52.670844,311.44,1,Office Supplies,Electronics
TXN6IFXE6HGF1,CUST35863724,2026-01-15 21:16:52.670844,228.74,2,Electronics,Smartphone
TXNEX6FPUCX5K,CUST35863724,2026-05-18 21:16:52.670844,183.03,2,Automotive,Cleaning Supplies
TXN5GYWNLS6RA,CUST35863724,2026-05-16 21:16:52.670844,189.18,2,Food & Beverages,Organic Products
TXNUWLXB0VJ88,CUST35863724,2025-12-06 21:16:52.670844,344.98,2,Automotive,Car Accessories
TXNVHQESFREC5,CUST35863724,2026-02-14 21:16:52.670844,360.09,5,Toys & Games,Video Games
TXNCHX99XKUHA,CUST35863724,2026-03-28 21:16:52.670844,222.82,3,Sports & Outdoors,Bicycle
TXN0CEPRHRJ83,CUST35863724,2026-04-12 21:16:52.670844,206.17,3,Electronics,Headphones
TXN52LX7PYOCE,CUST35863724,2025-10-28 21:16:52.670844,370.59,2,Food & Beverages,Organic Products
TXNDCJWFJBVOV,CUST35863724,2026-03-21 21:16:52.670844,499.69,2,Office Supplies,Stationery
TXNLGKKVM2QYH,CUST35863724,2026-04-01 21:16:52.670844,262.59,2,Health & Beauty,Skincare
TXNGHR9GNFSKE,CUST86442018,2025-07-17 21:16:52.670844,149.77,2,Office Supplies,Electronics
TXNJVPL22H9FJ,CUST86442018,2025-08-31 21:16:52.670844,133.54,3,Electronics,Tablet
TXN1TBL65BQGO,CUST86442018,2026-03-10 21:16:52.670844,144.57,5,Books,Comics
TXNWFVBN3RS4J,CUST86442018,2025-06-18 21:16:52.670844,190.38,5,Clothing,T-Shirt
TXNKJT8YTWBHC,CUST86442018,2025-03-18 21:16:52.670844,136.51,5,Clothing,Dress
TXNE2QMBKNU5Y,CUST86442018,2026-02-26 21:16:52.670844,139.16,5,Automotive,Tools
TXNXU8A5H1IUC,CUST26191767,2026-04-04 21:16:52.670844,129.68,3,Automotive,Cleaning Supplies
TXNIRRK3OCZGY,CUST26191767,2026-04-18 21:16:52.670844,144.39,4,Sports & Outdoors,Sportswear
TXNWWM1A64AQC,CUST26191767,2026-02-12 21:16:52.670844,78.3,4,Sports & Outdoors,Fitness Equipment
TXN17XH5AAWR8,CUST26191767,2025-11-09 21:16:52.670844,59.45,5,Sports & Outdoors,Sportswear
TXNAUBR8HSWMU,CUST26191767,2026-02-16 21:16:52.670844,150.37,1,Home & Garden,Kitchen Appliances
TXNNCV0HPW9MG,CUST26191767,2026-01-29 21:16:52.670844,190.37,5,Health & Beauty,Personal Care
TXNSJB1OJA51A,CUST26191767,2025-12-14 21:16:52.670844,177.58,3,Books,Magazines
TXNMO6T7LH8GC,CUST26191767,2026-02-07 21:16:52.670844,40.23,2,Books,Comics
TXNV8U131FV9J,CUST26191767,2026-04-08 21:16:52.670844,173.49,5,Electronics,Camera
TXNEC4C5PN2G4,CUST26191767,2026-02-12 21:16:52.670844,58.09,3,Health & Beauty,Supplements
TXNDNU0MTWWFY,CUST74675164,2025-11-13 21:16:52.670844,239.83,1,Toys & Games,Action Figures
TXNZXYBNQE0KV,CUST74675164,2025-07-21 21:16:52.670844,160.0,3,Sports & Outdoors,Camping Gear
TXNPETQVZRFZI,CUST74675164,2026-01-05 21:16:52.670844,222.61,4,Health & Beauty,Supplements
TXNAT7KKKVKN0,CUST74675164,2025-06-24 21:16:52.670844,269.05,4,Toys & Games,Puzzles
TXNX1EQRRNW2K,CUST74675164,2026-01-21 21:16:52.670844,193.86,2,Office Supplies,Furniture
TXNZAOONT9F9O,CUST39248773,2026-04-22 21:16:52.670844,277.59,2,Food & Beverages,Beverages
TXNM12C8DUC7E,CUST39248773,2025-03-08 21:16:52.670844,176.65,4,Home & Garden,Bedding
TXN9Q6Q57X81W,CUST39248773,2025-05-16 21:16:52.670844,72.76,5,Office Supplies,Desk Accessories
TXNEBUZN005A6,CUST39248773,2025-03-23 21:16:52.670844,217.77,4,Sports & Outdoors,Sportswear
TXN6VDR4K23Y8,CUST39248773,2026-05-11 21:16:52.670844,164.13,5,Clothing,T-Shirt
TXN9ERUM2USGB,CUST39248773,2025-04-01 21:16:52.670844,242.11,4,Health & Beauty,Supplements
TXNN6HZZ46G5P,CUST39248773,2025-01-31 21:16:52.670844,148.58,5,Books,Fiction
TXNKJ74YIWLRY,CUST39248773,2025-08-02 21:16:52.670844,145.19,4,Health & Beauty,Makeup
TXN52FQD0ZC2X,CUST39248773,2026-04-17 21:16:52.670844,265.54,3,Health & Beauty,Personal Care
TXNKY0I5DZV47,CUST47769263,2024-08-15 21:16:52.670844,121.8,1,Office Supplies,Desk Accessories
TXNRLOZCFWKJN,CUST47769263,2025-02-11 21:16:52.670844,155.21,2,Automotive,Tools
TXN562Y9O11PZ,CUST47769263,2025-12-23 21:16:52.670844,202.25,4,Home & Garden,Decor
TXNC5OU95VNQA,CUST47769263,2025-08-02 21:16:52.670844,204.95,1,Toys & Games,Board Games
TXNNU1NX3Z7P7,CUST47769263,2025-06-08 21:16:52.670844,103.97,2,Health & Beauty,Makeup
TXNXUF0YWAB7K,CUST47769263,2024-12-13 21:16:52.670844,156.61,1,Office Supplies,Stationery
TXNADIIFYIAMW,CUST47843005,2025-11-15 21:16:52.670844,411.89,4,Health & Beauty,Personal Care
TXN065F487UDC,CUST47843005,2025-07-11 21:16:52.670844,414.38,2,Automotive,Cleaning Supplies
TXNHE3YDUMZN6,CUST47843005,2025-11-24 21:16:52.670844,372.83,2,Clothing,Jacket
TXNQB9TMCOUF4,CUST47843005,2025-06-30 21:16:52.670844,576.63,3,Health & Beauty,Skincare
TXNVHFKJ8RACH,CUST47843005,2026-06-11 21:16:52.670844,305.39,5,Home & Garden,Bedding
TXNNPI8MMGDQ7,CUST47843005,2025-07-03 21:16:52.670844,167.68,2,Automotive,Tools
TXN3RUEGLW8IS,CUST47843005,2026-04-20 21:16:52.670844,248.72,4,Health & Beauty,Skincare
TXN1Y948ML7V6,CUST47843005,2025-07-19 21:16:52.670844,199.31,3,Electronics,Laptop
TXNF0E9SC7BJT,CUST47843005,2026-03-19 21:16:52.670844,398.38,5,Health & Beauty,Personal Care
TXNTUZDGYCFN9,CUST47843005,2025-12-22 21:16:52.670844,162.28,1,Electronics,Tablet
TXNWON4REGTWH,CUST47843005,2026-06-13 21:16:52.670844,461.17,3,Food & Beverages,Organic Products
TXNIS7UOZML3Z,CUST47843005,2025-08-22 21:16:52.670844,268.63,1,Books,Fiction
TXN5KLDJWPFG9,CUST47843005,2026-04-23 21:16:52.670844,507.05,1,Clothing,Accessories
TXN0BJVZI2CP6,CUST47843005,2025-11-07 21:16:52.670844,288.07,4,Clothing,Jacket
TXNKG9R1FKJ7Y,CUST47843005,2026-01-30 21:16:52.670844,311.5,3,Books,Non-Fiction
TXN8G75WJCU5W,CUST47843005,2026-05-27 21:16:52.670844,498.35,5,Books,Non-Fiction
TXNBHLMMCG9V2,CUST47843005,2025-07-05 21:16:52.670844,321.41,1,Toys & Games,Action Figures
TXN0WZB1MW69I,CUST47843005,2025-10-09 21:16:52.670844,432.08,5,Home & Garden,Decor
TXNQTOV9F0F3P,CUST47843005,2025-11-28 21:16:52.670844,209.66,5,Toys & Games,Video Games
TXNA39FZ8YR32,CUST47843005,2025-10-30 21:16:52.670844,412.25,4,Sports & Outdoors,Sportswear
TXNTU50CBK1FK,CUST47843005,2026-02-10 21:16:52.670844,402.71,3,Home & Garden,Tools
TXNMIA5E2LT3U,CUST47843005,2026-03-07 21:16:52.670844,204.55,1,Electronics,Laptop
TXNPA460985PT,CUST47843005,2025-08-20 21:16:52.670844,224.07,3,Home & Garden,Bedding
TXN2CVNC4R76E,CUST47843005,2026-05-01 21:16:52.670844,300.37,3,Health & Beauty,Makeup
TXN47SSZ5TCPG,CUST47843005,2026-04-29 21:16:52.670844,320.2,5,Food & Beverages,Gourmet Food
TXNLSKVZN4ORG,CUST47843005,2026-03-27 21:16:52.670844,191.88,2,Office Supplies,Electronics
TXN0BKZ53OZ8X,CUST47843005,2026-01-29 21:16:52.670844,184.73,2,Electronics,Smartphone
TXNXB73Y5YNJ6,CUST47843005,2025-07-09 21:16:52.670844,89.06,3,Clothing,Shoes
TXNWLR9YASY65,CUST47843005,2025-10-29 21:16:52.670844,354.42,2,Automotive,Parts
TXNRE40YFL8Q6,CUST47843005,2026-04-03 21:16:52.670844,382.91,2,Books,Magazines
TXNROTN0XNRYO,CUST47843005,2026-05-23 21:16:52.670844,202.51,1,Books,Comics
TXNNI9O02AJEF,CUST47843005,2026-04-06 21:16:52.670844,292.55,5,Books,Comics
TXNQ1FBVQVQ0W,CUST47843005,2026-04-21 21:16:52.670844,187.03,2,Automotive,Parts
TXNLRK3F9QWSS,CUST47843005,2026-05-29 21:16:52.670844,272.89,3,Toys & Games,Action Figures
TXN5KNNIJ16FK,CUST47843005,2026-05-31 21:16:52.670844,310.38,1,Sports & Outdoors,Bicycle
TXNGJJ2DJ627L,CUST47843005,2026-07-03 21:16:52.670844,270.11,4,Toys & Games,Action Figures
TXN6GFP7BOQ94,CUST47843005,2026-05-11 21:16:52.670844,255.28,1,Books,Non-Fiction
TXNTLGZ1YO66Q,CUST47843005,2025-11-05 21:16:52.670844,258.06,1,Health & Beauty,Skincare
TXNXPZPCQ1BRU,CUST47843005,2026-02-15 21:16:52.670844,261.43,2,Toys & Games,Puzzles
TXNUIBWMNQ2YA,CUST47843005,2025-07-06 21:16:52.670844,301.05,5,Automotive,Parts
TXNZ9YGRFVONL,CUST47843005,2025-12-16 21:16:52.670844,431.94,2,Office Supplies,Stationery
TXN41N41OXSZX,CUST47843005,2026-02-26 21:16:52.670844,460.23,1,Books,Fiction
TXN99DQ1XPB7S,CUST75795522,2025-12-17 21:16:52.670844,190.12,1,Toys & Games,Action Figures
TXN7MVCOM5Y2U,CUST75795522,2025-11-30 21:16:52.670844,85.34,3,Clothing,Accessories
TXNOQS6SSF871,CUST75795522,2025-10-24 21:16:52.670844,136.67,1,Health & Beauty,Personal Care
TXNDB0AS6VU06,CUST75795522,2025-09-07 21:16:52.670844,152.62,5,Automotive,Cleaning Supplies
TXN4LN4XT06RS,CUST75795522,2025-11-07 21:16:52.670844,177.03,5,Sports & Outdoors,Sportswear
TXNM57V26H5HO,CUST75795522,2026-01-17 21:16:52.670844,159.94,4,Office Supplies,Electronics
TXNVYJS605A09,CUST75795522,2025-12-20 21:16:52.670844,94.64,2,Sports & Outdoors,Sportswear
TXNL13PALW75Q,CUST75795522,2025-10-09 21:16:52.670844,141.32,1,Sports & Outdoors,Sportswear
TXN9592OYGJRH,CUST46988115,2026-03-21 21:16:52.670844,167.14,5,Health & Beauty,Skincare
TXNMZ1DG3Y146,CUST46988115,2026-05-27 21:16:52.670844,179.79,2,Sports & Outdoors,Bicycle
TXN1FL8ZP9D3A,CUST46988115,2026-01-20 21:16:52.670844,135.86,3,Food & Beverages,Beverages
TXN9IMQO0ZSTE,CUST46988115,2026-06-03 21:16:52.670844,176.45,5,Food & Beverages,Gourmet Food
TXNQMTOFWKLAJ,CUST46988115,2026-03-26 21:16:52.670844,199.91,4,Toys & Games,Puzzles
TXNPMDT6FLYNY,CUST46988115,2026-05-31 21:16:52.670844,113.09,5,Automotive,Parts
TXN5JW254TWK6,CUST46988115,2026-05-12 21:16:52.670844,179.89,2,Clothing,T-Shirt
TXNS6O61KB1BS,CUST46988115,2025-11-26 21:16:52.670844,188.82,2,Food & Beverages,Gourmet Food
TXNQ9M5JDCFEE,CUST46988115,2026-02-04 21:16:52.670844,165.94,4,Health & Beauty,Supplements
TXNXILZMZSHOH,CUST46988115,2026-03-10 21:16:52.670844,240.56,2,Food & Beverages,Organic Products
TXNEKZWM9WJAG,CUST71468694,2024-10-24 21:16:52.670844,164.2,1,Electronics,Headphones
TXN9OWC3KNTY2,CUST71468694,2025-01-30 21:16:52.670844,124.5,4,Health & Beauty,Supplements
TXNXZBSTFS7UO,CUST71468694,2024-11-02 21:16:52.670844,93.18,3,Sports & Outdoors,Bicycle
TXN5T9YUXGO5K,CUST71468694,2024-10-08 21:16:52.670844,145.23,3,Sports & Outdoors,Fitness Equipment
TXN6CXQBWB9UQ,CUST19218689,2025-11-01 21:16:52.670844,153.85,1,Automotive,Tools
TXNFI94K1OIOI,CUST73905434,2026-06-07 21:16:52.670844,223.13,1,Food & Beverages,Gourmet Food
TXNRK559NSIMD,CUST73905434,2026-06-08 21:16:52.670844,217.88,2,Food & Beverages,Beverages
TXNQO95DHDXLE,CUST73905434,2026-06-29 21:16:52.670844,115.15,5,Toys & Games,Board Games
TXNP2HL0B4NC7,CUST73905434,2026-07-11 21:16:52.670844,203.15,2,Home & Garden,Bedding
TXNG7GOHZEWLB,CUST73905434,2026-06-02 21:16:52.670844,211.44,3,Automotive,Tools
TXNR7S70FKQPS,CUST73905434,2026-07-05 21:16:52.670844,191.43,3,Health & Beauty,Supplements
TXNV5H7KQE06L,CUST73905434,2026-06-24 21:16:52.670844,82.43,4,Health & Beauty,Skincare
TXNX3J5BCI40M,CUST73905434,2026-06-01 21:16:52.670844,132.53,5,Electronics,Smart Watch
TXNPSXC8J7MVX,CUST73905434,2026-06-02 21:16:52.670844,144.66,1,Electronics,Tablet
TXN1FGSMIKKFR,CUST73905434,2026-07-11 21:16:52.670844,240.89,1,Home & Garden,Bedding
TXNG6LF79PSPZ,CUST73905434,2026-07-04 21:16:52.670844,225.56,2,Office Supplies,Stationery
TXN7K918V6USU,CUST73905434,2026-06-26 21:16:52.670844,239.15,2,Food & Beverages,Snacks
TXNRC3LV0K8F2,CUST73905434,2026-07-01 21:16:52.670844,203.71,2,Automotive,Tools
TXNOMYKXIYIAA,CUST73905434,2026-06-29 21:16:52.670844,197.5,3,Home & Garden,Decor
TXNPLGDZD9OAM,CUST73905434,2026-06-20 21:16:52.670844,144.65,3,Clothing,Shoes
TXNCF42A1D6DS,CUST73905434,2026-06-05 21:16:52.670844,124.76,2,Books,Educational
TXNWISDO8BP48,CUST73905434,2026-06-07 21:16:52.670844,41.19,4,Books,Fiction
TXN1M46Y2GGY2,CUST73905434,2026-06-01 21:16:52.670844,88.5,4,Office Supplies,Furniture
TXNAM67AX6PQ8,CUST73905434,2026-07-10 21:16:52.670844,185.01,2,Health & Beauty,Personal Care
TXNLHXHCJA6Z4,CUST73905434,2026-06-08 21:16:52.670844,205.75,1,Health & Beauty,Skincare
TXN8SDKMGQ9J8,CUST73905434,2026-06-29 21:16:52.670844,119.35,1,Sports & Outdoors,Bicycle
TXNT376OXUXOO,CUST73905434,2026-06-14 21:16:52.670844,74.37,5,Automotive,Car Accessories
TXN5NJ6UJ2PNV,CUST54408142,2025-12-15 21:16:52.670844,544.52,3,Books,Magazines
TXN2Q9DB000IQ,CUST54408142,2025-11-28 21:16:52.670844,337.4,1,Health & Beauty,Supplements
TXN6KRYE0VFTL,CUST54408142,2026-01-03 21:16:52.670844,390.88,2,Health & Beauty,Personal Care
TXN6963NMB41R,CUST54408142,2026-02-03 21:16:52.670844,321.9,3,Automotive,Tools
TXN58VC4SCRNV,CUST54408142,2026-03-14 21:16:52.670844,333.28,1,Books,Comics
TXN79AXH738B6,CUST54408142,2026-04-27 21:16:52.670844,423.29,3,Sports & Outdoors,Bicycle
TXNM4TYWQ3UUP,CUST54408142,2026-02-07 21:16:52.670844,616.45,4,Electronics,Headphones
TXNAVCW06JN9L,CUST54408142,2026-04-21 21:16:52.670844,205.81,3,Home & Garden,Kitchen Appliances
TXN4LQISY8EI6,CUST54408142,2026-04-01 21:16:52.670844,486.78,4,Sports & Outdoors,Camping Gear
TXN7YDMCQQXHZ,CUST54408142,2026-05-08 21:16:52.670844,489.23,1,Home & Garden,Tools
TXNQB1PQEQ0BZ,CUST54408142,2025-12-17 21:16:52.670844,169.86,3,Food & Beverages,Snacks
TXNYQIQ1S9YXN,CUST54408142,2026-03-31 21:16:52.670844,359.75,2,Office Supplies,Electronics
TXNHFBETQPUX9,CUST54408142,2026-03-20 21:16:52.670844,531.81,3,Toys & Games,Puzzles
TXN9BQAVC6IAW,CUST54408142,2025-11-27 21:16:52.670844,332.17,2,Books,Educational
TXNY2BJFW51HH,CUST54408142,2026-06-28 21:16:52.670844,132.32,5,Toys & Games,Video Games
TXN1W2997O5WY,CUST54408142,2026-03-06 21:16:52.670844,477.43,1,Electronics,Headphones
TXNZGT6QPGDAN,CUST54408142,2026-04-03 21:16:52.670844,425.59,2,Health & Beauty,Personal Care
TXNIC3BDHBBAQ,CUST54408142,2026-07-01 21:16:52.670844,240.29,5,Health & Beauty,Skincare
TXNHOGHTT1RZ3,CUST54408142,2026-06-04 21:16:52.670844,372.44,4,Electronics,Headphones
TXNS3VB32P4OV,CUST54408142,2026-01-15 21:16:52.670844,179.73,5,Automotive,Tools
TXN6MSBJBXMH4,CUST54408142,2026-04-18 21:16:52.670844,423.23,3,Health & Beauty,Supplements
TXNQABQWG2I7A,CUST54408142,2025-12-02 21:16:52.670844,489.43,3,Health & Beauty,Makeup
TXN3IO8O36Z6V,CUST54408142,2026-03-06 21:16:52.670844,419.26,3,Clothing,Jeans
TXNSRCPHPS9CC,CUST54408142,2026-06-19 21:16:52.670844,315.88,1,Electronics,Smartphone
TXN3O0YGX8WNN,CUST54408142,2026-03-28 21:16:52.670844,380.55,2,Home & Garden,Bedding
TXNPGP59B6036,CUST54408142,2026-02-18 21:16:52.670844,485.57,1,Toys & Games,Puzzles
TXNEYER2LPEA2,CUST54408142,2025-12-10 21:16:52.670844,335.44,1,Toys & Games,Action Figures
TXN5NG7P6K69Y,CUST54408142,2025-12-17 21:16:52.670844,519.75,2,Sports & Outdoors,Fitness Equipment
TXNL2LE6TN20T,CUST54408142,2026-01-17 21:16:52.670844,388.52,5,Toys & Games,Video Games
TXNPNT23WYPHR,CUST54408142,2026-06-02 21:16:52.670844,492.95,2,Office Supplies,Furniture
TXNZ2AZ2TF5V2,CUST54408142,2026-04-22 21:16:52.670844,368.62,3,Books,Comics
TXN0P4FK11DH2,CUST54408142,2026-01-10 21:16:52.670844,332.67,2,Health & Beauty,Supplements
TXNS70ZR1XZEA,CUST54408142,2026-02-20 21:16:52.670844,537.63,1,Electronics,Smartphone
TXNTQLC4Y11I3,CUST54408142,2026-02-14 21:16:52.670844,312.87,5,Office Supplies,Stationery
TXN59VNN8EOYF,CUST54408142,2026-05-03 21:16:52.670844,407.07,5,Home & Garden,Decor
TXNG2009IW96R,CUST54408142,2026-05-04 21:16:52.670844,547.9,4,Electronics,Camera
TXNWU3MT56HQT,CUST54408142,2026-04-01 21:16:52.670844,269.26,3,Books,Educational
TXNUPC3RRCE4N,CUST54408142,2025-12-22 21:16:52.670844,423.27,4,Food & Beverages,Organic Products
TXN21YJAAZYLC,CUST54408142,2026-06-11 21:16:52.670844,341.74,4,Electronics,Camera
TXNT4PVPXMAB2,CUST54408142,2026-04-10 21:16:52.670844,356.56,4,Clothing,Shoes
TXN9RSJR37OTD,CUST54408142,2026-03-14 21:16:52.670844,381.6,4,Books,Educational
TXNJGKP2POXIT,CUST54408142,2026-04-08 21:16:52.670844,474.22,4,Books,Non-Fiction
TXNGPZAYBDFRQ,CUST54408142,2026-02-23 21:16:52.670844,295.65,1,Sports & Outdoors,Camping Gear
TXNRPPFP9HNKC,CUST54408142,2026-06-04 21:16:52.670844,329.23,1,Toys & Games,Puzzles
TXN4KN7COSY3J,CUST21506427,2026-05-25 21:16:52.670844,92.2,4,Sports & Outdoors,Camping Gear
TXNUA4M08YSX1,CUST21506427,2026-05-01 21:16:52.670844,65.11,3,Home & Garden,Tools
TXNE72ZOIBJWI,CUST21506427,2026-05-30 21:16:52.670844,67.4,5,Toys & Games,Video Games
TXN366MTP7BF1,CUST21506427,2026-05-03 21:16:52.670844,102.97,3,Electronics,Smartphone
TXNOIOY29LADF,CUST21506427,2026-05-23 21:16:52.670844,100.0,4,Food & Beverages,Organic Products
TXNS08DZSU5X6,CUST21506427,2026-05-25 21:16:52.670844,125.28,3,Electronics,Headphones
TXNTJ9WD7PKZW,CUST21506427,2026-05-09 21:16:52.670844,152.59,5,Electronics,Camera
TXNK1C387Z7TC,CUST21506427,2026-05-28 21:16:52.670844,89.33,5,Office Supplies,Stationery
TXNNETPR8S2QB,CUST21506427,2026-05-06 21:16:52.670844,160.44,3,Health & Beauty,Makeup
TXN9RZPKCLBT6,CUST21506427,2026-06-04 21:16:52.670844,120.55,2,Health & Beauty,Makeup
TXN43T725QXNB,CUST21506427,2026-05-26 21:16:52.670844,150.84,4,Sports & Outdoors,Bicycle
TXNHQQFEK0FZC,CUST81332765,2025-11-18 21:16:52.670844,57.85,5,Office Supplies,Furniture
TXNW3PLX9JZZK,CUST12561744,2026-04-20 21:16:52.670844,337.07,2,Books,Fiction
TXNTQC7BFRVH5,CUST12561744,2026-06-28 21:16:52.670844,485.61,3,Home & Garden,Tools
TXN4PY2IVQ9YZ,CUST12561744,2026-07-08 21:16:52.670844,455.96,4,Toys & Games,Board Games
TXNGGT539MGXG,CUST12561744,2026-04-24 21:16:52.670844,361.05,5,Clothing,Shoes
TXN54KKW6L6QN,CUST12561744,2026-03-24 21:16:52.670844,659.6,4,Toys & Games,Action Figures
TXNJTFAJVED25,CUST12561744,2026-05-10 21:16:52.670844,476.37,2,Food & Beverages,Gourmet Food
TXNIWUXI1SVIS,CUST12561744,2026-03-20 21:16:52.670844,172.73,1,Clothing,Accessories
TXN1UER30BA9R,CUST12561744,2026-05-20 21:16:52.670844,250.51,5,Clothing,Dress
TXNC3FC2P3CEF,CUST12561744,2026-04-24 21:16:52.670844,247.6,2,Sports & Outdoors,Camping Gear
TXNZ8WIF73ZLJ,CUST12561744,2026-06-14 21:16:52.670844,411.11,2,Food & Beverages,Snacks
TXNXE8YUEXGMR,CUST12561744,2026-06-28 21:16:52.670844,393.79,2,Health & Beauty,Makeup
TXNE24USNICEC,CUST12561744,2026-05-14 21:16:52.670844,296.43,5,Automotive,Parts
TXNZDOKG12PX6,CUST12561744,2026-03-22 21:16:52.670844,176.67,3,Office Supplies,Electronics
TXN5JSUM22J8Z,CUST12561744,2026-05-25 21:16:52.670844,369.27,4,Electronics,Headphones
TXNIHOX33T75H,CUST12561744,2026-04-08 21:16:52.670844,307.73,4,Sports & Outdoors,Bicycle
TXNQO7HK69439,CUST12561744,2026-06-16 21:16:52.670844,564.45,3,Clothing,Accessories
TXNICK2NQNY1P,CUST12561744,2026-05-07 21:16:52.670844,222.15,4,Sports & Outdoors,Fitness Equipment
TXNPR7AYB4WN9,CUST12561744,2026-03-23 21:16:52.670844,311.82,4,Health & Beauty,Personal Care
TXN4XQ2DTK1F5,CUST12561744,2026-05-08 21:16:52.670844,273.6,3,Toys & Games,Video Games
TXNFEP666J1RK,CUST12561744,2026-05-16 21:16:52.670844,338.54,2,Books,Educational
TXNEPQ2YK5LJX,CUST12561744,2026-05-03 21:16:52.670844,382.59,5,Books,Fiction
TXN9C3GLCNT7R,CUST12561744,2026-06-27 21:16:52.670844,155.02,3,Home & Garden,Kitchen Appliances
TXNQITIADWCMJ,CUST12561744,2026-04-04 21:16:52.670844,367.98,5,Books,Fiction
TXNK12K4011GC,CUST12561744,2026-05-04 21:16:52.670844,241.78,4,Food & Beverages,Beverages
TXNB097HLZLOL,CUST31159582,2026-01-22 21:16:52.670844,111.57,4,Automotive,Car Accessories
TXNWNJ90H7A27,CUST31159582,2026-02-07 21:16:52.670844,138.45,5,Office Supplies,Furniture
TXN7WC5LFG3IP,CUST31159582,2026-03-15 21:16:52.670844,171.18,2,Food & Beverages,Snacks
TXN4KAZJXKCOA,CUST31159582,2026-02-01 21:16:52.670844,159.52,2,Toys & Games,Action Figures
TXNY6E9EA72JI,CUST31159582,2026-01-24 21:16:52.670844,169.28,5,Office Supplies,Desk Accessories
TXNBHBB463KXW,CUST31159582,2026-01-10 21:16:52.670844,190.6,3,Automotive,Tools
TXN5QG1259ZKU,CUST31159582,2026-03-29 21:16:52.670844,118.83,5,Automotive,Tools
TXN6CLHOJFD4Z,CUST31159582,2026-03-09 21:16:52.670844,168.4,2,Books,Educational
TXNREUBUI4BDK,CUST08626084,2026-03-07 21:16:52.670844,184.33,5,Automotive,Parts
TXN3ZVG17V0PR,CUST08626084,2026-02-22 21:16:52.670844,107.57,3,Toys & Games,Video Games
TXN6TRY8WUCWS,CUST08626084,2026-01-25 21:16:52.670844,87.28,3,Electronics,Smartphone
TXNXPWI28EUZ1,CUST08626084,2026-01-17 21:16:52.670844,164.92,4,Health & Beauty,Makeup
TXNYYZFII0VBD,CUST87348627,2026-02-22 21:16:52.670844,79.85,4,Health & Beauty,Skincare
TXN0HGKALR17K,CUST87348627,2025-05-25 21:16:52.670844,110.75,5,Toys & Games,Action Figures
TXNJJ2VD6NB5A,CUST87348627,2025-07-14 21:16:52.670844,66.6,4,Automotive,Parts
TXNDMVONLH7E0,CUST87348627,2025-05-20 21:16:52.670844,52.84,3,Books,Educational
TXNBDFN97LJ0I,CUST87348627,2025-10-17 21:16:52.670844,91.8,3,Health & Beauty,Makeup
TXNK2H1IZXWIO,CUST87348627,2025-10-19 21:16:52.670844,104.44,5,Home & Garden,Tools
TXND8QYQWHOO8,CUST87348627,2025-06-22 21:16:52.670844,39.42,5,Clothing,T-Shirt
TXN1FB0KDLQOL,CUST87348627,2026-03-08 21:16:52.670844,42.22,3,Food & Beverages,Beverages
TXN1OX3D7Z5AP,CUST84579018,2025-11-21 21:16:52.670844,194.52,4,Electronics,Smart Watch
TXN1YD8JOACEP,CUST84579018,2026-01-11 21:16:52.670844,158.36,4,Office Supplies,Furniture
TXNHMTQNKY3PA,CUST84579018,2024-07-31 21:16:52.670844,171.39,4,Home & Garden,Decor
TXN2C96OKJZVT,CUST91748899,2026-01-30 21:16:52.670844,93.83,3,Electronics,Tablet
TXN9O0RUTKJ30,CUST91748899,2026-02-05 21:16:52.670844,113.03,4,Food & Beverages,Beverages
TXNNNU4R4HZUK,CUST91748899,2025-12-29 21:16:52.670844,188.5,2,Books,Non-Fiction
TXNG7WVQROT79,CUST91748899,2025-11-16 21:16:52.670844,173.21,4,Food & Beverages,Beverages
TXNN5604MYT59,CUST91748899,2025-11-09 21:16:52.670844,122.62,2,Health & Beauty,Personal Care
TXNDVMAORA9R9,CUST86168851,2025-10-13 21:16:52.670844,141.39,3,Toys & Games,Video Games
TXNEUYDVFMYUQ,CUST86168851,2025-10-02 21:16:52.670844,162.98,1,Health & Beauty,Personal Care
TXNRJA47E3X1I,CUST86168851,2025-11-27 21:16:52.670844,169.31,5,Clothing,Shoes
TXNSJ3TVPRU7F,CUST86168851,2025-11-06 21:16:52.670844,268.22,5,Toys & Games,Action Figures
TXNK1EDAHAKP4,CUST86168851,2026-02-26 21:16:52.670844,202.38,1,Books,Comics
TXNXQJCXX0JX7,CUST86168851,2026-03-27 21:16:52.670844,223.28,1,Food & Beverages,Snacks
TXNI1RLRYSYYH,CUST86168851,2026-01-27 21:16:52.670844,87.47,1,Health & Beauty,Personal Care
TXNB5SVT7WXU6,CUST86168851,2026-04-28 21:16:52.670844,158.46,3,Electronics,Smartphone
TXNV2ZP4SSX81,CUST86168851,2025-12-20 21:16:52.670844,251.97,1,Toys & Games,Puzzles
TXNQNJRU0KNMX,CUST55851853,2026-03-29 21:16:52.670844,62.5,2,Office Supplies,Desk Accessories
TXN3DMBO0YTVC,CUST55851853,2026-02-19 21:16:52.670844,204.99,5,Clothing,T-Shirt
TXNUHVDII59NQ,CUST55851853,2026-02-15 21:16:52.670844,167.37,1,Automotive,Parts
TXNRTO6NE1YRS,CUST65615365,2025-12-20 21:16:52.670844,170.95,1,Automotive,Car Accessories
TXN53L6UWC1V1,CUST65615365,2025-11-26 21:16:52.670844,122.69,2,Electronics,Tablet
TXN20N5X3Z0DH,CUST65615365,2025-12-21 21:16:52.670844,166.14,4,Health & Beauty,Personal Care
TXNIC6DRAYKXQ,CUST65615365,2026-01-31 21:16:52.670844,184.47,4,Sports & Outdoors,Sportswear
TXNNBW1HK1HVD,CUST65615365,2026-02-02 21:16:52.670844,100.44,5,Automotive,Parts
TXN5MMXOJKPZE,CUST65615365,2026-02-18 21:16:52.670844,175.85,1,Office Supplies,Electronics
TXN73Z1LP30Q5,CUST99277206,2026-01-18 21:16:52.670844,297.5,2,Toys & Games,Board Games
TXNDM8TJ5LNX8,CUST99277206,2025-11-05 21:16:52.670844,370.18,5,Office Supplies,Furniture
TXNBXEOOQELW0,CUST99277206,2026-03-12 21:16:52.670844,279.89,3,Health & Beauty,Personal Care
TXN4YQWOVASZA,CUST99277206,2026-01-04 21:16:52.670844,342.7,3,Office Supplies,Furniture
TXNFEB82IKBXJ,CUST99277206,2025-11-04 21:16:52.670844,364.96,1,Toys & Games,Puzzles
TXNK3QICZSYG5,CUST99277206,2026-05-29 21:16:52.670844,226.68,2,Toys & Games,Action Figures
TXNFL1GPHIAWS,CUST99277206,2025-11-25 21:16:52.670844,121.16,3,Health & Beauty,Personal Care
TXNRM5P1ZBYGY,CUST99277206,2025-10-28 21:16:52.670844,208.64,1,Clothing,T-Shirt
TXNCRIEHWZZK7,CUST99277206,2026-04-23 21:16:52.670844,200.51,4,Automotive,Car Accessories
TXNZU1AMEZMZ2,CUST99277206,2026-02-01 21:16:52.670844,233.59,3,Clothing,Dress
TXNSKVB1OFVAH,CUST99277206,2025-11-28 21:16:52.670844,397.34,5,Office Supplies,Furniture
TXN70YWI9DYS7,CUST99277206,2025-11-18 21:16:52.670844,392.57,1,Toys & Games,Action Figures
TXNDQBETXVB9G,CUST99277206,2026-05-11 21:16:52.670844,274.92,4,Clothing,Shoes
TXNCR7B5O5FLT,CUST99277206,2026-04-05 21:16:52.670844,194.2,1,Toys & Games,Puzzles
TXNEHKICHW51S,CUST99277206,2026-04-10 21:16:52.670844,315.21,4,Toys & Games,Board Games
TXNFBM1LV5BUG,CUST99277206,2025-11-18 21:16:52.670844,349.24,5,Office Supplies,Electronics
TXNM11KTU6DET,CUST99277206,2025-11-30 21:16:52.670844,522.14,2,Home & Garden,Decor
TXNHLORG8XIIB,CUST99277206,2026-03-27 21:16:52.670844,253.81,4,Health & Beauty,Supplements
TXNWMJ4WTQ078,CUST99277206,2026-02-16 21:16:52.670844,235.66,2,Electronics,Smartphone
TXNIGTJLM0S55,CUST99277206,2026-01-23 21:16:52.670844,339.28,4,Automotive,Cleaning Supplies
TXNP9ZHS1QZM4,CUST99277206,2025-11-30 21:16:52.670844,118.84,4,Sports & Outdoors,Sportswear
TXNKGISNS611X,CUST99277206,2026-04-15 21:16:52.670844,273.98,3,Health & Beauty,Skincare
TXN1HTJ4WO94O,CUST99277206,2026-02-27 21:16:52.670844,324.33,1,Office Supplies,Furniture
TXNAT3C95OZTB,CUST01253850,2026-01-03 21:16:52.670844,162.2,2,Health & Beauty,Makeup
TXNKE7Q1Z8WUE,CUST01253850,2026-05-04 21:16:52.670844,222.81,4,Clothing,Accessories
TXNYZO3UVCJFH,CUST01253850,2026-02-08 21:16:52.670844,120.43,3,Office Supplies,Furniture
TXNUNP2O5L1PO,CUST01253850,2025-12-05 21:16:52.670844,169.93,1,Office Supplies,Electronics
TXNW7SJ4X71CK,CUST01253850,2026-06-08 21:16:52.670844,211.95,4,Books,Fiction
TXN2KC9OE2MPX,CUST01253850,2026-06-07 21:16:52.670844,102.16,4,Home & Garden,Decor
TXNV73XVJKIGI,CUST01253850,2026-03-04 21:16:52.670844,167.54,3,Toys & Games,Video Games
TXNBU0OZLEGG8,CUST01253850,2026-02-10 21:16:52.670844,140.48,2,Office Supplies,Furniture
TXNQBCKKLNGGD,CUST01253850,2026-05-30 21:16:52.670844,208.45,3,Electronics,Smartphone
TXNYVWSS6JNPT,CUST01253850,2026-01-25 21:16:52.670844,155.23,3,Food & Beverages,Snacks
TXNDGDD67P792,CUST01253850,2026-02-28 21:16:52.670844,167.67,1,Books,Comics
TXN2I0RJTMIMW,CUST01253850,2026-04-02 21:16:52.670844,73.25,5,Clothing,T-Shirt
TXNSXY0L11BB7,CUST01253850,2026-03-26 21:16:52.670844,192.52,3,Office Supplies,Electronics
TXN4PDMWUPJ0B,CUST01253850,2026-04-25 21:16:52.670844,191.3,1,Food & Beverages,Beverages
TXNN1JD1EGSFU,CUST01253850,2026-03-20 21:16:52.670844,177.43,4,Office Supplies,Electronics
TXNQEAXMLC2GF,CUST49546516,2026-07-20 21:16:52.670844,88.95,3,Office Supplies,Electronics
TXNV5V9S4ZCY9,CUST49546516,2026-07-20 21:16:52.670844,43.12,3,Home & Garden,Furniture
TXNK9SEPD32TD,CUST49546516,2026-07-21 21:16:52.670844,72.02,2,Health & Beauty,Supplements
TXNQU4KDTWP8A,CUST49546516,2026-07-20 21:16:52.670844,59.22,5,Office Supplies,Furniture
TXN5QYZIMW6B0,CUST49546516,2026-07-19 21:16:52.670844,115.12,5,Electronics,Smart Watch
TXNGYEBP6N5FR,CUST49546516,2026-07-20 21:16:52.670844,131.64,2,Office Supplies,Stationery
TXN0UJMY2Q3YU,CUST49546516,2026-07-19 21:16:52.670844,113.41,5,Food & Beverages,Snacks
TXNCAYADZR0AO,CUST49546516,2026-07-21 21:16:52.670844,87.66,5,Electronics,Camera
TXNLAWZPL8KV3,CUST49546516,2026-07-20 21:16:52.670844,69.65,5,Clothing,Jacket
TXNVSR0PKK2I4,CUST49546516,2026-07-20 21:16:52.670844,82.2,1,Electronics,Laptop
TXNHD280L5QAI,CUST49546516,2026-07-20 21:16:52.670844,136.57,4,Clothing,Jeans
TXNIO1Y2L0V25,CUST49546516,2026-07-20 21:16:52.670844,72.46,5,Electronics,Headphones
TXN1LOP7UVGE1,CUST49546516,2026-07-19 21:16:52.670844,66.0,4,Health & Beauty,Makeup
TXN1QLFR09RES,CUST49546516,2026-07-21 21:16:52.670844,81.0,2,Electronics,Laptop
TXNQIVP63RVX3,CUST49546516,2026-07-21 21:16:52.670844,37.55,3,Office Supplies,Furniture
TXN22EBBKBPZ9,CUST49546516,2026-07-21 21:16:52.670844,91.28,1,Food & Beverages,Organic Products
TXNK87C0EPJV5,CUST49546516,2026-07-20 21:16:52.670844,78.45,5,Clothing,Accessories
TXNWQGAJHCGSX,CUST49546516,2026-07-20 21:16:52.670844,39.22,1,Automotive,Cleaning Supplies
TXNU2RK0NPV1B,CUST49546516,2026-07-19 21:16:52.670844,116.53,4,Home & Garden,Furniture
TXNXYSLCGQSZK,CUST49546516,2026-07-19 21:16:52.670844,148.27,5,Electronics,Camera
TXNCDHJ4RLOZS,CUST49546516,2026-07-21 21:16:52.670844,79.34,4,Office Supplies,Stationery
TXNG2CYIIIQ7N,CUST49546516,2026-07-20 21:16:52.670844,92.03,1,Clothing,Jacket
TXNM6Y9FCDOKB,CUST40158093,2026-05-14 21:16:52.670844,259.04,5,Health & Beauty,Skincare
TXNFNKJ74QEXU,CUST40158093,2026-05-17 21:16:52.670844,416.66,4,Food & Beverages,Beverages
TXNVXOG7Q4PB2,CUST40158093,2026-06-25 21:16:52.670844,239.46,5,Office Supplies,Furniture
TXN9NWRIKVF2I,CUST40158093,2026-05-01 21:16:52.670844,462.84,3,Toys & Games,Action Figures
TXN69XO17U91F,CUST40158093,2026-05-12 21:16:52.670844,521.21,3,Toys & Games,Board Games
TXNOYU6YHRR8A,CUST40158093,2026-05-02 21:16:52.670844,490.05,4,Home & Garden,Decor
TXNF8FH2GYE9U,CUST40158093,2026-06-10 21:16:52.670844,315.24,4,Electronics,Camera
TXNZX19LD1RQQ,CUST40158093,2026-05-08 21:16:52.670844,514.58,3,Toys & Games,Action Figures
TXNPRYZ1NLKIN,CUST40158093,2026-05-14 21:16:52.670844,395.07,3,Health & Beauty,Skincare
TXN9J8LRJSMZH,CUST40158093,2026-05-29 21:16:52.670844,424.99,1,Health & Beauty,Supplements
TXNUHUOGZMR9F,CUST40158093,2026-06-16 21:16:52.670844,199.92,2,Health & Beauty,Supplements
TXNKYGZH8O7JQ,CUST40158093,2026-05-25 21:16:52.670844,208.02,4,Books,Comics
TXNR3E2LBU7I0,CUST40158093,2026-06-19 21:16:52.670844,225.33,4,Automotive,Tools
TXNLKKNZT5GL5,CUST40158093,2026-06-11 21:16:52.670844,533.87,5,Clothing,Accessories
TXN84PE5NSXMT,CUST40158093,2026-05-02 21:16:52.670844,481.07,1,Clothing,Jacket
TXNNECJ543APZ,CUST40158093,2026-06-13 21:16:52.670844,316.34,5,Clothing,Accessories
TXNN8TVLQQ7HW,CUST40158093,2026-06-22 21:16:52.670844,308.27,3,Office Supplies,Furniture
TXN5VFA048979,CUST40158093,2026-06-10 21:16:52.670844,618.12,1,Home & Garden,Furniture
TXNVGZSEI9DL9,CUST40158093,2026-06-16 21:16:52.670844,607.43,4,Office Supplies,Desk Accessories
TXN2NR3LXVK8A,CUST40158093,2026-05-22 21:16:52.670844,726.24,4,Toys & Games,Puzzles
TXNH8MA5I3PZX,CUST40158093,2026-04-30 21:16:52.670844,482.89,2,Toys & Games,Board Games
TXNKEMHBVCLUE,CUST40158093,2026-05-05 21:16:52.670844,372.13,2,Clothing,Jacket
TXNBB3E84PCSM,CUST40158093,2026-06-03 21:16:52.670844,415.88,3,Office Supplies,Electronics
TXNFUUT4N5Z7L,CUST40158093,2026-06-09 21:16:52.670844,388.74,1,Automotive,Cleaning Supplies
TXNYXNYCDHBJY,CUST40158093,2026-06-15 21:16:52.670844,677.84,2,Health & Beauty,Personal Care
TXNQWHSTM95KA,CUST40158093,2026-06-15 21:16:52.670844,277.85,5,Books,Comics
TXNAUWKSVOX4H,CUST40158093,2026-05-10 21:16:52.670844,681.51,2,Electronics,Tablet
TXNDME914EA77,CUST40158093,2026-05-24 21:16:52.670844,482.85,5,Books,Non-Fiction
TXNOXUV4UG97V,CUST40158093,2026-05-01 21:16:52.670844,532.2,5,Office Supplies,Desk Accessories
TXNTL8BMQTBIE,CUST40158093,2026-06-10 21:16:52.670844,178.61,1,Home & Garden,Tools
TXN7SEZN3AUT0,CUST40158093,2026-05-20 21:16:52.670844,310.66,2,Health & Beauty,Personal Care
TXNWW3UPHE2ST,CUST40158093,2026-06-20 21:16:52.670844,445.72,2,Office Supplies,Stationery
TXNXL7KT7YBON,CUST40158093,2026-06-06 21:16:52.670844,503.66,5,Electronics,Headphones
TXNKWQ9RWQY6J,CUST40158093,2026-05-15 21:16:52.670844,371.72,5,Office Supplies,Furniture
TXNS2ORBIKSXT,CUST40158093,2026-05-05 21:16:52.670844,436.05,5,Toys & Games,Video Games
TXNHQHOR6Y7WJ,CUST40158093,2026-05-06 21:16:52.670844,249.25,3,Sports & Outdoors,Sportswear
TXNR4D13EPKLD,CUST40158093,2026-05-03 21:16:52.670844,493.86,4,Automotive,Cleaning Supplies
TXNZ5MFZRO1DF,CUST40158093,2026-05-04 21:16:52.670844,312.91,5,Sports & Outdoors,Fitness Equipment
TXNIDLYXGRZTY,CUST40158093,2026-05-29 21:16:52.670844,179.75,2,Sports & Outdoors,Sportswear
TXNUT6RS0BO5G,CUST40158093,2026-05-30 21:16:52.670844,13.6,1,Health & Beauty,Makeup
TXN6M03Y5VG8P,CUST40158093,2026-05-02 21:16:52.670844,392.01,2,Books,Comics
TXNRV4ALDY5G9,CUST40158093,2026-05-27 21:16:52.670844,550.62,2,Office Supplies,Stationery
TXNX3NNDYDG2Q,CUST40158093,2026-06-22 21:16:52.670844,262.84,3,Office Supplies,Electronics
TXNDV7B7YHPEJ,CUST40158093,2026-06-02 21:16:52.670844,478.08,5,Office Supplies,Furniture
TXNCD40BNOHDQ,CUST40158093,2026-06-06 21:16:52.670844,493.14,4,Automotive,Car Accessories
TXNECMBUP0WSL,CUST40158093,2026-06-03 21:16:52.670844,357.71,4,Food & Beverages,Beverages
TXNNHSVGPOWTS,CUST59098005,2026-01-16 21:16:52.670844,225.27,2,Office Supplies,Furniture
TXNGXLZIQ1S5X,CUST59098005,2026-03-23 21:16:52.670844,179.78,3,Books,Fiction
TXN29HUKKLYEP,CUST59098005,2026-06-27 21:16:52.670844,222.42,4,Home & Garden,Kitchen Appliances
TXNLQQQASW2ZS,CUST59098005,2026-06-26 21:16:52.670844,193.96,2,Clothing,Dress
TXNV874O3V9BQ,CUST59098005,2026-06-03 21:16:52.670844,270.76,5,Food & Beverages,Snacks
TXNM738W69U4Z,CUST59098005,2026-04-03 21:16:52.670844,170.15,2,Books,Fiction
TXNVJFRJ6A8B8,CUST59098005,2026-04-27 21:16:52.670844,153.26,4,Health & Beauty,Makeup
TXNA90AEEJ71C,CUST59098005,2026-04-24 21:16:52.670844,333.57,3,Clothing,Accessories
TXNG18OKWMNC1,CUST59098005,2026-02-04 21:16:52.670844,168.3,4,Automotive,Parts
TXN46B4BWEIF8,CUST59098005,2026-04-24 21:16:52.670844,244.45,3,Automotive,Tools
TXN1VP8IUBK7E,CUST59098005,2026-04-16 21:16:52.670844,204.64,2,Home & Garden,Bedding
TXNH0EXWBPZUE,CUST59098005,2026-03-27 21:16:52.670844,319.34,2,Home & Garden,Decor
TXN6EXEKHB2XA,CUST59098005,2026-03-03 21:16:52.670844,90.68,2,Clothing,Shoes
TXN57UKXNF379,CUST59098005,2026-04-28 21:16:52.670844,134.68,1,Home & Garden,Decor
TXN98CQ2NWQ6Z,CUST59098005,2026-02-18 21:16:52.670844,156.56,5,Health & Beauty,Supplements
TXN3MJLZAS7R7,CUST59098005,2026-04-27 21:16:52.670844,226.12,2,Sports & Outdoors,Camping Gear
TXNCW0876CNXI,CUST59098005,2026-02-20 21:16:52.670844,280.21,3,Toys & Games,Board Games
TXNCJSPRLZ143,CUST59098005,2026-05-01 21:16:52.670844,234.36,1,Food & Beverages,Beverages
TXNTOMMEO1O8N,CUST59098005,2026-05-27 21:16:52.670844,298.51,3,Sports & Outdoors,Sportswear
TXNCZF1V2L887,CUST59098005,2026-05-05 21:16:52.670844,207.15,1,Food & Beverages,Beverages
TXN9DCAT5TC5V,CUST59098005,2026-03-12 21:16:52.670844,227.75,1,Health & Beauty,Personal Care
TXNJJ4ZMX0RZH,CUST59098005,2026-06-24 21:16:52.670844,278.52,2,Health & Beauty,Supplements
TXNJCJBPJJ7LT,CUST59098005,2026-04-22 21:16:52.670844,183.71,2,Electronics,Tablet
TXN3GIPMRXI1Z,CUST59098005,2026-02-08 21:16:52.670844,232.73,5,Automotive,Cleaning Supplies
TXNET57C400VM,CUST59098005,2026-03-27 21:16:52.670844,241.61,2,Books,Comics
TXN4TRQAHJM4S,CUST59098005,2026-04-28 21:16:52.670844,182.26,5,Health & Beauty,Makeup
TXNW0OF93KPCQ,CUST59098005,2026-03-29 21:16:52.670844,222.94,5,Sports & Outdoors,Sportswear
TXNFCJ9DI9LLC,CUST59098005,2026-03-26 21:16:52.670844,303.11,5,Electronics,Camera
TXNWUB68XMTVT,CUST59098005,2026-05-22 21:16:52.670844,172.76,2,Food & Beverages,Beverages
TXNSCUSCC88IA,CUST59098005,2026-04-10 21:16:52.670844,216.38,3,Office Supplies,Electronics
TXNP1KC1VXJN1,CUST59098005,2026-02-14 21:16:52.670844,171.18,3,Sports & Outdoors,Fitness Equipment
TXNARC47IQBYN,CUST59098005,2026-01-17 21:16:52.670844,245.22,4,Health & Beauty,Skincare
TXN87PH65MX9I,CUST59098005,2026-03-29 21:16:52.670844,181.58,4,Home & Garden,Decor
TXNB7LZZ2H6RZ,CUST59098005,2026-04-02 21:16:52.670844,252.21,1,Clothing,Jeans
TXNWQF2UD89QI,CUST59098005,2026-05-21 21:16:52.670844,153.48,5,Electronics,Laptop
TXNUOA1ENKKWS,CUST59098005,2026-03-02 21:16:52.670844,196.56,3,Office Supplies,Desk Accessories
TXN311Q5TZNZX,CUST59098005,2026-05-13 21:16:52.670844,160.4,2,Clothing,Shoes
TXN3KDZAJUDAN,CUST59098005,2026-01-20 21:16:52.670844,203.53,4,Home & Garden,Kitchen Appliances
TXNESX793ZRKS,CUST59098005,2026-06-06 21:16:52.670844,127.85,2,Toys & Games,Action Figures
TXNW6V38A2T2Y,CUST59098005,2026-03-13 21:16:52.670844,204.96,4,Toys & Games,Puzzles
TXNPCI6GTNNRA,CUST59098005,2026-04-23 21:16:52.670844,157.24,5,Health & Beauty,Supplements
TXN5YB3658DSX,CUST59098005,2026-06-05 21:16:52.670844,128.41,2,Health & Beauty,Skincare
TXN4BUIEUOJ5E,CUST59098005,2026-05-02 21:16:52.670844,323.99,2,Office Supplies,Stationery
TXN7GFVPU5VTM,CUST59098005,2026-05-10 21:16:52.670844,202.33,4,Food & Beverages,Organic Products
TXNJH3XZQJ4ZX,CUST59098005,2026-06-21 21:16:52.670844,145.45,3,Home & Garden,Kitchen Appliances
TXNJ2X9V4NWN3,CUST59098005,2026-06-30 21:16:52.670844,185.28,5,Toys & Games,Action Figures
TXNDYKPFRTS4Q,CUST59098005,2026-07-01 21:16:52.670844,161.05,1,Food & Beverages,Gourmet Food
TXN3D3XRQ435U,CUST09239771,2024-12-23 21:16:52.670844,208.72,3,Clothing,Jacket
TXN3J7FE3ZH49,CUST09239771,2025-03-14 21:16:52.670844,298.73,5,Automotive,Parts
TXNEHQ1WAZATV,CUST09239771,2025-07-30 21:16:52.670844,356.61,4,Home & Garden,Tools
TXNMRXN72YZAW,CUST09239771,2025-03-29 21:16:52.670844,271.2,1,Toys & Games,Action Figures
TXNB7K0E867J2,CUST09239771,2025-08-10 21:16:52.670844,343.46,4,Electronics,Camera
TXN9C781V2PXJ,CUST09239771,2025-03-27 21:16:52.670844,304.95,5,Health & Beauty,Makeup
TXN5KBQI08HQK,CUST09239771,2025-01-09 21:16:52.670844,295.89,1,Sports & Outdoors,Camping Gear
TXN2WAIPSU45Y,CUST09239771,2025-01-22 21:16:52.670844,399.85,1,Office Supplies,Electronics
TXNJUY7162LCQ,CUST09239771,2025-09-15 21:16:52.670844,227.06,1,Electronics,Laptop
TXNSED3RVE72Y,CUST09239771,2025-01-06 21:16:52.670844,119.63,5,Health & Beauty,Skincare
TXNJCU2M4W98W,CUST09239771,2026-05-12 21:16:52.670844,185.44,5,Electronics,Smart Watch
TXNMFP9INVF59,CUST09239771,2025-03-11 21:16:52.670844,350.87,4,Toys & Games,Board Games
TXNH3H1CLDAEI,CUST09239771,2025-02-20 21:16:52.670844,312.57,3,Clothing,T-Shirt
TXNFJQ0KA7JFV,CUST09239771,2025-01-19 21:16:52.670844,231.58,4,Books,Non-Fiction
TXN4WF7C8S8GT,CUST09239771,2026-04-30 21:16:52.670844,233.19,1,Food & Beverages,Organic Products
TXN610V0B6S85,CUST09239771,2024-12-28 21:16:52.670844,399.06,3,Sports & Outdoors,Camping Gear
TXNARD11I68RZ,CUST09239771,2024-11-30 21:16:52.670844,393.06,5,Books,Magazines
TXNFU0SQU5A26,CUST09239771,2024-10-12 21:16:52.670844,164.88,3,Books,Educational
TXN70U9255BGD,CUST09239771,2025-10-12 21:16:52.670844,240.19,3,Books,Non-Fiction
TXNDD0LWQDF5U,CUST09239771,2024-11-24 21:16:52.670844,326.58,4,Home & Garden,Decor
TXNMZI7G9K212,CUST09239771,2026-04-04 21:16:52.670844,319.65,4,Health & Beauty,Supplements
TXNCXUIPO9NZU,CUST09239771,2026-05-10 21:16:52.670844,273.1,1,Sports & Outdoors,Bicycle
TXNMUDW95ILN8,CUST09239771,2026-05-14 21:16:52.670844,284.1,1,Books,Fiction
TXNIXBCGI4SKA,CUST57224270,2026-06-06 21:16:52.670844,249.87,5,Office Supplies,Furniture
TXNTKL7R2T6F2,CUST57224270,2026-06-26 21:16:52.670844,159.16,1,Clothing,Accessories
TXNRAG2Z8H0QT,CUST57224270,2026-03-20 21:16:52.670844,153.81,5,Food & Beverages,Beverages
TXNSLRS8YGY6O,CUST57224270,2026-04-09 21:16:52.670844,40.75,1,Electronics,Smart Watch
TXNNHRJAFO2FH,CUST57224270,2026-01-01 21:16:52.670844,320.76,2,Health & Beauty,Personal Care
TXN1TIMCP3JC8,CUST57224270,2026-02-28 21:16:52.670844,269.49,2,Sports & Outdoors,Bicycle
TXN3HBOMPHIPQ,CUST57224270,2026-04-29 21:16:52.670844,81.71,4,Food & Beverages,Snacks
TXNK2YTNOMBSM,CUST57224270,2025-12-29 21:16:52.670844,290.2,1,Toys & Games,Board Games
TXNND1JC747FU,CUST57224270,2026-07-03 21:16:52.670844,248.86,3,Health & Beauty,Makeup
TXN6J9FMEOS66,CUST57224270,2026-04-11 21:16:52.670844,223.23,1,Toys & Games,Action Figures
TXNVOYE0SK230,CUST57224270,2026-02-24 21:16:52.670844,199.41,4,Health & Beauty,Supplements
TXNWABA699SSL,CUST57224270,2026-06-24 21:16:52.670844,110.75,1,Automotive,Cleaning Supplies
TXNUZO7ZC9BCC,CUST57224270,2026-04-18 21:16:52.670844,241.77,1,Automotive,Parts
TXNUX4F4X36F7,CUST57224270,2026-01-12 21:16:52.670844,130.1,4,Books,Magazines
TXNESRN2ZRBKX,CUST57224270,2026-01-10 21:16:52.670844,121.56,1,Electronics,Laptop
TXNL9I0KYRYPN,CUST57224270,2026-03-08 21:16:52.670844,206.86,4,Office Supplies,Desk Accessories
TXN7IG50SWR5A,CUST57224270,2026-02-19 21:16:52.670844,230.61,3,Automotive,Car Accessories
TXNX9WTV4QUDM,CUST57224270,2026-05-16 21:16:52.670844,194.89,5,Electronics,Headphones
TXNBZK6SMDMEW,CUST57224270,2026-03-25 21:16:52.670844,241.16,1,Clothing,Accessories
TXN91S59Z2IUV,CUST57224270,2026-01-26 21:16:52.670844,237.72,5,Books,Fiction
TXNW5EG19V3EF,CUST57224270,2026-03-05 21:16:52.670844,206.71,4,Sports & Outdoors,Sportswear
TXNF60PIRN93X,CUST57224270,2026-02-28 21:16:52.670844,216.65,1,Toys & Games,Action Figures
TXNTPU9ZYFE45,CUST57224270,2026-03-31 21:16:52.670844,153.18,2,Sports & Outdoors,Fitness Equipment
TXN89WE8HFHE0,CUST57224270,2026-04-09 21:16:52.670844,54.85,4,Home & Garden,Tools
TXNGUGT447UFJ,CUST57224270,2026-03-12 21:16:52.670844,265.57,4,Books,Magazines
TXNJUYDE6C3OY,CUST39506575,2025-11-03 21:16:52.670844,315.85,1,Toys & Games,Video Games
TXN4SIS50UC29,CUST39506575,2025-11-15 21:16:52.670844,275.69,2,Office Supplies,Electronics
TXNMI7ILNU6DT,CUST39506575,2026-06-17 21:16:52.670844,210.81,5,Office Supplies,Stationery
TXNQN2HYWNZYO,CUST39506575,2026-05-19 21:16:52.670844,342.43,2,Books,Educational
TXNY69LF90ZYR,CUST39506575,2026-03-18 21:16:52.670844,237.65,4,Office Supplies,Electronics
TXNWR6CCRQR1C,CUST39506575,2025-09-29 21:16:52.670844,246.38,3,Office Supplies,Stationery
TXNM6M4NUX9B8,CUST39506575,2025-10-09 21:16:52.670844,256.26,1,Electronics,Laptop
TXNZY99O2NTCH,CUST39506575,2026-01-18 21:16:52.670844,362.13,2,Food & Beverages,Snacks
TXN11E2EO4LWM,CUST39506575,2026-01-23 21:16:52.670844,98.68,1,Office Supplies,Furniture
TXNSDKG75H57E,CUST39506575,2025-10-27 21:16:52.670844,280.25,1,Toys & Games,Board Games
TXNF4RAYC0WC8,CUST39506575,2025-11-25 21:16:52.670844,317.54,3,Home & Garden,Furniture
TXNW2JV1HX9IF,CUST39506575,2025-11-16 21:16:52.670844,145.68,1,Sports & Outdoors,Sportswear
TXNY857W3IO7Z,CUST39506575,2025-12-26 21:16:52.670844,244.0,1,Health & Beauty,Makeup
TXNSMIMHFRLK7,CUST39506575,2026-04-06 21:16:52.670844,300.29,4,Clothing,Shoes
TXNEL45L7VUHI,CUST39506575,2026-06-24 21:16:52.670844,217.79,3,Health & Beauty,Skincare
TXN652IEWQNAD,CUST39506575,2025-10-25 21:16:52.670844,189.86,5,Toys & Games,Action Figures
TXN0KTMY4O7GZ,CUST39506575,2025-11-05 21:16:52.670844,121.34,1,Health & Beauty,Supplements
TXNLZGKG164JS,CUST39506575,2025-09-28 21:16:52.670844,295.82,4,Home & Garden,Decor
TXNE2OOS828XO,CUST39506575,2025-10-03 21:16:52.670844,186.74,4,Books,Magazines
TXN8AHEBICTEE,CUST39506575,2026-03-20 21:16:52.670844,177.11,5,Toys & Games,Board Games
TXN4DEK54RZA7,CUST18186655,2026-02-13 21:16:52.670844,304.53,1,Toys & Games,Puzzles
TXNV5K13F4HTC,CUST18186655,2026-04-24 21:16:52.670844,257.35,4,Electronics,Laptop
TXNYWXW18ZX58,CUST18186655,2025-12-31 21:16:52.670844,208.98,5,Automotive,Car Accessories
TXNITEZA6AZVL,CUST18186655,2026-04-04 21:16:52.670844,229.07,4,Automotive,Parts
TXN75U7OD6BX1,CUST18186655,2026-03-22 21:16:52.670844,135.24,5,Automotive,Parts
TXNMYHE1WMV9K,CUST18186655,2026-01-09 21:16:52.670844,213.59,2,Electronics,Smartphone
TXN123RJBR3RG,CUST18186655,2026-04-10 21:16:52.670844,301.64,2,Health & Beauty,Supplements
TXNIU6NJYOCCX,CUST18186655,2026-05-12 21:16:52.670844,199.29,3,Office Supplies,Furniture
TXNPENG5G4GN5,CUST18186655,2026-04-15 21:16:52.670844,248.55,4,Toys & Games,Board Games
TXNB0OGTHPS1T,CUST18186655,2026-01-06 21:16:52.670844,113.52,1,Health & Beauty,Personal Care
TXNMSWU5YYBMD,CUST18186655,2026-01-27 21:16:52.670844,179.24,5,Food & Beverages,Beverages
TXNFPBM967NQX,CUST18186655,2026-06-17 21:16:52.670844,218.86,1,Home & Garden,Bedding
TXNHUXDGCPOHQ,CUST00577087,2026-06-09 21:16:52.670844,103.96,4,Food & Beverages,Organic Products
TXNC5LR8IISME,CUST00577087,2026-06-13 21:16:52.670844,104.0,3,Books,Non-Fiction
TXN63NIMPE57R,CUST00577087,2026-06-15 21:16:52.670844,112.57,3,Health & Beauty,Personal Care
TXNOP3448Y88G,CUST00577087,2026-06-12 21:16:52.670844,133.38,2,Health & Beauty,Skincare
TXNJG1LLJFPRS,CUST00577087,2026-06-11 21:16:52.670844,163.39,5,Automotive,Parts
TXNQY7WXYD2EC,CUST00577087,2026-06-14 21:16:52.670844,84.4,4,Clothing,Jacket
TXNTVBWHRVA3V,CUST00577087,2026-06-13 21:16:52.670844,84.09,2,Health & Beauty,Makeup
TXNOR4EQCIWAK,CUST00577087,2026-06-14 21:16:52.670844,59.82,5,Health & Beauty,Supplements
TXN50RD81LLZW,CUST00577087,2026-06-09 21:16:52.670844,132.86,5,Food & Beverages,Snacks
TXNG31DDLU7LC,CUST00577087,2026-06-15 21:16:52.670844,68.22,3,Sports & Outdoors,Fitness Equipment
TXNUY8PX2DJCR,CUST00577087,2026-06-09 21:16:52.670844,94.23,3,Home & Garden,Furniture
TXNJSIC75YLWV,CUST00577087,2026-06-10 21:16:52.670844,130.02,1,Health & Beauty,Skincare
TXN8JMP366ZVH,CUST00577087,2026-06-10 21:16:52.670844,143.34,2,Health & Beauty,Personal Care
TXN5WQ80AL4FA,CUST00577087,2026-06-14 21:16:52.670844,86.69,1,Office Supplies,Furniture
TXNHHAHG7PV7H,CUST00577087,2026-06-15 21:16:52.670844,85.23,2,Books,Non-Fiction
TXNIRTRXVDG5R,CUST00577087,2026-06-14 21:16:52.670844,83.04,1,Clothing,Accessories
TXNGWVD11U2C1,CUST00577087,2026-06-12 21:16:52.670844,106.35,4,Automotive,Tools
TXNFO99HJDJ7S,CUST95797283,2026-03-04 21:16:52.670844,394.01,2,Toys & Games,Board Games
TXNG9D9IYPCWV,CUST95797283,2026-01-05 21:16:52.670844,497.98,5,Clothing,Jacket
TXNBFYW2MVFJA,CUST95797283,2026-03-04 21:16:52.670844,496.47,3,Office Supplies,Desk Accessories
TXNV44F3MI1KG,CUST95797283,2026-06-04 21:16:52.670844,419.06,1,Sports & Outdoors,Bicycle
TXNPPBPPEH5EF,CUST95797283,2026-07-05 21:16:52.670844,301.7,1,Office Supplies,Furniture
TXNC94CSTZUHR,CUST95797283,2025-11-24 21:16:52.670844,415.07,4,Office Supplies,Furniture
TXN9LMW3A7ZER,CUST95797283,2026-03-03 21:16:52.670844,375.05,5,Clothing,T-Shirt
TXNPNJAXGWVWN,CUST95797283,2026-02-24 21:16:52.670844,415.42,3,Food & Beverages,Gourmet Food
TXNV4W0MFGEW7,CUST95797283,2026-01-27 21:16:52.670844,490.79,4,Office Supplies,Furniture
TXN0LEH8J88ZA,CUST95797283,2026-02-07 21:16:52.670844,271.95,5,Food & Beverages,Snacks
TXN63X98R2AUN,CUST95797283,2026-01-29 21:16:52.670844,473.2,2,Books,Educational
TXN9N9CRPDIBZ,CUST95797283,2026-03-26 21:16:52.670844,499.72,1,Home & Garden,Bedding
TXNK78BAB5ABD,CUST95797283,2026-03-21 21:16:52.670844,551.52,2,Office Supplies,Furniture
TXNUL0K3XFUK8,CUST95797283,2025-11-17 21:16:52.670844,350.93,3,Health & Beauty,Personal Care
TXNSAOFZ0WP20,CUST95797283,2026-02-22 21:16:52.670844,586.48,3,Health & Beauty,Skincare
TXNEBODST25BJ,CUST95797283,2026-03-26 21:16:52.670844,660.69,4,Toys & Games,Puzzles
TXNGLS9PSET2L,CUST95797283,2026-05-06 21:16:52.670844,295.25,1,Health & Beauty,Skincare
TXN44GMHFGSIO,CUST95797283,2026-04-10 21:16:52.670844,646.66,5,Automotive,Tools
TXN5NREDI6NYI,CUST95797283,2025-12-19 21:16:52.670844,466.37,5,Automotive,Tools
TXNQIMRPQOX78,CUST95797283,2025-12-13 21:16:52.670844,400.73,3,Electronics,Smartphone
TXNC4LJL3A2Y7,CUST95797283,2025-12-04 21:16:52.670844,315.55,3,Home & Garden,Furniture
TXNRHRL8FTICX,CUST95797283,2025-12-14 21:16:52.670844,424.37,1,Home & Garden,Furniture
TXNY9N2YW28KY,CUST95797283,2025-12-07 21:16:52.670844,350.61,5,Health & Beauty,Skincare
TXN3WH7WKJ2XV,CUST95797283,2026-02-12 21:16:52.670844,194.61,4,Health & Beauty,Makeup
TXNICRS6NYD86,CUST95797283,2026-05-22 21:16:52.670844,289.43,3,Health & Beauty,Skincare
TXNQGGSUTCQJ0,CUST95797283,2025-12-25 21:16:52.670844,421.32,1,Health & Beauty,Personal Care
TXN80U6FDESZ1,CUST95797283,2026-02-26 21:16:52.670844,310.91,3,Automotive,Car Accessories
TXNNIIBQ6BFE1,CUST95797283,2026-04-21 21:16:52.670844,541.66,1,Toys & Games,Action Figures
TXNHE2ZBZQ8JK,CUST95797283,2026-01-01 21:16:52.670844,396.99,2,Office Supplies,Desk Accessories
TXN7H685NWO15,CUST95797283,2026-04-04 21:16:52.670844,394.35,4,Books,Magazines
TXN652RJK4AM0,CUST95797283,2026-04-12 21:16:52.670844,517.03,3,Health & Beauty,Skincare
TXN5JA45S3WHQ,CUST95797283,2025-12-28 21:16:52.670844,351.24,5,Sports & Outdoors,Bicycle
TXNLPSLBL2IZQ,CUST95797283,2026-03-20 21:16:52.670844,387.7,3,Health & Beauty,Skincare
TXNKUN9DCOYNW,CUST95797283,2026-03-26 21:16:52.670844,383.88,3,Books,Educational
TXNGSTH6NUMIJ,CUST95797283,2025-12-05 21:16:52.670844,427.46,4,Clothing,Jeans
TXNRXES9MNXG8,CUST95797283,2026-05-25 21:16:52.670844,450.49,5,Health & Beauty,Personal Care
TXNI189UPO02A,CUST95797283,2026-06-13 21:16:52.670844,176.77,4,Books,Fiction
TXNNEAZR9Y8YA,CUST95797283,2026-07-03 21:16:52.670844,524.21,3,Home & Garden,Bedding
TXN0682MA40YU,CUST95797283,2025-11-13 21:16:52.670844,404.95,2,Food & Beverages,Beverages
TXNE3H9FI75BL,CUST95797283,2026-05-26 21:16:52.670844,306.45,3,Clothing,Accessories
TXNXU0MPLQBKA,CUST95797283,2026-02-27 21:16:52.670844,414.29,4,Health & Beauty,Personal Care
TXNWY3UF8Q3TZ,CUST95797283,2026-01-07 21:16:52.670844,478.2,3,Sports & Outdoors,Fitness Equipment
TXN88BJWU90FV,CUST95797283,2026-03-10 21:16:52.670844,554.46,1,Toys & Games,Puzzles
TXN6H70N44DBN,CUST95797283,2026-02-15 21:16:52.670844,415.33,3,Electronics,Headphones
TXN31IU7TTZQ3,CUST95797283,2025-12-01 21:16:52.670844,471.21,5,Clothing,Dress
TXNU8C4QJYXDQ,CUST95797283,2026-03-07 21:16:52.670844,413.68,1,Electronics,Headphones
TXNCPDUOMO65P,CUST95797283,2025-12-21 21:16:52.670844,752.54,2,Home & Garden,Furniture
TXNI99TNSFXWG,CUST95797283,2026-04-30 21:16:52.670844,322.73,3,Clothing,T-Shirt
TXNT0X2HZHPIH,CUST95797283,2026-06-18 21:16:52.670844,194.37,2,Sports & Outdoors,Sportswear
TXN497X791ZU0,CUST97886798,2025-06-16 21:16:52.670844,249.21,4,Home & Garden,Bedding
TXNNDFU3DOPO8,CUST97886798,2025-02-26 21:16:52.670844,204.95,4,Health & Beauty,Personal Care
TXNMS7A5KBHG1,CUST97886798,2026-04-10 21:16:52.670844,265.2,5,Food & Beverages,Beverages
TXNHA0AZ6P3P6,CUST97886798,2025-10-17 21:16:52.670844,237.68,5,Books,Magazines
TXN9RBR7QXFQ2,CUST97886798,2025-01-22 21:16:52.670844,139.71,5,Home & Garden,Bedding
TXNGS3QBC84GK,CUST97886798,2025-01-28 21:16:52.670844,189.87,2,Food & Beverages,Snacks
TXNG938G02XOG,CUST97886798,2024-09-16 21:16:52.670844,279.78,2,Books,Magazines
TXNB5DU0MX5XO,CUST97886798,2025-01-02 21:16:52.670844,265.24,5,Office Supplies,Stationery
TXNRS43M7AKQD,CUST97886798,2025-04-29 21:16:52.670844,139.6,5,Clothing,Jacket
TXNMS31BHMBGF,CUST97886798,2024-11-08 21:16:52.670844,308.09,4,Toys & Games,Action Figures
TXNHQ8A5DDDBB,CUST97886798,2025-08-24 21:16:52.670844,230.09,4,Automotive,Cleaning Supplies
TXNRY83X7B0QK,CUST97886798,2025-02-23 21:16:52.670844,227.51,4,Automotive,Cleaning Supplies
TXNXRGU9NWYD2,CUST97886798,2024-09-11 21:16:52.670844,222.55,4,Books,Magazines
TXNT5FAM0UUQW,CUST97886798,2026-04-13 21:16:52.670844,344.33,2,Toys & Games,Action Figures
TXNIEASFLENWE,CUST97886798,2024-10-10 21:16:52.670844,297.22,3,Books,Non-Fiction
TXN3PYMEHP3HF,CUST21452692,2026-06-02 21:16:52.670844,164.04,3,Food & Beverages,Snacks
TXN7EFBK3XL8Q,CUST21452692,2025-05-10 21:16:52.670844,216.63,5,Books,Non-Fiction
TXN3321FR84E7,CUST21452692,2026-06-02 21:16:52.670844,172.26,2,Sports & Outdoors,Bicycle
TXNIE7C98LQ78,CUST21452692,2025-11-25 21:16:52.670844,223.15,2,Health & Beauty,Skincare
TXNP08G69DC2J,CUST80700914,2026-05-27 21:16:52.670844,67.92,4,Home & Garden,Furniture
TXNE152S1B075,CUST80700914,2026-06-04 21:16:52.670844,66.71,1,Food & Beverages,Beverages
TXN2PYRJ3TGI0,CUST80700914,2026-06-15 21:16:52.670844,50.61,3,Sports & Outdoors,Camping Gear
TXNSLJGGSSLCO,CUST10659534,2026-02-27 21:16:52.670844,185.39,4,Food & Beverages,Beverages
TXNYIIC6W7233,CUST10659534,2025-08-12 21:16:52.670844,87.16,1,Books,Non-Fiction
TXNRB8MIO8NKK,CUST10659534,2025-08-18 21:16:52.670844,76.63,4,Food & Beverages,Organic Products
TXN2H77XJKH3D,CUST10659534,2025-11-22 21:16:52.670844,101.09,3,Electronics,Headphones
TXNXXHAJ1K0SX,CUST10659534,2026-03-08 21:16:52.670844,183.87,3,Food & Beverages,Gourmet Food
TXNQDJMCPWX2U,CUST10659534,2025-10-15 21:16:52.670844,120.11,4,Home & Garden,Decor
TXNFPGIJW63TP,CUST10659534,2026-02-28 21:16:52.670844,190.26,5,Office Supplies,Furniture
TXN685LLWEDWC,CUST10659534,2026-05-20 21:16:52.670844,146.73,4,Food & Beverages,Snacks
TXNPJRD14G6CA,CUST10659534,2026-03-22 21:16:52.670844,88.65,2,Health & Beauty,Supplements
TXNH3BU2MEHMT,CUST10659534,2025-09-13 21:16:52.670844,62.67,2,Books,Magazines
TXNHNQ4E1C5A4,CUST10659534,2026-01-16 21:16:52.670844,130.23,5,Home & Garden,Furniture
TXNCUFE5CEY1I,CUST10659534,2025-10-01 21:16:52.670844,140.29,4,Automotive,Parts
TXNAOKEYQE4FD,CUST10659534,2026-02-21 21:16:52.670844,134.29,2,Office Supplies,Desk Accessories
TXNV3ZNTK45T0,CUST10659534,2026-02-20 21:16:52.670844,100.61,1,Health & Beauty,Personal Care
TXNR4Z1G2YMBQ,CUST10659534,2025-10-05 21:16:52.670844,125.87,4,Food & Beverages,Organic Products
TXNKWI4RK63VP,CUST10659534,2026-03-13 21:16:52.670844,126.27,2,Electronics,Tablet
TXNDVDM5N7C7H,CUST10659534,2025-11-28 21:16:52.670844,87.08,1,Health & Beauty,Skincare
TXNEGZ6YSUDX4,CUST21459569,2026-04-22 21:16:52.670844,118.6,5,Clothing,Accessories
TXN54DQNB0DV8,CUST21459569,2026-04-14 21:16:52.670844,85.58,1,Clothing,Dress
TXN8E8CXQUW5N,CUST21459569,2026-06-06 21:16:52.670844,108.37,2,Clothing,Shoes
TXNWVF0CGSFQ5,CUST21459569,2026-05-19 21:16:52.670844,103.63,5,Toys & Games,Board Games
TXN8XOMNUUQ1Y,CUST21459569,2026-03-30 21:16:52.670844,61.13,4,Electronics,Smartphone
TXN0M7CWLRK6F,CUST21459569,2026-05-17 21:16:52.670844,84.5,2,Office Supplies,Furniture
TXN1F2BYMHJV7,CUST21459569,2026-04-20 21:16:52.670844,35.76,3,Clothing,Accessories
TXNBTV7B5ZH57,CUST21459569,2026-05-13 21:16:52.670844,117.23,1,Health & Beauty,Personal Care
TXNKKE7R4W2VX,CUST21459569,2026-06-16 21:16:52.670844,88.15,4,Books,Non-Fiction
TXN6M8HGD6IPU,CUST21459569,2026-04-23 21:16:52.670844,101.92,3,Sports & Outdoors,Fitness Equipment
TXNM9C9DZ0VE6,CUST38820235,2026-06-07 21:16:52.670844,436.06,1,Home & Garden,Kitchen Appliances
TXN6IV1CLV1H7,CUST38820235,2026-06-15 21:16:52.670844,323.16,1,Health & Beauty,Supplements
TXNT1GJNGFPZY,CUST38820235,2026-06-03 21:16:52.670844,237.42,3,Food & Beverages,Beverages
TXNOARDHVI7A8,CUST38820235,2026-05-27 21:16:52.670844,353.98,3,Home & Garden,Decor
TXNZ828HKXK5C,CUST38820235,2026-07-02 21:16:52.670844,186.13,4,Sports & Outdoors,Fitness Equipment
TXNHNVJNSHE7K,CUST38820235,2026-06-30 21:16:52.670844,315.79,3,Automotive,Cleaning Supplies
TXNMF1M3Q5TH1,CUST38820235,2026-06-02 21:16:52.670844,491.31,2,Food & Beverages,Gourmet Food
TXN1C9QFLZICZ,CUST38820235,2026-05-26 21:16:52.670844,296.79,1,Office Supplies,Desk Accessories
TXNGNCLPM3GLR,CUST38820235,2026-06-23 21:16:52.670844,449.81,3,Home & Garden,Decor
TXN0CAP15W39J,CUST38820235,2026-05-29 21:16:52.670844,421.79,4,Clothing,Shoes
TXN4N930KIUBN,CUST38820235,2026-05-24 21:16:52.670844,343.66,2,Toys & Games,Video Games
TXNBY8YHBNJQ5,CUST38820235,2026-06-07 21:16:52.670844,410.79,2,Health & Beauty,Skincare
TXNROHXOD1K3F,CUST38820235,2026-06-13 21:16:52.670844,461.15,4,Health & Beauty,Skincare
TXN0N3LREGMI7,CUST38820235,2026-07-04 21:16:52.670844,462.25,4,Food & Beverages,Organic Products
TXNEJUYWTHPMH,CUST38820235,2026-06-26 21:16:52.670844,324.02,2,Food & Beverages,Organic Products
TXNS15Z2CWQVY,CUST38820235,2026-06-14 21:16:52.670844,247.48,5,Home & Garden,Kitchen Appliances
TXN0TGXBR7CEM,CUST38820235,2026-06-23 21:16:52.670844,272.2,1,Health & Beauty,Makeup
TXN5IYX6GBGGW,CUST38820235,2026-06-10 21:16:52.670844,221.51,1,Automotive,Parts
TXNQH8F161UPA,CUST38820235,2026-06-01 21:16:52.670844,434.09,5,Books,Comics
TXNUV9X442MFX,CUST38820235,2026-07-02 21:16:52.670844,350.46,4,Office Supplies,Electronics
TXN85Y1BK91RT,CUST38820235,2026-06-10 21:16:52.670844,360.95,1,Home & Garden,Kitchen Appliances
TXN9PLTS6I2A6,CUST38820235,2026-06-10 21:16:52.670844,291.92,1,Office Supplies,Electronics
TXNJBJVCWRLTK,CUST38820235,2026-06-24 21:16:52.670844,402.01,4,Toys & Games,Puzzles
TXN8J9KWJIVPT,CUST38820235,2026-07-04 21:16:52.670844,377.06,5,Toys & Games,Board Games
TXNVYAY9L43XM,CUST38820235,2026-06-02 21:16:52.670844,328.73,1,Food & Beverages,Snacks
TXNRWEDSU3TSY,CUST81321785,2025-01-04 21:16:52.670844,116.39,5,Health & Beauty,Personal Care
TXNOU7P811QZO,CUST81321785,2024-10-20 21:16:52.670844,246.98,2,Clothing,Jeans
TXNVLYBTF992R,CUST81321785,2026-04-23 21:16:52.670844,183.62,5,Sports & Outdoors,Sportswear
TXNIVUHTJTA1H,CUST81321785,2026-01-02 21:16:52.670844,202.04,2,Electronics,Headphones
TXNODKI165601,CUST87296416,2026-04-08 21:16:52.670844,243.96,4,Toys & Games,Action Figures
TXNYOJ6W89DG4,CUST87296416,2026-01-24 21:16:52.670844,330.14,5,Home & Garden,Bedding
TXNBO6K0P6NQO,CUST87296416,2024-12-22 21:16:52.670844,240.43,2,Home & Garden,Furniture
TXNLZNYDVLVOR,CUST87296416,2025-07-31 21:16:52.670844,249.63,2,Office Supplies,Desk Accessories
TXNEPQE09F8VS,CUST87296416,2025-02-15 21:16:52.670844,281.59,3,Home & Garden,Furniture
TXNZ894CM4ATL,CUST87296416,2025-07-07 21:16:52.670844,232.25,5,Books,Comics
TXN75AQCLFBYW,CUST87296416,2025-07-12 21:16:52.670844,249.4,3,Automotive,Parts
TXNH21Q39CTCP,CUST87296416,2025-04-03 21:16:52.670844,302.64,2,Food & Beverages,Gourmet Food
TXNPGUZOWZT9G,CUST87296416,2025-07-01 21:16:52.670844,223.05,3,Automotive,Car Accessories
TXN5TG5LJ01UY,CUST87296416,2024-08-19 21:16:52.670844,300.39,5,Toys & Games,Board Games
TXN8DN07O2539,CUST87296416,2025-10-11 21:16:52.670844,342.77,3,Clothing,Shoes
TXNUN7KEFN8DK,CUST87296416,2024-11-09 21:16:52.670844,275.03,2,Health & Beauty,Skincare
TXNCI1JX5XYW2,CUST87296416,2026-04-02 21:16:52.670844,206.12,1,Sports & Outdoors,Sportswear
TXNO6CNPEKMM1,CUST87296416,2025-03-24 21:16:52.670844,173.01,3,Food & Beverages,Snacks
TXN446FW60B9C,CUST87296416,2025-10-05 21:16:52.670844,277.04,1,Clothing,Shoes
TXNRA2J6D2IGU,CUST87296416,2026-04-25 21:16:52.670844,200.97,4,Clothing,Accessories
TXN6T66V4QPJH,CUST87296416,2026-04-30 21:16:52.670844,173.65,4,Toys & Games,Board Games
TXN43K47UUIAL,CUST87296416,2025-11-25 21:16:52.670844,342.85,1,Office Supplies,Desk Accessories
TXN4BBGI2ZOMJ,CUST87296416,2026-03-20 21:16:52.670844,255.42,2,Books,Magazines
TXN6FYSICFE7M,CUST87296416,2025-05-15 21:16:52.670844,307.53,4,Electronics,Headphones
TXN87QC671B3T,CUST87296416,2025-10-06 21:16:52.670844,214.85,3,Office Supplies,Furniture
TXN38OGQMQ18E,CUST87296416,2026-06-21 21:16:52.670844,145.65,3,Toys & Games,Video Games
TXNUT3DKSQQZ8,CUST87296416,2025-01-06 21:16:52.670844,144.86,4,Toys & Games,Puzzles
TXNGVMMAE5ST6,CUST87296416,2026-06-14 21:16:52.670844,341.55,1,Health & Beauty,Makeup
TXNR7G1Q3A3K4,CUST03672609,2026-04-27 21:16:52.670844,131.72,4,Toys & Games,Action Figures
TXNZVRV4QT8C4,CUST03672609,2026-04-18 21:16:52.670844,80.8,1,Books,Magazines
TXNQI09B01D3F,CUST03672609,2026-05-01 21:16:52.670844,229.6,1,Books,Educational
TXN94JH1N6LE3,CUST03672609,2026-04-21 21:16:52.670844,197.95,3,Office Supplies,Stationery
TXNZGQ0YXYINN,CUST03672609,2026-04-20 21:16:52.670844,150.39,2,Home & Garden,Tools
TXN4P8GAIMZVH,CUST03672609,2026-05-06 21:16:52.670844,109.97,3,Health & Beauty,Skincare
TXNO317SUJSQX,CUST03672609,2026-05-21 21:16:52.670844,129.23,1,Office Supplies,Electronics
TXNEL1BK18LBY,CUST03672609,2026-05-18 21:16:52.670844,202.53,5,Sports & Outdoors,Bicycle
TXN6HV5ON6WUB,CUST03672609,2026-05-18 21:16:52.670844,200.8,4,Electronics,Headphones
TXNC5PG1XUWWJ,CUST03672609,2026-04-23 21:16:52.670844,81.07,4,Electronics,Smart Watch
TXN762S9P7EQU,CUST03672609,2026-05-27 21:16:52.670844,162.19,1,Health & Beauty,Personal Care
TXNW850H6SMGR,CUST03672609,2026-05-04 21:16:52.670844,190.38,1,Sports & Outdoors,Fitness Equipment
TXNMUDE6L3UBF,CUST03672609,2026-05-12 21:16:52.670844,166.92,2,Health & Beauty,Supplements
TXNJX1R66NU4V,CUST03672609,2026-05-14 21:16:52.670844,128.64,1,Sports & Outdoors,Camping Gear
TXN5WI5AN6XZ0,CUST03672609,2026-05-06 21:16:52.670844,200.14,5,Books,Comics
TXNZTN25JBYB9,CUST03672609,2026-04-22 21:16:52.670844,115.16,4,Home & Garden,Furniture
TXNRU65DZ56O7,CUST03672609,2026-05-05 21:16:52.670844,70.04,3,Sports & Outdoors,Camping Gear
TXNINKFNN9MZS,CUST03672609,2026-04-20 21:16:52.670844,113.65,1,Health & Beauty,Supplements
TXN9SRVGSD9UG,CUST03672609,2026-04-27 21:16:52.670844,141.34,1,Toys & Games,Puzzles
TXNV2SBJ3OFS5,CUST03672609,2026-04-22 21:16:52.670844,146.39,3,Office Supplies,Furniture
TXNKFCJ3EC2UO,CUST81679972,2024-10-08 21:16:52.670844,72.49,1,Electronics,Camera
TXNS3DQMP94SH,CUST81679972,2024-11-08 21:16:52.670844,108.49,1,Toys & Games,Action Figures
TXNOC74X5CWUK,CUST81679972,2024-10-11 21:16:52.670844,123.54,5,Office Supplies,Furniture
TXN2KUXRKQYNL,CUST60084814,2026-03-01 21:16:52.670844,657.22,2,Office Supplies,Stationery
TXNK8KGRM81TJ,CUST60084814,2026-01-15 21:16:52.670844,431.34,2,Home & Garden,Decor
TXNB8INP5EMHR,CUST60084814,2026-02-27 21:16:52.670844,375.23,4,Home & Garden,Decor
TXN0LIGXWX76K,CUST60084814,2026-01-19 21:16:52.670844,511.75,2,Food & Beverages,Organic Products
TXNEK20HC63BX,CUST60084814,2026-04-17 21:16:52.670844,539.48,2,Electronics,Smart Watch
TXNB1ZISXXI2Y,CUST60084814,2026-01-22 21:16:52.670844,232.46,3,Sports & Outdoors,Fitness Equipment
TXN4003L8EQP1,CUST60084814,2026-02-22 21:16:52.670844,482.3,4,Home & Garden,Furniture
TXN6A4U4NSBML,CUST60084814,2026-05-31 21:16:52.670844,546.14,2,Clothing,T-Shirt
TXNV8TO1G7UP9,CUST60084814,2026-06-15 21:16:52.670844,478.69,1,Office Supplies,Electronics
TXN2KAAU0LUYY,CUST60084814,2026-03-29 21:16:52.670844,562.16,3,Books,Fiction
TXN1WO3ME8DJL,CUST60084814,2026-04-17 21:16:52.670844,580.16,3,Office Supplies,Desk Accessories
TXNU4DZD9X53X,CUST60084814,2026-02-17 21:16:52.670844,456.46,2,Books,Fiction
TXNN49JEFV17P,CUST60084814,2026-01-22 21:16:52.670844,444.7,3,Food & Beverages,Gourmet Food
TXNXJ7ZHSNU7J,CUST60084814,2026-01-23 21:16:52.670844,666.19,3,Books,Magazines
TXNUDMTPRVOIM,CUST60084814,2026-06-02 21:16:52.670844,645.78,5,Toys & Games,Board Games
TXNUCNF9BJJX2,CUST60084814,2026-06-17 21:16:52.670844,470.42,4,Office Supplies,Stationery
TXN8KDH19WCRS,CUST60084814,2026-05-18 21:16:52.670844,675.73,5,Sports & Outdoors,Camping Gear
TXNMI45C4MNB5,CUST60084814,2026-02-28 21:16:52.670844,186.79,2,Home & Garden,Bedding
TXNB06BEO1J98,CUST60084814,2026-02-09 21:16:52.670844,583.49,1,Health & Beauty,Personal Care
TXNCPK428LVBQ,CUST60084814,2026-05-14 21:16:52.670844,701.53,1,Electronics,Laptop
TXNEPWOJZM18Y,CUST60084814,2026-04-05 21:16:52.670844,388.34,4,Sports & Outdoors,Camping Gear
TXNZBKFIVMI37,CUST60084814,2026-05-15 21:16:52.670844,295.9,5,Office Supplies,Furniture
TXN95944M74AT,CUST60084814,2026-03-02 21:16:52.670844,399.62,1,Electronics,Smart Watch
TXNFLCW9OI366,CUST60084814,2026-01-14 21:16:52.670844,624.65,2,Food & Beverages,Organic Products
TXN902S5I11L1,CUST60084814,2026-02-20 21:16:52.670844,481.49,1,Electronics,Smartphone
TXNZFBLSZRDZ8,CUST60084814,2026-03-12 21:16:52.670844,598.8,4,Health & Beauty,Supplements
TXN00PBGNMSLN,CUST60084814,2026-02-23 21:16:52.670844,566.99,3,Office Supplies,Desk Accessories
TXNJQDO1NJKZT,CUST60084814,2026-01-14 21:16:52.670844,516.33,1,Books,Comics
TXN3XWUMFQ0XC,CUST60084814,2026-03-01 21:16:52.670844,422.79,3,Office Supplies,Furniture
TXNF398LKP3GQ,CUST60084814,2026-04-08 21:16:52.670844,440.48,4,Office Supplies,Furniture
TXN6TIGFVVFH8,CUST60084814,2026-05-13 21:16:52.670844,492.21,5,Office Supplies,Furniture
TXNAU1TAGC216,CUST60084814,2026-03-10 21:16:52.670844,600.12,2,Automotive,Cleaning Supplies
TXN1G9LADK6IT,CUST60084814,2026-04-10 21:16:52.670844,252.17,4,Home & Garden,Bedding
TXNWHY40L4T9P,CUST60084814,2026-04-25 21:16:52.670844,561.96,1,Sports & Outdoors,Camping Gear
TXNMHUN1OQMI1,CUST60084814,2026-02-28 21:16:52.670844,565.84,2,Clothing,Jeans
TXNBQA62KY3IO,CUST11676844,2026-05-13 21:16:52.670844,174.74,5,Electronics,Camera
TXNSSOLEESAXI,CUST11676844,2026-05-14 21:16:52.670844,357.13,4,Clothing,Jacket
TXNX46PL73HYM,CUST11676844,2026-05-20 21:16:52.670844,259.72,1,Toys & Games,Board Games
TXNYTGKOJAROD,CUST11676844,2026-05-24 21:16:52.670844,258.13,5,Toys & Games,Puzzles
TXNB690FDJ00Z,CUST11676844,2026-05-12 21:16:52.670844,300.53,1,Health & Beauty,Makeup
TXND8NAL62A6L,CUST11676844,2026-05-11 21:16:52.670844,134.44,4,Food & Beverages,Gourmet Food
TXN6WUDJ313Z4,CUST11676844,2026-05-20 21:16:52.670844,269.94,3,Food & Beverages,Snacks
TXNRRQFRVG5L7,CUST11676844,2026-05-27 21:16:52.670844,382.6,5,Sports & Outdoors,Bicycle
TXN8CKU24X7PU,CUST11676844,2026-05-26 21:16:52.670844,231.01,4,Books,Comics
TXN1VYV0RI8UE,CUST11676844,2026-05-04 21:16:52.670844,428.45,2,Sports & Outdoors,Fitness Equipment
TXNO64BSK67LB,CUST11676844,2026-05-28 21:16:52.670844,262.6,5,Office Supplies,Electronics
TXNXDZ7TNUQPF,CUST11676844,2026-05-28 21:16:52.670844,111.62,4,Automotive,Car Accessories
TXNVR8T4B29KZ,CUST11676844,2026-05-15 21:16:52.670844,403.43,1,Clothing,Shoes
TXNERTNILOB56,CUST11676844,2026-05-08 21:16:52.670844,283.54,4,Health & Beauty,Skincare
TXNRTAYC2YDMJ,CUST11676844,2026-05-22 21:16:52.670844,217.57,5,Books,Fiction
TXNRAGB358E1R,CUST27686100,2026-07-11 21:16:52.670844,90.93,4,Sports & Outdoors,Camping Gear
TXNMW7817QS2P,CUST27686100,2026-06-18 21:16:52.670844,32.48,1,Books,Magazines
TXNZAVO02FKK1,CUST27686100,2026-06-24 21:16:52.670844,55.94,4,Food & Beverages,Gourmet Food
TXNLIAAAF4J10,CUST27686100,2026-06-09 21:16:52.670844,65.07,2,Toys & Games,Video Games
TXNFQE99A0Z4L,CUST27686100,2026-07-05 21:16:52.670844,29.67,1,Office Supplies,Desk Accessories
TXN1ZWVN5J606,CUST27686100,2026-06-10 21:16:52.670844,36.59,3,Sports & Outdoors,Camping Gear
TXN8JOYPXYZA1,CUST27686100,2026-06-09 21:16:52.670844,79.9,4,Automotive,Car Accessories
TXNAVTVK3NM1B,CUST27686100,2026-07-01 21:16:52.670844,52.49,5,Toys & Games,Video Games
TXNJ0H5RG2R1G,CUST27686100,2026-06-08 21:16:52.670844,21.34,5,Books,Fiction
TXNB81KOH9HXB,CUST27686100,2026-07-10 21:16:52.670844,79.6,2,Toys & Games,Puzzles
TXN1P3QQOO33S,CUST27686100,2026-06-07 21:16:52.670844,52.02,4,Sports & Outdoors,Sportswear
TXNB6SRJAX170,CUST27686100,2026-06-04 21:16:52.670844,39.95,4,Health & Beauty,Supplements
TXNZ7J4A8RWLJ,CUST27686100,2026-06-15 21:16:52.670844,83.33,4,Home & Garden,Bedding
TXNJJ3M1DI2A9,CUST27686100,2026-06-10 21:16:52.670844,92.94,1,Office Supplies,Desk Accessories
TXNGNBO2FTEQL,CUST27686100,2026-07-03 21:16:52.670844,55.63,2,Clothing,Shoes
TXNNZF0J9XIRG,CUST27686100,2026-07-03 21:16:52.670844,84.59,1,Toys & Games,Board Games
TXNRAP9E88KAB,CUST27686100,2026-07-03 21:16:52.670844,74.02,5,Toys & Games,Puzzles
TXNT1UTWO7MZG,CUST27686100,2026-06-19 21:16:52.670844,67.35,1,Toys & Games,Video Games
TXNNAGG3JIB2W,CUST27686100,2026-06-18 21:16:52.670844,28.78,4,Clothing,Jeans
TXNOBF3WLBBP1,CUST27686100,2026-06-09 21:16:52.670844,81.69,4,Health & Beauty,Skincare
TXN1QJ9ZNHQM5,CUST90023220,2026-06-04 21:16:52.670844,98.96,2,Health & Beauty,Supplements
TXNYNWD0DGAWH,CUST90023220,2026-03-09 21:16:52.670844,123.95,1,Clothing,Shoes
TXND3RSL2OLKU,CUST90023220,2025-11-20 21:16:52.670844,55.1,3,Books,Magazines
TXNEF0RHL9IC0,CUST90023220,2026-05-24 21:16:52.670844,166.86,2,Books,Magazines
TXNQBI3JJPM39,CUST90023220,2026-05-10 21:16:52.670844,154.64,2,Office Supplies,Stationery
TXN9UQ01ZTFAV,CUST90023220,2026-01-02 21:16:52.670844,96.78,3,Electronics,Smart Watch
TXN56Q0L7ANEU,CUST90023220,2026-01-13 21:16:52.670844,101.65,4,Office Supplies,Desk Accessories
TXNTGAMRQE05X,CUST90023220,2026-03-27 21:16:52.670844,117.82,1,Sports & Outdoors,Sportswear
TXNA9LFAC5WKA,CUST90023220,2026-03-28 21:16:52.670844,120.55,5,Health & Beauty,Skincare
TXNCYJMYT1MK4,CUST90023220,2025-12-09 21:16:52.670844,144.28,4,Home & Garden,Kitchen Appliances
TXNCDH8V01573,CUST90023220,2025-11-07 21:16:52.670844,184.26,1,Books,Non-Fiction
TXN9SG66KWD1V,CUST90023220,2025-12-23 21:16:52.670844,108.8,4,Automotive,Parts
TXN5JMG5DC6AG,CUST90023220,2026-04-10 21:16:52.670844,139.17,2,Books,Comics
TXNWEOUFQF3E5,CUST90023220,2026-03-15 21:16:52.670844,146.31,3,Food & Beverages,Snacks
TXN90LPFBZ90F,CUST90023220,2025-12-22 21:16:52.670844,176.94,1,Home & Garden,Kitchen Appliances
TXN7GEH4UX1IN,CUST90023220,2026-03-27 21:16:52.670844,84.47,1,Health & Beauty,Personal Care
TXNFT0DPQFM4N,CUST90023220,2026-01-06 21:16:52.670844,118.47,4,Toys & Games,Puzzles
TXNEPLYOHXYJD,CUST90023220,2025-12-04 21:16:52.670844,132.0,4,Food & Beverages,Gourmet Food
TXNRB3HD6BW76,CUST90023220,2026-05-14 21:16:52.670844,87.24,1,Sports & Outdoors,Fitness Equipment
TXN8VATBLS0R0,CUST90023220,2026-05-31 21:16:52.670844,37.37,4,Automotive,Tools
TXNP1O7LRV2R6,CUST90023220,2026-02-10 21:16:52.670844,109.52,4,Clothing,Accessories
TXNGN70LS1T02,CUST90023220,2025-10-31 21:16:52.670844,162.27,2,Electronics,Smart Watch
TXNAT4AXGESAU,CUST90023220,2025-09-25 21:16:52.670844,107.08,5,Books,Comics
TXNMS8J7NLKGM,CUST90023220,2025-10-31 21:16:52.670844,85.53,1,Books,Magazines
TXNPG0QF3R5LG,CUST90023220,2025-12-05 21:16:52.670844,170.98,2,Automotive,Car Accessories
TXNDX6SKLH4FY,CUST90023220,2025-11-20 21:16:52.670844,41.9,5,Office Supplies,Furniture
TXNSOU7VZGTB8,CUST90023220,2025-09-26 21:16:52.670844,60.41,3,Toys & Games,Video Games
TXNN0H9SDSK9B,CUST90023220,2026-03-08 21:16:52.670844,82.21,4,Automotive,Parts
TXNDBYZIVUL5K,CUST90023220,2026-01-09 21:16:52.670844,123.11,3,Health & Beauty,Supplements
TXN7T02LEEEAV,CUST90023220,2026-03-24 21:16:52.670844,72.23,4,Office Supplies,Stationery
TXNAJ2L5S873N,CUST14782269,2024-09-16 21:16:52.670844,167.79,5,Office Supplies,Desk Accessories
TXNXZC525HPL6,CUST14782269,2025-09-05 21:16:52.670844,60.95,1,Books,Comics
TXND7HBA4G2VX,CUST14782269,2025-01-16 21:16:52.670844,110.96,5,Food & Beverages,Organic Products
TXNH30YAQF351,CUST92174216,2026-05-12 21:16:52.670844,70.86,4,Electronics,Laptop
TXNHK15BVQ96D,CUST92174216,2025-12-04 21:16:52.670844,54.56,1,Books,Fiction
TXNLHS34LOELF,CUST92174216,2025-12-18 21:16:52.670844,73.99,1,Automotive,Parts
TXNZOC21L8V3A,CUST13501442,2025-11-19 21:16:52.670844,250.6,2,Food & Beverages,Beverages
TXN0VZ67IU4NI,CUST13501442,2025-09-26 21:16:52.670844,193.56,2,Automotive,Parts
TXN6KGC5DHJYG,CUST13501442,2026-01-06 21:16:52.670844,228.15,4,Automotive,Car Accessories
TXNGNWD678YIS,CUST13501442,2026-02-26 21:16:52.670844,117.46,3,Sports & Outdoors,Bicycle
TXNZ88UK3R6AV,CUST13501442,2026-02-04 21:16:52.670844,107.96,1,Sports & Outdoors,Sportswear
TXN48GMUBD83I,CUST13501442,2025-11-15 21:16:52.670844,150.09,4,Home & Garden,Bedding
TXNRMHC1H6W00,CUST13501442,2025-10-18 21:16:52.670844,227.53,5,Toys & Games,Video Games
TXNDH396W3ZJA,CUST13501442,2026-01-16 21:16:52.670844,207.7,3,Food & Beverages,Beverages
TXNF9ELBCSEO8,CUST03262922,2026-03-14 21:16:52.670844,117.46,5,Food & Beverages,Beverages
TXNADM9B940WU,CUST03262922,2025-10-15 21:16:52.670844,91.9,5,Automotive,Car Accessories
TXNCKN7XKGCUU,CUST03262922,2026-03-01 21:16:52.670844,67.99,4,Automotive,Parts
TXNBLSB1L99NZ,CUST03262922,2025-09-21 21:16:52.670844,75.99,2,Automotive,Parts
TXN72VEAPNXOR,CUST03262922,2025-09-13 21:16:52.670844,134.57,5,Toys & Games,Video Games
TXNV648BS01YA,CUST03262922,2026-02-19 21:16:52.670844,127.39,1,Electronics,Smartphone
TXNW88PIQOS5Q,CUST87769764,2026-05-01 21:16:52.670844,126.39,3,Toys & Games,Video Games
TXNHTLTA07A97,CUST87769764,2026-03-13 21:16:52.670844,170.01,1,Office Supplies,Desk Accessories
TXN19QDDX1R0F,CUST87769764,2026-06-26 21:16:52.670844,156.25,2,Home & Garden,Tools
TXNEC3GH1D7T2,CUST87769764,2026-06-18 21:16:52.670844,74.36,1,Books,Fiction
TXN85Y4VX76BJ,CUST87769764,2026-04-05 21:16:52.670844,113.54,5,Sports & Outdoors,Sportswear
TXN7RF66NSXD0,CUST87769764,2026-04-23 21:16:52.670844,92.24,1,Clothing,Dress
TXNBY71BSUVGO,CUST87769764,2026-03-22 21:16:52.670844,58.51,5,Automotive,Tools
TXNDSL3TW9TDY,CUST87769764,2026-04-28 21:16:52.670844,138.0,1,Office Supplies,Desk Accessories
TXN3JATH9IU8F,CUST87769764,2026-06-29 21:16:52.670844,131.14,3,Automotive,Cleaning Supplies
TXNK55G1RKQ3S,CUST87769764,2026-04-03 21:16:52.670844,108.48,5,Electronics,Camera
TXN0XRH80TXE7,CUST87769764,2026-06-23 21:16:52.670844,122.71,3,Office Supplies,Furniture
TXNVQANHY1YKY,CUST87769764,2026-04-06 21:16:52.670844,48.53,5,Home & Garden,Furniture
TXNR4RFYLRLAK,CUST87769764,2026-06-23 21:16:52.670844,84.23,4,Home & Garden,Furniture
TXNQ8O8R0DG1W,CUST87769764,2026-06-30 21:16:52.670844,100.42,3,Clothing,T-Shirt
TXNO54KE8F8HE,CUST87769764,2026-04-21 21:16:52.670844,114.0,5,Books,Magazines
TXN6PWZBOZ2IE,CUST87769764,2026-05-20 21:16:52.670844,110.85,2,Books,Educational
TXNKIY904XJ6A,CUST87769764,2026-04-02 21:16:52.670844,202.9,5,Food & Beverages,Gourmet Food
TXNOX2BL49MXR,CUST87769764,2026-04-03 21:16:52.670844,116.23,1,Toys & Games,Puzzles
TXN574KY54MAD,CUST87769764,2026-04-05 21:16:52.670844,155.83,5,Toys & Games,Action Figures
TXNQ51OQ229QE,CUST87769764,2026-06-29 21:16:52.670844,73.43,3,Sports & Outdoors,Sportswear
TXN6EJX67VU96,CUST87769764,2026-05-02 21:16:52.670844,103.77,4,Automotive,Cleaning Supplies
TXNRGFLCTTV66,CUST87769764,2026-03-31 21:16:52.670844,113.09,5,Home & Garden,Bedding
TXN9VHVMC3RG7,CUST87769764,2026-04-28 21:16:52.670844,80.22,2,Clothing,T-Shirt
TXNK0L87YTNRP,CUST87769764,2026-06-13 21:16:52.670844,132.65,5,Clothing,Shoes
TXNQDAWVA4DYJ,CUST87769764,2026-05-19 21:16:52.670844,43.33,4,Electronics,Camera
TXN344P26AFSH,CUST28924141,2026-03-13 21:16:52.670844,43.5,1,Clothing,Accessories
TXN2R1ZXI6GP2,CUST28924141,2026-03-24 21:16:52.670844,69.31,2,Clothing,Jeans
TXN9QVP31G5R1,CUST28924141,2026-02-24 21:16:52.670844,74.66,2,Sports & Outdoors,Bicycle
TXNGKMHZXJ24Q,CUST28924141,2026-01-23 21:16:52.670844,91.95,5,Toys & Games,Action Figures
TXN9PVQBZR3G3,CUST28924141,2026-03-07 21:16:52.670844,40.11,5,Automotive,Tools
TXN87T3OKPZWU,CUST28924141,2026-01-19 21:16:52.670844,75.84,1,Toys & Games,Action Figures
TXN9JM70ZTPN5,CUST28924141,2026-03-17 21:16:52.670844,113.71,2,Automotive,Tools
TXNW5ZI911I0W,CUST28924141,2026-02-16 21:16:52.670844,53.29,1,Office Supplies,Desk Accessories
TXN0P1ITTRV6B,CUST28924141,2026-03-26 21:16:52.670844,74.74,3,Office Supplies,Desk Accessories
TXN9KM0KGNXO2,CUST89164183,2024-09-22 21:16:52.670844,60.74,5,Toys & Games,Puzzles
TXNNW6H38U1SR,CUST89164183,2026-05-15 21:16:52.670844,33.99,5,Toys & Games,Video Games
TXN3227X6PN66,CUST89164183,2025-05-12 21:16:52.670844,74.42,1,Toys & Games,Video Games
TXNDL4YTBUZX4,CUST89164183,2025-03-21 21:16:52.670844,45.47,5,Sports & Outdoors,Sportswear
TXN6GR5Y6X07I,CUST89164183,2025-12-29 21:16:52.670844,64.02,2,Health & Beauty,Supplements
TXNWBWTY19FFQ,CUST89164183,2025-08-14 21:16:52.670844,148.15,3,Health & Beauty,Makeup
TXNEPB4T846YB,CUST89164183,2026-05-05 21:16:52.670844,122.4,5,Toys & Games,Video Games
TXNDKRDNO5OEU,CUST89164183,2024-12-18 21:16:52.670844,120.19,4,Sports & Outdoors,Fitness Equipment
TXNJLXBV1MR1Z,CUST89164183,2025-06-17 21:16:52.670844,140.72,3,Electronics,Tablet
TXN2D2FP8TW13,CUST89164183,2025-11-27 21:16:52.670844,147.72,3,Health & Beauty,Makeup
TXN7GB5TU9EOL,CUST89164183,2025-05-29 21:16:52.670844,157.05,5,Electronics,Camera
TXNO38X3HZU01,CUST89164183,2025-12-14 21:16:52.670844,142.97,1,Electronics,Laptop
TXNTQ5M2IARK7,CUST89164183,2026-03-22 21:16:52.670844,111.77,2,Books,Fiction
TXN1WT1LSJEFA,CUST89164183,2024-09-12 21:16:52.670844,69.33,2,Office Supplies,Furniture
TXNREGIUSF7YY,CUST89164183,2025-10-04 21:16:52.670844,90.58,2,Food & Beverages,Snacks
TXNTKI58E23N1,CUST89164183,2025-02-03 21:16:52.670844,113.81,1,Clothing,Jeans
TXNVO3FW1F9R7,CUST89164183,2026-04-17 21:16:52.670844,110.61,4,Electronics,Camera
TXN5TOWSJ89SM,CUST89164183,2025-04-12 21:16:52.670844,49.26,3,Health & Beauty,Supplements
TXN37HCXPMTDL,CUST89164183,2026-04-20 21:16:52.670844,134.71,2,Automotive,Car Accessories
TXNMP81CAG7RK,CUST89164183,2025-11-22 21:16:52.670844,140.96,3,Clothing,T-Shirt
TXNCY8H4JLG9A,CUST89164183,2026-05-21 21:16:52.670844,161.24,3,Automotive,Parts
TXNEGHG78T0KI,CUST89164183,2025-02-06 21:16:52.670844,133.3,1,Office Supplies,Electronics
TXN33F2T72HGQ,CUST89164183,2026-05-30 21:16:52.670844,153.86,2,Clothing,Dress
TXN71WJEG2D89,CUST89164183,2025-01-03 21:16:52.670844,114.76,5,Clothing,Shoes
TXNGAZIMCDPSE,CUST89164183,2025-10-23 21:16:52.670844,116.22,4,Automotive,Cleaning Supplies
TXN0UB37EN3WU,CUST89164183,2024-12-06 21:16:52.670844,153.82,2,Food & Beverages,Gourmet Food
TXNB1VD61H6BS,CUST89164183,2024-09-22 21:16:52.670844,131.84,5,Health & Beauty,Makeup
TXN1OBHEJIJTU,CUST89164183,2024-11-07 21:16:52.670844,55.58,4,Home & Garden,Tools
TXNREQKF3PKGB,CUST89164183,2026-02-19 21:16:52.670844,82.04,5,Health & Beauty,Supplements
TXNYOESX7QCHZ,CUST89164183,2025-02-05 21:16:52.670844,88.64,4,Office Supplies,Desk Accessories
TXNGZGDQILD9C,CUST89164183,2026-06-20 21:16:52.670844,110.41,1,Health & Beauty,Makeup
TXN7B7DE5IUSB,CUST89164183,2024-09-18 21:16:52.670844,116.87,3,Food & Beverages,Organic Products
TXNW9WG9X3ZS7,CUST63593776,2026-03-06 21:16:52.670844,179.12,2,Toys & Games,Board Games
TXN3KOR6K3MPD,CUST63593776,2026-04-02 21:16:52.670844,170.47,4,Home & Garden,Kitchen Appliances
TXNW997WPT6ZO,CUST63593776,2026-06-26 21:16:52.670844,125.08,5,Electronics,Smartphone
TXNPPJM6EQEXG,CUST63593776,2026-05-02 21:16:52.670844,140.32,1,Food & Beverages,Organic Products
TXN1SQRLNLJ9Z,CUST63593776,2026-02-08 21:16:52.670844,156.49,2,Health & Beauty,Personal Care
TXNF2S7P39LN7,CUST63593776,2026-02-09 21:16:52.670844,47.51,2,Books,Magazines
TXNZ4VT5UF84O,CUST63593776,2026-03-24 21:16:52.670844,276.24,4,Clothing,Accessories
TXN1BNHW6DWUH,CUST63593776,2026-05-23 21:16:52.670844,289.17,3,Food & Beverages,Gourmet Food
TXNH2R3EUVSMK,CUST63593776,2026-06-18 21:16:52.670844,136.37,3,Clothing,Shoes
TXNBDQB0AD31S,CUST63593776,2026-05-06 21:16:52.670844,277.58,1,Food & Beverages,Gourmet Food
TXNEMY3HJTZGH,CUST63593776,2026-02-24 21:16:52.670844,51.88,4,Sports & Outdoors,Bicycle
TXNHHQ42FI84X,CUST63593776,2026-05-26 21:16:52.670844,287.51,3,Toys & Games,Board Games
TXN1K1QTC0L38,CUST63593776,2026-02-22 21:16:52.670844,285.53,5,Toys & Games,Action Figures
TXNFDBAL6QAHE,CUST63593776,2026-04-30 21:16:52.670844,165.33,3,Automotive,Parts
TXNCICJK57PI9,CUST63593776,2026-03-28 21:16:52.670844,288.42,1,Sports & Outdoors,Sportswear
TXN2CC0S0TIPK,CUST63593776,2026-07-06 21:16:52.670844,221.79,4,Office Supplies,Electronics
TXN0D0UPBBY39,CUST63593776,2026-05-18 21:16:52.670844,251.83,5,Electronics,Laptop
TXNLCBL6N12RW,CUST63593776,2026-02-27 21:16:52.670844,292.91,2,Home & Garden,Furniture
TXNV2HH1LO3F1,CUST63593776,2026-02-15 21:16:52.670844,149.66,3,Health & Beauty,Supplements
TXNJMXQ6M7PCU,CUST63593776,2026-05-04 21:16:52.670844,243.65,3,Electronics,Tablet
TXNPACU2Y8W7P,CUST16705728,2026-02-27 21:16:52.670844,284.32,5,Books,Fiction
TXNK9SB6KOELG,CUST16705728,2026-01-09 21:16:52.670844,319.03,4,Books,Fiction
TXNAHFUGS54HG,CUST16705728,2026-01-29 21:16:52.670844,155.4,3,Health & Beauty,Makeup
TXNK6UVNCNWTJ,CUST16705728,2026-04-15 21:16:52.670844,321.28,4,Automotive,Parts
TXNX8VCJWJZ5V,CUST16705728,2026-01-26 21:16:52.670844,288.22,1,Home & Garden,Furniture
TXN3IHVBMLVDF,CUST16705728,2026-04-27 21:16:52.670844,153.58,2,Toys & Games,Board Games
TXNAXOBLVYN7K,CUST16705728,2026-03-13 21:16:52.670844,174.13,1,Home & Garden,Decor
TXN8L8BNI9FHC,CUST16705728,2026-05-12 21:16:52.670844,160.72,2,Office Supplies,Stationery
TXN0V4VAYEWUS,CUST16705728,2026-04-05 21:16:52.670844,262.35,4,Clothing,Accessories
TXNFPMY7LYES1,CUST16705728,2026-05-13 21:16:52.670844,207.38,3,Automotive,Parts
TXNPL3ZWXS8MX,CUST16705728,2026-04-20 21:16:52.670844,331.4,1,Food & Beverages,Beverages
TXNAA4OLOPMHS,CUST16705728,2026-05-13 21:16:52.670844,205.63,5,Automotive,Cleaning Supplies
TXNX3ULZRCEEV,CUST16705728,2026-05-13 21:16:52.670844,138.27,2,Automotive,Car Accessories
TXNK11MR0J4AD,CUST16705728,2026-05-18 21:16:52.670844,228.09,1,Clothing,Shoes
TXN45UXWMM7Z4,CUST16705728,2026-01-17 21:16:52.670844,184.74,1,Automotive,Car Accessories
TXNFOG5IIMB3T,CUST16705728,2026-05-12 21:16:52.670844,318.25,3,Clothing,Accessories
TXN5CCUNL8WVX,CUST16705728,2026-04-06 21:16:52.670844,235.52,5,Sports & Outdoors,Fitness Equipment
TXN7A07LOFWVC,CUST16705728,2026-04-19 21:16:52.670844,339.14,1,Home & Garden,Tools
TXNIDZ5N405C8,CUST51021893,2026-03-28 21:16:52.670844,54.03,5,Clothing,Jacket
TXNRIT6OP5PG6,CUST51021893,2026-03-22 21:16:52.670844,35.85,3,Electronics,Smartphone
TXN211QRXZMKV,CUST51021893,2026-03-22 21:16:52.670844,60.93,2,Automotive,Cleaning Supplies
TXNAJ9IJEAZN5,CUST51021893,2026-03-18 21:16:52.670844,69.66,5,Food & Beverages,Snacks
TXNLYDQO7M00G,CUST51021893,2026-03-25 21:16:52.670844,66.75,4,Office Supplies,Electronics
TXN2D6RV3JTSO,CUST51021893,2026-03-25 21:16:52.670844,100.35,4,Toys & Games,Video Games
TXN86T11UWTU9,CUST51021893,2026-03-30 21:16:52.670844,61.26,5,Electronics,Smartphone
TXN7FHUBZZXZZ,CUST51021893,2026-03-23 21:16:52.670844,101.33,4,Electronics,Tablet
TXNHOB4FI8YB1,CUST51021893,2026-03-26 21:16:52.670844,55.95,3,Automotive,Car Accessories
TXNBQ1X4Z4BZH,CUST83526268,2026-04-04 21:16:52.670844,199.71,1,Toys & Games,Video Games
TXNRLP7TWC8PX,CUST83526268,2026-04-06 21:16:52.670844,192.12,4,Office Supplies,Stationery
TXNXLF0PZABQM,CUST83526268,2025-12-06 21:16:52.670844,248.67,2,Health & Beauty,Makeup
TXN6MYYE0YLPK,CUST83526268,2025-12-07 21:16:52.670844,234.57,1,Sports & Outdoors,Sportswear
TXNUSHBGJYN0I,CUST83526268,2026-02-27 21:16:52.670844,162.6,3,Food & Beverages,Gourmet Food
TXNEAX0A0BGY0,CUST83526268,2025-12-04 21:16:52.670844,105.2,5,Books,Non-Fiction
TXNP0SMHSG539,CUST83526268,2026-05-15 21:16:52.670844,203.29,2,Health & Beauty,Skincare
TXNKYK4KG72DP,CUST83526268,2025-09-10 21:16:52.670844,127.62,1,Office Supplies,Desk Accessories
TXNIZZE7W93B2,CUST83526268,2025-11-26 21:16:52.670844,194.36,1,Electronics,Smartphone
TXNWZ3Z2IHVPV,CUST83526268,2025-11-16 21:16:52.670844,219.09,1,Electronics,Laptop
TXN8RTRCFD6AF,CUST83526268,2026-03-24 21:16:52.670844,316.96,3,Toys & Games,Action Figures
TXN6F0L5RJU6K,CUST83526268,2026-02-15 21:16:52.670844,377.6,1,Clothing,Jacket
TXN0SYNXIH280,CUST83526268,2025-11-27 21:16:52.670844,263.81,4,Electronics,Tablet
TXNOX7RG519LG,CUST83526268,2026-05-05 21:16:52.670844,298.75,4,Home & Garden,Tools
TXNDWTLZQ67I7,CUST83526268,2025-10-16 21:16:52.670844,138.21,4,Automotive,Cleaning Supplies
TXNB1SH288C91,CUST83526268,2026-01-14 21:16:52.670844,276.22,1,Home & Garden,Decor
TXN6XM0VVXF64,CUST83526268,2026-01-11 21:16:52.670844,200.19,3,Automotive,Cleaning Supplies
TXNOGROYG0RVI,CUST83526268,2025-08-24 21:16:52.670844,206.5,4,Sports & Outdoors,Bicycle
TXN1QO7KXTORR,CUST83526268,2026-02-15 21:16:52.670844,133.18,5,Office Supplies,Furniture
TXNN7JS6IK0GK,CUST83526268,2025-10-16 21:16:52.670844,129.57,5,Food & Beverages,Gourmet Food
TXNSXQLI30T9K,CUST93007323,2025-07-22 21:16:52.670844,308.95,3,Clothing,Jeans
TXNI3N8SSO2IK,CUST93007323,2026-05-19 21:16:52.670844,245.05,1,Clothing,Jacket
TXNL60GM4E3GL,CUST93007323,2026-01-10 21:16:52.670844,141.37,4,Office Supplies,Stationery
TXN5906MHIYJX,CUST93007323,2026-04-01 21:16:52.670844,33.65,4,Electronics,Camera
TXNHY1O9P7C12,CUST93007323,2025-07-26 21:16:52.670844,170.77,3,Toys & Games,Board Games
TXN5ZQGTSQ1P9,CUST93007323,2026-02-28 21:16:52.670844,338.09,1,Books,Magazines
TXNXKVI5PFPED,CUST93007323,2025-11-15 21:16:52.670844,200.74,2,Food & Beverages,Beverages
TXND5KLGNKY5I,CUST93007323,2025-11-07 21:16:52.670844,212.27,4,Automotive,Car Accessories
TXNQTAU5LEKPO,CUST93007323,2025-09-15 21:16:52.670844,189.89,5,Clothing,Jeans
TXNB2HZDQAPJ5,CUST93007323,2025-09-23 21:16:52.670844,263.76,4,Office Supplies,Electronics
TXN6NBE6BQB3R,CUST93007323,2026-01-15 21:16:52.670844,136.28,4,Electronics,Tablet
TXN1NVUPPIXND,CUST15308457,2025-02-21 21:16:52.670844,75.54,1,Food & Beverages,Beverages
TXN4YLGD8T6PS,CUST24429345,2025-09-20 21:16:52.670844,34.82,4,Health & Beauty,Makeup
TXNL6NJSIAC6A,CUST24429345,2025-07-04 21:16:52.670844,79.55,1,Clothing,Accessories
TXNUK1ZC2TI5H,CUST24429345,2026-04-05 21:16:52.670844,36.21,1,Health & Beauty,Supplements
TXNRNVPT2KBG4,CUST24429345,2025-05-28 21:16:52.670844,89.45,1,Books,Magazines
TXN0U3BQW716O,CUST24429345,2026-04-01 21:16:52.670844,59.38,1,Electronics,Camera
TXN39GNZD7Q7H,CUST24429345,2025-05-26 21:16:52.670844,38.36,2,Health & Beauty,Supplements
TXNTFPB4JNUEF,CUST24429345,2026-02-06 21:16:52.670844,104.27,5,Sports & Outdoors,Camping Gear
TXNUKEETHH0LO,CUST60609390,2025-12-29 21:16:52.670844,100.58,5,Books,Educational
TXNDQOACUAZ80,CUST60609390,2025-12-31 21:16:52.670844,151.0,4,Health & Beauty,Makeup
TXNZ04SHF4PSO,CUST60609390,2026-02-20 21:16:52.670844,113.78,5,Toys & Games,Action Figures
TXN032O3TKSHT,CUST60609390,2026-02-23 21:16:52.670844,137.55,5,Clothing,Accessories
TXNURQY4N6ZKU,CUST60609390,2026-01-01 21:16:52.670844,91.85,5,Toys & Games,Board Games
TXNTWT7NZCB7X,CUST07966894,2024-10-19 21:16:52.670844,74.64,5,Home & Garden,Decor
TXNWZP9BF5P46,CUST07966894,2025-02-24 21:16:52.670844,83.64,4,Books,Comics
TXN688TND026Y,CUST07966894,2024-08-16 21:16:52.670844,118.96,5,Clothing,Shoes
TXN9LKN5UNJRE,CUST51887839,2026-02-27 21:16:52.670844,117.22,1,Home & Garden,Furniture
TXNHFLP9HHTFN,CUST51887839,2025-09-02 21:16:52.670844,202.31,2,Toys & Games,Action Figures
TXNBJJAHB4TA1,CUST51887839,2026-02-28 21:16:52.670844,165.38,3,Toys & Games,Action Figures
TXNWK6JJGJ4CJ,CUST58244320,2025-01-19 21:16:52.670844,360.76,5,Health & Beauty,Personal Care
TXNLWUHZ3OJJJ,CUST58244320,2026-04-07 21:16:52.670844,631.19,2,Sports & Outdoors,Bicycle
TXNQXP02P9TZV,CUST58244320,2025-04-16 21:16:52.670844,483.73,3,Books,Fiction
TXNAWYP630MU3,CUST58244320,2025-06-26 21:16:52.670844,555.46,1,Toys & Games,Video Games
TXN4RHVFL96YC,CUST58244320,2026-06-04 21:16:52.670844,221.37,5,Sports & Outdoors,Sportswear
TXN52T1D8Q41Y,CUST58244320,2026-02-24 21:16:52.670844,433.98,3,Office Supplies,Desk Accessories
TXNUBJGBNSNV1,CUST58244320,2025-02-20 21:16:52.670844,348.36,4,Sports & Outdoors,Camping Gear
TXN091AU50S8W,CUST58244320,2025-11-08 21:16:52.670844,599.06,5,Books,Educational
TXNIR3TIXTEVH,CUST58244320,2025-10-17 21:16:52.670844,478.13,5,Health & Beauty,Skincare
TXN59X2MITVJL,CUST58244320,2024-10-23 21:16:52.670844,299.11,3,Clothing,Jacket
TXN62IR3VIOIW,CUST58244320,2026-05-31 21:16:52.670844,576.5,2,Electronics,Camera
TXNH7YWWZMXC6,CUST58244320,2024-10-31 21:16:52.670844,551.75,3,Health & Beauty,Personal Care
TXNDBXI5RFQHI,CUST58244320,2024-12-04 21:16:52.670844,553.98,3,Books,Magazines
TXNL077E4U2JS,CUST58244320,2025-07-10 21:16:52.670844,549.38,3,Toys & Games,Video Games
TXNQZSHFWDZAD,CUST58244320,2025-09-09 21:16:52.670844,343.95,2,Home & Garden,Decor
TXNRMXJWESK7J,CUST58244320,2025-12-13 21:16:52.670844,536.89,3,Books,Fiction
TXNFVUTN7PVGJ,CUST58244320,2025-03-12 21:16:52.670844,428.09,3,Books,Non-Fiction
TXNCK3E8GXIJH,CUST58244320,2024-12-15 21:16:52.670844,581.61,2,Books,Educational
TXNVJBH3R5WD4,CUST58244320,2024-10-16 21:16:52.670844,333.49,3,Electronics,Tablet
TXNY1UF33C590,CUST58244320,2025-12-18 21:16:52.670844,262.64,1,Books,Magazines
TXNW4LJ4E9IXO,CUST58244320,2025-02-19 21:16:52.670844,495.37,5,Books,Comics
TXNGCPOC3EX2F,CUST58244320,2025-02-10 21:16:52.670844,458.69,4,Office Supplies,Desk Accessories
TXNKFPPIRC96Y,CUST58244320,2026-05-04 21:16:52.670844,287.25,2,Toys & Games,Video Games
TXNMSMAAOPZX0,CUST58244320,2025-10-03 21:16:52.670844,316.25,4,Clothing,Jacket
TXN8ZIIGVQX5W,CUST58244320,2025-09-11 21:16:52.670844,487.81,1,Electronics,Tablet
TXNLEQENL02EH,CUST58244320,2025-05-27 21:16:52.670844,459.17,5,Clothing,Accessories
TXNSI1YXRXHUL,CUST58244320,2026-03-21 21:16:52.670844,714.48,1,Toys & Games,Board Games
TXNW164NGH1RA,CUST58244320,2025-11-12 21:16:52.670844,631.58,1,Books,Non-Fiction
TXNI2FDRFKOFB,CUST58244320,2026-02-01 21:16:52.670844,404.5,2,Toys & Games,Board Games
TXNTZA7R65S8C,CUST58244320,2025-09-08 21:16:52.670844,454.65,5,Food & Beverages,Snacks
TXNC21SV7J6LM,CUST58244320,2025-05-19 21:16:52.670844,400.71,3,Clothing,Jacket
TXNMVCMT1CJZR,CUST58244320,2025-09-12 21:16:52.670844,432.1,5,Home & Garden,Bedding
TXN08OKRYYER0,CUST21048209,2026-01-31 21:16:52.670844,61.81,4,Toys & Games,Action Figures
TXN3JHX42CEYQ,CUST21048209,2026-03-14 21:16:52.670844,102.57,2,Clothing,Jeans
TXNEW9X9CW9M9,CUST21048209,2026-01-02 21:16:52.670844,244.89,2,Health & Beauty,Makeup
TXNAU28G8QI7T,CUST21048209,2026-02-18 21:16:52.670844,142.1,4,Sports & Outdoors,Fitness Equipment
TXNR398ZCZ2IY,CUST21048209,2026-02-25 21:16:52.670844,200.44,5,Health & Beauty,Makeup
TXNHLRSDNRY1M,CUST21048209,2026-01-17 21:16:52.670844,174.29,4,Toys & Games,Board Games
TXNYI4C8Z24TD,CUST21048209,2026-03-11 21:16:52.670844,257.95,5,Sports & Outdoors,Sportswear
TXN2ZE5ZRQZDJ,CUST21048209,2026-01-01 21:16:52.670844,203.75,1,Clothing,Jacket
TXN7YAJVYM2Y8,CUST21048209,2026-02-19 21:16:52.670844,223.12,1,Food & Beverages,Beverages
TXNNK8F3058T7,CUST21048209,2026-01-26 21:16:52.670844,167.31,1,Books,Magazines
TXN8Z2BGC9FBC,CUST36482031,2026-07-05 21:16:52.670844,284.14,5,Toys & Games,Board Games
TXNXRNFR26LKZ,CUST36482031,2026-07-05 21:16:52.670844,209.08,1,Home & Garden,Decor
TXNYJEYPLZ08G,CUST36482031,2026-07-05 21:16:52.670844,272.74,2,Health & Beauty,Makeup
TXNWG7Q5GZCN0,CUST36482031,2026-07-05 21:16:52.670844,580.19,1,Electronics,Smart Watch
TXNM2AIQ6X11K,CUST36482031,2026-07-05 21:16:52.670844,434.76,1,Sports & Outdoors,Sportswear
TXNUTOAJ5KKYD,CUST36482031,2026-07-05 21:16:52.670844,460.2,3,Toys & Games,Action Figures
TXNSO2ZTQ898L,CUST36482031,2026-07-05 21:16:52.670844,241.94,4,Electronics,Laptop
TXN4MPJP2DF5P,CUST36482031,2026-07-06 21:16:52.670844,355.55,2,Sports & Outdoors,Camping Gear
TXNH1CRRTTTVX,CUST36482031,2026-07-05 21:16:52.670844,410.92,1,Health & Beauty,Supplements
TXN64EJB8T8YS,CUST36482031,2026-07-05 21:16:52.670844,440.58,1,Toys & Games,Action Figures
TXNNPOKHDVVP1,CUST36482031,2026-07-06 21:16:52.670844,289.26,3,Clothing,Dress
TXNTO36Y3SE3N,CUST36482031,2026-07-05 21:16:52.670844,325.14,5,Food & Beverages,Organic Products
TXNROY6Q6SVJI,CUST36482031,2026-07-05 21:16:52.670844,345.04,4,Health & Beauty,Supplements
TXN2FQQ02FM1X,CUST36482031,2026-07-06 21:16:52.670844,230.95,4,Automotive,Cleaning Supplies
TXNI76X99DNAY,CUST36482031,2026-07-06 21:16:52.670844,364.58,4,Health & Beauty,Personal Care
TXNNXA3F62LI1,CUST36482031,2026-07-05 21:16:52.670844,285.28,3,Office Supplies,Stationery
TXNS0ZBY9UJIX,CUST36482031,2026-07-05 21:16:52.670844,263.66,2,Food & Beverages,Beverages
TXNI3MCYVYD5A,CUST36482031,2026-07-05 21:16:52.670844,389.94,4,Food & Beverages,Organic Products
TXNXX78LRWYFT,CUST36482031,2026-07-06 21:16:52.670844,389.13,3,Books,Magazines
TXNTOL7AFL35B,CUST36482031,2026-07-06 21:16:52.670844,187.7,2,Toys & Games,Video Games
TXNGU3TGSET7R,CUST36482031,2026-07-05 21:16:52.670844,425.63,2,Office Supplies,Desk Accessories
TXN5R4QXZ836Z,CUST36482031,2026-07-06 21:16:52.670844,135.1,2,Health & Beauty,Makeup
TXN862XN3FTGX,CUST36482031,2026-07-05 21:16:52.670844,451.26,5,Sports & Outdoors,Camping Gear
TXNUWLBSAVJJS,CUST36482031,2026-07-06 21:16:52.670844,331.51,4,Health & Beauty,Personal Care
TXNBV08S2K1YA,CUST36482031,2026-07-06 21:16:52.670844,335.27,5,Health & Beauty,Supplements
TXN7NQT8C3R9P,CUST36482031,2026-07-06 21:16:52.670844,119.78,1,Clothing,Jacket
TXN52U5I2FNRV,CUST36482031,2026-07-06 21:16:52.670844,380.63,3,Health & Beauty,Personal Care
TXN167FFWF4I9,CUST36482031,2026-07-05 21:16:52.670844,417.16,1,Home & Garden,Bedding
TXNNE7RA1JI9L,CUST36482031,2026-07-05 21:16:52.670844,167.31,2,Clothing,Shoes
TXNYDAKRAOM39,CUST36482031,2026-07-05 21:16:52.670844,420.29,4,Health & Beauty,Supplements
TXNZZBUF6RKA8,CUST36482031,2026-07-05 21:16:52.670844,415.63,5,Food & Beverages,Gourmet Food
TXN2GWYWM6SFD,CUST36482031,2026-07-06 21:16:52.670844,408.5,4,Food & Beverages,Beverages
TXNQ52QGYTNCM,CUST36482031,2026-07-05 21:16:52.670844,424.7,4,Office Supplies,Stationery
TXNTXOSX3EDN6,CUST36482031,2026-07-06 21:16:52.670844,373.87,4,Health & Beauty,Personal Care
TXN2YZTRAK5IA,CUST36482031,2026-07-05 21:16:52.670844,422.42,3,Toys & Games,Puzzles
TXNUPZEKW2AYM,CUST36482031,2026-07-06 21:16:52.670844,405.73,3,Books,Magazines
TXN8LCZ9SSXGY,CUST36482031,2026-07-05 21:16:52.670844,241.38,3,Office Supplies,Stationery
TXNBOLA3L28CW,CUST03955750,2026-07-08 21:16:52.670844,433.7,1,Automotive,Tools
TXN2B30Q8JU6Y,CUST03955750,2026-06-10 21:16:52.670844,390.5,4,Health & Beauty,Skincare
TXNBI8IRBXYQ0,CUST03955750,2026-06-25 21:16:52.670844,350.06,2,Home & Garden,Decor
TXN31L9DI48A4,CUST03955750,2026-06-15 21:16:52.670844,415.65,4,Office Supplies,Electronics
TXNGUC0U49L00,CUST03955750,2026-06-28 21:16:52.670844,285.63,4,Food & Beverages,Beverages
TXN7S44IBWHX7,CUST03955750,2026-07-11 21:16:52.670844,326.52,2,Food & Beverages,Organic Products
TXNLKFMK3X1E5,CUST03955750,2026-06-30 21:16:52.670844,453.42,5,Sports & Outdoors,Fitness Equipment
TXNW9SJKPU5RJ,CUST03955750,2026-06-08 21:16:52.670844,298.61,3,Toys & Games,Board Games
TXNSGSLIFZS4K,CUST03955750,2026-06-14 21:16:52.670844,188.16,1,Sports & Outdoors,Bicycle
TXN2M2XFQPNKN,CUST03955750,2026-06-15 21:16:52.670844,239.26,5,Automotive,Cleaning Supplies
TXNWY7P0UQK0U,CUST03955750,2026-07-02 21:16:52.670844,248.71,4,Clothing,Dress
TXN7U11LK2DFJ,CUST03955750,2026-06-12 21:16:52.670844,201.26,2,Office Supplies,Furniture
TXNADRN5HAXNE,CUST03955750,2026-06-14 21:16:52.670844,360.72,1,Sports & Outdoors,Sportswear
TXNQP4FJJN52V,CUST03955750,2026-06-08 21:16:52.670844,405.04,5,Toys & Games,Action Figures
TXNYKPXU4BFRA,CUST03955750,2026-07-14 21:16:52.670844,304.41,4,Sports & Outdoors,Bicycle
TXNPJ9U57CNR5,CUST03955750,2026-06-10 21:16:52.670844,382.56,5,Office Supplies,Stationery
TXN3NXP940GXL,CUST03955750,2026-06-17 21:16:52.670844,632.17,1,Toys & Games,Action Figures
TXNY3XXW9B3D3,CUST03955750,2026-06-17 21:16:52.670844,460.97,2,Health & Beauty,Supplements
TXNEN33AJKGA6,CUST03955750,2026-06-25 21:16:52.670844,353.79,2,Clothing,Jacket
TXNW6SQQUIOAZ,CUST03955750,2026-07-05 21:16:52.670844,174.35,1,Electronics,Tablet
TXN0HP4NN4EXK,CUST03955750,2026-07-02 21:16:52.670844,186.95,1,Sports & Outdoors,Sportswear
TXNS4W2PDNAS1,CUST03955750,2026-07-06 21:16:52.670844,275.69,5,Books,Fiction
TXNIYUII79V7N,CUST03955750,2026-07-02 21:16:52.670844,494.66,1,Sports & Outdoors,Sportswear
TXNE4OLP4KML1,CUST03955750,2026-06-22 21:16:52.670844,230.72,4,Home & Garden,Tools
TXN7V1OP7DFLN,CUST03955750,2026-06-22 21:16:52.670844,461.53,3,Sports & Outdoors,Camping Gear
TXNMWQ6Y3W0PP,CUST03955750,2026-06-16 21:16:52.670844,287.72,1,Electronics,Camera
TXN5124AG8MEX,CUST03955750,2026-06-13 21:16:52.670844,247.82,4,Home & Garden,Kitchen Appliances
TXNS3HPG3N4CI,CUST03955750,2026-06-17 21:16:52.670844,374.37,3,Electronics,Camera
TXN198JQZLIMJ,CUST03955750,2026-07-11 21:16:52.670844,303.27,5,Sports & Outdoors,Sportswear
TXN5G2DMMDVFY,CUST03955750,2026-06-23 21:16:52.670844,417.96,2,Automotive,Cleaning Supplies
TXNOBEM6QJILW,CUST03955750,2026-07-14 21:16:52.670844,401.4,4,Home & Garden,Bedding
TXNTW70GJD1MT,CUST03955750,2026-06-24 21:16:52.670844,494.92,1,Books,Magazines
TXNBPXQV94L7O,CUST03955750,2026-06-24 21:16:52.670844,214.29,1,Automotive,Parts
TXNOLPMFKPGAA,CUST03955750,2026-06-10 21:16:52.670844,556.6,2,Food & Beverages,Gourmet Food
TXN86OJWE6N5U,CUST03955750,2026-06-28 21:16:52.670844,492.58,2,Electronics,Smart Watch
TXNMKSU6NMQHG,CUST03955750,2026-07-09 21:16:52.670844,343.84,1,Books,Fiction
TXNYM6UDPTPNM,CUST03955750,2026-07-03 21:16:52.670844,46.42,1,Home & Garden,Bedding
TXNYFWNOGLG4T,CUST03955750,2026-06-24 21:16:52.670844,320.63,5,Sports & Outdoors,Camping Gear
TXNJ32KAUFUGT,CUST03955750,2026-07-13 21:16:52.670844,309.73,1,Food & Beverages,Snacks
TXNS4J65JBSJ5,CUST03955750,2026-07-17 21:16:52.670844,337.57,5,Toys & Games,Board Games
TXN7TU4W6J87L,CUST03955750,2026-06-08 21:16:52.670844,398.32,3,Sports & Outdoors,Sportswear
TXNID1JLBMJYN,CUST03955750,2026-06-16 21:16:52.670844,366.5,2,Clothing,Accessories
TXN0JNA82A3OQ,CUST03955750,2026-06-15 21:16:52.670844,601.8,4,Automotive,Parts
TXNIEFBYVFTI8,CUST03955750,2026-07-16 21:16:52.670844,515.67,3,Electronics,Laptop
TXNWCIBA6NNBM,CUST03955750,2026-06-23 21:16:52.670844,492.34,4,Home & Garden,Decor
TXNT61HURZF0W,CUST43765621,2026-04-05 21:16:52.670844,47.08,3,Home & Garden,Kitchen Appliances
TXN9OP997OE0U,CUST43765621,2026-04-09 21:16:52.670844,66.81,3,Books,Comics
TXNZM4QBPO4HE,CUST43765621,2026-04-03 21:16:52.670844,85.82,4,Toys & Games,Puzzles
TXNUT0WLRULNZ,CUST43765621,2026-04-02 21:16:52.670844,63.32,5,Books,Fiction
TXNIM547AN1V8,CUST43765621,2026-04-06 21:16:52.670844,70.27,4,Clothing,Shoes
TXNE98HAFMDTQ,CUST26459931,2026-01-06 21:16:52.670844,180.28,1,Home & Garden,Furniture
TXNHKBHI7ULYE,CUST26459931,2025-12-15 21:16:52.670844,269.79,3,Sports & Outdoors,Fitness Equipment
TXN5FSTFEBEYS,CUST26459931,2026-01-22 21:16:52.670844,242.57,1,Sports & Outdoors,Camping Gear
TXNZXUQR5CQMV,CUST26459931,2025-12-25 21:16:52.670844,274.81,3,Books,Fiction
TXNJFZX44E831,CUST26459931,2026-01-18 21:16:52.670844,297.25,3,Food & Beverages,Organic Products
TXNFX9Q8JGAHL,CUST26459931,2026-01-24 21:16:52.670844,189.39,1,Automotive,Parts
TXNR1KFHYCMS5,CUST26459931,2025-12-12 21:16:52.670844,55.59,2,Health & Beauty,Skincare
TXNRU7KDBKAUI,CUST26459931,2026-01-04 21:16:52.670844,269.14,2,Toys & Games,Puzzles
TXNKKLZCAV8WB,CUST36597455,2026-06-12 21:16:52.670844,150.64,1,Books,Comics
TXNTYN3LJX9FP,CUST36597455,2026-06-13 21:16:52.670844,165.81,3,Books,Non-Fiction
TXNRAM6IBHPO2,CUST36597455,2026-06-12 21:16:52.670844,224.9,3,Toys & Games,Action Figures
TXNWKHRZ6VK39,CUST36597455,2026-06-16 21:16:52.670844,154.23,2,Food & Beverages,Gourmet Food
TXNWYM7CZH4FO,CUST36597455,2026-06-13 21:16:52.670844,200.98,1,Electronics,Smart Watch
TXNEECBMKFGDN,CUST36597455,2026-06-13 21:16:52.670844,146.69,5,Health & Beauty,Supplements
TXN4W2TJB592M,CUST36597455,2026-06-18 21:16:52.670844,90.87,1,Health & Beauty,Makeup
TXN1ABL5SB00H,CUST36597455,2026-06-16 21:16:52.670844,117.21,1,Toys & Games,Puzzles
TXNOOLLUYITDF,CUST62999701,2026-06-23 21:16:52.670844,261.87,5,Automotive,Parts
TXNOCD0NQ6G2F,CUST62999701,2026-04-18 21:16:52.670844,157.06,3,Toys & Games,Puzzles
TXNP7AJQQL3F5,CUST62999701,2026-06-17 21:16:52.670844,166.01,1,Clothing,Accessories
TXNK9DSNJ2MEU,CUST62999701,2026-05-04 21:16:52.670844,278.36,4,Electronics,Camera
TXNXTVFWQ6L6B,CUST62999701,2026-04-27 21:16:52.670844,208.97,3,Home & Garden,Furniture
TXNOPJPPWO0XJ,CUST62999701,2026-06-13 21:16:52.670844,208.75,3,Clothing,T-Shirt
TXNM0VMUOBO0V,CUST62999701,2026-05-09 21:16:52.670844,160.43,5,Electronics,Tablet
TXN7X9K0YZAOO,CUST62999701,2026-06-05 21:16:52.670844,203.45,5,Food & Beverages,Snacks
TXN4QLEVK5CIA,CUST62999701,2026-05-06 21:16:52.670844,226.89,2,Automotive,Parts
TXNXUGL5NTG28,CUST62999701,2026-03-22 21:16:52.670844,151.67,4,Food & Beverages,Organic Products
TXN00SFVGAF6A,CUST62999701,2026-06-01 21:16:52.670844,292.76,4,Toys & Games,Video Games
TXNYMX8BXRTAJ,CUST62999701,2026-07-04 21:16:52.670844,206.87,2,Home & Garden,Tools
TXNWB8XIAQAQB,CUST62999701,2026-05-08 21:16:52.670844,277.2,3,Clothing,Shoes
TXN9QR323BWVB,CUST62999701,2026-03-10 21:16:52.670844,196.33,3,Electronics,Smartphone
TXNM860SAMFUW,CUST62999701,2026-05-25 21:16:52.670844,239.41,3,Health & Beauty,Skincare
TXNJHK9ZGG3CG,CUST62999701,2026-05-25 21:16:52.670844,85.24,3,Automotive,Car Accessories
TXNNNQDNTJUP9,CUST62999701,2026-04-21 21:16:52.670844,131.08,1,Clothing,Shoes
TXNP2X7D11Y4G,CUST62999701,2026-03-10 21:16:52.670844,214.88,4,Books,Comics
TXNUBVJTPPE14,CUST62999701,2026-05-09 21:16:52.670844,166.59,1,Automotive,Cleaning Supplies
TXNFM2D6AUWD0,CUST62999701,2026-07-01 21:16:52.670844,260.38,5,Home & Garden,Tools
TXNX5PGST97NC,CUST62999701,2026-06-09 21:16:52.670844,172.93,2,Toys & Games,Video Games
TXNTSCXOHG40K,CUST62999701,2026-05-22 21:16:52.670844,185.21,3,Sports & Outdoors,Sportswear
TXNCOYQYBCJPZ,CUST62999701,2026-04-13 21:16:52.670844,299.9,1,Automotive,Cleaning Supplies
TXNUIWXWWK2G7,CUST62999701,2026-04-22 21:16:52.670844,235.35,4,Automotive,Tools
TXNXSWTWRXB22,CUST62999701,2026-05-22 21:16:52.670844,147.23,2,Books,Comics
TXNCNOAPE09XZ,CUST62999701,2026-07-01 21:16:52.670844,130.48,1,Office Supplies,Desk Accessories
TXN3OPPZQNMDW,CUST62999701,2026-06-09 21:16:52.670844,213.37,2,Food & Beverages,Organic Products
TXNIHBCNNW7RC,CUST62999701,2026-04-28 21:16:52.670844,205.33,1,Books,Educational
TXNMUOMVCRG2F,CUST62999701,2026-04-27 21:16:52.670844,271.07,2,Office Supplies,Stationery
TXNELZNZW3TFN,CUST62999701,2026-04-01 21:16:52.670844,194.36,2,Books,Magazines
TXNPT4OJRESJM,CUST62999701,2026-04-09 21:16:52.670844,146.54,4,Books,Fiction
TXNPC3KTCAAM6,CUST62999701,2026-06-15 21:16:52.670844,111.52,4,Books,Comics
TXNINN8GTYRAC,CUST62999701,2026-06-18 21:16:52.670844,100.16,5,Health & Beauty,Personal Care
TXN3P1A6U1KYT,CUST16500683,2026-01-06 21:16:52.670844,300.01,3,Health & Beauty,Personal Care
TXNYW96JE6JMT,CUST16500683,2026-04-29 21:16:52.670844,279.59,3,Food & Beverages,Organic Products
TXN6R4XNQBQ8J,CUST16500683,2025-11-19 21:16:52.670844,172.25,2,Food & Beverages,Snacks
TXNBTODQYK61M,CUST16500683,2026-06-28 21:16:52.670844,251.7,5,Sports & Outdoors,Camping Gear
TXNCN4J7NSHT3,CUST16500683,2026-05-26 21:16:52.670844,183.48,5,Food & Beverages,Gourmet Food
TXNOLDP8IR51X,CUST16500683,2025-11-19 21:16:52.670844,303.55,2,Electronics,Smartphone
TXNF6Y1G7MPED,CUST16500683,2026-06-29 21:16:52.670844,345.69,1,Automotive,Parts
TXNOVR93YH2L1,CUST16500683,2026-05-16 21:16:52.670844,178.32,3,Books,Comics
TXNXRARDSXMNA,CUST16500683,2026-07-03 21:16:52.670844,297.12,5,Sports & Outdoors,Camping Gear
TXN6H6ANLFTMK,CUST16500683,2026-03-13 21:16:52.670844,226.68,3,Toys & Games,Puzzles
TXNZA2CFECT7M,CUST16500683,2026-06-17 21:16:52.670844,266.78,5,Health & Beauty,Makeup
TXN4H6HI4WP30,CUST16500683,2026-03-19 21:16:52.670844,328.48,3,Toys & Games,Action Figures
TXNFWS5BMCB9Y,CUST16500683,2025-12-22 21:16:52.670844,199.78,4,Clothing,Jacket
TXN5D6IACMKOG,CUST16500683,2026-02-21 21:16:52.670844,240.42,5,Sports & Outdoors,Bicycle
TXN0BSVI6YD7X,CUST16500683,2026-06-20 21:16:52.670844,201.98,4,Clothing,Shoes
TXNT75J0NYJHY,CUST16500683,2025-09-10 21:16:52.670844,202.31,1,Office Supplies,Furniture
TXNSC5ID6UL74,CUST16500683,2026-05-02 21:16:52.670844,346.14,5,Clothing,Accessories
TXNWH149LCGH4,CUST02614880,2026-01-16 21:16:52.670844,333.58,1,Clothing,Dress
TXNCS75C3B4BZ,CUST02614880,2026-01-12 21:16:52.670844,304.91,2,Sports & Outdoors,Camping Gear
TXN4WF1OTP7HN,CUST02614880,2026-01-29 21:16:52.670844,322.23,5,Electronics,Tablet
TXNMZIDNPI31S,CUST02614880,2025-07-31 21:16:52.670844,112.04,4,Toys & Games,Board Games
TXNYWNJT510FN,CUST02614880,2024-09-24 21:16:52.670844,377.78,3,Office Supplies,Desk Accessories
TXNAY2WVTOTJO,CUST02614880,2024-12-04 21:16:52.670844,297.14,5,Food & Beverages,Beverages
TXN3Q5OEAXBK8,CUST02614880,2025-05-31 21:16:52.670844,173.61,4,Home & Garden,Kitchen Appliances
TXNEWWWNTXNWF,CUST02614880,2025-07-24 21:16:52.670844,226.54,2,Home & Garden,Furniture
TXNLFD2VY8X1L,CUST02614880,2024-10-25 21:16:52.670844,167.93,5,Electronics,Tablet
TXNEGRNTSQ6JC,CUST02614880,2024-11-06 21:16:52.670844,296.37,5,Office Supplies,Stationery
TXND7X4GXKHY8,CUST02614880,2025-08-02 21:16:52.670844,70.56,2,Automotive,Parts
TXNFXI9XRYNQ5,CUST02614880,2024-09-06 21:16:52.670844,240.65,2,Books,Magazines
TXNR61I92YUMK,CUST02614880,2025-07-11 21:16:52.670844,241.47,3,Health & Beauty,Skincare
TXNOWCL56TRPM,CUST02614880,2024-08-17 21:16:52.670844,293.05,1,Clothing,Jacket
TXNVZ63ZI4FVH,CUST02614880,2024-11-25 21:16:52.670844,229.26,3,Food & Beverages,Beverages
TXNOKIOGSJ4HV,CUST49769512,2025-12-08 21:16:52.670844,254.68,2,Health & Beauty,Supplements
TXNEB8YWQ79RX,CUST49769512,2025-11-10 21:16:52.670844,234.55,3,Health & Beauty,Personal Care
TXNIDDN86CKCX,CUST49769512,2025-11-16 21:16:52.670844,190.39,4,Electronics,Camera
TXN35Q24QIYAF,CUST49769512,2026-01-01 21:16:52.670844,156.6,2,Clothing,Jacket
TXNSNU49F9P4P,CUST49769512,2026-01-06 21:16:52.670844,165.52,1,Books,Non-Fiction
TXNB57XZVP3RJ,CUST49769512,2025-10-15 21:16:52.670844,91.38,1,Toys & Games,Board Games
TXN9RE7FYBEA2,CUST49769512,2026-01-29 21:16:52.670844,169.18,3,Automotive,Tools
TXNL61GRJPLCZ,CUST49769512,2025-12-10 21:16:52.670844,225.93,3,Electronics,Headphones
TXNG4F5QUIQZA,CUST49769512,2025-08-14 21:16:52.670844,190.66,1,Toys & Games,Action Figures
TXNLC0VRK1AGB,CUST49769512,2025-07-02 21:16:52.670844,189.8,5,Electronics,Headphones
TXNZZDYJT2VCG,CUST13762103,2026-02-03 21:16:52.670844,94.83,3,Clothing,T-Shirt
TXNACWQAZ9D7T,CUST13762103,2026-01-21 21:16:52.670844,134.27,1,Office Supplies,Stationery
TXN4DVYC7UTU8,CUST13762103,2026-02-04 21:16:52.670844,109.74,5,Health & Beauty,Supplements
TXNA61PWJ7NH7,CUST13762103,2026-01-10 21:16:52.670844,140.22,1,Clothing,Shoes
TXNUH34WUXJPE,CUST13762103,2026-01-07 21:16:52.670844,125.06,1,Clothing,Jacket
TXNH7TH4MC38R,CUST13762103,2026-01-01 21:16:52.670844,143.23,4,Clothing,Dress
TXNWUL8PC6FA5,CUST13762103,2026-02-11 21:16:52.670844,143.12,3,Sports & Outdoors,Camping Gear
TXNYMCRUXMEMN,CUST02963127,2024-08-05 21:16:52.670844,140.96,4,Automotive,Cleaning Supplies
TXNETSY5LJMQQ,CUST02963127,2025-02-08 21:16:52.670844,149.98,5,Health & Beauty,Supplements
TXNT45QAGJM49,CUST02963127,2025-02-05 21:16:52.670844,127.41,2,Food & Beverages,Beverages
TXNHDG2QTLSS8,CUST02963127,2025-02-18 21:16:52.670844,95.41,4,Health & Beauty,Makeup
TXNERZXJN30FC,CUST02963127,2024-08-16 21:16:52.670844,195.71,2,Toys & Games,Action Figures
TXNDF2JTMI08G,CUST02963127,2025-03-01 21:16:52.670844,118.18,3,Books,Non-Fiction
TXN8WN1FOIG7Z,CUST40093609,2025-12-23 21:16:52.670844,91.01,2,Toys & Games,Video Games
TXN7RKA298YE9,CUST40093609,2025-12-31 21:16:52.670844,86.13,1,Automotive,Tools
TXNZUR36H8TB8,CUST40093609,2026-03-11 21:16:52.670844,81.45,4,Automotive,Cleaning Supplies
TXN3BLIBV5C06,CUST40093609,2025-08-06 21:16:52.670844,98.35,4,Office Supplies,Stationery
TXN1CATYRIM6O,CUST40093609,2025-07-20 21:16:52.670844,133.96,2,Sports & Outdoors,Camping Gear
TXNU3HV1QTUT9,CUST40093609,2025-07-09 21:16:52.670844,96.98,3,Sports & Outdoors,Fitness Equipment
TXNZXKCZVP44U,CUST40093609,2025-11-18 21:16:52.670844,64.64,5,Automotive,Car Accessories
TXNI6O86GTC61,CUST40093609,2026-03-03 21:16:52.670844,48.58,2,Office Supplies,Stationery
TXNDGWI1M1W1N,CUST40093609,2026-04-10 21:16:52.670844,82.89,4,Books,Comics
TXNJEDEKCK6P6,CUST40093609,2026-01-26 21:16:52.670844,80.81,3,Automotive,Tools
TXNPNPRZDRGEM,CUST40093609,2025-11-19 21:16:52.670844,65.36,3,Home & Garden,Furniture
TXNCOSCIO0QZW,CUST40093609,2025-10-24 21:16:52.670844,62.02,2,Clothing,Shoes
TXNFEI5WV9XTK,CUST40093609,2026-03-10 21:16:52.670844,99.11,5,Clothing,Shoes
TXNTEH8PW1FRD,CUST40093609,2026-04-10 21:16:52.670844,16.95,2,Toys & Games,Board Games
TXN2038DCHW49,CUST40093609,2026-05-08 21:16:52.670844,49.83,5,Home & Garden,Kitchen Appliances
TXNQ831YTFPS5,CUST40093609,2025-08-17 21:16:52.670844,114.23,1,Toys & Games,Video Games
TXNR3ZOD7H65T,CUST40093609,2026-04-28 21:16:52.670844,37.81,3,Sports & Outdoors,Camping Gear
TXNQUR6VPKCBF,CUST32305872,2026-03-23 21:16:52.670844,91.95,3,Automotive,Parts
TXNRZN7Y6SHDY,CUST32305872,2026-03-09 21:16:52.670844,97.93,1,Health & Beauty,Skincare
TXN0H82TMW10B,CUST32305872,2026-04-16 21:16:52.670844,131.24,5,Health & Beauty,Supplements
TXN1TC3WTF8B9,CUST32305872,2026-04-10 21:16:52.670844,77.81,4,Books,Non-Fiction
TXN6TNDXOXJ1D,CUST32305872,2026-05-21 21:16:52.670844,74.57,4,Office Supplies,Desk Accessories
TXN8HOH8NWTV8,CUST32305872,2025-12-26 21:16:52.670844,44.44,3,Health & Beauty,Personal Care
TXNBONKBCRX9I,CUST32305872,2026-04-07 21:16:52.670844,83.96,1,Sports & Outdoors,Bicycle
TXNZ07444Q47H,CUST32305872,2026-05-30 21:16:52.670844,79.3,2,Sports & Outdoors,Camping Gear
TXNK9LBCBS9UZ,CUST32305872,2026-04-18 21:16:52.670844,85.8,5,Food & Beverages,Gourmet Food
TXNK09MDF282S,CUST99388337,2026-02-23 21:16:52.670844,170.7,5,Food & Beverages,Snacks
TXNJ6NPHD22GT,CUST99388337,2026-03-04 21:16:52.670844,195.3,4,Automotive,Cleaning Supplies
TXNLM5HNKWDCP,CUST99388337,2026-03-22 21:16:52.670844,170.75,1,Clothing,Jeans
TXNJN3UA0F73S,CUST99388337,2026-02-06 21:16:52.670844,131.99,5,Office Supplies,Desk Accessories
TXN5M7QDD7R44,CUST99388337,2026-02-27 21:16:52.670844,245.99,2,Books,Comics
TXNSYSJTLMY9X,CUST99388337,2026-04-13 21:16:52.670844,131.04,1,Electronics,Camera
TXNCIXWZRUUX0,CUST67026386,2025-06-25 21:16:52.670844,179.18,3,Food & Beverages,Beverages
TXNEKBREHRX2R,CUST67026386,2025-12-20 21:16:52.670844,363.0,3,Sports & Outdoors,Sportswear
TXN5EZRFY5RFN,CUST67026386,2025-07-28 21:16:52.670844,174.63,3,Sports & Outdoors,Bicycle
TXNC6TSB199CJ,CUST67026386,2026-06-21 21:16:52.670844,259.55,5,Food & Beverages,Organic Products
TXN1RBB51CN8C,CUST67026386,2025-12-01 21:16:52.670844,192.9,4,Automotive,Tools
TXNRH6J9BPP96,CUST67026386,2025-11-18 21:16:52.670844,404.46,5,Sports & Outdoors,Sportswear
TXNFM29PKG5EW,CUST67026386,2025-12-12 21:16:52.670844,286.3,3,Office Supplies,Stationery
TXNGR0R2BGCD9,CUST67026386,2025-04-15 21:16:52.670844,257.34,5,Books,Educational
TXNQ2J8382WMO,CUST67026386,2026-04-02 21:16:52.670844,301.69,3,Clothing,T-Shirt
TXNL576CPLDLH,CUST67026386,2025-06-18 21:16:52.670844,349.08,1,Books,Educational
TXNU4IZPGEDA4,CUST67026386,2026-02-24 21:16:52.670844,213.68,2,Health & Beauty,Personal Care
TXN6IILR7IAM3,CUST67026386,2025-06-17 21:16:52.670844,204.01,2,Sports & Outdoors,Camping Gear
TXNQB7F6N8Q85,CUST67026386,2025-12-18 21:16:52.670844,278.34,5,Food & Beverages,Organic Products
TXNZ0ENHKPNLK,CUST67026386,2026-07-03 21:16:52.670844,368.6,2,Electronics,Tablet
TXNZDP9ATSP1X,CUST67026386,2025-04-28 21:16:52.670844,285.15,4,Health & Beauty,Makeup
TXNSMK4EAOKAY,CUST67026386,2025-05-11 21:16:52.670844,237.79,2,Office Supplies,Electronics
TXN8UO1NJ7VZB,CUST67026386,2026-01-12 21:16:52.670844,154.19,4,Home & Garden,Kitchen Appliances
TXNNGIC37QCIK,CUST67026386,2026-05-24 21:16:52.670844,198.96,2,Clothing,Accessories
TXN7LY5ZDQR2A,CUST67026386,2025-05-04 21:16:52.670844,200.82,3,Automotive,Car Accessories
TXN14ESUKX39M,CUST67026386,2025-10-18 21:16:52.670844,239.0,3,Food & Beverages,Gourmet Food
TXNNNVMRA1958,CUST67026386,2025-08-21 21:16:52.670844,252.64,2,Automotive,Tools
TXNBJHLLD8XAW,CUST67026386,2026-02-26 21:16:52.670844,115.33,4,Automotive,Tools
TXNX5TA8NJGGO,CUST46426643,2025-07-07 21:16:52.670844,56.16,1,Books,Comics
TXN1IWYOC2RC0,CUST46426643,2025-04-05 21:16:52.670844,71.32,3,Books,Non-Fiction
TXNHCFY2SSW0R,CUST46426643,2025-02-10 21:16:52.670844,69.66,2,Sports & Outdoors,Sportswear
TXNKDHPK4UYK6,CUST10826781,2026-05-11 21:16:52.670844,123.15,2,Sports & Outdoors,Sportswear
TXNZ4SP89XKXB,CUST10826781,2026-05-09 21:16:52.670844,115.84,3,Clothing,T-Shirt
TXNC9L808QS66,CUST10826781,2026-05-04 21:16:52.670844,144.76,2,Home & Garden,Kitchen Appliances
TXNIVCVMQ8BHF,CUST10826781,2026-05-06 21:16:52.670844,118.27,4,Automotive,Car Accessories
TXNMUZRX9FSB2,CUST10826781,2026-05-04 21:16:52.670844,205.23,4,Electronics,Headphones
TXNTZIU5WEE65,CUST00471956,2026-07-20 21:16:52.670844,93.06,3,Office Supplies,Stationery
TXNXV3HOTZYF7,CUST00471956,2026-07-19 21:16:52.670844,82.52,2,Automotive,Parts
TXNF16LHEW5SO,CUST00471956,2026-07-20 21:16:52.670844,106.15,4,Toys & Games,Action Figures
TXNE7KCD6SQJJ,CUST00471956,2026-07-19 21:16:52.670844,134.87,1,Health & Beauty,Skincare
TXNXTLHAPJ3OD,CUST00471956,2026-07-20 21:16:52.670844,53.31,4,Clothing,Dress
TXN5CT1Y0CLV4,CUST00471956,2026-07-19 21:16:52.670844,85.78,4,Toys & Games,Puzzles
TXN3O59EMTWBA,CUST00471956,2026-07-19 21:16:52.670844,87.18,4,Food & Beverages,Gourmet Food
TXN66HMXP6JRC,CUST00471956,2026-07-19 21:16:52.670844,65.91,5,Sports & Outdoors,Camping Gear
TXNW6SFE0ESIP,CUST00471956,2026-07-19 21:16:52.670844,112.06,3,Toys & Games,Puzzles
TXN626FY3FZIA,CUST00471956,2026-07-20 21:16:52.670844,87.8,4,Health & Beauty,Personal Care
TXNSBC0CX0DX6,CUST00471956,2026-07-19 21:16:52.670844,102.06,3,Health & Beauty,Makeup
TXNVXVYDIVW5L,CUST00471956,2026-07-19 21:16:52.670844,67.69,1,Books,Educational
TXNJ99V2FPR09,CUST00471956,2026-07-19 21:16:52.670844,77.71,1,Clothing,Jeans
TXNC1VW9OJ74H,CUST00471956,2026-07-19 21:16:52.670844,147.14,3,Clothing,Jacket
TXNQ6XX49E3CC,CUST00471956,2026-07-20 21:16:52.670844,135.49,3,Health & Beauty,Makeup
TXNELG9CIBW12,CUST00471956,2026-07-19 21:16:52.670844,151.99,1,Clothing,Shoes
TXN57ONSYOFBU,CUST11409696,2026-03-09 21:16:52.670844,77.54,4,Automotive,Car Accessories
TXN1F7MODRMFA,CUST11409696,2026-06-23 21:16:52.670844,207.14,1,Electronics,Smartphone
TXNN8AQQVV14V,CUST11409696,2026-07-04 21:16:52.670844,193.27,2,Home & Garden,Kitchen Appliances
TXNAG4D4G537Z,CUST11409696,2026-05-08 21:16:52.670844,386.22,5,Books,Non-Fiction
TXN5QILWDFSAG,CUST11409696,2026-03-27 21:16:52.670844,241.97,1,Health & Beauty,Supplements
TXN4TYV6TYVWC,CUST11409696,2026-03-14 21:16:52.670844,273.65,1,Toys & Games,Puzzles
TXN86B802JOZY,CUST11409696,2026-06-08 21:16:52.670844,322.83,4,Electronics,Tablet
TXNWN2VP105W7,CUST11409696,2026-05-15 21:16:52.670844,263.62,1,Automotive,Parts
TXN6XC49CFW15,CUST11409696,2026-06-04 21:16:52.670844,312.38,5,Toys & Games,Puzzles
TXNWEWJEVNAOZ,CUST11409696,2026-06-08 21:16:52.670844,263.02,4,Books,Fiction
TXN49F0EQ7V8P,CUST11409696,2026-03-28 21:16:52.670844,380.39,4,Toys & Games,Action Figures
TXNV5YNOE5YZZ,CUST11409696,2026-06-10 21:16:52.670844,167.52,3,Books,Magazines
TXNNJEMZZ7IHG,CUST11409696,2026-03-15 21:16:52.670844,285.4,3,Home & Garden,Tools
TXNH7IZ7LGGLF,CUST11409696,2026-04-26 21:16:52.670844,336.01,4,Automotive,Car Accessories
TXNZHF73SJN6V,CUST11409696,2026-06-07 21:16:52.670844,215.32,1,Food & Beverages,Snacks
TXNB1CUKOLFNK,CUST11409696,2026-06-21 21:16:52.670844,226.33,1,Office Supplies,Furniture
TXNWUNT2KTLYP,CUST11409696,2026-04-08 21:16:52.670844,238.78,1,Food & Beverages,Beverages
TXN7WCZ32BFR6,CUST11409696,2026-07-04 21:16:52.670844,319.59,2,Electronics,Camera
TXNIL090O0XVS,CUST11409696,2026-03-21 21:16:52.670844,217.56,4,Books,Comics
TXNI9GR83WWRV,CUST11409696,2026-03-26 21:16:52.670844,178.79,5,Health & Beauty,Personal Care
TXN3FE95DQNHQ,CUST11409696,2026-06-20 21:16:52.670844,129.64,1,Books,Comics
TXNND9CAAPY82,CUST11409696,2026-05-28 21:16:52.670844,331.17,5,Automotive,Car Accessories
TXNDJEN5VEAXB,CUST11019430,2026-04-15 21:16:52.670844,168.5,5,Toys & Games,Video Games
TXNID03J195PY,CUST11019430,2026-06-08 21:16:52.670844,155.49,5,Office Supplies,Desk Accessories
TXNHWG488M9WX,CUST11019430,2026-03-23 21:16:52.670844,176.71,2,Electronics,Tablet
TXN192WOTS00Z,CUST11019430,2026-03-27 21:16:52.670844,140.26,4,Clothing,Accessories
TXNY7R27QZJYZ,CUST11019430,2026-06-05 21:16:52.670844,115.3,1,Electronics,Tablet
TXNFFMZRHOW7Q,CUST11019430,2026-03-25 21:16:52.670844,191.08,4,Sports & Outdoors,Bicycle
TXNYJ3S7UOA3J,CUST11019430,2026-04-20 21:16:52.670844,288.59,5,Automotive,Parts
TXNU65T4N3KPK,CUST11019430,2026-05-12 21:16:52.670844,202.05,4,Toys & Games,Video Games
TXNDFV5GFO43D,CUST25420103,2026-06-12 21:16:52.670844,298.14,1,Sports & Outdoors,Sportswear
TXNUEWIA2YYI6,CUST25420103,2026-07-04 21:16:52.670844,252.51,2,Books,Non-Fiction
TXNSPVLPJMH37,CUST25420103,2026-05-14 21:16:52.670844,448.81,2,Sports & Outdoors,Bicycle
TXNQJP8LQ1385,CUST25420103,2026-06-01 21:16:52.670844,204.24,4,Health & Beauty,Skincare
TXN7UKP0K62XW,CUST25420103,2026-05-31 21:16:52.670844,287.76,5,Food & Beverages,Beverages
TXNULNUMWPJPP,CUST25420103,2026-06-28 21:16:52.670844,220.26,2,Electronics,Laptop
TXN2BJ82XBDST,CUST25420103,2026-05-11 21:16:52.670844,347.75,4,Books,Non-Fiction
TXN5EQ38EZYDX,CUST25420103,2026-05-04 21:16:52.670844,290.19,2,Food & Beverages,Snacks
TXNW00WGZMGF9,CUST25420103,2026-05-04 21:16:52.670844,342.67,4,Home & Garden,Tools
TXNS3YASYF4P9,CUST25420103,2026-05-07 21:16:52.670844,339.88,3,Clothing,Accessories
TXN8W3WFCIRC7,CUST25420103,2026-05-26 21:16:52.670844,397.02,4,Electronics,Smartphone
TXNSFS26JN7TS,CUST25420103,2026-06-22 21:16:52.670844,272.53,5,Office Supplies,Stationery
TXNS53816XTQZ,CUST25420103,2026-06-17 21:16:52.670844,172.7,1,Electronics,Smartphone
TXN018VD88T17,CUST25420103,2026-06-26 21:16:52.670844,295.23,5,Toys & Games,Puzzles
TXNZXH6L177NW,CUST25420103,2026-05-09 21:16:52.670844,172.63,5,Clothing,Accessories
TXNP539X2PPSO,CUST25420103,2026-07-03 21:16:52.670844,296.37,4,Books,Comics
TXNV4LB9IYDFT,CUST25420103,2026-05-18 21:16:52.670844,475.65,2,Food & Beverages,Gourmet Food
TXN6MFJK1NMYS,CUST25420103,2026-05-09 21:16:52.670844,200.21,5,Sports & Outdoors,Bicycle
TXNLT8XEO9PB3,CUST25420103,2026-06-24 21:16:52.670844,219.13,3,Health & Beauty,Makeup
TXNIHMDXVI471,CUST25420103,2026-06-19 21:16:52.670844,338.73,4,Home & Garden,Tools
TXN0PPFR89SCV,CUST25420103,2026-06-30 21:16:52.670844,333.5,1,Books,Educational
TXNE6R0ZZOHG5,CUST25420103,2026-05-17 21:16:52.670844,179.81,1,Automotive,Tools
TXNOWUNWT4F0T,CUST25420103,2026-06-02 21:16:52.670844,277.54,5,Books,Fiction
TXN474BMXCDJL,CUST25420103,2026-05-22 21:16:52.670844,245.72,5,Home & Garden,Kitchen Appliances
TXNV4UUQ2BYBN,CUST25420103,2026-06-12 21:16:52.670844,257.18,1,Books,Educational
TXNK8ODQ257QI,CUST25420103,2026-07-01 21:16:52.670844,380.12,1,Home & Garden,Kitchen Appliances
TXNXL2E4AFQ7J,CUST25420103,2026-06-07 21:16:52.670844,353.9,1,Books,Non-Fiction
TXNIJ9Y2IJIKZ,CUST25420103,2026-05-13 21:16:52.670844,499.58,5,Home & Garden,Bedding
TXNO6EH3ZGEFK,CUST25420103,2026-06-21 21:16:52.670844,279.85,5,Electronics,Smart Watch
TXN68CN8ST9NH,CUST25420103,2026-05-04 21:16:52.670844,325.02,1,Office Supplies,Furniture
TXNWW9S0FC7WS,CUST25420103,2026-06-10 21:16:52.670844,326.37,2,Sports & Outdoors,Fitness Equipment
TXNQZTOWNG76S,CUST25420103,2026-05-16 21:16:52.670844,149.19,4,Clothing,Shoes
TXNK5I28GKDZL,CUST25420103,2026-07-03 21:16:52.670844,383.42,1,Home & Garden,Tools
TXNYKCHA1THIH,CUST25420103,2026-05-28 21:16:52.670844,178.21,3,Health & Beauty,Skincare
TXNAXOV164X13,CUST25420103,2026-05-06 21:16:52.670844,277.02,4,Books,Educational
TXNKOL4A7D221,CUST25420103,2026-06-23 21:16:52.670844,313.29,2,Toys & Games,Video Games
TXNVELBTMO7WL,CUST25420103,2026-06-17 21:16:52.670844,261.76,4,Books,Magazines
TXN7ND5UGO5M8,CUST25420103,2026-05-31 21:16:52.670844,289.15,2,Food & Beverages,Organic Products
TXN8EX56GXC11,CUST25420103,2026-06-19 21:16:52.670844,340.6,3,Sports & Outdoors,Fitness Equipment
TXN54SUDH6QE3,CUST25420103,2026-06-27 21:16:52.670844,367.84,2,Books,Educational
TXNF6PVPZFOFW,CUST25420103,2026-05-08 21:16:52.670844,186.2,1,Books,Non-Fiction
TXNBGDZ77XEU5,CUST25420103,2026-05-09 21:16:52.670844,338.37,3,Food & Beverages,Beverages
TXNG2O777RM0U,CUST25420103,2026-05-19 21:16:52.670844,317.54,1,Automotive,Car Accessories
TXNM3HZ1U8QXN,CUST25420103,2026-06-30 21:16:52.670844,463.43,2,Sports & Outdoors,Sportswear
TXNOICXF3DXSE,CUST25420103,2026-06-05 21:16:52.670844,461.24,2,Clothing,Dress
TXNOVCQFH4P93,CUST25420103,2026-05-12 21:16:52.670844,254.78,4,Clothing,T-Shirt
TXNX2ROKJ2W6R,CUST25420103,2026-06-23 21:16:52.670844,325.09,1,Office Supplies,Electronics
TXNC6B5O5L12V,CUST25420103,2026-05-27 21:16:52.670844,386.27,2,Books,Non-Fiction
TXN1M3JCGD8K3,CUST25420103,2026-05-14 21:16:52.670844,127.22,1,Automotive,Cleaning Supplies
TXN48813756BU,CUST25420103,2026-05-23 21:16:52.670844,280.54,1,Books,Non-Fiction
TXNCWUZYXEFOR,CUST90805730,2026-03-25 21:16:52.670844,142.43,3,Automotive,Tools
TXNVQC3P41SUS,CUST90805730,2024-12-06 21:16:52.670844,172.26,3,Home & Garden,Decor
TXN36TIMKXYDB,CUST90805730,2026-01-30 21:16:52.670844,187.2,1,Health & Beauty,Makeup
TXNCM2KY3MDOH,CUST90805730,2026-04-30 21:16:52.670844,202.54,4,Office Supplies,Electronics
TXNA7AM6VQTQS,CUST90805730,2026-03-20 21:16:52.670844,272.05,1,Office Supplies,Desk Accessories
TXNKSD7F6T8L3,CUST90805730,2025-04-05 21:16:52.670844,210.44,1,Food & Beverages,Beverages
TXN08KGMT3DCJ,CUST90805730,2025-04-10 21:16:52.670844,276.52,3,Home & Garden,Furniture
TXNF41JQSEC2F,CUST90805730,2025-05-24 21:16:52.670844,176.01,5,Food & Beverages,Gourmet Food
TXNRW4O08JZ1Z,CUST90805730,2024-12-28 21:16:52.670844,156.86,4,Toys & Games,Puzzles
TXNSVCDSRMION,CUST90805730,2025-04-01 21:16:52.670844,188.72,3,Automotive,Tools
TXNIOY9VAROIN,CUST90805730,2026-01-25 21:16:52.670844,235.13,1,Electronics,Smartphone
TXNPQEBYNRXO1,CUST90805730,2026-04-30 21:16:52.670844,265.95,3,Automotive,Parts
TXNFSFITXYUTT,CUST90805730,2026-02-25 21:16:52.670844,366.16,5,Health & Beauty,Supplements
TXN60NY9Z9IK9,CUST34867093,2026-04-06 21:16:52.670844,104.24,1,Books,Comics
TXN8QUNIP55VP,CUST34867093,2026-04-06 21:16:52.670844,153.0,5,Toys & Games,Puzzles
TXNWLTEWCEBYH,CUST34867093,2026-04-01 21:16:52.670844,108.26,2,Sports & Outdoors,Bicycle
TXN7KIYJIVU74,CUST34867093,2026-04-13 21:16:52.670844,174.58,4,Clothing,Shoes
TXNSX3NCB1IAL,CUST34867093,2026-04-16 21:16:52.670844,187.98,2,Sports & Outdoors,Bicycle
TXNUIP323RE5Y,CUST00186044,2026-06-27 21:16:52.670844,142.0,4,Electronics,Smartphone
TXNK17AM6KPHQ,CUST00186044,2026-06-27 21:16:52.670844,155.59,3,Office Supplies,Furniture
TXNNRTWUMELIF,CUST00186044,2026-06-27 21:16:52.670844,223.77,5,Clothing,Accessories
TXN4QU5OQ10FX,CUST00186044,2026-06-26 21:16:52.670844,232.95,4,Food & Beverages,Beverages
TXNI9B7W5BTLX,CUST00186044,2026-06-27 21:16:52.670844,105.09,5,Automotive,Tools
TXNTFPRLHV06O,CUST00186044,2026-06-26 21:16:52.670844,202.57,3,Office Supplies,Furniture
TXNDWNDXPDQBV,CUST00186044,2026-06-26 21:16:52.670844,157.56,1,Toys & Games,Board Games
TXNK0NYZOFNAA,CUST00186044,2026-06-27 21:16:52.670844,184.22,2,Food & Beverages,Organic Products
TXNYTFE31HBQ3,CUST00186044,2026-06-25 21:16:52.670844,209.63,2,Sports & Outdoors,Fitness Equipment
TXNE7BERU4IQO,CUST00186044,2026-06-26 21:16:52.670844,161.15,4,Electronics,Camera
TXNTGLOEY2D7V,CUST00186044,2026-06-26 21:16:52.670844,236.56,4,Health & Beauty,Supplements
TXN4NMXNJ62BU,CUST00186044,2026-06-25 21:16:52.670844,77.03,3,Office Supplies,Furniture
TXNMXAWMDSHOK,CUST00186044,2026-06-26 21:16:52.670844,182.34,2,Toys & Games,Action Figures
TXNLRL03JUXRF,CUST00186044,2026-06-25 21:16:52.670844,124.42,2,Toys & Games,Puzzles
TXNWG2HL3K6AA,CUST00186044,2026-06-27 21:16:52.670844,96.91,5,Office Supplies,Furniture
TXNHSGWFWOJQQ,CUST00186044,2026-06-27 21:16:52.670844,156.16,4,Books,Magazines
TXNCW0JTYOXGU,CUST00186044,2026-06-26 21:16:52.670844,140.23,4,Home & Garden,Decor
TXNVCU68RDJB3,CUST00186044,2026-06-26 21:16:52.670844,183.31,1,Office Supplies,Desk Accessories
TXNN5HUWXKMLO,CUST00186044,2026-06-26 21:16:52.670844,211.55,4,Electronics,Tablet
TXNTP8V22MA7B,CUST00186044,2026-06-27 21:16:52.670844,182.77,4,Health & Beauty,Personal Care
TXNZUTYYQCLZQ,CUST00186044,2026-06-27 21:16:52.670844,117.48,2,Toys & Games,Puzzles
TXNTNAJL89AGN,CUST00186044,2026-06-25 21:16:52.670844,100.5,2,Home & Garden,Bedding
TXNB4R44P7PN8,CUST33668390,2026-05-28 21:16:52.670844,274.71,3,Books,Educational
TXNUJ4E8PQDF6,CUST33668390,2026-05-14 21:16:52.670844,382.78,4,Toys & Games,Puzzles
TXN33LAGB0O60,CUST33668390,2026-06-15 21:16:52.670844,182.49,4,Clothing,Dress
TXNIS5BZHTCR7,CUST33668390,2026-06-24 21:16:52.670844,184.53,2,Sports & Outdoors,Fitness Equipment
TXNP4VQ8E989V,CUST33668390,2026-07-12 21:16:52.670844,98.23,5,Home & Garden,Bedding
TXNOVCBISVAOI,CUST33668390,2026-07-18 21:16:52.670844,80.53,4,Books,Non-Fiction
TXNZPOU1ONP00,CUST33668390,2026-06-16 21:16:52.670844,177.41,2,Automotive,Car Accessories
TXNFQR6JT5H5W,CUST33668390,2026-05-09 21:16:52.670844,180.27,2,Books,Fiction
TXNLHBXO8ZJZ0,CUST33668390,2026-06-05 21:16:52.670844,201.24,1,Home & Garden,Kitchen Appliances
TXNXMUBXFD7RQ,CUST33668390,2026-05-21 21:16:52.670844,150.81,1,Toys & Games,Board Games
TXNVQ5IYE0DS7,CUST33668390,2026-06-12 21:16:52.670844,284.91,4,Automotive,Tools
TXNLMNGPXYWVP,CUST33668390,2026-06-26 21:16:52.670844,355.93,1,Food & Beverages,Beverages
TXNG5Z4N96CRZ,CUST33668390,2026-06-02 21:16:52.670844,230.66,4,Health & Beauty,Personal Care
TXNF55D8K7B48,CUST33668390,2026-07-09 21:16:52.670844,46.0,3,Books,Fiction
TXNF2DW24FXTI,CUST33668390,2026-07-10 21:16:52.670844,340.76,1,Books,Comics
TXNKTYNIRHD09,CUST33668390,2026-07-06 21:16:52.670844,316.29,4,Automotive,Parts
TXNMM1EAU4O41,CUST33668390,2026-07-11 21:16:52.670844,239.34,2,Electronics,Laptop
TXNRLWYO17R7G,CUST33668390,2026-07-21 21:16:52.670844,224.28,1,Books,Educational
TXNRRIET8XHOS,CUST33668390,2026-06-24 21:16:52.670844,155.34,3,Home & Garden,Tools
TXNY4KCZEAG8Y,CUST33668390,2026-05-19 21:16:52.670844,243.96,2,Food & Beverages,Beverages
TXNJVFVKK4XOF,CUST33668390,2026-06-03 21:16:52.670844,285.35,3,Clothing,Dress
TXN1GW5IZYYR4,CUST33668390,2026-06-20 21:16:52.670844,217.83,3,Office Supplies,Electronics
TXNLQCZL3PHZJ,CUST33668390,2026-06-04 21:16:52.670844,108.41,1,Automotive,Car Accessories
TXNRHKYQLOCGF,CUST33668390,2026-05-25 21:16:52.670844,188.01,3,Home & Garden,Kitchen Appliances
TXNOZTVLH7K11,CUST33668390,2026-06-08 21:16:52.670844,261.64,5,Automotive,Car Accessories
TXNI8VGHRAQ4O,CUST33668390,2026-07-07 21:16:52.670844,202.32,2,Toys & Games,Board Games
TXN4XPH9JG31C,CUST33668390,2026-07-15 21:16:52.670844,236.08,2,Books,Non-Fiction
TXNPO5B6JUM85,CUST33668390,2026-06-25 21:16:52.670844,217.09,3,Home & Garden,Kitchen Appliances
TXN7AFZCHG0I2,CUST33668390,2026-05-12 21:16:52.670844,136.37,1,Electronics,Camera
TXN36MR6ZG5UI,CUST33668390,2026-07-21 21:16:52.670844,303.5,5,Books,Educational
TXNRAB9CAU0G8,CUST33668390,2026-05-31 21:16:52.670844,161.25,4,Electronics,Smart Watch
TXNP3A42XAOHS,CUST33668390,2026-05-11 21:16:52.670844,136.2,5,Sports & Outdoors,Sportswear
TXNN13RPJTTPC,CUST33668390,2026-05-17 21:16:52.670844,274.72,1,Office Supplies,Desk Accessories
TXNREYAYB9V8J,CUST33668390,2026-06-03 21:16:52.670844,229.92,5,Books,Fiction
TXNFLHTB9EQW7,CUST33668390,2026-06-28 21:16:52.670844,208.18,2,Food & Beverages,Snacks
TXNW7NI7Y2DZE,CUST33668390,2026-06-29 21:16:52.670844,141.91,3,Home & Garden,Decor
TXNUA06S77SV6,CUST33668390,2026-07-19 21:16:52.670844,164.04,1,Clothing,Jacket
TXN12VK5RWAXO,CUST33668390,2026-05-07 21:16:52.670844,312.5,1,Health & Beauty,Makeup
TXNLZP789YQL4,CUST33668390,2026-06-25 21:16:52.670844,228.17,3,Office Supplies,Furniture
TXNJGQXC5C3EL,CUST33668390,2026-07-08 21:16:52.670844,251.31,3,Health & Beauty,Personal Care
TXN63K4JQJ2OO,CUST33668390,2026-07-14 21:16:52.670844,224.45,3,Clothing,T-Shirt
TXN0SEHBXJZJV,CUST33668390,2026-07-02 21:16:52.670844,241.92,4,Toys & Games,Action Figures
TXNUQYNYLAIIZ,CUST33668390,2026-07-18 21:16:52.670844,10.0,1,Office Supplies,Desk Accessories
TXNVEBNG5ESJX,CUST02267938,2026-06-23 21:16:52.670844,546.55,2,Toys & Games,Puzzles
TXN845AUE8W8I,CUST02267938,2026-03-26 21:16:52.670844,440.1,3,Sports & Outdoors,Sportswear
TXNFCEAOZ99EC,CUST02267938,2026-01-30 21:16:52.670844,621.64,2,Toys & Games,Board Games
TXNMM2N9VXBFL,CUST02267938,2025-12-28 21:16:52.670844,335.79,4,Clothing,Jacket
TXNQ2EIKZ0PKT,CUST02267938,2026-03-31 21:16:52.670844,230.76,1,Toys & Games,Video Games
TXNOO2IP8AIPX,CUST02267938,2025-12-31 21:16:52.670844,448.6,5,Home & Garden,Furniture
TXNVSW3ZGTBPH,CUST02267938,2026-06-22 21:16:52.670844,396.32,1,Clothing,Shoes
TXNODKBMMIY8J,CUST02267938,2026-05-17 21:16:52.670844,459.51,1,Clothing,T-Shirt
TXNCTFDWQIAQT,CUST02267938,2026-05-18 21:16:52.670844,554.43,1,Home & Garden,Furniture
TXN7QB8PW7LGZ,CUST02267938,2026-05-27 21:16:52.670844,297.82,3,Automotive,Parts
TXNA3JGVFFVFO,CUST02267938,2026-01-29 21:16:52.670844,275.82,4,Sports & Outdoors,Bicycle
TXN5W1QB4006C,CUST02267938,2025-12-28 21:16:52.670844,547.47,5,Sports & Outdoors,Camping Gear
TXNVLUXSJZZG8,CUST02267938,2026-05-02 21:16:52.670844,414.26,3,Office Supplies,Desk Accessories
TXN6JSW2ONR43,CUST02267938,2026-04-09 21:16:52.670844,228.27,1,Home & Garden,Decor
TXN4MLWWT83AD,CUST02267938,2025-12-27 21:16:52.670844,611.3,1,Health & Beauty,Supplements
TXNGOTBFJH6EC,CUST02267938,2026-06-17 21:16:52.670844,670.94,1,Food & Beverages,Gourmet Food
TXNRF8LN657VE,CUST02267938,2026-07-21 21:16:52.670844,401.85,2,Clothing,Jeans
TXNB8P6TO80V0,CUST02267938,2026-02-04 21:16:52.670844,568.44,1,Home & Garden,Tools
TXN53NSBHFZNY,CUST02267938,2025-12-25 21:16:52.670844,410.82,1,Clothing,Jacket
TXNAX6M65FXVS,CUST02267938,2026-02-27 21:16:52.670844,505.06,1,Office Supplies,Furniture
TXNGURN0F37RI,CUST02267938,2026-06-02 21:16:52.670844,498.96,3,Food & Beverages,Snacks
TXNUMVIE4UEC0,CUST02267938,2026-04-06 21:16:52.670844,322.23,4,Clothing,Jacket
TXNXDTI4KMWU2,CUST02267938,2025-12-30 21:16:52.670844,464.7,5,Sports & Outdoors,Sportswear
TXNIRYLU9EIOB,CUST02267938,2026-04-05 21:16:52.670844,417.35,1,Food & Beverages,Gourmet Food
TXN49VV2SIPIL,CUST02267938,2026-05-05 21:16:52.670844,506.39,4,Home & Garden,Decor
TXN5AL18XSJLE,CUST02267938,2026-02-10 21:16:52.670844,552.04,4,Home & Garden,Decor
TXNBCVTS2K47N,CUST02267938,2026-06-05 21:16:52.670844,412.39,1,Office Supplies,Furniture
TXNX60ZL8TUWB,CUST02267938,2026-04-24 21:16:52.670844,236.6,3,Sports & Outdoors,Sportswear
TXNOVRKQJ7ADQ,CUST02267938,2026-04-15 21:16:52.670844,489.52,3,Food & Beverages,Gourmet Food
TXN5XRX07X8NX,CUST02267938,2026-06-19 21:16:52.670844,709.43,1,Clothing,Jeans
TXNQMYCLICY3S,CUST02267938,2026-07-15 21:16:52.670844,450.61,2,Home & Garden,Decor
TXNC7NPL5EKA5,CUST02267938,2026-05-01 21:16:52.670844,282.45,2,Office Supplies,Desk Accessories
TXN2OMBTUR4EM,CUST47896612,2026-02-26 21:16:52.670844,317.36,4,Office Supplies,Electronics
TXNQ54KH2ADDP,CUST47896612,2026-04-10 21:16:52.670844,283.73,2,Automotive,Parts
TXN3XCPLSDAZ1,CUST47896612,2025-02-14 21:16:52.670844,527.85,1,Books,Non-Fiction
TXN2B7VHGPMQ8,CUST47896612,2025-06-09 21:16:52.670844,414.1,1,Books,Educational
TXN0ZHYJQ9Z6L,CUST47896612,2025-12-23 21:16:52.670844,529.94,4,Food & Beverages,Snacks
TXN7HWVRSQ5PH,CUST47896612,2025-01-30 21:16:52.670844,556.93,5,Clothing,Jeans
TXNVJY2K3JK68,CUST47896612,2025-04-01 21:16:52.670844,631.93,1,Health & Beauty,Supplements
TXN8GMI8WQ3MX,CUST47896612,2025-10-21 21:16:52.670844,623.22,4,Food & Beverages,Snacks
TXND8RP57P4K9,CUST47896612,2025-07-10 21:16:52.670844,384.43,2,Books,Educational
TXN72V8YP1B81,CUST47896612,2026-03-20 21:16:52.670844,245.3,2,Toys & Games,Board Games
TXNC0KL5EO0IZ,CUST47896612,2025-08-02 21:16:52.670844,476.59,3,Health & Beauty,Personal Care
TXNPAH4OED0GL,CUST47896612,2025-06-01 21:16:52.670844,631.87,5,Clothing,Shoes
TXN5VHN1YDQP8,CUST47896612,2025-08-09 21:16:52.670844,400.1,3,Clothing,Dress
TXN1D8J7BQKA4,CUST47896612,2025-02-11 21:16:52.670844,513.1,2,Health & Beauty,Personal Care
TXNGK0UC6K64Y,CUST47896612,2025-07-12 21:16:52.670844,444.84,3,Toys & Games,Action Figures
TXN9VOA2BUJW4,CUST47896612,2025-06-13 21:16:52.670844,395.55,4,Sports & Outdoors,Camping Gear
TXNIGISMQMO4O,CUST47896612,2026-04-25 21:16:52.670844,559.39,3,Books,Non-Fiction
TXND2O8VM0O7Q,CUST47896612,2026-06-11 21:16:52.670844,328.36,3,Office Supplies,Stationery
TXNZR34K6Q356,CUST47896612,2026-03-20 21:16:52.670844,517.49,1,Health & Beauty,Personal Care
TXNPQAV2U17BW,CUST47896612,2025-12-12 21:16:52.670844,360.27,1,Toys & Games,Board Games
TXNO51B0X4BX6,CUST47896612,2026-05-25 21:16:52.670844,398.05,2,Books,Educational
TXNP9GAFBLDAK,CUST47896612,2025-11-18 21:16:52.670844,267.74,3,Electronics,Laptop
TXNJQ62WEAD42,CUST47896612,2025-12-03 21:16:52.670844,576.72,1,Electronics,Smart Watch
TXNA0DH477M5O,CUST47896612,2026-01-27 21:16:52.670844,378.62,2,Sports & Outdoors,Bicycle
TXNRJPZB8HAW8,CUST47896612,2026-05-17 21:16:52.670844,515.19,3,Clothing,Shoes
TXN75ZJK60MCP,CUST47896612,2024-12-26 21:16:52.670844,533.06,4,Food & Beverages,Gourmet Food
TXNRR1P2FB4HK,CUST47896612,2026-05-17 21:16:52.670844,519.68,3,Food & Beverages,Gourmet Food
TXNLUPPCG0YHP,CUST47896612,2024-12-30 21:16:52.670844,496.84,4,Sports & Outdoors,Bicycle
TXNM34GAX56U0,CUST47896612,2025-06-01 21:16:52.670844,607.47,5,Food & Beverages,Snacks
TXNALZ1B8SIHU,CUST47896612,2026-01-16 21:16:52.670844,517.22,1,Automotive,Cleaning Supplies
TXN8OACI9FAI6,CUST47896612,2025-05-18 21:16:52.670844,522.84,3,Office Supplies,Stationery
TXNBJLIK0A26F,CUST47896612,2025-04-14 21:16:52.670844,468.94,4,Clothing,T-Shirt
TXNPIXGQR3KRQ,CUST47896612,2025-07-25 21:16:52.670844,407.94,5,Automotive,Cleaning Supplies
TXNQ09ERUSYSE,CUST47896612,2026-03-27 21:16:52.670844,573.28,1,Toys & Games,Board Games
TXNB0QQCERNG7,CUST47896612,2025-06-15 21:16:52.670844,437.59,5,Toys & Games,Action Figures
TXN0F3KPRVTC7,CUST47896612,2025-10-30 21:16:52.670844,508.54,1,Electronics,Tablet
TXN09DI9846CA,CUST47896612,2025-10-09 21:16:52.670844,624.02,2,Home & Garden,Tools
TXN0WVRDGDT9P,CUST47896612,2026-04-12 21:16:52.670844,580.91,2,Health & Beauty,Personal Care
TXNZYLJPTF52U,CUST47896612,2025-02-18 21:16:52.670844,487.11,4,Electronics,Camera
TXN8JUCJVQZ8F,CUST47896612,2025-03-04 21:16:52.670844,434.82,1,Clothing,Jeans
TXNGRZ61VO59J,CUST47896612,2026-02-24 21:16:52.670844,266.69,4,Clothing,Shoes
TXN235GOEEH3J,CUST47896612,2025-05-08 21:16:52.670844,458.1,2,Electronics,Laptop
TXNEFACRYU9SM,CUST47896612,2026-04-14 21:16:52.670844,458.61,1,Clothing,Dress
TXN3F2TC3WE06,CUST21183435,2026-02-21 21:16:52.670844,146.75,5,Office Supplies,Desk Accessories
TXNNSV03IVA8K,CUST21183435,2026-02-21 21:16:52.670844,84.23,3,Health & Beauty,Supplements
TXND7JR841NHW,CUST21183435,2026-02-21 21:16:52.670844,197.6,5,Clothing,Jacket
TXNV75P3VYLJX,CUST37795985,2026-02-05 21:16:52.670844,121.78,3,Office Supplies,Desk Accessories
TXNP91YHR448O,CUST37795985,2026-01-02 21:16:52.670844,103.6,4,Food & Beverages,Gourmet Food
TXNJVY8YHTNZH,CUST37795985,2026-01-28 21:16:52.670844,112.26,3,Home & Garden,Decor
TXN7UR7KC158D,CUST37795985,2026-02-06 21:16:52.670844,136.87,3,Sports & Outdoors,Camping Gear
TXNURCT2ZI29B,CUST37795985,2026-01-31 21:16:52.670844,95.05,4,Food & Beverages,Gourmet Food
TXNHIEQ4B53NK,CUST37795985,2026-02-07 21:16:52.670844,123.5,3,Health & Beauty,Skincare
TXN30QKTOU8C2,CUST37795985,2026-01-07 21:16:52.670844,78.67,4,Toys & Games,Board Games
TXNSQRIXHQ7TO,CUST37795985,2026-01-08 21:16:52.670844,117.7,3,Food & Beverages,Gourmet Food
TXNCMD2W3COPO,CUST37795985,2026-02-04 21:16:52.670844,92.33,3,Electronics,Headphones
TXN4I5IPO3WNT,CUST37795985,2026-01-18 21:16:52.670844,150.21,1,Toys & Games,Action Figures
TXN8HUG8PA2V1,CUST99081214,2026-04-09 21:16:52.670844,153.6,4,Toys & Games,Puzzles
TXNIYPLHOJF9J,CUST99081214,2026-04-17 21:16:52.670844,100.88,3,Food & Beverages,Gourmet Food
TXNNB2O68FDK1,CUST99081214,2026-05-07 21:16:52.670844,161.54,2,Health & Beauty,Skincare
TXNCTV1D2KD10,CUST99081214,2026-05-09 21:16:52.670844,87.12,5,Food & Beverages,Beverages
TXNH1VZ6OIND1,CUST99081214,2026-04-06 21:16:52.670844,118.71,5,Automotive,Cleaning Supplies
TXNW8PIFDYB8I,CUST99081214,2026-04-14 21:16:52.670844,91.13,2,Office Supplies,Electronics
TXN6A2WL8TEDO,CUST99081214,2026-04-12 21:16:52.670844,188.42,4,Automotive,Parts
TXNUMHPH6U85Q,CUST99081214,2026-04-24 21:16:52.670844,127.06,1,Books,Magazines
TXN7Z7NNGGW7L,CUST99081214,2026-04-19 21:16:52.670844,145.52,3,Home & Garden,Furniture
TXNY2XH0DDDJ8,CUST94951094,2026-01-09 21:16:52.670844,156.68,2,Toys & Games,Puzzles
TXNO00N47GXH5,CUST94951094,2025-12-28 21:16:52.670844,106.07,1,Clothing,Shoes
TXNQESE3EUOD8,CUST94951094,2026-03-28 21:16:52.670844,95.5,2,Books,Comics
TXN88KULIMM3E,CUST52284138,2025-10-05 21:16:52.670844,96.02,5,Office Supplies,Stationery
TXNAR2KF6RK4T,CUST29738292,2025-07-28 21:16:52.670844,129.72,2,Sports & Outdoors,Bicycle
TXNRDEEKATO6A,CUST25037101,2025-10-06 21:16:52.670844,121.8,2,Electronics,Camera
TXN7U43K542WX,CUST25037101,2025-03-06 21:16:52.670844,231.3,4,Books,Educational
TXNBSO32AVGXM,CUST25037101,2026-04-17 21:16:52.670844,271.65,4,Electronics,Smartphone
TXNCGKT9SY612,CUST25037101,2025-08-03 21:16:52.670844,294.83,4,Electronics,Laptop
TXN9XVVNMDH85,CUST25037101,2026-01-05 21:16:52.670844,255.05,1,Toys & Games,Board Games
TXNH7YPN9O3II,CUST25037101,2026-01-19 21:16:52.670844,296.37,1,Food & Beverages,Gourmet Food
TXNAMNJ9UG6SX,CUST25037101,2025-02-18 21:16:52.670844,306.91,3,Food & Beverages,Beverages
TXN7228JZ755M,CUST25037101,2026-06-03 21:16:52.670844,158.36,1,Clothing,Jacket
TXN3YVL4LAJY5,CUST25037101,2026-04-08 21:16:52.670844,274.5,4,Home & Garden,Bedding
TXN672PA0SGFB,CUST25037101,2025-06-04 21:16:52.670844,255.03,2,Clothing,Shoes
TXNVQHC4MG0V9,CUST25037101,2025-09-24 21:16:52.670844,255.68,5,Health & Beauty,Makeup
TXN8H6X1L0J67,CUST25037101,2025-10-25 21:16:52.670844,216.61,3,Clothing,T-Shirt
TXNXBOFX5CWX4,CUST25037101,2026-04-18 21:16:52.670844,182.53,5,Sports & Outdoors,Fitness Equipment
TXNQRKGP6A6PI,CUST25037101,2025-08-09 21:16:52.670844,231.11,5,Clothing,Dress
TXNOIGB1FKTOY,CUST25037101,2025-04-03 21:16:52.670844,345.04,3,Electronics,Smart Watch
TXNZZR57MODPE,CUST25037101,2026-05-15 21:16:52.670844,198.04,5,Automotive,Car Accessories
TXNR0FP9YJW6Z,CUST25037101,2025-04-18 21:16:52.670844,201.87,3,Sports & Outdoors,Camping Gear
TXNNTI716E26W,CUST25037101,2025-10-30 21:16:52.670844,168.01,3,Clothing,Jacket
TXNE7FSB6TYY8,CUST25037101,2025-07-12 21:16:52.670844,198.76,2,Electronics,Tablet
TXN5S2SIKQNBJ,CUST25037101,2025-04-07 21:16:52.670844,143.3,4,Food & Beverages,Snacks
TXN6NK2TS2G4C,CUST25037101,2025-10-20 21:16:52.670844,101.91,4,Automotive,Parts
TXNHIE86C8K6L,CUST25037101,2026-06-04 21:16:52.670844,125.0,3,Office Supplies,Furniture
TXNPFW32Z1JQ0,CUST25037101,2025-12-07 21:16:52.670844,306.34,2,Toys & Games,Puzzles
TXNVI8O1XNPEC,CUST34752013,2026-03-18 21:16:52.670844,245.38,2,Sports & Outdoors,Camping Gear
TXN2J6HHOHQE9,CUST34752013,2026-01-21 21:16:52.670844,281.03,4,Toys & Games,Board Games
TXN6LQ0X3X4TA,CUST34752013,2025-12-22 21:16:52.670844,315.1,1,Office Supplies,Furniture
TXN4G4KV8GZI9,CUST34752013,2026-03-09 21:16:52.670844,300.32,5,Food & Beverages,Snacks
TXNM2UA381L3Q,CUST34752013,2026-01-06 21:16:52.670844,253.89,3,Electronics,Smartphone
TXNT0YF50HZAD,CUST34752013,2026-02-11 21:16:52.670844,335.09,5,Automotive,Car Accessories
TXN8Z2D58V5O8,CUST34752013,2026-01-27 21:16:52.670844,258.18,1,Office Supplies,Desk Accessories
TXNU7XI2LY0AS,CUST34752013,2026-05-15 21:16:52.670844,292.25,1,Home & Garden,Furniture
TXN8B5ELU5HWP,CUST34752013,2026-04-30 21:16:52.670844,196.37,5,Toys & Games,Board Games
TXNK4WU1JD6D2,CUST34752013,2026-01-01 21:16:52.670844,302.24,2,Electronics,Smart Watch
TXNWL5S1PO955,CUST34752013,2026-03-07 21:16:52.670844,277.48,4,Electronics,Smart Watch
TXN4KYBPY1CYO,CUST34752013,2026-04-01 21:16:52.670844,324.59,5,Home & Garden,Kitchen Appliances
TXNT0XG1FH4ZC,CUST34752013,2026-06-20 21:16:52.670844,313.44,4,Health & Beauty,Personal Care
TXN71GS82KXEW,CUST34752013,2026-06-29 21:16:52.670844,254.72,4,Automotive,Cleaning Supplies
TXNK9770B1VMC,CUST34752013,2026-06-16 21:16:52.670844,231.94,5,Electronics,Camera
TXN8DLMDOCMIK,CUST34752013,2026-05-07 21:16:52.670844,266.3,5,Books,Comics
TXNQ7SN6TCSC1,CUST34752013,2026-04-16 21:16:52.670844,313.75,1,Toys & Games,Action Figures
TXNJ009PI9XCC,CUST34752013,2026-01-20 21:16:52.670844,326.58,1,Clothing,T-Shirt
TXN4XOMO46WT1,CUST34752013,2026-02-07 21:16:52.670844,261.54,4,Books,Educational
TXNTEXIA6FHJI,CUST34752013,2026-02-22 21:16:52.670844,363.32,2,Electronics,Tablet
TXNURVAA2K2L1,CUST34752013,2026-03-05 21:16:52.670844,268.59,1,Automotive,Parts
TXN9FXNUNOIDM,CUST34752013,2026-05-16 21:16:52.670844,450.57,4,Electronics,Headphones
TXNLLMCBNLZGW,CUST34752013,2026-01-11 21:16:52.670844,366.62,3,Clothing,Accessories
TXNXW97NB3AUG,CUST34752013,2026-03-24 21:16:52.670844,289.1,5,Toys & Games,Puzzles
TXN3Y0X5ENKXS,CUST34752013,2026-02-18 21:16:52.670844,323.72,3,Electronics,Camera
TXNQWPJN3THXA,CUST34752013,2026-01-17 21:16:52.670844,346.1,4,Food & Beverages,Snacks
TXNNVTA4PGH2X,CUST40537071,2026-04-24 21:16:52.670844,203.37,5,Home & Garden,Tools
TXN9HLI1ZSJ8A,CUST40537071,2026-03-10 21:16:52.670844,123.38,2,Clothing,Dress
TXNM4MWGF0O4B,CUST40537071,2026-03-09 21:16:52.670844,81.42,2,Health & Beauty,Personal Care
TXNULKQJBP2OU,CUST40537071,2026-03-30 21:16:52.670844,144.88,5,Sports & Outdoors,Fitness Equipment
TXNG922VPLU0A,CUST40537071,2026-01-04 21:16:52.670844,131.3,2,Books,Non-Fiction
TXNJR0A8BMXI4,CUST40537071,2026-05-08 21:16:52.670844,147.98,4,Office Supplies,Stationery
TXNL2KZ0OV4QF,CUST40537071,2026-05-12 21:16:52.670844,161.33,1,Electronics,Camera
TXNR3EVH9NG90,CUST40537071,2026-07-12 21:16:52.670844,109.22,1,Health & Beauty,Skincare
TXNCR8PO3DDY7,CUST40537071,2026-02-23 21:16:52.670844,87.65,3,Books,Educational
TXNMHLSUYXUL8,CUST40537071,2026-01-06 21:16:52.670844,177.43,2,Electronics,Smart Watch
TXNJTSF3CGWJY,CUST40537071,2026-03-14 21:16:52.670844,121.98,2,Automotive,Tools
TXNJFMQRNA0F7,CUST40537071,2026-05-04 21:16:52.670844,206.8,5,Toys & Games,Puzzles
TXN5K7UJGVBE9,CUST40537071,2026-07-16 21:16:52.670844,181.67,2,Food & Beverages,Snacks
TXN5QHCRPTU4N,CUST40537071,2026-04-22 21:16:52.670844,116.46,4,Automotive,Car Accessories
TXNM56ZUEAT2F,CUST40537071,2026-06-10 21:16:52.670844,188.16,1,Electronics,Headphones
TXNAHWRR83SFY,CUST40537071,2026-02-18 21:16:52.670844,104.91,4,Food & Beverages,Snacks
TXNEVNFOK8N4F,CUST40537071,2026-01-18 21:16:52.670844,185.63,4,Home & Garden,Decor
TXNK462CAPVM6,CUST40537071,2026-05-23 21:16:52.670844,94.98,1,Books,Fiction
TXNXJIZYH34RO,CUST40537071,2026-02-06 21:16:52.670844,138.91,4,Food & Beverages,Beverages
TXNZ8KCODQC91,CUST40537071,2026-05-16 21:16:52.670844,126.6,2,Books,Magazines
TXNE1HIM5OQ7D,CUST40537071,2026-01-05 21:16:52.670844,133.44,4,Toys & Games,Board Games
TXN9IY6AAJSLG,CUST40537071,2026-03-31 21:16:52.670844,167.78,1,Office Supplies,Desk Accessories
TXNS7PDX2YAC0,CUST40537071,2026-01-07 21:16:52.670844,108.18,5,Toys & Games,Board Games
TXN57VAY7MNQX,CUST40537071,2026-02-12 21:16:52.670844,85.37,1,Electronics,Tablet
TXN7F00WCQ97G,CUST40537071,2026-07-02 21:16:52.670844,99.93,5,Home & Garden,Kitchen Appliances
TXNUF4XA8FFMB,CUST40537071,2026-04-03 21:16:52.670844,113.64,4,Health & Beauty,Makeup
TXNCKATF1M5CA,CUST40537071,2026-03-22 21:16:52.670844,27.66,2,Health & Beauty,Skincare
TXNY9NF4B7326,CUST40537071,2026-05-03 21:16:52.670844,60.03,4,Food & Beverages,Snacks
TXNHKI86E4LXA,CUST40537071,2026-04-27 21:16:52.670844,125.24,4,Toys & Games,Board Games
TXNZB2OTZWYQL,CUST40537071,2026-03-16 21:16:52.670844,64.98,5,Clothing,T-Shirt
TXNHEXZDD7W14,CUST40537071,2026-06-03 21:16:52.670844,200.09,5,Clothing,T-Shirt
TXNMZWP9QC451,CUST40537071,2026-01-13 21:16:52.670844,132.73,1,Home & Garden,Kitchen Appliances
TXNK4KRPDYW2Z,CUST40537071,2026-04-04 21:16:52.670844,117.37,5,Health & Beauty,Supplements
TXNH1DAOQLPHE,CUST40537071,2026-06-24 21:16:52.670844,181.1,3,Automotive,Cleaning Supplies
TXN8I1DA9UO08,CUST03806100,2025-09-15 21:16:52.670844,94.12,1,Clothing,Accessories
TXNE6MRBY6T77,CUST03806100,2026-01-06 21:16:52.670844,84.0,1,Automotive,Cleaning Supplies
TXNILUVEQMHVI,CUST03806100,2025-09-17 21:16:52.670844,138.32,4,Electronics,Camera
TXN43HCHR45LW,CUST03806100,2026-02-26 21:16:52.670844,120.03,4,Health & Beauty,Personal Care
TXNVBS2UYR59W,CUST03806100,2025-12-27 21:16:52.670844,44.85,3,Health & Beauty,Personal Care
TXNKUDO0VNO5S,CUST03806100,2025-10-01 21:16:52.670844,78.11,5,Books,Non-Fiction
TXN8KM52MEJI7,CUST03806100,2026-03-08 21:16:52.670844,65.39,5,Toys & Games,Puzzles
TXNIGS3LH7OIN,CUST03806100,2025-10-31 21:16:52.670844,81.27,1,Books,Educational
TXN8Y9KNL2TT7,CUST03806100,2025-09-17 21:16:52.670844,107.7,1,Books,Fiction
TXNHG6RIM1ULH,CUST03806100,2025-09-05 21:16:52.670844,62.26,3,Automotive,Car Accessories
TXNQL8I5CAHZD,CUST56531860,2026-03-03 21:16:52.670844,280.94,5,Automotive,Parts
TXNKA0LR3VCFJ,CUST56531860,2026-05-07 21:16:52.670844,404.1,4,Home & Garden,Tools
TXNPP745FHMY5,CUST56531860,2026-02-25 21:16:52.670844,199.49,3,Toys & Games,Puzzles
TXNEIXCSZ3G6Q,CUST56531860,2026-02-05 21:16:52.670844,392.81,4,Books,Fiction
TXNJYB1YI5AIK,CUST56531860,2026-06-30 21:16:52.670844,389.41,5,Home & Garden,Kitchen Appliances
TXN58BW2G9L8J,CUST56531860,2026-02-01 21:16:52.670844,251.9,3,Health & Beauty,Skincare
TXN3R8NJCVN8T,CUST56531860,2026-06-30 21:16:52.670844,365.36,1,Toys & Games,Board Games
TXNBYPA5ZQE5J,CUST56531860,2026-03-17 21:16:52.670844,534.57,3,Clothing,T-Shirt
TXNRMT15LABOC,CUST56531860,2026-03-20 21:16:52.670844,307.96,5,Health & Beauty,Personal Care
TXNA5DDV41N8G,CUST56531860,2026-03-13 21:16:52.670844,326.43,4,Books,Comics
TXN800ZQFZUFQ,CUST56531860,2026-07-10 21:16:52.670844,473.41,4,Sports & Outdoors,Fitness Equipment
TXNZ9S88HYJTW,CUST56531860,2026-04-29 21:16:52.670844,506.74,3,Sports & Outdoors,Bicycle
TXN9JJYACU3RL,CUST56531860,2026-04-19 21:16:52.670844,188.78,2,Clothing,Shoes
TXNWZFD5QLY34,CUST56531860,2026-03-17 21:16:52.670844,368.24,3,Clothing,Shoes
TXN2CR7G88CQG,CUST56531860,2026-06-06 21:16:52.670844,184.72,5,Toys & Games,Action Figures
TXNGVEYOANLGY,CUST56531860,2026-04-13 21:16:52.670844,284.48,5,Home & Garden,Bedding
TXN2GRJ72ZIY6,CUST56531860,2026-01-20 21:16:52.670844,366.49,4,Office Supplies,Electronics
TXNCEBXZ5T4VY,CUST56531860,2026-04-25 21:16:52.670844,265.45,4,Electronics,Camera
TXN7NTEVCPX6A,CUST56531860,2026-04-24 21:16:52.670844,414.44,5,Clothing,T-Shirt
TXN69VDZ0Z0N6,CUST56531860,2026-02-26 21:16:52.670844,296.33,4,Home & Garden,Kitchen Appliances
TXNNKC4YRQDF2,CUST56531860,2026-01-08 21:16:52.670844,138.51,4,Health & Beauty,Skincare
TXNLAHHTS1602,CUST56531860,2026-01-24 21:16:52.670844,144.23,1,Health & Beauty,Supplements
TXN3JD1DGI2Y2,CUST56531860,2026-06-19 21:16:52.670844,250.91,3,Sports & Outdoors,Camping Gear
TXNFDAJFXWQGG,CUST56531860,2026-07-06 21:16:52.670844,319.45,3,Toys & Games,Action Figures
TXNT5DHN08X5N,CUST56531860,2026-01-31 21:16:52.670844,455.23,4,Health & Beauty,Skincare
TXNP5BYU09AFC,CUST56531860,2026-03-18 21:16:52.670844,307.44,4,Books,Fiction
TXN0LZ29MLZST,CUST56531860,2026-03-29 21:16:52.670844,197.86,5,Books,Educational
TXNF34ANG9HCP,CUST56531860,2026-06-16 21:16:52.670844,429.63,4,Food & Beverages,Gourmet Food
TXN6NO4VRJJ90,CUST56531860,2026-04-28 21:16:52.670844,473.24,3,Electronics,Tablet
TXNRRMS9LFKLJ,CUST56531860,2026-06-15 21:16:52.670844,363.72,4,Home & Garden,Tools
TXNUG7FZQ0AGA,CUST56531860,2026-07-14 21:16:52.670844,439.23,2,Automotive,Tools
TXNW9FXXF4SFH,CUST56531860,2026-06-03 21:16:52.670844,291.52,3,Automotive,Parts
TXNG0Q0IR8MR4,CUST56531860,2026-05-21 21:16:52.670844,256.87,3,Office Supplies,Stationery
TXNUE65H4I7JI,CUST56531860,2026-03-07 21:16:52.670844,319.73,1,Clothing,T-Shirt
TXNL6BRRULQOZ,CUST56531860,2026-04-12 21:16:52.670844,356.99,3,Health & Beauty,Personal Care
TXN8GM2WAQ4HM,CUST56531860,2026-02-09 21:16:52.670844,436.91,2,Health & Beauty,Personal Care
TXNJ86CRCQOGY,CUST56531860,2026-03-22 21:16:52.670844,141.76,1,Office Supplies,Stationery
TXNGHPAI2CIS6,CUST56531860,2026-07-14 21:16:52.670844,258.07,2,Health & Beauty,Makeup
TXNCJQX8DIMNO,CUST56531860,2026-02-21 21:16:52.670844,370.42,3,Toys & Games,Puzzles
TXND2P7YKVLFP,CUST56531860,2026-04-20 21:16:52.670844,179.24,4,Toys & Games,Video Games
TXNVJZU94LO1O,CUST56531860,2026-03-19 21:16:52.670844,313.75,3,Books,Educational
TXN3TSOMR5VO7,CUST67753347,2026-01-10 21:16:52.670844,216.08,1,Automotive,Car Accessories
TXNKXCXFMQ7JE,CUST67753347,2026-04-14 21:16:52.670844,66.31,3,Sports & Outdoors,Bicycle
TXNEHV3CD4WFC,CUST67753347,2025-11-14 21:16:52.670844,126.08,3,Food & Beverages,Gourmet Food
TXNK8WE8II039,CUST21030193,2026-07-04 21:16:52.670844,77.78,4,Books,Educational
TXNRSFRAUWVT0,CUST21030193,2026-06-06 21:16:52.670844,126.64,4,Office Supplies,Electronics
TXNAX0EOQAVFY,CUST21030193,2026-06-06 21:16:52.670844,10.0,2,Automotive,Cleaning Supplies
TXN5MJ9V9UDFQ,CUST21030193,2026-06-07 21:16:52.670844,163.37,5,Office Supplies,Stationery
TXNPO09IISEGB,CUST21030193,2026-06-21 21:16:52.670844,73.54,5,Office Supplies,Stationery
TXN1CG6FVUF22,CUST21030193,2026-06-25 21:16:52.670844,166.94,2,Home & Garden,Decor
TXNKZIFDT57JN,CUST21030193,2026-07-06 21:16:52.670844,86.61,4,Sports & Outdoors,Bicycle
TXN5RDLZMERYB,CUST21030193,2026-06-11 21:16:52.670844,79.9,4,Electronics,Smart Watch
TXN89FT7Z61WK,CUST21030193,2026-06-18 21:16:52.670844,164.74,3,Toys & Games,Video Games
TXNHCCLHPHY8S,CUST21030193,2026-06-22 21:16:52.670844,97.69,2,Office Supplies,Electronics
TXNMF77GLUNC3,CUST21030193,2026-05-30 21:16:52.670844,115.97,3,Home & Garden,Tools
TXN041VETHE0E,CUST21030193,2026-06-20 21:16:52.670844,164.68,5,Toys & Games,Board Games
TXNNBQ9ZXOD3A,CUST21030193,2026-06-02 21:16:52.670844,108.11,2,Automotive,Cleaning Supplies
TXN44V08YN2J7,CUST21030193,2026-07-08 21:16:52.670844,43.23,1,Books,Educational
TXNQQQ770VOPW,CUST21030193,2026-07-13 21:16:52.670844,63.09,2,Automotive,Car Accessories
TXNNF0R7461MM,CUST21030193,2026-06-07 21:16:52.670844,128.82,3,Clothing,Dress
TXNP1CCW0OQRP,CUST21030193,2026-07-10 21:16:52.670844,127.43,1,Electronics,Smart Watch
TXN573XGKI4LZ,CUST21030193,2026-07-04 21:16:52.670844,169.18,3,Sports & Outdoors,Fitness Equipment
TXN4UPDH4H84X,CUST21030193,2026-07-04 21:16:52.670844,141.15,2,Sports & Outdoors,Camping Gear
TXNFBCJVAKY4D,CUST21030193,2026-06-16 21:16:52.670844,90.4,1,Health & Beauty,Makeup
TXN5B5LABNXI6,CUST21030193,2026-05-30 21:16:52.670844,135.31,5,Clothing,T-Shirt
TXNVZIK5KZJXN,CUST21030193,2026-06-21 21:16:52.670844,136.83,5,Toys & Games,Action Figures
TXNIEHC48504T,CUST21030193,2026-07-11 21:16:52.670844,159.31,3,Health & Beauty,Skincare
TXNYEJL35V2UN,CUST21030193,2026-06-18 21:16:52.670844,99.42,3,Food & Beverages,Beverages
TXNEMWYFSYMUM,CUST21030193,2026-06-23 21:16:52.670844,172.54,2,Sports & Outdoors,Bicycle
TXNYNYV18C9J5,CUST21030193,2026-06-03 21:16:52.670844,139.48,5,Books,Educational
TXNQNFO1R7WAJ,CUST21030193,2026-06-18 21:16:52.670844,149.74,5,Sports & Outdoors,Sportswear
TXNJ9R1QQAQFF,CUST21030193,2026-06-05 21:16:52.670844,103.62,4,Electronics,Camera
TXN18R07GAQQ2,CUST21030193,2026-07-08 21:16:52.670844,119.12,5,Books,Educational
TXNGGZZKKV12C,CUST21030193,2026-06-17 21:16:52.670844,123.66,2,Office Supplies,Furniture
TXNAIYVS3ADAD,CUST21030193,2026-06-24 21:16:52.670844,74.43,4,Health & Beauty,Supplements
TXNQ81BDFI0EP,CUST21030193,2026-06-12 21:16:52.670844,111.89,3,Food & Beverages,Organic Products
TXN52R9USX3VP,CUST21030193,2026-06-16 21:16:52.670844,160.46,3,Food & Beverages,Organic Products
TXNK0PVWK0WQV,CUST21030193,2026-06-03 21:16:52.670844,184.62,5,Food & Beverages,Beverages
TXN8T2GLZO5IM,CUST21030193,2026-06-21 21:16:52.670844,161.63,2,Automotive,Tools
TXNZ6QX38DQF7,CUST84603022,2024-12-11 21:16:52.670844,147.39,2,Health & Beauty,Makeup
TXN76YJWUGYZT,CUST84603022,2025-09-20 21:16:52.670844,125.65,4,Food & Beverages,Gourmet Food
TXNJ6ONTUJJMO,CUST84603022,2026-02-20 21:16:52.670844,157.21,5,Books,Comics
TXNT22KX9IS4W,CUST84603022,2024-07-24 21:16:52.670844,194.6,1,Books,Comics
TXN3L048874IO,CUST84603022,2025-03-07 21:16:52.670844,94.35,2,Toys & Games,Puzzles
TXND6PFF7BDB4,CUST84603022,2025-06-01 21:16:52.670844,145.3,3,Home & Garden,Kitchen Appliances
TXNYGNCNRM2FS,CUST84603022,2025-02-08 21:16:52.670844,126.16,1,Automotive,Car Accessories
TXNPO33QI80QS,CUST84603022,2024-10-11 21:16:52.670844,114.06,1,Health & Beauty,Makeup
TXNR8SVE6V9I7,CUST84603022,2025-05-26 21:16:52.670844,178.86,4,Sports & Outdoors,Camping Gear
TXNRRT4CBBSZU,CUST84603022,2025-10-23 21:16:52.670844,107.2,1,Electronics,Smartphone
TXNULY33RGFST,CUST74440520,2025-08-27 21:16:52.670844,131.89,3,Health & Beauty,Personal Care
TXNSVJVSO323K,CUST74440520,2026-05-21 21:16:52.670844,85.64,3,Office Supplies,Desk Accessories
TXNWQ6KB7V4I7,CUST74440520,2025-12-07 21:16:52.670844,149.38,4,Clothing,Dress
TXNYT1F3QNR2L,CUST74440520,2025-07-26 21:16:52.670844,107.21,1,Sports & Outdoors,Sportswear
TXNREKLX91GNI,CUST74440520,2025-08-27 21:16:52.670844,166.94,1,Automotive,Cleaning Supplies
TXNJOKSQ4TK6J,CUST74440520,2025-09-20 21:16:52.670844,165.48,2,Clothing,Jeans
TXN9C3BMQWN1T,CUST29045479,2026-01-20 21:16:52.670844,119.18,3,Office Supplies,Electronics
TXNTXC8O5VGAP,CUST29045479,2025-11-12 21:16:52.670844,30.31,1,Books,Magazines
TXNK0K57C418C,CUST29045479,2025-12-26 21:16:52.670844,118.39,5,Sports & Outdoors,Camping Gear
TXNJ0ISB04IV7,CUST29045479,2025-10-13 21:16:52.670844,93.27,3,Electronics,Tablet
TXNKOPXW37I09,CUST29045479,2025-07-17 21:16:52.670844,95.01,2,Health & Beauty,Skincare
TXN2TRMVJS2OO,CUST29045479,2025-12-27 21:16:52.670844,101.09,4,Clothing,Jeans
TXNP85U6VBAEB,CUST29045479,2025-11-05 21:16:52.670844,116.18,5,Sports & Outdoors,Sportswear
TXN48L6OC06CE,CUST29045479,2025-12-18 21:16:52.670844,63.3,1,Sports & Outdoors,Sportswear
TXN6UJCDVN6NE,CUST29045479,2025-12-01 21:16:52.670844,153.47,2,Toys & Games,Board Games
TXN44GVBWD8U9,CUST29045479,2025-12-07 21:16:52.670844,113.91,2,Health & Beauty,Supplements
TXNUEHPER4EH6,CUST65467539,2026-03-05 21:16:52.670844,128.41,3,Health & Beauty,Makeup
TXN0V5YKR6EP0,CUST65467539,2026-05-22 21:16:52.670844,174.66,5,Sports & Outdoors,Sportswear
TXNLCTC4641U9,CUST65467539,2026-04-04 21:16:52.670844,84.45,5,Automotive,Parts
TXNKMQADAXEKD,CUST65467539,2026-03-27 21:16:52.670844,256.21,4,Home & Garden,Decor
TXNU17IKPEJV0,CUST32636433,2025-07-18 21:16:52.670844,104.25,3,Clothing,Shoes
TXN0HEL6HVIVT,CUST32636433,2025-04-19 21:16:52.670844,111.55,5,Clothing,Shoes
TXNIH1ENGC11P,CUST32636433,2025-04-23 21:16:52.670844,135.77,5,Sports & Outdoors,Bicycle
TXNHV9PPFYQY5,CUST32636433,2025-08-06 21:16:52.670844,72.6,3,Automotive,Cleaning Supplies
TXN0QA41M8EPL,CUST32636433,2025-11-22 21:16:52.670844,98.21,1,Clothing,Jeans
TXN2EQCJIOEY5,CUST32636433,2025-07-01 21:16:52.670844,95.03,5,Office Supplies,Desk Accessories
TXNIHIDPCMYXA,CUST32636433,2025-10-25 21:16:52.670844,128.06,3,Automotive,Tools
TXNJH05JAA2IS,CUST30314330,2025-07-30 21:16:52.670844,53.93,4,Toys & Games,Puzzles
TXNZG7MYW9RCZ,CUST25983729,2026-04-01 21:16:52.670844,309.03,1,Food & Beverages,Beverages
TXNF6T3WEIJ7C,CUST25983729,2025-12-03 21:16:52.670844,190.0,4,Food & Beverages,Beverages
TXNON0HA5SFS1,CUST25983729,2026-06-26 21:16:52.670844,326.02,3,Books,Non-Fiction
TXN29B2AG74F2,CUST25983729,2025-09-26 21:16:52.670844,366.68,3,Toys & Games,Video Games
TXN66W45RZEMK,CUST25983729,2025-11-15 21:16:52.670844,283.73,2,Food & Beverages,Beverages
TXNSJ50WPLFT8,CUST25983729,2026-03-22 21:16:52.670844,448.28,4,Sports & Outdoors,Fitness Equipment
TXN8RCWRX89QG,CUST25983729,2026-03-20 21:16:52.670844,420.44,4,Toys & Games,Puzzles
TXNH70N1BQ1O9,CUST25983729,2026-02-21 21:16:52.670844,321.87,4,Toys & Games,Board Games
TXNDGT3105Q15,CUST25983729,2026-04-30 21:16:52.670844,278.54,2,Home & Garden,Furniture
TXNAWS8RW4MQN,CUST25983729,2025-12-16 21:16:52.670844,308.62,4,Electronics,Smart Watch
TXNUFPYCT18ST,CUST25983729,2026-05-02 21:16:52.670844,308.08,1,Clothing,Jeans
TXNI9WII9ZLON,CUST25983729,2026-01-28 21:16:52.670844,266.41,2,Sports & Outdoors,Camping Gear
TXN4ZFY1CG81L,CUST25983729,2026-03-05 21:16:52.670844,293.05,1,Health & Beauty,Skincare
TXNK73LCVJNFK,CUST25983729,2026-02-07 21:16:52.670844,427.89,5,Electronics,Tablet
TXN1ZV992R8SR,CUST25983729,2026-02-26 21:16:52.670844,371.19,5,Office Supplies,Stationery
TXNXSYS958F13,CUST25983729,2025-08-31 21:16:52.670844,364.23,3,Clothing,Shoes
TXNA96WXFCA44,CUST25983729,2026-05-25 21:16:52.670844,299.75,1,Electronics,Laptop
TXNN5QOE4OFHF,CUST25983729,2026-05-25 21:16:52.670844,219.94,2,Clothing,Jacket
TXN3TKE31891C,CUST25983729,2026-05-22 21:16:52.670844,430.44,4,Automotive,Car Accessories
TXNLY2X8M87N2,CUST25983729,2026-07-04 21:16:52.670844,257.55,5,Electronics,Laptop
TXNLO6Y0KDKGW,CUST25983729,2025-12-19 21:16:52.670844,352.16,5,Home & Garden,Furniture
TXNGYZU7GK5Z0,CUST25983729,2026-02-12 21:16:52.670844,115.36,4,Toys & Games,Board Games
TXNFAWPVMQU81,CUST25983729,2026-01-05 21:16:52.670844,326.89,3,Books,Educational
TXNCHYKIQOIF6,CUST25983729,2026-05-17 21:16:52.670844,283.11,5,Food & Beverages,Snacks
TXNGF0P8M6KG4,CUST25983729,2025-12-10 21:16:52.670844,247.56,3,Food & Beverages,Beverages
TXNBAOK9N1Y4T,CUST25983729,2026-03-28 21:16:52.670844,152.51,1,Food & Beverages,Snacks
TXN5CROVW9UN7,CUST25983729,2025-12-28 21:16:52.670844,105.19,2,Health & Beauty,Supplements
TXN1P1XON56F4,CUST25983729,2026-07-13 21:16:52.670844,326.5,2,Automotive,Parts
TXNR8MNTSAPV6,CUST25983729,2026-03-30 21:16:52.670844,435.94,4,Toys & Games,Action Figures
TXN4FA1YBX14U,CUST25983729,2025-10-01 21:16:52.670844,201.33,2,Automotive,Cleaning Supplies
TXN5AV00HWK0J,CUST25983729,2025-12-01 21:16:52.670844,453.89,1,Clothing,Jacket
TXNNMNFJ3I41E,CUST25983729,2026-07-08 21:16:52.670844,349.27,1,Automotive,Tools
TXNE5EHYHQT6F,CUST12082049,2025-12-17 21:16:52.670844,149.22,1,Sports & Outdoors,Bicycle
TXNKLPY31VSK9,CUST12082049,2026-01-17 21:16:52.670844,47.96,3,Food & Beverages,Organic Products
TXN0Q0IGY307I,CUST12082049,2025-12-20 21:16:52.670844,224.24,4,Home & Garden,Furniture
TXNO450G3V435,CUST12082049,2026-03-02 21:16:52.670844,145.35,2,Toys & Games,Video Games
TXNC5IEJEBQB9,CUST12082049,2026-01-20 21:16:52.670844,258.77,1,Health & Beauty,Makeup
TXN6T4GXNV3ZD,CUST12082049,2026-05-06 21:16:52.670844,174.47,2,Office Supplies,Electronics
TXNKU5CAQQAIC,CUST12082049,2026-04-20 21:16:52.670844,150.97,5,Sports & Outdoors,Camping Gear
TXNVE9AMT17Q5,CUST12082049,2026-05-01 21:16:52.670844,237.89,2,Health & Beauty,Personal Care
TXN0X1VXGLUYD,CUST12082049,2026-05-30 21:16:52.670844,213.12,3,Food & Beverages,Gourmet Food
TXNRRRS5YJXC4,CUST12082049,2026-01-23 21:16:52.670844,245.84,5,Sports & Outdoors,Bicycle
TXN55DRXIX1YK,CUST12082049,2026-03-26 21:16:52.670844,243.55,5,Sports & Outdoors,Sportswear
TXN88IBNWCU7C,CUST12082049,2026-03-11 21:16:52.670844,94.11,3,Clothing,Shoes
TXNJN87DV6NHI,CUST12082049,2026-06-12 21:16:52.670844,153.41,5,Toys & Games,Video Games
TXNARKWXI70R9,CUST12082049,2026-06-05 21:16:52.670844,132.81,4,Health & Beauty,Makeup
TXNUCMHY4KMRL,CUST12082049,2026-05-27 21:16:52.670844,196.92,1,Health & Beauty,Makeup
TXNJ6JWXEVV0A,CUST12082049,2026-02-03 21:16:52.670844,170.39,1,Clothing,Shoes
TXNS69A0U6MSR,CUST12082049,2026-06-02 21:16:52.670844,151.41,5,Automotive,Car Accessories
TXN776NBJ496C,CUST12082049,2025-12-23 21:16:52.670844,118.49,5,Office Supplies,Stationery
TXNTJ54F2VT3G,CUST12082049,2026-02-08 21:16:52.670844,101.77,5,Automotive,Tools
TXNQGFS0LJ5O1,CUST12082049,2026-04-27 21:16:52.670844,174.81,1,Toys & Games,Action Figures
TXN8IY1TPMMK2,CUST12082049,2026-01-31 21:16:52.670844,249.4,1,Electronics,Smartphone
TXNK8948RUB8V,CUST12082049,2026-02-14 21:16:52.670844,228.52,5,Office Supplies,Desk Accessories
TXNT22M6BZ12X,CUST12082049,2026-04-27 21:16:52.670844,167.08,2,Electronics,Tablet
TXN953564VLSL,CUST12082049,2026-03-04 21:16:52.670844,135.66,2,Home & Garden,Kitchen Appliances
TXN27QMU65Y82,CUST12082049,2026-01-16 21:16:52.670844,147.68,3,Sports & Outdoors,Camping Gear
TXNFLDNRVN06T,CUST12082049,2026-06-25 21:16:52.670844,211.34,2,Food & Beverages,Organic Products
TXNE5MP34F6WB,CUST12082049,2026-01-07 21:16:52.670844,176.67,1,Food & Beverages,Organic Products
TXNE3TNDZFRUU,CUST12082049,2026-05-03 21:16:52.670844,132.66,3,Food & Beverages,Beverages
TXN92D29Z4FHL,CUST12082049,2025-12-25 21:16:52.670844,135.51,2,Office Supplies,Stationery
TXN4XWUQJPSQ2,CUST12082049,2026-02-24 21:16:52.670844,197.2,4,Toys & Games,Video Games
TXN21FVQNFO3O,CUST12082049,2026-01-19 21:16:52.670844,245.91,1,Home & Garden,Furniture
TXN2HQ0U2FL8A,CUST12082049,2026-03-03 21:16:52.670844,135.17,2,Food & Beverages,Snacks
TXNBPSU3OPRP8,CUST12082049,2026-04-27 21:16:52.670844,163.56,4,Clothing,Dress
TXNSJ5W0QZMDQ,CUST12082049,2026-05-31 21:16:52.670844,69.67,5,Automotive,Car Accessories
TXN7VB0YUTQQY,CUST12082049,2026-02-06 21:16:52.670844,156.61,5,Office Supplies,Desk Accessories
TXNW4RYGIOO13,CUST12082049,2026-03-23 21:16:52.670844,301.73,4,Home & Garden,Kitchen Appliances
TXNMZWQ7WZP2J,CUST12082049,2025-12-17 21:16:52.670844,118.07,2,Clothing,Accessories
TXN4GRH50S8HV,CUST12082049,2025-12-26 21:16:52.670844,213.55,3,Clothing,Dress
TXNO0LOE1HURF,CUST12082049,2026-01-04 21:16:52.670844,63.17,2,Health & Beauty,Skincare
TXNJA90C8SYBM,CUST12082049,2026-01-23 21:16:52.670844,225.78,3,Electronics,Tablet
TXNCBQ81MSDK5,CUST12082049,2026-01-14 21:16:52.670844,128.86,5,Electronics,Smartphone
TXNLUFADX8FLP,CUST12082049,2026-01-06 21:16:52.670844,253.82,1,Toys & Games,Puzzles
TXNI7UOVV2SJT,CUST12082049,2026-06-05 21:16:52.670844,119.68,4,Automotive,Car Accessories
TXNMOVT45V0OJ,CUST12082049,2026-03-22 21:16:52.670844,267.29,2,Health & Beauty,Supplements
TXNICAQ87HPGR,CUST31174104,2026-03-13 21:16:52.670844,315.6,4,Home & Garden,Tools
TXNPSC3M43YBP,CUST31174104,2026-05-25 21:16:52.670844,528.32,3,Office Supplies,Desk Accessories
TXN88LHBJNOXB,CUST31174104,2026-03-17 21:16:52.670844,400.82,3,Automotive,Parts
TXNJKQ7VLPOSQ,CUST31174104,2025-11-28 21:16:52.670844,344.8,2,Books,Comics
TXNOJQ9JY8ADA,CUST31174104,2026-06-12 21:16:52.670844,398.16,1,Home & Garden,Furniture
TXNP5NU1B8F64,CUST31174104,2025-11-21 21:16:52.670844,441.67,2,Automotive,Tools
TXN09UOK24AST,CUST31174104,2025-11-24 21:16:52.670844,273.48,5,Toys & Games,Puzzles
TXNAJAQH6JICW,CUST31174104,2025-12-10 21:16:52.670844,410.36,4,Home & Garden,Bedding
TXNI1UDFNACXK,CUST31174104,2026-01-31 21:16:52.670844,358.64,3,Clothing,Shoes
TXNNKCI2B6HVF,CUST31174104,2026-03-09 21:16:52.670844,429.33,2,Office Supplies,Electronics
TXN7IWORBPI2J,CUST31174104,2026-05-14 21:16:52.670844,259.34,2,Electronics,Headphones
TXNDXIC2HTXCD,CUST31174104,2026-04-08 21:16:52.670844,333.94,2,Electronics,Smartphone
TXNAXGCOHOC6A,CUST31174104,2026-04-26 21:16:52.670844,353.2,3,Food & Beverages,Snacks
TXNPSK2AWMYW1,CUST31174104,2026-01-14 21:16:52.670844,193.56,4,Health & Beauty,Skincare
TXNS8D360D0PT,CUST31174104,2025-12-07 21:16:52.670844,287.37,2,Automotive,Car Accessories
TXN82I7ATB043,CUST31174104,2026-06-08 21:16:52.670844,346.88,2,Food & Beverages,Beverages
TXN11QVFPMNIK,CUST31174104,2026-05-07 21:16:52.670844,575.72,1,Sports & Outdoors,Fitness Equipment
TXNIM5XVJ9P8M,CUST31174104,2026-02-07 21:16:52.670844,235.61,1,Food & Beverages,Organic Products
TXNVYFQ2VCNI2,CUST31174104,2026-01-31 21:16:52.670844,399.94,5,Toys & Games,Board Games
TXNWBFSACKT9V,CUST31174104,2026-04-12 21:16:52.670844,304.52,5,Electronics,Laptop
TXNUKRH5D4B7V,CUST31174104,2026-01-30 21:16:52.670844,327.87,1,Automotive,Car Accessories
TXNP70SMTAV19,CUST31174104,2025-12-25 21:16:52.670844,431.39,3,Automotive,Parts
TXNAYFLRR0LUW,CUST31174104,2026-04-25 21:16:52.670844,249.21,2,Office Supplies,Furniture
TXNXK0DD82B7F,CUST31174104,2025-12-10 21:16:52.670844,430.39,4,Automotive,Parts
TXN8PQDLRE08N,CUST31174104,2026-01-08 21:16:52.670844,534.28,2,Health & Beauty,Personal Care
TXNC6BC5XD84Q,CUST31174104,2026-06-17 21:16:52.670844,160.72,5,Sports & Outdoors,Camping Gear
TXNVJ1Y5F3JW6,CUST31174104,2025-12-08 21:16:52.670844,228.52,1,Sports & Outdoors,Fitness Equipment
TXNQRICYU5DJH,CUST31174104,2026-03-09 21:16:52.670844,222.14,1,Sports & Outdoors,Sportswear
TXNWGDOCSE8PN,CUST31174104,2026-03-08 21:16:52.670844,326.44,4,Electronics,Camera
TXNCH1WMU3QJ8,CUST31174104,2026-02-05 21:16:52.670844,297.21,5,Toys & Games,Board Games
TXN0XHP43BEMG,CUST31174104,2025-12-05 21:16:52.670844,341.47,4,Automotive,Parts
TXNY901RGWCJ0,CUST31174104,2026-06-11 21:16:52.670844,133.13,2,Electronics,Tablet
TXNA6IFVQJWBU,CUST31174104,2026-04-29 21:16:52.670844,400.58,3,Clothing,Jacket
TXNI9RKUHSJDN,CUST31174104,2026-05-21 21:16:52.670844,329.78,4,Automotive,Tools
TXN3FL0PFO69O,CUST31174104,2026-03-19 21:16:52.670844,517.02,2,Office Supplies,Electronics
TXN75YVXDHPMH,CUST31174104,2026-02-10 21:16:52.670844,199.18,2,Toys & Games,Puzzles
TXN307TVANZIG,CUST31174104,2026-05-19 21:16:52.670844,413.98,2,Health & Beauty,Personal Care
TXNH5D4WY9GMA,CUST31174104,2026-05-05 21:16:52.670844,542.24,1,Electronics,Headphones
TXN33F1EXQBFD,CUST31174104,2026-03-21 21:16:52.670844,217.53,4,Food & Beverages,Gourmet Food
TXN9CKABXTNDF,CUST31174104,2026-04-22 21:16:52.670844,519.74,5,Books,Educational
TXN5DZAEM5DKU,CUST37484564,2026-07-17 21:16:52.670844,117.42,1,Home & Garden,Furniture
TXNJ6M8WFVINT,CUST37484564,2026-07-06 21:16:52.670844,134.42,2,Food & Beverages,Snacks
TXNPXEJASL1JX,CUST37484564,2026-07-15 21:16:52.670844,95.48,2,Toys & Games,Action Figures
TXN5RHTIYKMMB,CUST37484564,2026-07-10 21:16:52.670844,130.63,1,Sports & Outdoors,Camping Gear
TXNOZ34AEHVUT,CUST37484564,2026-06-27 21:16:52.670844,87.17,4,Books,Comics
TXNJ8899SVVR4,CUST37484564,2026-07-05 21:16:52.670844,91.81,2,Health & Beauty,Personal Care
TXN3NYDUY1VD2,CUST37484564,2026-06-13 21:16:52.670844,100.16,2,Books,Magazines
TXNZF8KZN58GM,CUST37484564,2026-07-11 21:16:52.670844,61.34,5,Office Supplies,Furniture
TXNPBNVJEBSMU,CUST37484564,2026-06-24 21:16:52.670844,120.43,2,Sports & Outdoors,Fitness Equipment
TXN1EHTISEI4C,CUST37484564,2026-07-17 21:16:52.670844,82.38,3,Sports & Outdoors,Camping Gear
TXNX2ZVLT5LDT,CUST37484564,2026-07-10 21:16:52.670844,145.8,2,Office Supplies,Electronics
TXNCZ5661X3D2,CUST37484564,2026-07-10 21:16:52.670844,60.14,5,Office Supplies,Furniture
TXNFDQ0EXG0ZM,CUST10095083,2024-12-19 21:16:52.670844,89.36,4,Automotive,Car Accessories
TXNJ56HBB0IN0,CUST10095083,2024-12-21 21:16:52.670844,110.27,1,Toys & Games,Video Games
TXNRHU2344KCR,CUST10095083,2025-01-04 21:16:52.670844,91.64,5,Toys & Games,Puzzles
TXNRE1JRISN96,CUST10095083,2025-01-18 21:16:52.670844,97.31,3,Electronics,Tablet
TXNMQYBGM54EK,CUST10095083,2025-01-25 21:16:52.670844,87.6,2,Health & Beauty,Makeup
TXNS5IT846KF4,CUST10095083,2025-02-07 21:16:52.670844,117.45,1,Food & Beverages,Snacks
TXN9DXSAGFIEV,CUST10095083,2025-03-27 21:16:52.670844,244.71,4,Sports & Outdoors,Bicycle
TXNE11XOBSMJA,CUST10095083,2024-12-26 21:16:52.670844,205.65,2,Electronics,Camera
TXN6BM7ZGPHWY,CUST04772896,2026-04-03 21:16:52.670844,55.36,1,Food & Beverages,Organic Products
TXN2ELX11CQOB,CUST04772896,2026-03-15 21:16:52.670844,170.52,5,Automotive,Car Accessories
TXNCGIN76WH3F,CUST04772896,2026-06-11 21:16:52.670844,183.24,3,Home & Garden,Decor
TXNXVV3FUIC9K,CUST04772896,2026-06-21 21:16:52.670844,165.67,4,Home & Garden,Decor
TXN4PA7AT1HGT,CUST04772896,2026-06-04 21:16:52.670844,204.48,3,Electronics,Camera
TXNMDB918NX84,CUST04772896,2026-05-08 21:16:52.670844,278.82,2,Home & Garden,Furniture
TXNKTPAFN865I,CUST04772896,2026-05-16 21:16:52.670844,135.25,3,Food & Beverages,Snacks
TXNH38K5OSWWT,CUST04772896,2026-06-09 21:16:52.670844,99.48,5,Electronics,Camera
TXNEV97O74KLY,CUST04772896,2026-03-27 21:16:52.670844,194.73,3,Books,Non-Fiction
TXNWODXHD61XN,CUST04772896,2026-05-08 21:16:52.670844,126.86,5,Health & Beauty,Personal Care
TXN9I7IFC9QKD,CUST04772896,2026-05-09 21:16:52.670844,156.18,2,Sports & Outdoors,Fitness Equipment
TXNZEVAMRJMHP,CUST04772896,2026-03-16 21:16:52.670844,189.66,1,Automotive,Cleaning Supplies
TXNF0ZZCMUL65,CUST04772896,2026-06-27 21:16:52.670844,184.42,2,Toys & Games,Action Figures
TXNY6AJM9GZ6J,CUST04772896,2026-05-27 21:16:52.670844,162.24,3,Books,Magazines
TXNNN20B1PAW1,CUST04772896,2026-03-18 21:16:52.670844,160.92,2,Toys & Games,Action Figures
TXNYRZYYNV10R,CUST04772896,2026-04-13 21:16:52.670844,87.94,3,Books,Fiction
TXNE45VFVEQU3,CUST04772896,2026-04-12 21:16:52.670844,158.66,5,Toys & Games,Puzzles
TXNAB6E7EF9IT,CUST04772896,2026-05-07 21:16:52.670844,176.83,2,Books,Fiction
TXNC5EGMZW5ZX,CUST04772896,2026-05-27 21:16:52.670844,153.51,2,Toys & Games,Video Games
TXN7L8LQCS9IO,CUST04772896,2026-06-13 21:16:52.670844,130.09,2,Toys & Games,Video Games
TXNC0A8XRYIBR,CUST04772896,2026-05-17 21:16:52.670844,154.51,4,Toys & Games,Puzzles
TXN9SIIVFGEEV,CUST04772896,2026-06-20 21:16:52.670844,173.07,4,Health & Beauty,Personal Care
TXNK5M4TNHD72,CUST04772896,2026-04-02 21:16:52.670844,129.42,2,Toys & Games,Action Figures
TXNYQHO2Z6X8B,CUST04772896,2026-04-22 21:16:52.670844,140.13,5,Automotive,Cleaning Supplies
TXNQ4H4W1SO16,CUST04772896,2026-03-24 21:16:52.670844,166.72,4,Automotive,Tools
TXNXEAHOT6L0M,CUST04772896,2026-05-29 21:16:52.670844,193.81,1,Sports & Outdoors,Sportswear
TXN6GOS9KF9W5,CUST04772896,2026-04-27 21:16:52.670844,235.47,2,Food & Beverages,Gourmet Food
TXNHPKE94FEOI,CUST04772896,2026-04-27 21:16:52.670844,195.04,2,Automotive,Car Accessories
TXN1LR3ZG52NR,CUST04772896,2026-06-25 21:16:52.670844,146.43,3,Automotive,Tools
TXNKP65F6GEWR,CUST04772896,2026-05-03 21:16:52.670844,196.11,1,Office Supplies,Stationery
TXNM4NRNLB5FK,CUST04772896,2026-06-10 21:16:52.670844,107.31,4,Automotive,Tools
TXNGRIV4GC3MU,CUST04772896,2026-03-14 21:16:52.670844,135.53,3,Home & Garden,Decor
TXNB0K6NWQHR8,CUST04772896,2026-04-19 21:16:52.670844,145.67,1,Toys & Games,Puzzles
TXNI1YO7QICDJ,CUST04772896,2026-05-21 21:16:52.670844,225.99,1,Automotive,Cleaning Supplies
TXNZZ4CUWTNXA,CUST04772896,2026-03-09 21:16:52.670844,233.24,2,Health & Beauty,Makeup
TXNVWR1O7ABFU,CUST04772896,2026-06-03 21:16:52.670844,93.78,1,Automotive,Parts
TXNBIWM628UVC,CUST04772896,2026-04-16 21:16:52.670844,149.47,2,Office Supplies,Stationery
TXN3TXF8TJKK1,CUST04772896,2026-03-29 21:16:52.670844,75.3,1,Automotive,Cleaning Supplies
TXNUT1XFQF41L,CUST04772896,2026-04-10 21:16:52.670844,245.89,3,Health & Beauty,Supplements
TXN5H9XFBZE0T,CUST04772896,2026-03-27 21:16:52.670844,196.76,3,Office Supplies,Electronics
TXN3TCD5X4XOY,CUST04772896,2026-03-12 21:16:52.670844,258.82,2,Health & Beauty,Personal Care
TXNRXP2ZLVG6V,CUST04772896,2026-03-17 21:16:52.670844,112.24,4,Toys & Games,Action Figures
TXN4DB483VD3Z,CUST04772896,2026-04-08 21:16:52.670844,111.09,3,Health & Beauty,Supplements
TXNOIBF2GLSJR,CUST04772896,2026-04-03 21:16:52.670844,230.51,4,Automotive,Car Accessories
TXNGK6FRRNTH5,CUST04772896,2026-03-22 21:16:52.670844,142.52,2,Toys & Games,Puzzles
TXNY6VHUK5N9L,CUST42887937,2026-03-10 21:16:52.670844,142.19,3,Books,Educational
TXNRS4PQA7UME,CUST42887937,2026-03-12 21:16:52.670844,117.77,2,Clothing,T-Shirt
TXN1FWP9F88O3,CUST42887937,2026-03-12 21:16:52.670844,222.19,1,Sports & Outdoors,Fitness Equipment
TXN9RFCZOA97L,CUST42887937,2026-03-11 21:16:52.670844,189.87,2,Clothing,Jacket
TXNE2N0454IMX,CUST42887937,2026-03-16 21:16:52.670844,160.66,3,Home & Garden,Tools
TXN7NEYK7AQ04,CUST42887937,2026-03-20 21:16:52.670844,152.74,3,Clothing,Jacket
TXNZNLKOSOXZ4,CUST42887937,2026-03-11 21:16:52.670844,157.0,5,Books,Comics
TXNDUA2IHZ0LS,CUST42887937,2026-03-18 21:16:52.670844,161.11,3,Toys & Games,Video Games
TXNGFBZ7WJP9S,CUST86119222,2026-03-09 21:16:52.670844,167.02,3,Electronics,Laptop
TXNVP2F79AAMN,CUST86119222,2026-05-17 21:16:52.670844,161.45,2,Toys & Games,Video Games
TXNA0EO7T2B78,CUST86119222,2026-05-14 21:16:52.670844,237.8,3,Books,Fiction
TXNMGALVZ0C44,CUST86119222,2026-04-19 21:16:52.670844,127.35,4,Home & Garden,Furniture
TXN338YPTFM1U,CUST86119222,2026-04-28 21:16:52.670844,146.94,5,Food & Beverages,Organic Products
TXNASENJTTVU9,CUST86119222,2026-05-23 21:16:52.670844,66.06,2,Toys & Games,Board Games
TXN9XOP34CXQZ,CUST86119222,2026-03-26 21:16:52.670844,59.19,4,Home & Garden,Bedding
TXN994E6X6CRO,CUST86119222,2026-05-26 21:16:52.670844,185.3,2,Food & Beverages,Beverages
TXNBGE2A8GSSZ,CUST86119222,2026-05-03 21:16:52.670844,217.11,2,Office Supplies,Furniture
TXN9XM6M1T5I3,CUST86119222,2026-03-03 21:16:52.670844,84.27,3,Clothing,Jacket
TXNHS7QSF9YIX,CUST86119222,2026-05-23 21:16:52.670844,202.8,4,Clothing,T-Shirt
TXN87YIOKTO0V,CUST86119222,2026-03-28 21:16:52.670844,179.29,3,Health & Beauty,Makeup
TXNX1NAW97ZKC,CUST86119222,2026-04-25 21:16:52.670844,252.79,1,Food & Beverages,Snacks
TXNE4NGL261WP,CUST86119222,2026-03-25 21:16:52.670844,135.6,5,Sports & Outdoors,Sportswear
TXNLHLTJOX52I,CUST03660671,2026-04-06 21:16:52.670844,226.93,3,Sports & Outdoors,Camping Gear
TXNLZ1LGVPNQC,CUST03660671,2026-05-20 21:16:52.670844,181.02,2,Food & Beverages,Snacks
TXN7SOBRNPX2V,CUST03660671,2026-05-23 21:16:52.670844,169.32,1,Books,Comics
TXNJU1GCK5FIN,CUST03660671,2026-04-13 21:16:52.670844,215.79,3,Automotive,Car Accessories
TXN3LY5HLGRUS,CUST03660671,2026-05-23 21:16:52.670844,152.06,4,Home & Garden,Tools
TXNHI33MOIA07,CUST03660671,2026-05-24 21:16:52.670844,335.66,5,Home & Garden,Furniture
TXNEG6A2A3QOC,CUST03660671,2026-05-25 21:16:52.670844,215.53,5,Toys & Games,Video Games
TXN3FD09RRVLG,CUST03660671,2026-04-21 21:16:52.670844,271.88,1,Electronics,Laptop
TXN0NB6KISJBS,CUST03660671,2026-04-15 21:16:52.670844,301.01,1,Home & Garden,Kitchen Appliances
TXNW45QST7V26,CUST03660671,2026-05-18 21:16:52.670844,332.29,3,Toys & Games,Video Games
TXNFHTA4M9L0A,CUST03660671,2026-04-07 21:16:52.670844,132.26,4,Toys & Games,Video Games
TXNFMX3ZNF7AX,CUST03660671,2026-06-02 21:16:52.670844,260.81,3,Electronics,Smart Watch
TXNTIYYC4IYWU,CUST03660671,2026-06-01 21:16:52.670844,194.28,1,Toys & Games,Puzzles
TXN965BGA5M0V,CUST03660671,2026-06-08 21:16:52.670844,307.24,3,Toys & Games,Board Games
TXNKP9QBC1H2X,CUST03660671,2026-05-03 21:16:52.670844,227.39,4,Sports & Outdoors,Camping Gear
TXN8S37J4EZF2,CUST03660671,2026-05-30 21:16:52.670844,135.54,3,Toys & Games,Puzzles
TXNQS650CJ3BU,CUST03660671,2026-04-18 21:16:52.670844,179.52,1,Books,Educational
TXNV7NU0H631Z,CUST03660671,2026-05-30 21:16:52.670844,270.92,4,Health & Beauty,Supplements
TXN8X4S1G4017,CUST03660671,2026-04-19 21:16:52.670844,230.04,2,Clothing,T-Shirt
TXNUEDKH2Y7MT,CUST03660671,2026-04-21 21:16:52.670844,182.84,3,Automotive,Cleaning Supplies
TXND3JIBEXX49,CUST03660671,2026-04-16 21:16:52.670844,143.71,4,Automotive,Cleaning Supplies
TXNWCK60ZF560,CUST03660671,2026-06-13 21:16:52.670844,304.3,3,Sports & Outdoors,Sportswear
TXN2B3R50BGL2,CUST03660671,2026-05-31 21:16:52.670844,207.5,5,Office Supplies,Furniture
TXNYB6SD4XBUX,CUST03660671,2026-05-03 21:16:52.670844,304.0,3,Sports & Outdoors,Fitness Equipment
TXNLRKOEINJLA,CUST03660671,2026-04-08 21:16:52.670844,228.41,1,Office Supplies,Electronics
TXNZYH0OG87UG,CUST44838918,2026-02-11 21:16:52.670844,129.52,2,Food & Beverages,Beverages
TXNEM8J5FQDMB,CUST44838918,2026-01-25 21:16:52.670844,94.27,5,Toys & Games,Video Games
TXN9UF3E8WSIP,CUST44838918,2026-01-02 21:16:52.670844,93.96,1,Office Supplies,Electronics
TXNP35T1PCKS9,CUST44838918,2026-05-07 21:16:52.670844,112.74,1,Electronics,Smartphone
TXNRG2U4G6ARL,CUST44838918,2025-12-04 21:16:52.670844,99.11,1,Sports & Outdoors,Camping Gear
TXNU0QZ3MSLEA,CUST44838918,2026-01-06 21:16:52.670844,99.43,4,Automotive,Car Accessories
TXNH8KQFMHCZE,CUST44838918,2025-12-07 21:16:52.670844,152.93,2,Books,Educational
TXN8WJU197B2Y,CUST97322992,2026-05-13 21:16:52.670844,173.1,2,Toys & Games,Video Games
TXNK458FFMKTJ,CUST97322992,2026-04-18 21:16:52.670844,115.93,3,Health & Beauty,Makeup
TXN6QZSZL795O,CUST97322992,2026-06-16 21:16:52.670844,131.78,5,Toys & Games,Video Games
TXNPKX637UGTJ,CUST97322992,2026-06-29 21:16:52.670844,134.17,4,Toys & Games,Video Games
TXNEZUC7UPO51,CUST97322992,2026-07-08 21:16:52.670844,135.83,3,Health & Beauty,Personal Care
TXNRLG9QD1ZVW,CUST97322992,2026-06-30 21:16:52.670844,105.02,3,Books,Magazines
TXNIF79JLFK47,CUST97322992,2026-05-08 21:16:52.670844,95.62,2,Clothing,Jeans
TXN6RYL8UCAQO,CUST97322992,2026-05-10 21:16:52.670844,207.96,4,Sports & Outdoors,Bicycle
TXNTKB5OQ7WBM,CUST97322992,2026-06-19 21:16:52.670844,177.58,1,Food & Beverages,Gourmet Food
TXN1074W4840U,CUST97322992,2026-07-05 21:16:52.670844,120.52,5,Office Supplies,Furniture
TXN3XP1INM2Q2,CUST97322992,2026-05-21 21:16:52.670844,240.95,1,Home & Garden,Furniture
TXN0S4HWG5O5T,CUST97322992,2026-07-05 21:16:52.670844,147.74,3,Books,Non-Fiction
TXNS9GRO9PGNI,CUST97322992,2026-06-11 21:16:52.670844,98.01,5,Office Supplies,Furniture
TXN410QUYU9RE,CUST97322992,2026-04-10 21:16:52.670844,161.13,3,Office Supplies,Electronics
TXNAQCIPLSTB5,CUST97322992,2026-04-17 21:16:52.670844,195.96,5,Books,Non-Fiction
TXNGRG6EJE5YV,CUST97322992,2026-06-04 21:16:52.670844,87.08,2,Automotive,Parts
TXN6XLMYNJHSW,CUST97322992,2026-07-10 21:16:52.670844,165.69,4,Electronics,Smartphone
TXNVTELCRU5LI,CUST97322992,2026-06-14 21:16:52.670844,55.2,4,Toys & Games,Board Games
TXNPIQ4TJ8JEP,CUST97322992,2026-05-22 21:16:52.670844,122.23,5,Health & Beauty,Personal Care
TXN3BFXQ7GL9N,CUST97322992,2026-04-30 21:16:52.670844,89.68,1,Electronics,Smart Watch
TXNXSC0R4CS4Z,CUST97322992,2026-06-15 21:16:52.670844,173.46,1,Health & Beauty,Supplements
TXNFF0GU10S25,CUST97322992,2026-04-28 21:16:52.670844,86.21,2,Health & Beauty,Skincare
TXNLE3A7WXFTP,CUST97322992,2026-07-02 21:16:52.670844,110.3,5,Sports & Outdoors,Sportswear
TXNQXEZ0AIRSZ,CUST97322992,2026-04-20 21:16:52.670844,36.47,2,Electronics,Camera
TXN7XQ7TXVQV2,CUST97322992,2026-06-23 21:16:52.670844,163.78,5,Office Supplies,Electronics
TXN2UGYB5DRYI,CUST97322992,2026-05-20 21:16:52.670844,78.33,3,Toys & Games,Puzzles
TXNE7ZOL5IV0G,CUST97322992,2026-06-05 21:16:52.670844,223.82,2,Clothing,Shoes
TXNG5FNMCNSF7,CUST97322992,2026-06-01 21:16:52.670844,124.5,5,Office Supplies,Desk Accessories
TXNKBQ89I50T8,CUST97322992,2026-07-04 21:16:52.670844,137.92,2,Health & Beauty,Skincare
TXNW0W7ZBEFEF,CUST97322992,2026-05-26 21:16:52.670844,85.21,3,Sports & Outdoors,Sportswear
TXNR54EEVYVVL,CUST97322992,2026-06-04 21:16:52.670844,103.98,2,Toys & Games,Board Games
TXNZPW63YP5FV,CUST97322992,2026-05-17 21:16:52.670844,134.02,4,Office Supplies,Desk Accessories
TXN8SMRM7VPDK,CUST97322992,2026-04-10 21:16:52.670844,118.79,1,Clothing,T-Shirt
TXNXP170XA2TG,CUST97322992,2026-06-08 21:16:52.670844,238.95,4,Health & Beauty,Skincare
TXNZF5E4MIH15,CUST97322992,2026-04-16 21:16:52.670844,162.7,4,Automotive,Car Accessories
TXNYP6YZGQW38,CUST97322992,2026-04-14 21:16:52.670844,178.45,4,Sports & Outdoors,Bicycle
TXNOZVMGHDKF3,CUST97322992,2026-07-05 21:16:52.670844,179.96,2,Food & Beverages,Gourmet Food
TXNXUCLH7U6ND,CUST97322992,2026-04-26 21:16:52.670844,91.42,4,Home & Garden,Tools
TXN2J2TXWRA0B,CUST97322992,2026-06-24 21:16:52.670844,72.67,4,Automotive,Cleaning Supplies
TXNWFV66DYAWP,CUST97322992,2026-04-18 21:16:52.670844,168.68,5,Home & Garden,Tools
TXNU33947SMP4,CUST69350792,2026-06-11 21:16:52.670844,332.69,3,Clothing,T-Shirt
TXNWBPZ7IMNH9,CUST69350792,2026-07-14 21:16:52.670844,256.5,5,Office Supplies,Electronics
TXNGGG2KSUNNB,CUST69350792,2026-05-22 21:16:52.670844,211.34,4,Electronics,Headphones
TXNJGAG4G2DJY,CUST69350792,2026-05-25 21:16:52.670844,403.17,5,Health & Beauty,Supplements
TXNWM7097GPNR,CUST69350792,2026-07-11 21:16:52.670844,74.77,5,Sports & Outdoors,Bicycle
TXNUUU1RI6184,CUST69350792,2026-06-08 21:16:52.670844,234.59,1,Automotive,Car Accessories
TXN0KEILF2KJM,CUST69350792,2026-05-29 21:16:52.670844,169.27,4,Sports & Outdoors,Sportswear
TXNZIBEXBUQBQ,CUST69350792,2026-06-01 21:16:52.670844,292.0,1,Automotive,Car Accessories
TXND6AP7UMBZJ,CUST69350792,2026-05-28 21:16:52.670844,336.22,2,Food & Beverages,Organic Products
TXNK84FHGYHAK,CUST69350792,2026-06-11 21:16:52.670844,230.95,2,Electronics,Camera
TXNVSCSJQ7BG6,CUST69350792,2026-07-11 21:16:52.670844,277.82,4,Health & Beauty,Skincare
TXN8RBJ0E0T7E,CUST69350792,2026-06-02 21:16:52.670844,358.34,4,Automotive,Car Accessories
TXN0LJ8BL98IK,CUST69350792,2026-07-10 21:16:52.670844,247.48,2,Electronics,Camera
TXN2T8E32QXAB,CUST69350792,2026-07-16 21:16:52.670844,251.32,1,Food & Beverages,Beverages
TXNRO668LDPTP,CUST69350792,2026-05-22 21:16:52.670844,310.85,3,Office Supplies,Stationery
TXNNKRXVH9OAO,CUST69350792,2026-05-30 21:16:52.670844,311.73,1,Sports & Outdoors,Camping Gear
TXNQ6TYBTO99T,CUST69350792,2026-06-18 21:16:52.670844,279.28,1,Home & Garden,Furniture
TXNLLD60ZCDPZ,CUST69350792,2026-06-07 21:16:52.670844,300.56,2,Electronics,Headphones
TXN7615HNXR6J,CUST11338722,2026-06-25 21:16:52.670844,184.72,4,Toys & Games,Puzzles
TXN6ADQ7YL80V,CUST11338722,2025-05-20 21:16:52.670844,169.89,2,Sports & Outdoors,Bicycle
TXN7QT7QWHHKL,CUST11338722,2026-02-18 21:16:52.670844,257.33,3,Toys & Games,Video Games
TXNDG7CKFJO7J,CUST11338722,2025-05-13 21:16:52.670844,236.33,3,Office Supplies,Stationery
TXNQP43Q6G02Y,CUST11338722,2025-09-15 21:16:52.670844,263.7,2,Toys & Games,Video Games
TXNEK6KJX20I2,CUST11338722,2025-07-18 21:16:52.670844,210.54,3,Books,Educational
TXNAQO0FOUN61,CUST11338722,2026-05-07 21:16:52.670844,170.7,3,Health & Beauty,Supplements
TXNFO7SV4WEUH,CUST11338722,2025-11-03 21:16:52.670844,152.07,4,Office Supplies,Electronics
TXNDZUHYSKPDA,CUST11338722,2025-10-21 21:16:52.670844,146.4,5,Automotive,Parts
TXNNLE0P9R6VR,CUST11338722,2025-06-17 21:16:52.670844,258.81,3,Books,Non-Fiction
TXN7EP35BMEXB,CUST11338722,2026-06-26 21:16:52.670844,167.16,1,Automotive,Parts
TXNX8SA76OSP0,CUST11338722,2026-05-10 21:16:52.670844,237.68,2,Books,Educational
TXN2TOIFKF4WP,CUST11338722,2025-05-03 21:16:52.670844,224.64,4,Electronics,Laptop
TXN0D2BQ6HBXP,CUST11338722,2025-06-08 21:16:52.670844,221.47,5,Home & Garden,Bedding
TXN5NLITXGZ7L,CUST55315635,2026-02-12 21:16:52.670844,111.57,3,Toys & Games,Video Games
TXNG1G5GWUMAR,CUST55315635,2025-09-26 21:16:52.670844,90.19,1,Toys & Games,Video Games
TXNL2QIOC2L88,CUST55315635,2026-05-07 21:16:52.670844,138.77,2,Home & Garden,Kitchen Appliances
TXNN37GH31I76,CUST55315635,2025-10-14 21:16:52.670844,97.2,4,Automotive,Car Accessories
TXNM3Y4VPZTDW,CUST55315635,2026-05-14 21:16:52.670844,113.95,4,Toys & Games,Puzzles
TXN9YKW1A862X,CUST15921991,2026-05-09 21:16:52.670844,92.95,4,Sports & Outdoors,Camping Gear
TXNJBOPST1DSE,CUST15921991,2026-04-15 21:16:52.670844,186.72,1,Home & Garden,Tools
TXNCOQPE5VGAS,CUST15921991,2026-06-06 21:16:52.670844,151.25,2,Electronics,Headphones
TXN9V96UI8SXE,CUST15921991,2026-05-14 21:16:52.670844,137.25,2,Toys & Games,Video Games
TXNRXUMIKP12P,CUST15921991,2026-05-15 21:16:52.670844,184.15,3,Clothing,Jeans
TXNMNFHAAGQ89,CUST15921991,2026-04-26 21:16:52.670844,178.16,3,Automotive,Car Accessories
TXN37USVXA0T9,CUST56749566,2025-12-31 21:16:52.670844,257.4,5,Automotive,Parts
TXNUBG9EAD8QO,CUST56749566,2026-04-12 21:16:52.670844,238.67,2,Electronics,Smart Watch
TXNLP0022AI6D,CUST56749566,2025-12-08 21:16:52.670844,208.02,3,Home & Garden,Bedding
TXNEBH9142NZP,CUST56749566,2026-04-02 21:16:52.670844,185.17,1,Books,Educational
TXNVRE65GPKAK,CUST56749566,2025-12-28 21:16:52.670844,248.22,1,Toys & Games,Action Figures
TXN3ZA3OSCSGF,CUST56749566,2025-11-14 21:16:52.670844,192.89,5,Health & Beauty,Personal Care
TXN34BP178K8I,CUST56749566,2026-03-20 21:16:52.670844,231.82,5,Toys & Games,Puzzles
TXNO3M4F3HBX3,CUST56749566,2025-11-06 21:16:52.670844,199.76,1,Health & Beauty,Skincare
TXNSIVVSIF77O,CUST56749566,2025-08-13 21:16:52.670844,249.79,5,Electronics,Headphones
TXNFIRI67H6WB,CUST56749566,2026-02-25 21:16:52.670844,272.87,3,Sports & Outdoors,Sportswear
TXNEH8RSE4V9X,CUST56749566,2026-01-20 21:16:52.670844,234.98,5,Books,Educational
TXN0KSX8Z68XH,CUST56749566,2025-11-21 21:16:52.670844,238.35,1,Clothing,Jeans
TXN46WAT62QHP,CUST56749566,2026-05-06 21:16:52.670844,295.58,5,Office Supplies,Electronics
TXNVNPZIR71IH,CUST56749566,2026-01-15 21:16:52.670844,262.55,1,Clothing,Jeans
TXNIO1YVGWHV6,CUST56749566,2026-03-25 21:16:52.670844,239.79,1,Food & Beverages,Beverages
TXN9XCB3TZ3K6,CUST56749566,2026-03-12 21:16:52.670844,227.29,4,Food & Beverages,Gourmet Food
TXN9GUP9DIJ0W,CUST56749566,2025-10-18 21:16:52.670844,279.82,4,Health & Beauty,Skincare
TXN7I867O6VCY,CUST56749566,2026-02-16 21:16:52.670844,181.63,4,Books,Comics
TXN7M6K509HMX,CUST56749566,2026-05-12 21:16:52.670844,194.19,2,Toys & Games,Board Games
TXNP55K1UIBHI,CUST56749566,2026-04-30 21:16:52.670844,180.26,2,Books,Magazines
TXNPB27DHH59R,CUST56749566,2025-09-29 21:16:52.670844,191.13,3,Toys & Games,Video Games
TXNJK2E7LYR3B,CUST56749566,2026-03-28 21:16:52.670844,242.53,2,Clothing,Jacket
TXNOYI3GPTXL5,CUST56749566,2026-03-08 21:16:52.670844,276.95,1,Office Supplies,Electronics
TXNW4RBIJ1KMO,CUST56749566,2025-12-04 21:16:52.670844,141.63,1,Office Supplies,Electronics
TXNQAABLJF3ZF,CUST56749566,2025-10-13 21:16:52.670844,275.08,1,Clothing,Accessories
TXN7TCIN81ULO,CUST74886934,2025-05-31 21:16:52.670844,85.61,3,Office Supplies,Electronics
TXN58PJLTVJ7S,CUST74886934,2025-07-08 21:16:52.670844,49.54,1,Food & Beverages,Beverages
TXNIBJ1GDN8ZL,CUST74886934,2025-06-15 21:16:52.670844,53.56,5,Electronics,Camera
TXNC1TVP4VNYL,CUST74886934,2025-03-25 21:16:52.670844,107.53,4,Automotive,Tools
TXNBJGSMK89W2,CUST13143353,2026-01-02 21:16:52.670844,160.07,4,Sports & Outdoors,Camping Gear
TXNUH1VSI85D9,CUST13143353,2024-07-30 21:16:52.670844,218.51,4,Toys & Games,Board Games
TXNKTEYXP7PHM,CUST13143353,2025-11-03 21:16:52.670844,220.28,1,Health & Beauty,Makeup
TXNTT522712BY,CUST13143353,2026-04-22 21:16:52.670844,159.12,5,Office Supplies,Desk Accessories
TXNQ06ZLNPLX4,CUST13143353,2024-12-16 21:16:52.670844,212.01,5,Home & Garden,Tools
TXNMRNVXR1X5M,CUST13143353,2025-10-11 21:16:52.670844,284.72,1,Health & Beauty,Personal Care
TXN024CZYPIC9,CUST13143353,2026-02-04 21:16:52.670844,202.36,2,Home & Garden,Bedding
TXN1GPNUSFLRK,CUST13143353,2025-12-16 21:16:52.670844,196.94,2,Books,Fiction
TXNNNKFNLWM9Z,CUST13143353,2025-12-10 21:16:52.670844,144.95,5,Automotive,Car Accessories
TXNVG9S3XDSLB,CUST13143353,2024-07-24 21:16:52.670844,270.04,3,Automotive,Cleaning Supplies
TXNJHT5G6ZA6L,CUST13143353,2025-03-29 21:16:52.670844,209.0,3,Health & Beauty,Personal Care
TXNGKT3N7OQT4,CUST13143353,2024-09-05 21:16:52.670844,252.47,5,Food & Beverages,Organic Products
TXNHV723EO5SH,CUST13143353,2026-05-10 21:16:52.670844,189.24,1,Home & Garden,Decor
TXN4KVLSPMM0C,CUST13143353,2025-10-26 21:16:52.670844,216.05,1,Books,Educational
TXNAKXDYKZV9U,CUST13143353,2024-12-25 21:16:52.670844,289.96,4,Health & Beauty,Skincare
TXNA2GPH330BR,CUST13143353,2026-02-05 21:16:52.670844,321.82,1,Automotive,Tools
TXNPBYPXDY92V,CUST13143353,2026-01-15 21:16:52.670844,261.69,1,Health & Beauty,Makeup
TXN9YZW8ZM6XZ,CUST13143353,2025-04-20 21:16:52.670844,208.85,5,Home & Garden,Tools
TXNHPH4KIA54C,CUST13143353,2024-07-30 21:16:52.670844,127.23,4,Books,Non-Fiction
TXNHWLDN6280B,CUST13143353,2025-04-28 21:16:52.670844,162.6,3,Health & Beauty,Skincare
TXNGFKPE64Y7S,CUST13143353,2025-09-16 21:16:52.670844,134.93,5,Health & Beauty,Skincare
TXN59LS6S540R,CUST13143353,2024-11-20 21:16:52.670844,273.45,3,Sports & Outdoors,Fitness Equipment
TXNNI6TKJPLW9,CUST74459660,2026-05-04 21:16:52.670844,79.96,2,Sports & Outdoors,Camping Gear
TXNQFRHLLM4CA,CUST74459660,2026-05-10 21:16:52.670844,145.64,1,Books,Fiction
TXNS4TTU2TMWN,CUST74459660,2026-02-01 21:16:52.670844,190.45,3,Home & Garden,Kitchen Appliances
TXNEI5R0N2IJF,CUST74459660,2026-03-17 21:16:52.670844,163.03,3,Automotive,Tools
TXNX0XWSX7KTQ,CUST74459660,2026-03-27 21:16:52.670844,291.27,5,Health & Beauty,Supplements
TXN5BN4X5N7MH,CUST74459660,2025-12-10 21:16:52.670844,226.59,1,Books,Educational
TXNO479A42HJ3,CUST21916174,2025-09-03 21:16:52.670844,95.85,2,Home & Garden,Bedding
TXN9QHVX5FFB8,CUST21916174,2025-10-06 21:16:52.670844,135.89,5,Books,Magazines
TXNQL68LD813N,CUST21916174,2024-12-19 21:16:52.670844,117.26,1,Home & Garden,Furniture
TXNLHRJTR36IA,CUST21916174,2025-08-30 21:16:52.670844,104.9,3,Food & Beverages,Organic Products
TXNSK7LBZ9GCT,CUST21916174,2026-01-05 21:16:52.670844,130.56,5,Food & Beverages,Gourmet Food
TXN2CFR7JECS9,CUST21916174,2025-01-02 21:16:52.670844,108.07,4,Food & Beverages,Organic Products
TXNY9S7OAJKOJ,CUST88893882,2026-03-01 21:16:52.670844,224.42,5,Food & Beverages,Snacks
TXNV6C8VEK26Q,CUST88893882,2026-03-04 21:16:52.670844,105.67,1,Clothing,Accessories
TXNTJ9RP5UTTH,CUST88893882,2025-06-01 21:16:52.670844,229.19,2,Home & Garden,Furniture
TXNML9VLV6DN9,CUST88893882,2026-05-27 21:16:52.670844,254.53,2,Clothing,Shoes
TXNSKBIX1BC84,CUST88893882,2026-06-14 21:16:52.670844,98.34,1,Health & Beauty,Skincare
TXNH3XKR20R23,CUST88893882,2026-01-26 21:16:52.670844,200.66,1,Food & Beverages,Snacks
TXNCC2U7WX5S0,CUST88893882,2025-07-12 21:16:52.670844,247.29,5,Office Supplies,Stationery
TXNU5FP8UZOG9,CUST88893882,2025-08-20 21:16:52.670844,189.11,3,Books,Educational
TXNTD683BG0ZF,CUST88893882,2026-03-04 21:16:52.670844,226.93,1,Clothing,Dress
TXNPGSMCVHRCS,CUST88893882,2026-02-02 21:16:52.670844,289.3,4,Food & Beverages,Organic Products
TXN6OQW0HI78A,CUST88893882,2025-12-24 21:16:52.670844,234.79,2,Food & Beverages,Snacks
TXNDOVAFZB175,CUST88893882,2025-06-17 21:16:52.670844,191.65,5,Electronics,Headphones
TXNRMXSOP4NBN,CUST88893882,2026-04-20 21:16:52.670844,134.17,5,Electronics,Smartphone
TXNYGZ0ICRJCC,CUST88893882,2026-06-24 21:16:52.670844,157.48,4,Home & Garden,Furniture
TXN9TIYRAU98U,CUST88893882,2025-05-31 21:16:52.670844,212.86,5,Health & Beauty,Makeup
TXNO648T9Y3FA,CUST88893882,2026-05-22 21:16:52.670844,213.35,4,Sports & Outdoors,Bicycle
TXNSW10ZILMOH,CUST88893882,2026-03-27 21:16:52.670844,220.2,3,Books,Magazines
TXNKJJELA6CFY,CUST88893882,2025-06-06 21:16:52.670844,196.89,5,Home & Garden,Decor
TXN2GTCZ8XFUD,CUST88893882,2025-09-14 21:16:52.670844,142.22,2,Books,Fiction
TXNMEBWIZP6I5,CUST88893882,2025-10-05 21:16:52.670844,152.22,3,Sports & Outdoors,Sportswear
TXNJYGIL60V2E,CUST88893882,2025-12-09 21:16:52.670844,219.72,2,Office Supplies,Furniture
TXN6FWAYKZI9A,CUST88893882,2026-06-16 21:16:52.670844,247.56,1,Toys & Games,Action Figures
TXN7AUXIWBUFG,CUST88893882,2025-05-23 21:16:52.670844,219.1,4,Health & Beauty,Skincare
TXNMPUP4JMGSV,CUST88893882,2025-06-17 21:16:52.670844,209.85,5,Books,Non-Fiction
TXNDIMNALY5Y7,CUST88893882,2025-08-21 21:16:52.670844,210.79,1,Automotive,Car Accessories
TXN0IXSPXBFC4,CUST88893882,2026-01-30 21:16:52.670844,172.76,1,Automotive,Cleaning Supplies
TXN4NRA8J8NPL,CUST88893882,2025-11-26 21:16:52.670844,175.32,4,Books,Comics
TXNQ6VCZURRSF,CUST88893882,2026-03-25 21:16:52.670844,256.99,5,Automotive,Car Accessories
TXNL1EE8RX3V6,CUST88893882,2026-01-14 21:16:52.670844,192.34,3,Health & Beauty,Skincare
TXNMTMD93X62Z,CUST88893882,2025-07-04 21:16:52.670844,164.84,3,Health & Beauty,Makeup
TXNWU0NUPZWMR,CUST88893882,2025-06-10 21:16:52.670844,168.63,1,Health & Beauty,Skincare
TXN124SMDH79C,CUST88893882,2025-11-16 21:16:52.670844,231.59,4,Automotive,Cleaning Supplies
TXNA0C2XF4KLO,CUST88893882,2026-03-09 21:16:52.670844,273.49,3,Sports & Outdoors,Fitness Equipment
TXNUT6RIJQPE4,CUST88893882,2025-07-30 21:16:52.670844,179.56,5,Sports & Outdoors,Camping Gear
TXN24MUT00N1Z,CUST88893882,2026-03-08 21:16:52.670844,150.68,3,Automotive,Tools
TXNOQCSGKI9Y5,CUST88893882,2026-02-13 21:16:52.670844,377.23,1,Clothing,T-Shirt
TXN79E0SIXDFT,CUST88893882,2025-09-19 21:16:52.670844,126.82,2,Food & Beverages,Gourmet Food
TXNLNW632CCFN,CUST88893882,2026-05-25 21:16:52.670844,117.15,4,Food & Beverages,Snacks
TXNRGMII37JO5,CUST88893882,2025-10-05 21:16:52.670844,272.19,1,Health & Beauty,Skincare
TXNA2O4BF3OJD,CUST88893882,2025-09-11 21:16:52.670844,207.18,1,Toys & Games,Action Figures
TXNBHBO68H6ZM,CUST88893882,2026-02-11 21:16:52.670844,227.68,4,Automotive,Parts
TXN2QKD0QJWPF,CUST88893882,2025-06-12 21:16:52.670844,265.66,3,Food & Beverages,Beverages
TXN0AZFSVWOE0,CUST88893882,2026-04-24 21:16:52.670844,303.46,3,Clothing,Jeans
TXNVNNDGN1V1L,CUST88893882,2025-11-28 21:16:52.670844,218.0,4,Clothing,Accessories
TXNVA97IIDGPM,CUST88893882,2025-06-15 21:16:52.670844,165.9,3,Toys & Games,Puzzles
TXNXNG17ZPEAC,CUST88893882,2025-08-21 21:16:52.670844,220.79,5,Home & Garden,Furniture
TXNSGBGR7T45Z,CUST88893882,2026-02-23 21:16:52.670844,167.57,1,Health & Beauty,Personal Care
TXNVZYM24EUQO,CUST88893882,2025-05-23 21:16:52.670844,213.37,2,Books,Fiction
TXNWHKZIY8WGA,CUST75780948,2026-05-30 21:16:52.670844,49.36,3,Office Supplies,Stationery
TXNWL70I68NL6,CUST75780948,2026-05-10 21:16:52.670844,117.56,5,Health & Beauty,Skincare
TXNKXXMM1IK20,CUST75780948,2026-05-08 21:16:52.670844,123.27,1,Books,Magazines
TXNQ9J6912FYC,CUST75780948,2026-05-22 21:16:52.670844,104.39,4,Toys & Games,Action Figures
TXN9MESTTQP3T,CUST75780948,2026-05-11 21:16:52.670844,126.05,1,Food & Beverages,Organic Products
TXND0PQN0QJKE,CUST75780948,2026-05-28 21:16:52.670844,108.24,1,Books,Educational
TXNXM5693KC67,CUST75780948,2026-05-09 21:16:52.670844,109.03,2,Books,Educational
TXNJ6HLFC7LLJ,CUST75780948,2026-05-22 21:16:52.670844,147.31,5,Clothing,Jacket
TXNZD6CKDFFSD,CUST75780948,2026-05-03 21:16:52.670844,129.29,3,Health & Beauty,Makeup
TXNHYIR6FKWLI,CUST75780948,2026-05-26 21:16:52.670844,118.39,2,Home & Garden,Kitchen Appliances
TXNUMMLAZ647A,CUST75780948,2026-05-16 21:16:52.670844,88.69,4,Home & Garden,Bedding
TXNUGIE1P6L9W,CUST75780948,2026-04-18 21:16:52.670844,148.67,4,Automotive,Car Accessories
TXNMQ0VCE3JCV,CUST75780948,2026-04-25 21:16:52.670844,140.31,5,Food & Beverages,Snacks
TXNISJVOD8SF4,CUST75780948,2026-05-14 21:16:52.670844,93.24,3,Office Supplies,Stationery
TXNS65AC8ZERV,CUST75780948,2026-04-29 21:16:52.670844,101.18,4,Automotive,Tools
TXNN4NE115FUJ,CUST41844784,2026-04-24 21:16:52.670844,429.9,3,Books,Fiction
TXN0EIEZMZ2K1,CUST41844784,2026-02-12 21:16:52.670844,382.12,4,Electronics,Tablet
TXNRT5BGBR8RV,CUST41844784,2026-02-23 21:16:52.670844,339.91,4,Food & Beverages,Gourmet Food
TXNI800RE1E52,CUST41844784,2026-03-24 21:16:52.670844,319.26,1,Automotive,Parts
TXN2C0WLLLXF8,CUST41844784,2026-04-19 21:16:52.670844,408.08,3,Electronics,Camera
TXNQTUAPLTNDX,CUST41844784,2026-04-10 21:16:52.670844,295.21,5,Books,Comics
TXNKZATHYEVQI,CUST41844784,2026-02-20 21:16:52.670844,253.19,2,Food & Beverages,Beverages
TXNA4HZCADSWM,CUST41844784,2026-02-16 21:16:52.670844,492.8,2,Electronics,Tablet
TXN0ULU534ZFX,CUST41844784,2026-02-23 21:16:52.670844,502.24,3,Health & Beauty,Makeup
TXN5RMLHI1QHX,CUST41844784,2026-02-13 21:16:52.670844,421.56,1,Sports & Outdoors,Camping Gear
TXNYHUK9D8QEM,CUST41844784,2026-04-29 21:16:52.670844,280.46,2,Electronics,Camera
TXNC9V91ZXNQ7,CUST41844784,2026-06-19 21:16:52.670844,186.98,1,Electronics,Headphones
TXN0PH904EYLX,CUST41844784,2026-02-17 21:16:52.670844,355.3,5,Food & Beverages,Snacks
TXNPOSDZ6Y7O7,CUST41844784,2026-05-15 21:16:52.670844,336.6,1,Home & Garden,Bedding
TXNI7IYHTHWRP,CUST41844784,2026-02-19 21:16:52.670844,599.88,4,Electronics,Headphones
TXNA88IXOJ2DF,CUST41844784,2026-05-03 21:16:52.670844,454.95,3,Sports & Outdoors,Sportswear
TXNQ0S8IX3FZM,CUST41844784,2026-06-25 21:16:52.670844,404.06,1,Automotive,Car Accessories
TXNDI6FGMAB5I,CUST41844784,2026-02-07 21:16:52.670844,531.65,1,Books,Fiction
TXNXC8SOYJXMW,CUST41844784,2026-06-16 21:16:52.670844,297.67,3,Office Supplies,Desk Accessories
TXNB4IK3LICW2,CUST41844784,2026-03-22 21:16:52.670844,283.39,4,Books,Educational
TXNXGGRPCIRFT,CUST41844784,2026-05-03 21:16:52.670844,539.76,5,Health & Beauty,Makeup
TXNBM4YY4RZ7N,CUST41844784,2026-02-06 21:16:52.670844,491.03,1,Sports & Outdoors,Camping Gear
TXNYLWA4AWOQ2,CUST41844784,2026-02-06 21:16:52.670844,496.83,4,Clothing,Jacket
TXNFFECCOJIIK,CUST41844784,2026-02-28 21:16:52.670844,398.17,1,Sports & Outdoors,Bicycle
TXNZWB9UKX0CH,CUST41844784,2026-04-07 21:16:52.670844,416.05,5,Electronics,Headphones
TXNKYU45ZV6HK,CUST41844784,2026-04-26 21:16:52.670844,177.92,2,Food & Beverages,Gourmet Food
TXNHYJN7A4TBD,CUST41844784,2026-03-08 21:16:52.670844,305.4,4,Clothing,Jeans
TXNDM2R8TTUKA,CUST41844784,2026-05-12 21:16:52.670844,524.99,3,Electronics,Camera
TXN55GBTYIWO7,CUST41844784,2026-06-16 21:16:52.670844,257.77,1,Toys & Games,Board Games
TXNBX9MJ53L9O,CUST41844784,2026-03-19 21:16:52.670844,275.35,4,Home & Garden,Kitchen Appliances
TXNNY7H6TKTB6,CUST41844784,2026-02-09 21:16:52.670844,251.44,3,Home & Garden,Bedding
TXNR8QBVGP6ZE,CUST41844784,2026-03-02 21:16:52.670844,421.45,3,Health & Beauty,Supplements
TXNV1MNCP2C9C,CUST41844784,2026-02-27 21:16:52.670844,372.16,2,Home & Garden,Bedding
TXNSA1V2W5RHO,CUST41844784,2026-04-21 21:16:52.670844,435.75,3,Health & Beauty,Supplements
TXNY6N4O04YCJ,CUST41844784,2026-02-16 21:16:52.670844,378.65,5,Electronics,Tablet
TXNEV9FI5FP19,CUST41844784,2026-06-27 21:16:52.670844,486.49,1,Health & Beauty,Skincare
TXNEDTTAED9B4,CUST41844784,2026-05-05 21:16:52.670844,614.33,2,Clothing,Accessories
TXNOHCNQOBJPD,CUST70328917,2026-05-26 21:16:52.670844,58.3,3,Office Supplies,Desk Accessories
TXNG4KGZIC1VL,CUST70328917,2026-05-14 21:16:52.670844,98.14,5,Sports & Outdoors,Bicycle
TXNTOQHR0Z8ZU,CUST70328917,2026-04-14 21:16:52.670844,90.64,1,Home & Garden,Bedding
TXNCE24OSMSCC,CUST70328917,2026-04-21 21:16:52.670844,221.21,4,Toys & Games,Puzzles
TXNN0PNG1ZHB0,CUST70328917,2026-04-12 21:16:52.670844,154.37,4,Sports & Outdoors,Bicycle
TXNR1HRM0DBE0,CUST70328917,2026-05-19 21:16:52.670844,160.63,5,Health & Beauty,Skincare
TXNZBCL9RINKO,CUST70328917,2026-07-20 21:16:52.670844,165.43,5,Sports & Outdoors,Fitness Equipment
TXN5W17EJMAO5,CUST70328917,2026-05-10 21:16:52.670844,102.87,2,Books,Comics
TXNY2VRH82BXT,CUST70328917,2026-07-14 21:16:52.670844,94.71,1,Clothing,T-Shirt
TXNO7N605VWWQ,CUST70328917,2026-07-03 21:16:52.670844,210.1,2,Toys & Games,Action Figures
TXN3O8O8EWIGD,CUST70328917,2026-04-17 21:16:52.670844,226.8,2,Books,Educational
TXNQS068J0WP6,CUST70328917,2026-07-04 21:16:52.670844,177.26,3,Books,Comics
TXNK3UFYJ33CF,CUST70328917,2026-04-18 21:16:52.670844,209.54,3,Books,Non-Fiction
TXNFSU5V5O8NN,CUST70328917,2026-06-22 21:16:52.670844,214.7,2,Books,Non-Fiction
TXN7IKOJ6XWYR,CUST70328917,2026-05-15 21:16:52.670844,173.68,1,Food & Beverages,Snacks
TXN09XI7SJUBF,CUST70328917,2026-06-27 21:16:52.670844,87.67,3,Toys & Games,Puzzles
TXN8298MCEAL1,CUST70328917,2026-04-27 21:16:52.670844,184.74,1,Food & Beverages,Beverages
TXNRPLUETWE61,CUST70328917,2026-04-14 21:16:52.670844,153.98,3,Books,Magazines
TXNXYQV37IKXO,CUST70328917,2026-04-28 21:16:52.670844,119.4,4,Office Supplies,Furniture
TXNF3T921HW0Z,CUST70328917,2026-05-20 21:16:52.670844,113.31,3,Office Supplies,Desk Accessories
TXNNIHTIQLKUK,CUST70328917,2026-06-05 21:16:52.670844,87.05,5,Automotive,Cleaning Supplies
TXNVX99VW8D79,CUST70328917,2026-06-10 21:16:52.670844,129.24,1,Home & Garden,Decor
TXNEUJNSQPN29,CUST70328917,2026-05-15 21:16:52.670844,150.08,2,Food & Beverages,Organic Products
TXNSBATC93NTU,CUST70328917,2026-07-15 21:16:52.670844,96.83,5,Automotive,Car Accessories
TXNMJ76K4EU7C,CUST70328917,2026-05-13 21:16:52.670844,104.82,1,Sports & Outdoors,Camping Gear
TXNKSUOMJX3SR,CUST70328917,2026-05-18 21:16:52.670844,235.34,4,Sports & Outdoors,Bicycle
TXN4UGD1ZPJ4E,CUST70328917,2026-05-01 21:16:52.670844,117.45,4,Automotive,Car Accessories
TXN8W2ZPYK0J3,CUST70328917,2026-05-13 21:16:52.670844,165.88,4,Toys & Games,Video Games
TXNLOAQ8B04S7,CUST70328917,2026-06-07 21:16:52.670844,67.76,3,Sports & Outdoors,Sportswear
TXN87QGJ88XCC,CUST70328917,2026-04-17 21:16:52.670844,184.59,2,Food & Beverages,Gourmet Food
TXNSJ8H664B7T,CUST70328917,2026-06-09 21:16:52.670844,115.95,4,Clothing,Jacket
TXNQOVMLNHW8W,CUST70328917,2026-05-10 21:16:52.670844,86.6,4,Books,Magazines
TXNQX10KNHRQM,CUST70328917,2026-06-17 21:16:52.670844,161.59,5,Books,Educational
TXN44866SLBZT,CUST87167908,2026-01-09 21:16:52.670844,150.38,1,Home & Garden,Furniture
TXNUG7X9NKD0N,CUST87167908,2026-01-21 21:16:52.670844,110.31,4,Office Supplies,Desk Accessories
TXNVFFBE1VVWV,CUST87167908,2026-01-18 21:16:52.670844,99.87,2,Office Supplies,Stationery
TXN4B83K12XO2,CUST87167908,2026-01-12 21:16:52.670844,88.85,5,Clothing,T-Shirt
TXNPRBW1U2SNM,CUST82430322,2025-11-07 21:16:52.670844,176.51,4,Toys & Games,Puzzles
TXNRN54E74QCG,CUST82430322,2025-12-22 21:16:52.670844,195.14,2,Food & Beverages,Gourmet Food
TXNKS6QRRJMYC,CUST82430322,2026-07-18 21:16:52.670844,297.84,2,Electronics,Laptop
TXNGGEAKX5P1C,CUST82430322,2026-07-10 21:16:52.670844,193.04,2,Electronics,Tablet
TXN572XG9DK74,CUST82430322,2026-06-30 21:16:52.670844,116.95,5,Clothing,Jacket
TXNVNYEIKDA0O,CUST82430322,2025-12-04 21:16:52.670844,256.77,1,Office Supplies,Electronics
TXNLP8WPV49A6,CUST82430322,2025-12-14 21:16:52.670844,181.61,1,Office Supplies,Desk Accessories
TXN24WUWSAQR3,CUST82430322,2026-03-15 21:16:52.670844,137.38,4,Sports & Outdoors,Fitness Equipment
TXNOKFQ3TL4JK,CUST82430322,2026-01-16 21:16:52.670844,249.1,4,Sports & Outdoors,Fitness Equipment
TXN9B1YCR6GZZ,CUST82430322,2026-05-19 21:16:52.670844,238.96,2,Home & Garden,Kitchen Appliances
TXNQR4ZA24B0P,CUST82430322,2025-12-03 21:16:52.670844,222.88,2,Books,Educational
TXNWN2XQ9F52L,CUST82430322,2026-01-20 21:16:52.670844,314.9,2,Health & Beauty,Personal Care
TXNKX63QQQCZT,CUST82430322,2026-04-25 21:16:52.670844,356.4,1,Automotive,Tools
TXN8JXYCICSUP,CUST82430322,2026-07-01 21:16:52.670844,233.82,1,Electronics,Smartphone
TXNV0SEMC68JX,CUST82430322,2025-12-11 21:16:52.670844,198.58,3,Toys & Games,Puzzles
TXNX4B1PYCFJS,CUST82430322,2026-04-01 21:16:52.670844,189.97,5,Home & Garden,Furniture
TXNMNAB1E5M9M,CUST82430322,2026-02-14 21:16:52.670844,238.68,1,Sports & Outdoors,Fitness Equipment
TXNB53RCDNO6J,CUST82430322,2026-06-02 21:16:52.670844,208.76,1,Clothing,Shoes
TXNN000GVMN8X,CUST82430322,2026-03-08 21:16:52.670844,161.53,5,Automotive,Parts
TXN2DI0S1IETB,CUST82430322,2026-06-01 21:16:52.670844,186.61,4,Automotive,Car Accessories
TXN0XEIDGY4E6,CUST82430322,2026-05-03 21:16:52.670844,259.37,5,Toys & Games,Video Games
TXNTXDETJ7ZXF,CUST82430322,2026-03-12 21:16:52.670844,159.94,3,Toys & Games,Puzzles
TXN6PBNLS6Y9Z,CUST82430322,2025-11-28 21:16:52.670844,274.1,3,Office Supplies,Stationery
TXNIS511ZRMKS,CUST82430322,2026-01-14 21:16:52.670844,154.47,3,Automotive,Parts
TXN60GC5E3VMS,CUST82430322,2026-04-14 21:16:52.670844,238.75,1,Food & Beverages,Beverages
TXNEA0K3KWUTL,CUST82430322,2025-11-03 21:16:52.670844,249.95,2,Toys & Games,Puzzles
TXNTAGK49L09L,CUST82430322,2026-01-31 21:16:52.670844,166.47,3,Clothing,T-Shirt
TXNMCXZNWQ8QO,CUST82430322,2026-03-20 21:16:52.670844,267.65,5,Sports & Outdoors,Bicycle
TXNBFGEUZTXWR,CUST82430322,2026-05-06 21:16:52.670844,224.37,3,Home & Garden,Furniture
TXN7C97USSF1S,CUST82430322,2026-05-22 21:16:52.670844,131.18,4,Books,Educational
TXN1E1HAJXVJF,CUST82430322,2026-04-03 21:16:52.670844,137.95,5,Automotive,Tools
TXNMCIDUIV0XH,CUST82430322,2025-11-23 21:16:52.670844,123.36,4,Sports & Outdoors,Fitness Equipment
TXNQ938E00SOS,CUST82430322,2026-07-07 21:16:52.670844,108.99,4,Health & Beauty,Skincare
TXNYXUW5INQH6,CUST82430322,2026-04-30 21:16:52.670844,197.65,1,Clothing,Jacket
TXN7N2B597T9A,CUST82430322,2026-02-04 21:16:52.670844,178.23,2,Sports & Outdoors,Sportswear
TXNXTGGJXIQD9,CUST82430322,2026-04-18 21:16:52.670844,266.28,3,Books,Fiction
TXN4AQ00OHQ9F,CUST82430322,2026-02-24 21:16:52.670844,175.09,5,Sports & Outdoors,Fitness Equipment
TXN6H6GC8NI3Q,CUST82430322,2026-01-29 21:16:52.670844,97.22,2,Health & Beauty,Skincare
TXN4FCFM1AA87,CUST82430322,2026-02-22 21:16:52.670844,153.61,1,Electronics,Smart Watch
TXN50AKTBT0S1,CUST82430322,2026-04-12 21:16:52.670844,171.06,3,Health & Beauty,Makeup
TXNEBR6TUNTUV,CUST61821360,2026-04-10 21:16:52.670844,134.06,1,Automotive,Cleaning Supplies
TXN83TSDAZAJ5,CUST61821360,2026-05-19 21:16:52.670844,138.84,1,Home & Garden,Furniture
TXN5KP1B1R44E,CUST61821360,2026-05-22 21:16:52.670844,98.97,3,Office Supplies,Furniture
TXNAL8E8EQT9E,CUST61821360,2026-04-08 21:16:52.670844,143.38,2,Health & Beauty,Personal Care
TXNHTQLM3SP8O,CUST61821360,2026-04-14 21:16:52.670844,146.67,4,Food & Beverages,Gourmet Food
TXNGQAO6SLINR,CUST61821360,2026-05-03 21:16:52.670844,130.05,3,Health & Beauty,Skincare
TXNAX4R8M3ZWA,CUST99910485,2026-06-04 21:16:52.670844,139.13,3,Toys & Games,Puzzles
TXN67O00F7HZL,CUST99910485,2026-01-28 21:16:52.670844,203.45,5,Health & Beauty,Makeup
TXNCGN1V9IM22,CUST99910485,2026-04-27 21:16:52.670844,159.51,5,Health & Beauty,Skincare
TXNQ7MRDCAKEE,CUST99910485,2026-06-28 21:16:52.670844,104.12,3,Food & Beverages,Gourmet Food
TXNBI33QPBEUE,CUST99910485,2026-05-17 21:16:52.670844,155.46,1,Clothing,Accessories
TXNWL3U0SM97T,CUST99910485,2026-04-11 21:16:52.670844,154.8,5,Health & Beauty,Skincare
TXN358JOZ15U2,CUST99910485,2026-06-17 21:16:52.670844,117.39,3,Automotive,Car Accessories
TXNV9M94W741O,CUST99910485,2026-03-09 21:16:52.670844,101.92,1,Books,Fiction
TXN7MQNLIMFLH,CUST99910485,2026-04-16 21:16:52.670844,214.34,4,Food & Beverages,Gourmet Food
TXN4382SQR9T5,CUST99910485,2026-06-01 21:16:52.670844,159.44,3,Books,Non-Fiction
TXN0I64CK2J4V,CUST99910485,2026-02-19 21:16:52.670844,199.83,2,Food & Beverages,Organic Products
TXN77J2IJL63D,CUST99910485,2026-04-01 21:16:52.670844,220.07,4,Home & Garden,Decor
TXNYEO0YAFA9J,CUST99910485,2026-03-27 21:16:52.670844,136.51,2,Automotive,Cleaning Supplies
TXN4TSKTY1K0D,CUST99910485,2026-04-02 21:16:52.670844,153.31,1,Food & Beverages,Gourmet Food
TXNZVW3JF1S7R,CUST99910485,2026-06-05 21:16:52.670844,112.92,5,Food & Beverages,Beverages
TXNLHYZNO03X0,CUST99910485,2026-02-28 21:16:52.670844,215.26,4,Food & Beverages,Snacks
TXNA3QLSWIFQC,CUST99910485,2026-05-21 21:16:52.670844,145.58,3,Office Supplies,Electronics
TXNT7SMR23ZUZ,CUST99910485,2026-05-04 21:16:52.670844,95.7,3,Health & Beauty,Makeup
TXNXI04YYXMS3,CUST99910485,2026-05-20 21:16:52.670844,113.73,2,Health & Beauty,Makeup
TXN87AL8W6P35,CUST99910485,2026-02-07 21:16:52.670844,167.31,3,Health & Beauty,Skincare
TXNDGAYAS0TP4,CUST73029112,2025-07-27 21:16:52.670844,111.52,1,Home & Garden,Furniture
TXNCO325QFFVB,CUST73029112,2026-01-13 21:16:52.670844,106.02,5,Home & Garden,Furniture
TXN2FHRZS6ZAU,CUST73029112,2025-11-22 21:16:52.670844,35.29,4,Home & Garden,Decor
TXNULHDP3JQ86,CUST73029112,2025-12-14 21:16:52.670844,64.18,3,Books,Non-Fiction
TXNJQY4J841PU,CUST73029112,2026-05-24 21:16:52.670844,70.4,3,Clothing,Accessories
TXNZZYGDYZCOB,CUST73029112,2025-04-29 21:16:52.670844,76.41,2,Electronics,Headphones
TXNXQ6YAK1AAZ,CUST73029112,2025-12-31 21:16:52.670844,89.5,3,Sports & Outdoors,Camping Gear
TXNHQWVAB6D7T,CUST96970943,2026-06-01 21:16:52.670844,464.49,5,Home & Garden,Bedding
TXNUUSGT343OB,CUST96970943,2026-06-04 21:16:52.670844,648.36,1,Books,Non-Fiction
TXNXX133IWCT8,CUST96970943,2026-06-11 21:16:52.670844,566.83,1,Office Supplies,Stationery
TXNEGP5KB544R,CUST96970943,2026-06-19 21:16:52.670844,320.58,1,Food & Beverages,Snacks
TXNOJ9D0ZF6PR,CUST96970943,2026-06-03 21:16:52.670844,247.58,4,Automotive,Tools
TXNPC4BE5Y5YU,CUST96970943,2026-06-14 21:16:52.670844,454.66,5,Clothing,Jacket
TXN0ORF5RPQXU,CUST96970943,2026-06-12 21:16:52.670844,553.04,3,Health & Beauty,Skincare
TXNS6QTCY694I,CUST96970943,2026-06-16 21:16:52.670844,377.26,3,Clothing,T-Shirt
TXN4A9L66S82W,CUST96970943,2026-06-07 21:16:52.670844,463.32,4,Food & Beverages,Beverages
TXNPT47Q3ITZN,CUST96970943,2026-06-06 21:16:52.670844,276.68,4,Toys & Games,Puzzles
TXN08XHXD2EZW,CUST96970943,2026-06-15 21:16:52.670844,511.35,4,Electronics,Camera
TXNLH7QHEUXQM,CUST96970943,2026-06-24 21:16:52.670844,433.89,4,Electronics,Smartphone
TXN8KUY8YNO40,CUST96970943,2026-06-05 21:16:52.670844,369.45,1,Books,Educational
TXNE3IUB942W2,CUST96970943,2026-06-27 21:16:52.670844,368.54,4,Automotive,Car Accessories
TXNAYGCQU9FBL,CUST96970943,2026-06-17 21:16:52.670844,248.18,3,Food & Beverages,Gourmet Food
TXNBNFZQY9UE5,CUST96970943,2026-06-14 21:16:52.670844,542.11,3,Clothing,Jacket
TXNQZ6HQOS4JA,CUST96970943,2026-06-27 21:16:52.670844,377.1,2,Health & Beauty,Personal Care
TXNC001BIUIR2,CUST96970943,2026-06-17 21:16:52.670844,504.72,3,Office Supplies,Furniture
TXNKVXTM71NSV,CUST96970943,2026-06-22 21:16:52.670844,391.31,4,Electronics,Tablet
TXNZNDW1LK7FA,CUST96970943,2026-06-20 21:16:52.670844,441.7,4,Office Supplies,Stationery
TXNIXDP36LXDO,CUST96970943,2026-06-08 21:16:52.670844,345.0,2,Electronics,Smartphone
TXN1KY7TSCZXQ,CUST96970943,2026-06-19 21:16:52.670844,354.0,4,Health & Beauty,Supplements
TXNIEDSRU3239,CUST96970943,2026-05-30 21:16:52.670844,581.35,2,Sports & Outdoors,Bicycle
TXN5UI2A4KV67,CUST96970943,2026-05-31 21:16:52.670844,168.58,2,Toys & Games,Video Games
TXN9GPV3G2AAG,CUST96970943,2026-06-25 21:16:52.670844,628.15,4,Home & Garden,Bedding
TXN8H5A64P6ZJ,CUST96970943,2026-06-17 21:16:52.670844,348.45,1,Health & Beauty,Makeup
TXN2S1XF6BSW1,CUST96970943,2026-06-14 21:16:52.670844,453.72,4,Books,Fiction
TXNDW7G23O2HS,CUST12150164,2025-01-08 21:16:52.670844,234.39,3,Home & Garden,Decor
TXNASS0L9TJWD,CUST12150164,2024-08-15 21:16:52.670844,42.7,4,Sports & Outdoors,Bicycle
TXNZ2Z27JEA4Q,CUST55971837,2026-01-20 21:16:52.670844,468.73,5,Home & Garden,Furniture
TXNQVU0VHCISE,CUST55971837,2025-08-08 21:16:52.670844,328.23,4,Books,Educational
TXNB2THEU3CME,CUST55971837,2025-12-16 21:16:52.670844,442.88,4,Food & Beverages,Snacks
TXNB1S4D3PPVH,CUST55971837,2025-04-22 21:16:52.670844,317.43,3,Clothing,Shoes
TXN9AUHII37RE,CUST55971837,2024-10-22 21:16:52.670844,10.0,3,Books,Non-Fiction
TXN2J50HP7U8A,CUST55971837,2025-05-05 21:16:52.670844,219.47,5,Books,Magazines
TXNYRUAWTQR51,CUST55971837,2024-10-23 21:16:52.670844,499.26,5,Home & Garden,Furniture
TXNY29WY6GPC4,CUST55971837,2026-05-07 21:16:52.670844,269.41,3,Office Supplies,Stationery
TXNTRNDCSF27L,CUST55971837,2026-02-01 21:16:52.670844,359.83,5,Sports & Outdoors,Bicycle
TXN7K96WRIEMX,CUST55971837,2026-06-10 21:16:52.670844,359.07,1,Electronics,Camera
TXN0NJX6B7ZJ1,CUST55971837,2026-06-18 21:16:52.670844,417.12,2,Sports & Outdoors,Camping Gear
TXN1MGMUZCN84,CUST55971837,2024-09-19 21:16:52.670844,244.82,2,Electronics,Smart Watch
TXNSHRT2MVZVU,CUST55971837,2025-04-07 21:16:52.670844,283.43,4,Health & Beauty,Supplements
TXN4G5BKU12WJ,CUST55971837,2026-02-06 21:16:52.670844,478.03,4,Electronics,Laptop
TXNMQRMRAUDFH,CUST55971837,2024-11-08 21:16:52.670844,378.8,2,Food & Beverages,Organic Products
TXNVYI000Y6JQ,CUST55971837,2026-02-02 21:16:52.670844,326.41,4,Health & Beauty,Supplements
TXND3VF58ZZQL,CUST55971837,2026-07-08 21:16:52.670844,286.94,5,Electronics,Camera
TXNKP61KXI2ZS,CUST55971837,2025-02-01 21:16:52.670844,475.83,2,Sports & Outdoors,Bicycle
TXNQ701GA4H7M,CUST55971837,2025-04-21 21:16:52.670844,370.61,2,Office Supplies,Stationery
TXNQJVWLVJ8UQ,CUST55971837,2026-05-09 21:16:52.670844,463.87,1,Health & Beauty,Personal Care
TXNHVSOSCDOKH,CUST55971837,2024-12-15 21:16:52.670844,430.06,4,Toys & Games,Board Games
TXN9CN4KXLDG4,CUST55971837,2025-02-22 21:16:52.670844,315.84,1,Home & Garden,Decor
TXNXGMM1VO9YT,CUST55971837,2025-12-22 21:16:52.670844,444.51,3,Books,Non-Fiction
TXN3J4CRM0NJY,CUST55971837,2024-11-24 21:16:52.670844,114.52,1,Automotive,Parts
TXNCIQ85IC52Y,CUST55971837,2026-04-08 21:16:52.670844,242.8,5,Automotive,Cleaning Supplies
TXN05HT06SG83,CUST68146976,2026-01-21 21:16:52.670844,252.35,1,Books,Educational
TXNQ3OE7QOQJB,CUST68146976,2025-12-17 21:16:52.670844,187.89,4,Sports & Outdoors,Fitness Equipment
TXNVSVWC0A640,CUST68146976,2026-04-07 21:16:52.670844,156.85,2,Toys & Games,Action Figures
TXNON1FTPXB5J,CUST68146976,2026-04-05 21:16:52.670844,218.47,2,Toys & Games,Video Games
TXNAP0L2EB93Z,CUST68146976,2026-04-01 21:16:52.670844,272.64,3,Food & Beverages,Organic Products
TXNB17WPD6TUV,CUST68146976,2026-07-06 21:16:52.670844,245.02,1,Toys & Games,Puzzles
TXNOREIR73X3Y,CUST68146976,2026-06-05 21:16:52.670844,307.93,3,Food & Beverages,Gourmet Food
TXNNKNWNZG5I3,CUST68146976,2025-12-24 21:16:52.670844,177.51,1,Electronics,Laptop
TXN9HNVMUGWVM,CUST68146976,2026-01-19 21:16:52.670844,158.1,2,Food & Beverages,Beverages
TXNWNY9JZX7GX,CUST68146976,2026-01-01 21:16:52.670844,220.23,3,Food & Beverages,Beverages
TXNN2PO9MB81V,CUST68146976,2025-12-21 21:16:52.670844,181.62,3,Sports & Outdoors,Camping Gear
TXN8F6F15HECQ,CUST81721919,2026-03-09 21:16:52.670844,198.63,3,Clothing,Jeans
TXNSPUUO0WWJU,CUST81721919,2026-03-10 21:16:52.670844,182.79,5,Toys & Games,Puzzles
TXN4IS93L6N5J,CUST81721919,2026-04-10 21:16:52.670844,218.22,2,Home & Garden,Furniture
TXNX1PR3BLGR5,CUST81721919,2026-03-20 21:16:52.670844,296.33,1,Home & Garden,Bedding
TXN3PLAXFC5FK,CUST81721919,2026-04-18 21:16:52.670844,152.27,2,Automotive,Car Accessories
TXNEXHI8RGVB9,CUST81721919,2026-04-07 21:16:52.670844,209.16,3,Books,Non-Fiction
TXNVU4R7JUGLO,CUST81721919,2026-03-27 21:16:52.670844,225.47,1,Toys & Games,Puzzles
TXNN5ARP1JZE8,CUST81721919,2026-04-13 21:16:52.670844,177.44,1,Clothing,Accessories
TXNLTA7DQQTWJ,CUST81721919,2026-05-04 21:16:52.670844,261.55,5,Electronics,Camera
TXNY2Q2983UF5,CUST81721919,2026-04-12 21:16:52.670844,273.99,5,Food & Beverages,Beverages
TXNXYEKO4LA0C,CUST81721919,2026-05-25 21:16:52.670844,202.94,4,Clothing,Jeans
TXN9PE1HF5XAN,CUST81721919,2026-05-05 21:16:52.670844,252.85,4,Books,Educational
TXN4KVNZAXLNS,CUST81721919,2026-06-08 21:16:52.670844,346.09,3,Sports & Outdoors,Camping Gear
TXN86MQ8YCRC0,CUST81721919,2026-04-14 21:16:52.670844,243.45,5,Books,Magazines
TXNRFYOD8HY5Q,CUST81721919,2026-04-20 21:16:52.670844,285.32,5,Health & Beauty,Supplements
TXNS8LFSS28IN,CUST81721919,2026-04-26 21:16:52.670844,204.72,5,Electronics,Headphones
TXNN03HQCOO9J,CUST81721919,2026-04-07 21:16:52.670844,221.8,4,Home & Garden,Bedding
TXNWZO4R06N4T,CUST81721919,2026-06-20 21:16:52.670844,253.67,3,Health & Beauty,Makeup
TXN3BY5MEYN07,CUST81721919,2026-04-25 21:16:52.670844,260.49,1,Home & Garden,Kitchen Appliances
TXNELTNTOS0DS,CUST81721919,2026-06-22 21:16:52.670844,290.33,5,Health & Beauty,Makeup
TXNNKI2Q56FW4,CUST81721919,2026-04-21 21:16:52.670844,213.09,5,Books,Educational
TXNSRJVWCSNEJ,CUST81721919,2026-04-08 21:16:52.670844,163.35,1,Office Supplies,Furniture
TXNWIWKKHUPWN,CUST81721919,2026-05-13 21:16:52.670844,213.91,5,Home & Garden,Bedding
TXNE1RE724GHT,CUST81721919,2026-06-06 21:16:52.670844,77.87,5,Home & Garden,Decor
TXN4Z158M4UXF,CUST81721919,2026-05-17 21:16:52.670844,207.18,2,Sports & Outdoors,Camping Gear
TXNS5SKJPP8BQ,CUST81721919,2026-06-16 21:16:52.670844,129.58,3,Home & Garden,Tools
TXNFSE1RTNGEG,CUST81721919,2026-06-21 21:16:52.670844,208.13,1,Clothing,Jacket
TXNQ7MHYN59Y6,CUST81721919,2026-06-24 21:16:52.670844,288.22,4,Sports & Outdoors,Sportswear
TXN0G3UP71Z0N,CUST81721919,2026-06-18 21:16:52.670844,114.46,1,Sports & Outdoors,Sportswear
TXN6XEF0PCQQ5,CUST81721919,2026-04-09 21:16:52.670844,188.81,3,Automotive,Tools
TXNTYWS9CTFGL,CUST81721919,2026-05-16 21:16:52.670844,166.89,2,Books,Non-Fiction
TXNU4WOOKFRNI,CUST81721919,2026-06-26 21:16:52.670844,358.66,3,Food & Beverages,Organic Products
TXNCT43C65S5Q,CUST81721919,2026-06-02 21:16:52.670844,156.49,2,Health & Beauty,Skincare
TXNZKH3A7CZ9U,CUST81721919,2026-06-10 21:16:52.670844,160.42,1,Books,Non-Fiction
TXNHV2AFNJ9NO,CUST81721919,2026-06-01 21:16:52.670844,137.64,5,Home & Garden,Tools
TXNR9YTBPFYEP,CUST81721919,2026-04-10 21:16:52.670844,258.72,3,Office Supplies,Stationery
TXNYS7MWONJUN,CUST81721919,2026-06-08 21:16:52.670844,157.49,4,Toys & Games,Board Games
TXNI0VSO4RM2H,CUST81721919,2026-04-09 21:16:52.670844,147.96,2,Automotive,Tools
TXNA90BP0VN6R,CUST81721919,2026-04-27 21:16:52.670844,219.62,5,Toys & Games,Video Games
TXNO04PXTOYGS,CUST81721919,2026-06-17 21:16:52.670844,310.35,2,Food & Beverages,Organic Products
TXNATHHI5CD86,CUST81721919,2026-04-03 21:16:52.670844,125.0,5,Health & Beauty,Skincare
TXN0LG7SD4LFG,CUST81721919,2026-06-20 21:16:52.670844,161.05,3,Automotive,Car Accessories
TXNJAOC4F5L2N,CUST81721919,2026-05-02 21:16:52.670844,233.43,4,Sports & Outdoors,Bicycle
TXNM6LICS8LLT,CUST81721919,2026-06-11 21:16:52.670844,244.49,2,Health & Beauty,Personal Care
TXNJKV8A4BKBX,CUST81721919,2026-06-11 21:16:52.670844,162.75,2,Food & Beverages,Snacks
TXNC3SBKC1OR5,CUST41284547,2025-10-08 21:16:52.670844,193.58,3,Electronics,Laptop
TXNSDADAFWK1U,CUST41284547,2025-05-30 21:16:52.670844,125.55,1,Clothing,Accessories
TXNSV6E9PDUA4,CUST41284547,2026-04-30 21:16:52.670844,123.74,1,Health & Beauty,Skincare
TXNLW8XXONDZW,CUST41284547,2025-09-05 21:16:52.670844,136.93,4,Food & Beverages,Beverages
TXNDAHT8ZP9SZ,CUST41284547,2026-06-11 21:16:52.670844,167.87,4,Home & Garden,Bedding
TXNZMYBQE21AA,CUST41284547,2025-11-01 21:16:52.670844,178.41,1,Electronics,Camera
TXNDK9PVVYOUN,CUST41284547,2025-05-14 21:16:52.670844,103.79,3,Food & Beverages,Organic Products
TXNEY0M952ERA,CUST41284547,2025-06-21 21:16:52.670844,196.01,2,Sports & Outdoors,Bicycle
TXNSK9EP7E51I,CUST41284547,2025-08-06 21:16:52.670844,215.01,1,Books,Educational
TXN30L766NSR2,CUST41284547,2025-05-04 21:16:52.670844,123.29,2,Electronics,Tablet
TXNNIRW2JB8QY,CUST41284547,2025-07-04 21:16:52.670844,180.45,4,Toys & Games,Video Games
TXN8KHK47BZF9,CUST41284547,2025-09-08 21:16:52.670844,282.3,5,Food & Beverages,Gourmet Food
TXNX5IMHWCVJ6,CUST41284547,2025-10-15 21:16:52.670844,91.29,5,Electronics,Tablet
TXN3Y2KNMX8EK,CUST41284547,2026-06-21 21:16:52.670844,241.56,4,Office Supplies,Furniture
TXN5POKOONH9T,CUST41284547,2025-04-20 21:16:52.670844,182.13,3,Automotive,Tools
TXNQNXMZRGQI0,CUST41284547,2026-01-16 21:16:52.670844,153.03,3,Electronics,Camera
TXNRV6E0PR4Y5,CUST41284547,2025-09-12 21:16:52.670844,152.62,2,Sports & Outdoors,Bicycle
TXN49YF74NXRZ,CUST41284547,2025-05-12 21:16:52.670844,195.37,1,Toys & Games,Puzzles
TXN2PLX2CWKJN,CUST41284547,2025-07-31 21:16:52.670844,207.05,4,Books,Comics
TXNTK912MK5VC,CUST41284547,2025-10-09 21:16:52.670844,233.19,2,Automotive,Car Accessories
TXN8211B1V6HQ,CUST19856864,2026-04-20 21:16:52.670844,400.47,2,Toys & Games,Video Games
TXNKWBSHRUUG8,CUST19856864,2026-01-19 21:16:52.670844,462.89,1,Toys & Games,Video Games
TXN3HBWPI7DF8,CUST19856864,2026-03-06 21:16:52.670844,408.67,3,Food & Beverages,Organic Products
TXNNOIQN4W1IC,CUST19856864,2025-09-05 21:16:52.670844,446.31,4,Toys & Games,Video Games
TXNE8IGMZMQQX,CUST19856864,2025-12-10 21:16:52.670844,446.75,1,Clothing,Jacket
TXNT7C6TWV2VI,CUST19856864,2026-06-26 21:16:52.670844,355.71,2,Office Supplies,Furniture
TXNDRKKEHF8Q6,CUST19856864,2026-05-23 21:16:52.670844,423.91,2,Sports & Outdoors,Fitness Equipment
TXNGHK417U236,CUST19856864,2026-06-17 21:16:52.670844,203.42,4,Toys & Games,Video Games
TXNF0SGFO8PC5,CUST19856864,2026-04-08 21:16:52.670844,301.79,4,Toys & Games,Board Games
TXNL0Z2MLMGP1,CUST19856864,2026-01-30 21:16:52.670844,527.79,5,Home & Garden,Decor
TXN5ZF7LO33EA,CUST19856864,2025-10-20 21:16:52.670844,252.08,3,Health & Beauty,Makeup
TXNR3CN8EVTCR,CUST19856864,2026-06-18 21:16:52.670844,408.51,4,Health & Beauty,Personal Care
TXN74XWTUZBU5,CUST19856864,2025-12-31 21:16:52.670844,378.4,1,Toys & Games,Video Games
TXNMU8I4D9Z4R,CUST19856864,2025-12-13 21:16:52.670844,569.42,4,Clothing,Dress
TXNROBNUY74UD,CUST19856864,2026-06-01 21:16:52.670844,196.09,1,Sports & Outdoors,Sportswear
TXNOWORWZXE9C,CUST19856864,2026-03-19 21:16:52.670844,567.88,4,Toys & Games,Action Figures
TXNAOPVD8BS2C,CUST19856864,2026-03-30 21:16:52.670844,357.85,1,Electronics,Headphones
TXNCQUCNFDN24,CUST19856864,2025-10-10 21:16:52.670844,427.25,5,Electronics,Tablet
TXNAG3NTO4P3M,CUST19856864,2025-11-24 21:16:52.670844,435.96,1,Home & Garden,Furniture
TXN5TOX4ES87L,CUST19856864,2026-06-28 21:16:52.670844,529.68,5,Clothing,Jeans
TXNJBMH28PUEC,CUST19856864,2025-10-16 21:16:52.670844,526.96,1,Health & Beauty,Personal Care
TXNWKKSPJ02T6,CUST19856864,2026-02-12 21:16:52.670844,514.78,1,Home & Garden,Bedding
TXN0NLFOKAV5K,CUST19856864,2026-04-08 21:16:52.670844,236.89,2,Office Supplies,Stationery
TXN5UC6Y3YV6H,CUST19856864,2025-09-13 21:16:52.670844,335.17,1,Food & Beverages,Beverages
TXNKSRBBUOSJ6,CUST19856864,2026-05-17 21:16:52.670844,472.65,3,Home & Garden,Kitchen Appliances
TXNFKV6IW5854,CUST19856864,2026-03-26 21:16:52.670844,400.46,1,Toys & Games,Video Games
TXNZYIB74SKQU,CUST19856864,2026-07-13 21:16:52.670844,526.36,3,Clothing,T-Shirt
TXNAWJKSG0WKE,CUST19856864,2026-02-02 21:16:52.670844,542.36,4,Toys & Games,Board Games
TXNC77GB1133C,CUST19856864,2026-03-18 21:16:52.670844,278.98,5,Clothing,Dress
TXNFOTZBZLRRG,CUST19856864,2026-02-17 21:16:52.670844,510.63,3,Office Supplies,Stationery
TXNIYO9J6VFWE,CUST19856864,2025-12-14 21:16:52.670844,475.67,5,Toys & Games,Board Games
TXN35UM2FVA9U,CUST19856864,2026-05-30 21:16:52.670844,432.93,2,Clothing,Jacket
TXN5E54AWFKZO,CUST19856864,2026-05-24 21:16:52.670844,388.67,1,Toys & Games,Video Games
TXNE65VI0RLRQ,CUST19856864,2025-10-12 21:16:52.670844,212.27,4,Clothing,T-Shirt
TXNJCWKMJH1OS,CUST19856864,2025-09-11 21:16:52.670844,490.15,4,Home & Garden,Tools
TXNF0WTVOOWHG,CUST19856864,2025-10-16 21:16:52.670844,200.21,2,Health & Beauty,Skincare
TXNRDVRHYR3YJ,CUST19856864,2025-11-11 21:16:52.670844,563.35,5,Clothing,Accessories
TXN1LQKGZZX65,CUST19856864,2026-06-16 21:16:52.670844,375.39,1,Books,Comics
TXNY8804S3H70,CUST19856864,2025-12-23 21:16:52.670844,346.68,1,Home & Garden,Decor
TXN0LTRRTV6QW,CUST55204594,2026-07-07 21:16:52.670844,315.04,1,Electronics,Headphones
TXNFXIYQUNC2D,CUST55204594,2026-05-18 21:16:52.670844,185.07,2,Toys & Games,Board Games
TXNLJRD5SCPPV,CUST55204594,2026-02-16 21:16:52.670844,415.8,1,Clothing,Dress
TXN2LK56Z8062,CUST55204594,2026-05-21 21:16:52.670844,159.54,1,Food & Beverages,Organic Products
TXNR2JASCK2W1,CUST55204594,2026-05-20 21:16:52.670844,97.22,3,Food & Beverages,Snacks
TXNIJE2ICVVC0,CUST55204594,2026-04-02 21:16:52.670844,472.1,2,Books,Non-Fiction
TXNT408SCGMTH,CUST55204594,2026-02-05 21:16:52.670844,380.49,1,Clothing,Dress
TXNSE6ILXMWA6,CUST55204594,2026-02-07 21:16:52.670844,351.49,1,Home & Garden,Furniture
TXNN53GD36VO1,CUST55204594,2026-01-07 21:16:52.670844,121.31,5,Office Supplies,Electronics
TXNQ81644BNKU,CUST55204594,2026-04-15 21:16:52.670844,387.56,1,Clothing,Shoes
TXNNFL0YFM2YG,CUST55204594,2026-05-13 21:16:52.670844,232.25,3,Office Supplies,Desk Accessories
TXNLKCMNFW6PQ,CUST55204594,2026-05-09 21:16:52.670844,265.28,2,Health & Beauty,Personal Care
TXNACZDUGBJDY,CUST55204594,2025-12-29 21:16:52.670844,410.52,4,Sports & Outdoors,Sportswear
TXN6QQAT73PGD,CUST55204594,2026-05-24 21:16:52.670844,388.77,2,Toys & Games,Puzzles
TXNISGCXJMFAB,CUST55204594,2026-06-15 21:16:52.670844,168.7,3,Toys & Games,Video Games
TXNJ20BSR5EBY,CUST55204594,2025-12-29 21:16:52.670844,231.85,4,Sports & Outdoors,Sportswear
TXN17AT548G4I,CUST55204594,2026-01-22 21:16:52.670844,304.29,4,Clothing,Jeans
TXN90ISVUAMDP,CUST55204594,2026-02-06 21:16:52.670844,373.69,1,Books,Magazines
TXN9HPX8CWT8Z,CUST55204594,2026-02-10 21:16:52.670844,242.11,3,Sports & Outdoors,Fitness Equipment
TXNBR2AD14AF2,CUST55204594,2026-01-23 21:16:52.670844,443.9,4,Food & Beverages,Organic Products
TXNLMFUQNICRG,CUST55204594,2026-05-04 21:16:52.670844,274.58,4,Health & Beauty,Personal Care
TXNJWX8TOK2AI,CUST55204594,2026-05-31 21:16:52.670844,237.16,5,Food & Beverages,Beverages
TXNBMITJNIBWJ,CUST55204594,2026-04-21 21:16:52.670844,377.93,4,Food & Beverages,Snacks
TXNYSYU5G7ZD6,CUST55204594,2026-02-03 21:16:52.670844,509.43,4,Automotive,Parts
TXN6EJ9F7PD4V,CUST46671186,2026-04-11 21:16:52.670844,79.24,1,Food & Beverages,Organic Products
TXNX1417M3RVI,CUST46671186,2026-05-24 21:16:52.670844,96.53,4,Food & Beverages,Snacks
TXNDREDDMXOJX,CUST46671186,2026-05-31 21:16:52.670844,50.02,5,Automotive,Cleaning Supplies
TXNQ7DV4YALED,CUST46671186,2026-04-23 21:16:52.670844,104.19,2,Home & Garden,Decor
TXN8JVE02HS14,CUST46671186,2026-03-31 21:16:52.670844,52.92,4,Office Supplies,Desk Accessories
TXN935PMZTDA1,CUST46671186,2026-06-05 21:16:52.670844,42.82,1,Sports & Outdoors,Sportswear
TXN4FW4JZTA7R,CUST64330189,2026-07-01 21:16:52.670844,378.79,2,Health & Beauty,Personal Care
TXNBA6K391V05,CUST64330189,2026-07-05 21:16:52.670844,379.66,1,Health & Beauty,Personal Care
TXNIUY2VWJK9V,CUST64330189,2026-06-29 21:16:52.670844,233.99,4,Office Supplies,Desk Accessories
TXNEQBQDU3012,CUST64330189,2026-07-05 21:16:52.670844,306.09,3,Food & Beverages,Organic Products
TXNRYFJOT3VX9,CUST64330189,2026-07-06 21:16:52.670844,315.04,2,Toys & Games,Puzzles
TXN9JF25WOJB8,CUST64330189,2026-07-01 21:16:52.670844,220.14,2,Health & Beauty,Skincare
TXN8OEEUOQ9JM,CUST64330189,2026-07-05 21:16:52.670844,257.39,3,Toys & Games,Puzzles
TXNVFSLB63JK9,CUST64330189,2026-07-02 21:16:52.670844,325.83,4,Automotive,Parts
TXN7QF1F24F32,CUST64330189,2026-07-04 21:16:52.670844,135.7,4,Books,Educational
TXNO2EUYUQNQQ,CUST64330189,2026-07-03 21:16:52.670844,295.45,5,Automotive,Cleaning Supplies
TXNIL7Q8TFJOW,CUST64330189,2026-06-30 21:16:52.670844,238.63,5,Office Supplies,Furniture
TXNP7YVWJWNWB,CUST64330189,2026-07-05 21:16:52.670844,332.02,4,Toys & Games,Puzzles
TXN5I005T9T14,CUST64330189,2026-06-29 21:16:52.670844,342.57,2,Food & Beverages,Organic Products
TXN5RANOGTU7D,CUST64330189,2026-07-01 21:16:52.670844,359.53,5,Sports & Outdoors,Fitness Equipment
TXN4PXV5I1JFJ,CUST64330189,2026-06-29 21:16:52.670844,232.55,2,Sports & Outdoors,Bicycle
TXNDBA6MKQVEN,CUST64330189,2026-07-01 21:16:52.670844,322.92,2,Toys & Games,Board Games
TXNSOS27EDBCH,CUST64330189,2026-07-06 21:16:52.670844,356.82,3,Toys & Games,Action Figures
TXNJW7E3A4DHR,CUST64330189,2026-07-05 21:16:52.670844,334.68,1,Health & Beauty,Personal Care
TXNPF37LPOHV5,CUST64330189,2026-07-03 21:16:52.670844,211.8,3,Electronics,Tablet
TXN4NPBUDPAIV,CUST64330189,2026-06-29 21:16:52.670844,281.42,3,Automotive,Tools
TXNJUDRZM0N9T,CUST64330189,2026-07-03 21:16:52.670844,71.86,5,Sports & Outdoors,Fitness Equipment
TXNO2U3E5NIPX,CUST64330189,2026-07-06 21:16:52.670844,380.2,3,Office Supplies,Electronics
TXN5RS0KMWR1A,CUST64330189,2026-07-02 21:16:52.670844,130.12,3,Office Supplies,Electronics
TXN4B7QQ95OP2,CUST64330189,2026-07-06 21:16:52.670844,251.0,2,Home & Garden,Decor
TXNC6QN9K4W2J,CUST64330189,2026-06-29 21:16:52.670844,464.31,3,Food & Beverages,Gourmet Food
TXNPF7EANO5QT,CUST64330189,2026-06-30 21:16:52.670844,461.7,2,Health & Beauty,Makeup
TXNXVNRU17JKU,CUST64330189,2026-07-01 21:16:52.670844,273.76,2,Toys & Games,Action Figures
TXNCHUANWOV9G,CUST64330189,2026-07-01 21:16:52.670844,305.79,3,Office Supplies,Stationery
TXN961X6W1L6O,CUST64330189,2026-06-30 21:16:52.670844,194.11,5,Home & Garden,Kitchen Appliances
TXNFV6KDH8KX9,CUST64330189,2026-07-05 21:16:52.670844,255.06,2,Automotive,Tools
TXN9LSEJZGGQH,CUST64330189,2026-07-04 21:16:52.670844,267.55,2,Office Supplies,Stationery
TXNQ5UL608GO6,CUST64330189,2026-07-05 21:16:52.670844,367.25,3,Clothing,Dress
TXN728NOFSM68,CUST64330189,2026-07-03 21:16:52.670844,223.3,5,Electronics,Headphones
TXNT1K3XTF2YY,CUST64330189,2026-07-02 21:16:52.670844,338.52,5,Sports & Outdoors,Bicycle
TXNOL1TH6DK43,CUST64330189,2026-07-06 21:16:52.670844,243.86,5,Food & Beverages,Beverages
TXNIE7IFXURQJ,CUST28529561,2026-03-26 21:16:52.670844,73.4,2,Automotive,Parts
TXNU053AVTSZH,CUST28529561,2026-01-08 21:16:52.670844,109.35,3,Food & Beverages,Organic Products
TXNG8X3X8YP5L,CUST28529561,2026-02-03 21:16:52.670844,217.1,1,Books,Non-Fiction
TXNZ4E4K62W4H,CUST28529561,2026-03-09 21:16:52.670844,55.33,2,Sports & Outdoors,Bicycle
TXNIHP7O05RE3,CUST28529561,2026-02-17 21:16:52.670844,236.6,1,Automotive,Car Accessories
TXNBLUWSRPNQH,CUST28529561,2026-05-16 21:16:52.670844,196.77,3,Electronics,Tablet
TXN5XP3VUTCQP,CUST28529561,2026-01-21 21:16:52.670844,265.23,5,Office Supplies,Desk Accessories
TXNMF16JW8V13,CUST28529561,2026-03-27 21:16:52.670844,101.96,1,Food & Beverages,Organic Products
TXNRTRJ4XHD6S,CUST28529561,2026-05-09 21:16:52.670844,221.0,1,Automotive,Parts
TXN7P104IAJOI,CUST06894329,2025-12-01 21:16:52.670844,193.67,5,Food & Beverages,Organic Products
TXNJJ8MJ7FYFR,CUST06894329,2025-08-08 21:16:52.670844,148.57,5,Sports & Outdoors,Sportswear
TXN7QXWPCDCZY,CUST06894329,2026-05-15 21:16:52.670844,131.94,5,Office Supplies,Electronics
TXN0GJXMOZRBY,CUST06894329,2026-01-09 21:16:52.670844,140.02,2,Home & Garden,Kitchen Appliances
TXNPBSGTV3FJX,CUST06894329,2026-02-09 21:16:52.670844,107.41,3,Toys & Games,Puzzles
TXNJDMXWKF0QU,CUST06894329,2025-07-28 21:16:52.670844,140.84,1,Sports & Outdoors,Bicycle
TXN0FGAWU7W6S,CUST06894329,2026-03-10 21:16:52.670844,146.76,5,Automotive,Parts
TXNVP57UPUTJX,CUST06894329,2025-09-26 21:16:52.670844,112.33,3,Home & Garden,Tools
TXNJEEIPII0UT,CUST06894329,2026-03-14 21:16:52.670844,177.25,4,Sports & Outdoors,Sportswear
TXN3PVWAGMG5H,CUST51236841,2026-05-03 21:16:52.670844,274.84,1,Books,Educational
TXN81CM5ZYOPB,CUST51236841,2026-04-26 21:16:52.670844,208.26,3,Books,Comics
TXNVJHHAV59XB,CUST51236841,2026-04-20 21:16:52.670844,184.54,3,Automotive,Tools
TXNCG6W25ZXLW,CUST51236841,2026-05-31 21:16:52.670844,140.47,2,Food & Beverages,Organic Products
TXNB8YAFEX8LI,CUST51236841,2026-05-09 21:16:52.670844,148.3,1,Books,Magazines
TXNV48MFYMQFE,CUST51236841,2026-06-17 21:16:52.670844,214.38,5,Toys & Games,Action Figures
TXNESCVSIU8JQ,CUST51236841,2026-05-14 21:16:52.670844,185.18,2,Health & Beauty,Skincare
TXNRPKQ4AE040,CUST51236841,2026-04-29 21:16:52.670844,137.9,1,Office Supplies,Electronics
TXNI6ZBNNWTT9,CUST51236841,2026-06-15 21:16:52.670844,86.75,4,Office Supplies,Furniture
TXNBPB213TG21,CUST51236841,2026-05-31 21:16:52.670844,170.84,2,Electronics,Headphones
TXNEWQR3SWC39,CUST51236841,2026-05-08 21:16:52.670844,150.83,2,Clothing,T-Shirt
TXNCSE2K2B5PL,CUST51236841,2026-05-07 21:16:52.670844,121.8,3,Books,Comics
TXNCU8YUEK1L0,CUST51236841,2026-06-03 21:16:52.670844,222.36,1,Health & Beauty,Skincare
TXN32B1N9HYP7,CUST38306590,2025-12-27 21:16:52.670844,549.94,2,Electronics,Tablet
TXN29VBK4TMF4,CUST38306590,2026-07-05 21:16:52.670844,302.98,5,Sports & Outdoors,Sportswear
TXNTLE99RKJHK,CUST38306590,2025-12-30 21:16:52.670844,396.12,1,Toys & Games,Action Figures
TXNAZETXNDW84,CUST38306590,2026-06-17 21:16:52.670844,251.86,2,Office Supplies,Stationery
TXNR7CXG48TMQ,CUST38306590,2026-07-06 21:16:52.670844,206.69,1,Sports & Outdoors,Bicycle
TXNAY9R2K54E2,CUST38306590,2025-08-19 21:16:52.670844,259.48,5,Electronics,Laptop
TXNHGJBRX8U7P,CUST38306590,2026-03-15 21:16:52.670844,412.37,2,Clothing,Shoes
TXN4X74IRBZZH,CUST38306590,2026-06-23 21:16:52.670844,343.26,5,Clothing,T-Shirt
TXN4SCERCOZO9,CUST38306590,2026-03-28 21:16:52.670844,416.77,1,Health & Beauty,Makeup
TXNYDAT9MN90C,CUST38306590,2025-08-29 21:16:52.670844,283.83,4,Toys & Games,Board Games
TXN33NEMV6Q2T,CUST38306590,2026-05-17 21:16:52.670844,307.28,2,Sports & Outdoors,Sportswear
TXNACORSMCWLK,CUST38306590,2025-11-19 21:16:52.670844,349.65,1,Office Supplies,Stationery
TXNSKDUUS8IL1,CUST38306590,2026-05-15 21:16:52.670844,432.2,3,Clothing,T-Shirt
TXNKW3U26W3AN,CUST38306590,2025-09-05 21:16:52.670844,382.11,5,Office Supplies,Stationery
TXNZOAV0UJ5DD,CUST38306590,2026-05-14 21:16:52.670844,275.96,1,Health & Beauty,Skincare
TXNVZLXW4D6UY,CUST38306590,2026-06-07 21:16:52.670844,218.85,5,Clothing,Accessories
TXNSOWC8R0R8C,CUST38306590,2025-12-30 21:16:52.670844,218.04,1,Books,Educational
TXNGMYX6KNW8P,CUST38306590,2025-12-06 21:16:52.670844,148.53,4,Clothing,T-Shirt
TXNJQ9YS9A566,CUST38306590,2025-12-02 21:16:52.670844,340.69,2,Electronics,Laptop
TXNNC91HX9JV9,CUST38306590,2025-12-18 21:16:52.670844,343.21,3,Home & Garden,Kitchen Appliances
TXNJMSOZIT2PA,CUST38306590,2026-06-11 21:16:52.670844,311.47,3,Office Supplies,Electronics
TXNYMZ88SRNGG,CUST38306590,2026-04-28 21:16:52.670844,434.41,5,Food & Beverages,Gourmet Food
TXN7D1VP8ZABH,CUST38306590,2026-06-06 21:16:52.670844,378.39,1,Office Supplies,Electronics
TXNMARPDMHUZ2,CUST38306590,2025-09-12 21:16:52.670844,402.04,3,Food & Beverages,Organic Products
TXNJD4VC9IFYD,CUST38306590,2026-03-12 21:16:52.670844,364.66,2,Health & Beauty,Supplements
TXN2TZGZ5OINC,CUST38306590,2026-03-16 21:16:52.670844,422.75,2,Electronics,Laptop
TXNQURVE7WIFM,CUST38306590,2025-12-24 21:16:52.670844,332.13,2,Sports & Outdoors,Camping Gear
TXNRCJ8UO22CH,CUST38306590,2026-03-14 21:16:52.670844,396.6,5,Food & Beverages,Beverages
TXNNVZIA07CQ2,CUST38306590,2025-11-26 21:16:52.670844,256.45,4,Clothing,Dress
TXNHQYDZNTM5P,CUST38306590,2026-05-08 21:16:52.670844,139.52,3,Automotive,Parts
TXNWYIB5IKOZJ,CUST38306590,2025-11-20 21:16:52.670844,403.17,5,Office Supplies,Electronics
TXN5ZQZLP82HU,CUST38306590,2026-05-14 21:16:52.670844,311.22,4,Automotive,Parts
TXNDT5GL5VT58,CUST38306590,2026-04-06 21:16:52.670844,464.93,2,Food & Beverages,Organic Products
TXNUN2I6YITEG,CUST38306590,2026-03-04 21:16:52.670844,267.98,5,Office Supplies,Electronics
TXN875NDZSVDP,CUST73061390,2026-01-30 21:16:52.670844,141.62,4,Sports & Outdoors,Bicycle
TXNNPNDUVOT70,CUST73061390,2025-01-24 21:16:52.670844,71.18,5,Food & Beverages,Organic Products
TXN3C230AF6YW,CUST73061390,2025-12-14 21:16:52.670844,139.02,3,Health & Beauty,Makeup
TXNB0J11OQFR3,CUST73061390,2025-02-10 21:16:52.670844,148.65,1,Electronics,Headphones
TXNMZ8567YI2V,CUST73061390,2025-07-11 21:16:52.670844,149.86,4,Office Supplies,Stationery
TXNUIVJ81B0O1,CUST73061390,2025-05-25 21:16:52.670844,75.16,4,Sports & Outdoors,Camping Gear
TXN65683FIHR3,CUST73061390,2025-12-06 21:16:52.670844,156.04,1,Books,Comics
TXNVZ6SEHQK67,CUST73061390,2026-04-01 21:16:52.670844,128.31,4,Electronics,Camera
TXNYV6F83GK96,CUST73061390,2026-02-08 21:16:52.670844,221.68,5,Books,Non-Fiction
TXNH3BYH8P9IX,CUST88054971,2026-06-28 21:16:52.670844,498.68,3,Sports & Outdoors,Camping Gear
TXNBJPH1M4Y7L,CUST88054971,2026-06-26 21:16:52.670844,306.36,4,Toys & Games,Video Games
TXNZSDF42JSOT,CUST88054971,2026-06-17 21:16:52.670844,350.43,5,Food & Beverages,Snacks
TXN6UDV3725XC,CUST88054971,2026-06-17 21:16:52.670844,345.95,4,Automotive,Tools
TXNWNA6CLPI04,CUST88054971,2026-06-15 21:16:52.670844,70.02,3,Sports & Outdoors,Camping Gear
TXNYXQP8EDDM9,CUST88054971,2026-07-09 21:16:52.670844,215.74,5,Sports & Outdoors,Fitness Equipment
TXNTDGK57VPHY,CUST88054971,2026-06-23 21:16:52.670844,366.11,3,Sports & Outdoors,Camping Gear
TXN12IYX6F8ML,CUST88054971,2026-06-25 21:16:52.670844,268.31,3,Books,Magazines
TXNQBEXZF2B4C,CUST88054971,2026-06-30 21:16:52.670844,315.22,2,Office Supplies,Stationery
TXN3S9PGTCVE4,CUST88054971,2026-06-28 21:16:52.670844,301.39,2,Office Supplies,Electronics
TXNFFHCWFG1Y0,CUST88054971,2026-07-11 21:16:52.670844,448.21,4,Food & Beverages,Snacks
TXNZHLP7N01MR,CUST88054971,2026-07-12 21:16:52.670844,532.45,4,Food & Beverages,Snacks
TXNML7CTF29CR,CUST88054971,2026-07-06 21:16:52.670844,395.61,1,Office Supplies,Stationery
TXNR4EF7WP9FS,CUST88054971,2026-06-15 21:16:52.670844,351.2,3,Health & Beauty,Makeup
TXN4S67UZOOV9,CUST88054971,2026-06-19 21:16:52.670844,188.97,2,Toys & Games,Action Figures
TXN6BBRY6B548,CUST88054971,2026-06-21 21:16:52.670844,269.65,5,Toys & Games,Video Games
TXNC45XWKVBKR,CUST88054971,2026-07-05 21:16:52.670844,359.45,4,Clothing,Jacket
TXNKLZBW9DVJO,CUST88054971,2026-06-29 21:16:52.670844,396.84,5,Toys & Games,Puzzles
TXN0K3K9M9K5C,CUST88054971,2026-06-26 21:16:52.670844,396.59,1,Health & Beauty,Skincare
TXN3Y8BD8VUQT,CUST88054971,2026-06-19 21:16:52.670844,405.0,4,Books,Educational
TXNM6E5F72979,CUST29689333,2025-10-01 21:16:52.670844,175.81,4,Toys & Games,Action Figures
TXNCUPDRSCA0C,CUST29689333,2025-08-30 21:16:52.670844,90.65,3,Books,Comics
TXNKW9OXX43WP,CUST29689333,2025-09-25 21:16:52.670844,84.68,5,Office Supplies,Electronics
TXNDK6MFAUE13,CUST29689333,2026-02-22 21:16:52.670844,137.07,2,Automotive,Parts
TXNDKZB4MLEWG,CUST29689333,2025-11-19 21:16:52.670844,109.99,2,Sports & Outdoors,Sportswear
TXNFCPPVPXGCH,CUST29689333,2025-09-14 21:16:52.670844,133.77,5,Books,Fiction
TXNQNGXYSMWMM,CUST64994249,2026-03-31 21:16:52.670844,271.1,2,Health & Beauty,Skincare
TXNXAHME48VHN,CUST64994249,2025-07-25 21:16:52.670844,79.69,3,Home & Garden,Bedding
TXNR87C3FG0UE,CUST64994249,2025-04-25 21:16:52.670844,146.6,2,Health & Beauty,Supplements
TXN4JW1WDKQ4D,CUST64994249,2025-06-10 21:16:52.670844,131.09,3,Office Supplies,Electronics
TXNPUP0ABJBPL,CUST64994249,2026-01-07 21:16:52.670844,158.53,2,Toys & Games,Puzzles
TXNNTW7JGN5TD,CUST64994249,2026-06-05 21:16:52.670844,140.64,4,Toys & Games,Puzzles
TXNKGFMYPEKTO,CUST64994249,2026-05-27 21:16:52.670844,123.29,1,Automotive,Cleaning Supplies
TXNATDSC06363,CUST13272530,2026-07-04 21:16:52.670844,397.62,1,Clothing,Jeans
TXNMFFHD4SVVG,CUST13272530,2026-07-02 21:16:52.670844,308.45,4,Automotive,Car Accessories
TXNGMSXPPI4ON,CUST13272530,2026-07-05 21:16:52.670844,347.06,1,Health & Beauty,Personal Care
TXN2TA2F6A676,CUST13272530,2026-07-03 21:16:52.670844,230.66,2,Office Supplies,Stationery
TXN57808WGWK6,CUST13272530,2026-07-05 21:16:52.670844,378.46,1,Toys & Games,Video Games
TXNVR5C6F3VNQ,CUST13272530,2026-07-06 21:16:52.670844,161.28,3,Electronics,Headphones
TXNG2IR0UC3N2,CUST13272530,2026-07-02 21:16:52.670844,208.82,5,Home & Garden,Kitchen Appliances
TXNFIIJMX21W1,CUST13272530,2026-07-05 21:16:52.670844,327.52,3,Automotive,Cleaning Supplies
TXN4EIO2JROFK,CUST13272530,2026-07-03 21:16:52.670844,196.29,4,Automotive,Parts
TXNBLBZ0HNR9W,CUST13272530,2026-07-06 21:16:52.670844,394.88,3,Home & Garden,Tools
TXNLMYJWP9HVT,CUST13272530,2026-07-03 21:16:52.670844,384.09,1,Automotive,Parts
TXNA7WNO6V4RB,CUST13272530,2026-07-02 21:16:52.670844,317.46,2,Clothing,Jeans
TXN30L4ZXIV5Q,CUST13272530,2026-07-04 21:16:52.670844,89.89,3,Clothing,Jacket
TXNMWNH7DIMT5,CUST13272530,2026-07-06 21:16:52.670844,275.13,2,Office Supplies,Stationery
TXNWZ0J8ZOTKH,CUST13272530,2026-07-07 21:16:52.670844,297.33,1,Books,Magazines
TXN4267VD5Y0G,CUST13272530,2026-07-03 21:16:52.670844,214.85,3,Toys & Games,Board Games
TXN5SG7FZZXZP,CUST13272530,2026-07-03 21:16:52.670844,208.7,2,Electronics,Tablet
TXN4LI9LQPGGF,CUST13272530,2026-07-05 21:16:52.670844,187.17,2,Sports & Outdoors,Bicycle
TXN417G8NSW33,CUST13272530,2026-07-02 21:16:52.670844,337.62,4,Food & Beverages,Snacks
TXNLFROJOCN6A,CUST13272530,2026-07-03 21:16:52.670844,282.65,3,Books,Fiction
TXNN7DI3FEM4B,CUST13272530,2026-07-04 21:16:52.670844,285.83,2,Office Supplies,Furniture
TXNJ374YNF38C,CUST13272530,2026-07-06 21:16:52.670844,181.28,3,Books,Magazines
TXN3AP6B7VEW8,CUST13272530,2026-07-02 21:16:52.670844,240.96,1,Office Supplies,Stationery
TXNFRFE5QIYGD,CUST13272530,2026-07-07 21:16:52.670844,274.43,5,Books,Magazines
TXNQNA2B03DGA,CUST13272530,2026-07-06 21:16:52.670844,291.95,2,Sports & Outdoors,Camping Gear
TXNM6SXPGCRPY,CUST13272530,2026-07-02 21:16:52.670844,314.32,3,Home & Garden,Furniture
TXNFXSABO1K0T,CUST13272530,2026-07-06 21:16:52.670844,173.46,5,Toys & Games,Puzzles
TXNZAR3Z594NC,CUST13272530,2026-07-03 21:16:52.670844,319.21,2,Office Supplies,Furniture
TXN5AJAMW51I0,CUST13272530,2026-07-02 21:16:52.670844,188.89,1,Electronics,Laptop
TXN2Z1PKUKKBB,CUST13272530,2026-07-04 21:16:52.670844,188.84,1,Home & Garden,Tools
TXNRUT1RI10EB,CUST13272530,2026-07-04 21:16:52.670844,295.6,5,Books,Magazines
TXNSZ0N00RXPX,CUST13272530,2026-07-02 21:16:52.670844,243.0,1,Books,Educational
TXNR723QUILC3,CUST13272530,2026-07-06 21:16:52.670844,313.85,3,Toys & Games,Video Games
TXNJ19S59VDSB,CUST13272530,2026-07-07 21:16:52.670844,348.02,1,Sports & Outdoors,Fitness Equipment
TXN0M3IGWY1YS,CUST13272530,2026-07-02 21:16:52.670844,240.46,2,Sports & Outdoors,Sportswear
TXNO71W65EUWE,CUST13272530,2026-07-04 21:16:52.670844,237.36,1,Electronics,Tablet
TXNVPC6YBICQQ,CUST13272530,2026-07-02 21:16:52.670844,275.69,4,Toys & Games,Video Games
TXNU03NG1BT9W,CUST13272530,2026-07-07 21:16:52.670844,180.33,5,Clothing,T-Shirt
TXNB9NJOX6FZC,CUST13272530,2026-07-03 21:16:52.670844,244.11,5,Food & Beverages,Organic Products
TXN87OMWY6HN3,CUST13272530,2026-07-06 21:16:52.670844,391.3,5,Sports & Outdoors,Sportswear
TXNXELT50648U,CUST88998124,2026-06-09 21:16:52.670844,109.44,1,Food & Beverages,Gourmet Food
TXNDGF3AIMQRF,CUST88998124,2026-06-08 21:16:52.670844,134.61,5,Health & Beauty,Makeup
TXNC2JSUZR7E5,CUST88998124,2026-06-08 21:16:52.670844,146.48,5,Clothing,Jacket
TXNUMVONTLZ5I,CUST88998124,2026-06-08 21:16:52.670844,141.66,1,Health & Beauty,Supplements
TXNY0ITRELECR,CUST88998124,2026-06-09 21:16:52.670844,95.29,3,Clothing,Jacket
TXNHC4S8JI5HO,CUST88998124,2026-06-08 21:16:52.670844,137.15,4,Toys & Games,Puzzles
TXNTD9T17Z6RQ,CUST88998124,2026-06-09 21:16:52.670844,128.5,1,Office Supplies,Desk Accessories
TXNBO15YCQOWN,CUST88998124,2026-06-08 21:16:52.670844,151.93,3,Electronics,Camera
TXNDYYCLJYG27,CUST88998124,2026-06-09 21:16:52.670844,126.37,2,Automotive,Car Accessories
TXN7E6NB2YBWR,CUST34468274,2025-09-10 21:16:52.670844,157.38,2,Automotive,Cleaning Supplies
TXNCK4IB97JVY,CUST34468274,2026-03-11 21:16:52.670844,210.92,5,Electronics,Laptop
TXNJT5LVVNYNN,CUST34468274,2025-12-03 21:16:52.670844,173.03,2,Office Supplies,Furniture
TXNQVSAZE3KG3,CUST34468274,2026-05-14 21:16:52.670844,119.19,2,Office Supplies,Furniture
TXN76BMA0XE1Y,CUST34468274,2026-07-12 21:16:52.670844,143.0,1,Health & Beauty,Skincare
TXN0TU7M6ZYY7,CUST34468274,2026-05-13 21:16:52.670844,99.47,3,Office Supplies,Stationery
TXNSVJSJK92KR,CUST34468274,2026-02-03 21:16:52.670844,172.16,4,Health & Beauty,Makeup
TXNDQCVXDM7JY,CUST34468274,2026-03-27 21:16:52.670844,113.2,2,Books,Magazines
TXNPBT9SCWGWP,CUST34468274,2025-12-02 21:16:52.670844,51.05,3,Clothing,Accessories
TXNGGY67ZRO28,CUST34468274,2026-03-30 21:16:52.670844,211.44,5,Health & Beauty,Supplements
TXN6UHZ3HO6QQ,CUST34468274,2025-10-05 21:16:52.670844,204.34,2,Toys & Games,Board Games
TXN8UQN2E6GRE,CUST34468274,2025-10-13 21:16:52.670844,193.72,4,Clothing,Accessories
TXNI8BE3WMIXY,CUST34468274,2025-11-16 21:16:52.670844,162.64,1,Home & Garden,Decor
TXN68G8DNZZ3W,CUST34468274,2026-03-03 21:16:52.670844,140.52,2,Food & Beverages,Snacks
TXNNNENRBLOJF,CUST34468274,2026-05-14 21:16:52.670844,163.3,5,Sports & Outdoors,Camping Gear
TXN6N2RM2YDWT,CUST34468274,2026-01-13 21:16:52.670844,113.17,5,Electronics,Tablet
TXNKFMTSLCI1F,CUST34468274,2026-03-21 21:16:52.670844,186.23,3,Home & Garden,Decor
TXNUL9CZF1T0F,CUST34468274,2026-07-08 21:16:52.670844,111.78,1,Books,Non-Fiction
TXN7QTN6GOYJJ,CUST34468274,2026-02-26 21:16:52.670844,101.67,2,Automotive,Parts
TXNRMHF00HQDC,CUST34468274,2026-02-02 21:16:52.670844,143.52,5,Books,Comics
TXNG6T53WZC8U,CUST34468274,2026-01-15 21:16:52.670844,152.26,5,Food & Beverages,Beverages
TXNB6QXOR1UUJ,CUST34468274,2026-04-25 21:16:52.670844,220.42,4,Toys & Games,Action Figures
TXNSIH9GIGTPF,CUST34468274,2026-02-07 21:16:52.670844,171.79,3,Health & Beauty,Personal Care
TXNGBT1Y12Z6F,CUST34468274,2026-01-17 21:16:52.670844,127.57,4,Toys & Games,Board Games
TXNXBDOQF4ANK,CUST34468274,2025-11-10 21:16:52.670844,109.85,5,Toys & Games,Puzzles
TXN40L10DVT2V,CUST34468274,2026-07-08 21:16:52.670844,223.56,5,Electronics,Smart Watch
TXNNJH46ZUX3G,CUST34468274,2026-04-20 21:16:52.670844,139.96,1,Office Supplies,Stationery
TXN0Z3VVDMKQJ,CUST34468274,2026-02-16 21:16:52.670844,166.27,5,Food & Beverages,Organic Products
TXNBRTHEUCBGF,CUST34468274,2026-02-23 21:16:52.670844,172.16,2,Electronics,Smartphone
TXNIFB2PWQ5W2,CUST34468274,2025-11-24 21:16:52.670844,242.07,5,Health & Beauty,Supplements
TXNMMRZ845NZ8,CUST34468274,2026-05-10 21:16:52.670844,258.3,2,Sports & Outdoors,Bicycle
TXN75L0I9TI9E,CUST34468274,2025-09-13 21:16:52.670844,170.58,5,Electronics,Smart Watch
TXNVBTUV52UL0,CUST34468274,2025-09-20 21:16:52.670844,217.02,2,Sports & Outdoors,Bicycle
TXN05W1967O4S,CUST34468274,2026-06-03 21:16:52.670844,131.48,1,Books,Comics
TXNHULUIIR4VI,CUST34468274,2025-10-09 21:16:52.670844,209.15,1,Electronics,Tablet
TXN2H5SL199FL,CUST34468274,2025-12-18 21:16:52.670844,188.24,3,Food & Beverages,Snacks
TXNFED91JVLQL,CUST34468274,2026-03-26 21:16:52.670844,110.51,3,Sports & Outdoors,Fitness Equipment
TXN0WRE25TFA3,CUST34468274,2026-03-14 21:16:52.670844,224.94,4,Toys & Games,Video Games
TXN5QFGTUW1GY,CUST34468274,2026-02-27 21:16:52.670844,104.05,3,Electronics,Headphones
TXNIKCOXVBXGL,CUST34468274,2025-09-08 21:16:52.670844,292.41,5,Books,Magazines
TXNMSGS3ZDVQ3,CUST34468274,2026-02-23 21:16:52.670844,145.44,2,Automotive,Tools
TXN5T7LBCLFQJ,CUST34468274,2026-07-06 21:16:52.670844,187.02,5,Food & Beverages,Snacks
TXNNZU7MWPSGP,CUST34468274,2026-02-14 21:16:52.670844,187.72,4,Automotive,Parts
TXNN18UESHXJT,CUST34468274,2025-11-19 21:16:52.670844,159.21,1,Health & Beauty,Makeup
TXNNH4KS2RR0N,CUST34468274,2026-01-02 21:16:52.670844,112.38,1,Automotive,Tools
TXN1C0342Q9KT,CUST34468274,2026-06-12 21:16:52.670844,208.27,5,Electronics,Smartphone
TXNZ0DX8KGI0L,CUST69115588,2026-05-25 21:16:52.670844,173.07,4,Books,Magazines
TXNEEVD7POL73,CUST69115588,2026-05-02 21:16:52.670844,186.92,2,Food & Beverages,Organic Products
TXN5V58E4YD1S,CUST69115588,2026-04-23 21:16:52.670844,222.3,5,Clothing,Dress
TXNAMC0CM8LC2,CUST69115588,2026-05-12 21:16:52.670844,153.89,4,Toys & Games,Action Figures
TXN43SMGK7AGK,CUST69115588,2026-05-20 21:16:52.670844,373.55,2,Food & Beverages,Snacks
TXNWH1076LZZY,CUST69115588,2026-05-24 21:16:52.670844,314.56,4,Electronics,Headphones
TXN80FB6E5DOB,CUST69115588,2026-05-09 21:16:52.670844,214.82,5,Clothing,T-Shirt
TXNZJC95X3H7J,CUST69115588,2026-05-16 21:16:52.670844,304.88,1,Office Supplies,Stationery
TXNBR8X7ZFW24,CUST69115588,2026-05-17 21:16:52.670844,257.38,1,Health & Beauty,Personal Care
TXNTGH16W8GYC,CUST69115588,2026-05-05 21:16:52.670844,246.11,4,Toys & Games,Board Games
TXN51ACKDU1MV,CUST69115588,2026-05-28 21:16:52.670844,230.05,5,Office Supplies,Furniture
TXNPV70XZCOPS,CUST69115588,2026-05-07 21:16:52.670844,270.76,3,Books,Comics
TXNF82DYPK142,CUST69115588,2026-05-26 21:16:52.670844,149.71,3,Clothing,Accessories
TXNBCYMQ4U9RF,CUST69115588,2026-04-24 21:16:52.670844,62.78,3,Food & Beverages,Beverages
TXNS9MH1HXCLL,CUST69115588,2026-04-24 21:16:52.670844,199.93,5,Books,Magazines
TXNGKXV6B549V,CUST69115588,2026-04-24 21:16:52.670844,254.36,5,Health & Beauty,Makeup
TXNUKVA6L62SY,CUST69115588,2026-05-27 21:16:52.670844,207.8,3,Books,Magazines
TXN4YO83NWK5F,CUST69115588,2026-05-09 21:16:52.670844,375.44,5,Automotive,Parts
TXNM67EESSRIF,CUST58012747,2026-06-05 21:16:52.670844,78.98,5,Food & Beverages,Gourmet Food
TXNJEBYMEBSX0,CUST58012747,2026-05-27 21:16:52.670844,55.36,2,Toys & Games,Video Games
TXN4PAIO4NPP5,CUST58012747,2026-04-15 21:16:52.670844,49.6,3,Office Supplies,Desk Accessories
TXN0WROBYDD4X,CUST58012747,2026-04-16 21:16:52.670844,49.03,3,Office Supplies,Stationery
TXNCBNMZ5SMOQ,CUST58012747,2026-05-12 21:16:52.670844,90.16,5,Automotive,Car Accessories
TXNSENUDOL9BD,CUST58012747,2026-04-28 21:16:52.670844,40.51,2,Toys & Games,Action Figures
TXNSSWBUBGDL4,CUST58012747,2026-04-28 21:16:52.670844,59.0,3,Automotive,Cleaning Supplies
TXNYIACUR4Y0T,CUST58012747,2026-04-25 21:16:52.670844,80.68,5,Sports & Outdoors,Camping Gear
TXNGQUHDR6GFO,CUST12428458,2026-04-15 21:16:52.670844,10.0,5,Electronics,Laptop
TXNA9906HK1C6,CUST12428458,2026-03-17 21:16:52.670844,75.7,3,Food & Beverages,Gourmet Food
TXNDZ61ZZIKTF,CUST12428458,2026-04-10 21:16:52.670844,144.81,4,Electronics,Headphones
TXNJ3S761V7LW,CUST12428458,2026-01-23 21:16:52.670844,122.22,2,Sports & Outdoors,Bicycle
TXN2702HJGXC6,CUST12428458,2026-01-25 21:16:52.670844,199.88,2,Food & Beverages,Gourmet Food
TXNI4W9FRO216,CUST12428458,2025-09-17 21:16:52.670844,148.75,3,Toys & Games,Video Games
TXNOJXY4B7LDO,CUST12428458,2026-03-25 21:16:52.670844,139.35,5,Food & Beverages,Organic Products
TXN5V1K2ROESR,CUST12428458,2025-07-23 21:16:52.670844,143.96,5,Office Supplies,Desk Accessories
TXN9FAOJPE1ZP,CUST12428458,2026-03-29 21:16:52.670844,189.4,5,Toys & Games,Video Games
TXNHR8GV7GVZX,CUST12428458,2025-07-03 21:16:52.670844,85.26,2,Food & Beverages,Beverages
TXNM618PFQIIJ,CUST12428458,2025-06-22 21:16:52.670844,69.15,3,Books,Comics
TXN76GGRX1JXV,CUST12428458,2025-08-10 21:16:52.670844,52.57,5,Health & Beauty,Supplements
TXN4A561WRC3B,CUST12428458,2026-05-15 21:16:52.670844,132.23,3,Home & Garden,Tools
TXNKIA7VB8Z3N,CUST12428458,2025-10-01 21:16:52.670844,99.87,2,Automotive,Car Accessories
TXNLK6CMHJVHF,CUST12428458,2026-04-26 21:16:52.670844,110.73,4,Automotive,Cleaning Supplies
TXNCWJNEC7K8I,CUST12428458,2026-02-05 21:16:52.670844,187.05,5,Food & Beverages,Organic Products
TXNOTW4HORZ3R,CUST12428458,2026-02-07 21:16:52.670844,72.75,3,Electronics,Headphones
TXNB2PMF0M5ML,CUST12428458,2025-10-04 21:16:52.670844,106.85,3,Electronics,Tablet
TXNI5B3KEU4KG,CUST12428458,2025-11-09 21:16:52.670844,161.52,1,Home & Garden,Decor
TXNUJZDQGY0ZS,CUST12428458,2025-08-15 21:16:52.670844,188.16,1,Food & Beverages,Snacks
TXN9D427LQ04S,CUST12428458,2025-07-11 21:16:52.670844,250.63,2,Sports & Outdoors,Sportswear
TXNFYJ8KA4TLD,CUST12428458,2025-07-17 21:16:52.670844,119.45,5,Office Supplies,Stationery
TXN2TYMNXKPEF,CUST12428458,2025-11-12 21:16:52.670844,133.31,3,Office Supplies,Stationery
TXN1YBMTHLI23,CUST63864381,2026-02-22 21:16:52.670844,217.41,5,Health & Beauty,Personal Care
TXN8ABD75ZD0Y,CUST63864381,2026-02-14 21:16:52.670844,124.82,5,Electronics,Tablet
TXNO4IPQEFLT6,CUST63864381,2026-04-02 21:16:52.670844,175.77,3,Clothing,Accessories
TXNK3MRCY53W1,CUST75975721,2026-04-27 21:16:52.670844,279.78,2,Office Supplies,Electronics
TXNXBD8GBG9L0,CUST75975721,2026-06-21 21:16:52.670844,329.49,4,Automotive,Cleaning Supplies
TXNIPVH21C3HB,CUST75975721,2026-07-05 21:16:52.670844,279.56,4,Sports & Outdoors,Camping Gear
TXNRWYQEVH8EW,CUST75975721,2026-04-18 21:16:52.670844,187.85,3,Automotive,Tools
TXNJHH2I7TE1C,CUST75975721,2025-08-23 21:16:52.670844,286.7,4,Electronics,Smart Watch
TXNGI5BC7L7UA,CUST75975721,2026-01-02 21:16:52.670844,237.21,4,Food & Beverages,Beverages
TXN88BD323AFQ,CUST75975721,2025-09-16 21:16:52.670844,217.13,2,Clothing,T-Shirt
TXNK5H5NZ1ZM3,CUST75975721,2026-05-24 21:16:52.670844,233.07,5,Home & Garden,Furniture
TXN44OGEJZSQ5,CUST75975721,2025-12-10 21:16:52.670844,311.41,2,Office Supplies,Electronics
TXNSN6CN17FKB,CUST75975721,2026-07-13 21:16:52.670844,161.06,4,Books,Educational
TXND3RLGBJF4M,CUST75975721,2025-09-10 21:16:52.670844,219.53,4,Books,Comics
TXNSOVMKJOYKY,CUST75975721,2026-05-06 21:16:52.670844,222.78,3,Home & Garden,Bedding
TXNQC523CFUNR,CUST77420015,2026-01-15 21:16:52.670844,149.28,1,Books,Educational
TXNY4G95C2SWW,CUST77420015,2026-02-08 21:16:52.670844,111.12,3,Toys & Games,Board Games
TXN44MCS97GT6,CUST77420015,2026-04-01 21:16:52.670844,98.03,3,Food & Beverages,Snacks
TXNDLZ0EIWYRS,CUST32090489,2025-08-31 21:16:52.670844,180.54,2,Toys & Games,Puzzles
TXNV2G0LTL4VP,CUST11649707,2025-11-12 21:16:52.670844,464.68,1,Clothing,Jeans
TXNW95FJR2GHG,CUST11649707,2026-03-18 21:16:52.670844,197.82,2,Office Supplies,Electronics
TXN4IGBI85MFC,CUST11649707,2026-03-28 21:16:52.670844,567.22,2,Clothing,Dress
TXNVMTDEJUUM4,CUST11649707,2026-03-10 21:16:52.670844,466.43,3,Toys & Games,Video Games
TXN4CPAYBOTU6,CUST11649707,2026-07-02 21:16:52.670844,229.03,2,Clothing,T-Shirt
TXNTMMDSX5EFR,CUST11649707,2026-04-21 21:16:52.670844,349.64,5,Books,Educational
TXNSM4XS3K7G4,CUST11649707,2025-11-19 21:16:52.670844,488.51,5,Electronics,Laptop
TXNF1KMCARM6W,CUST11649707,2026-06-17 21:16:52.670844,408.73,2,Automotive,Car Accessories
TXNRFKU4LYY98,CUST11649707,2025-12-19 21:16:52.670844,542.22,4,Clothing,Jacket
TXNZBTIWOGOUN,CUST11649707,2026-03-30 21:16:52.670844,596.21,2,Sports & Outdoors,Camping Gear
TXNGF5MFSV8JS,CUST11649707,2026-01-23 21:16:52.670844,600.9,2,Home & Garden,Furniture
TXNAVRMTFU1L2,CUST11649707,2026-04-22 21:16:52.670844,436.21,2,Automotive,Car Accessories
TXNH98QMFN4WU,CUST11649707,2026-05-22 21:16:52.670844,345.33,4,Sports & Outdoors,Fitness Equipment
TXNNAWMGU0QJO,CUST11649707,2026-06-20 21:16:52.670844,396.51,5,Office Supplies,Desk Accessories
TXN50LAOS8FJV,CUST11649707,2025-11-09 21:16:52.670844,390.52,5,Food & Beverages,Gourmet Food
TXN1657A7H4OE,CUST11649707,2026-02-14 21:16:52.670844,279.08,3,Health & Beauty,Personal Care
TXNJB5MHB6JPT,CUST11649707,2026-03-12 21:16:52.670844,322.97,4,Toys & Games,Action Figures
TXNVUL24YAQRI,CUST11649707,2026-06-28 21:16:52.670844,533.72,2,Electronics,Tablet
TXNOX4O5VP8ZP,CUST11649707,2025-11-24 21:16:52.670844,357.95,5,Toys & Games,Puzzles
TXNM8PSXL5U2T,CUST11649707,2025-12-31 21:16:52.670844,651.77,5,Food & Beverages,Snacks
TXNSTCCWB6Y95,CUST11649707,2025-12-05 21:16:52.670844,460.59,4,Health & Beauty,Makeup
TXNJ5ZQCUJ7SE,CUST11649707,2026-01-11 21:16:52.670844,427.64,5,Books,Comics
TXN7URPIU39X7,CUST11649707,2026-05-07 21:16:52.670844,474.88,2,Home & Garden,Kitchen Appliances
TXN7WAXH64QAY,CUST11649707,2026-06-07 21:16:52.670844,218.1,1,Home & Garden,Decor
TXN0J6X0P6N01,CUST11649707,2025-12-03 21:16:52.670844,563.1,2,Clothing,Jacket
TXN80LBJNFLAL,CUST11649707,2025-12-12 21:16:52.670844,285.65,3,Automotive,Car Accessories
TXNQLGYUBDFH0,CUST11649707,2026-01-22 21:16:52.670844,347.31,5,Clothing,Accessories
TXN1TASJ3ARYA,CUST11649707,2026-02-16 21:16:52.670844,362.94,4,Electronics,Smartphone
TXN2LAXHCOHDJ,CUST11649707,2026-07-07 21:16:52.670844,459.2,1,Food & Beverages,Snacks
TXNUW3MNHKDRS,CUST11649707,2026-06-22 21:16:52.670844,434.26,1,Clothing,Shoes
TXN8CJEY1N8NO,CUST11649707,2026-01-24 21:16:52.670844,478.08,1,Home & Garden,Bedding
TXNDLQ7QNBU5M,CUST11649707,2026-05-12 21:16:52.670844,314.9,3,Books,Non-Fiction
TXN9TWLKI3GO6,CUST11649707,2026-06-15 21:16:52.670844,464.11,5,Electronics,Smartphone
TXNS7WUYDWI2Y,CUST11649707,2026-04-07 21:16:52.670844,477.03,3,Automotive,Tools
TXNYFSJOXR0BP,CUST11649707,2026-01-27 21:16:52.670844,402.82,3,Clothing,Shoes
TXND9BN79KGNE,CUST11649707,2025-11-22 21:16:52.670844,653.53,3,Books,Comics
TXNG2OSRX9C7G,CUST78754272,2025-05-01 21:16:52.670844,128.14,1,Clothing,Jeans
TXNUSRB48R325,CUST10831159,2026-06-20 21:16:52.670844,163.63,2,Health & Beauty,Supplements
TXNYSFQD9F94J,CUST10831159,2026-06-23 21:16:52.670844,194.13,4,Food & Beverages,Gourmet Food
TXN9A0X6AT14R,CUST10831159,2026-07-11 21:16:52.670844,164.46,4,Health & Beauty,Supplements
TXNHYNEKVELNL,CUST10831159,2026-06-20 21:16:52.670844,209.56,3,Sports & Outdoors,Camping Gear
TXNACPRFHT782,CUST10831159,2026-06-15 21:16:52.670844,186.76,3,Clothing,Dress
TXNW2UF6FO97Y,CUST10831159,2026-07-14 21:16:52.670844,190.81,1,Sports & Outdoors,Sportswear
TXN0R0SK24FTK,CUST10831159,2026-07-02 21:16:52.670844,157.5,4,Clothing,Shoes
TXNHSWOV2OOAK,CUST10831159,2026-06-16 21:16:52.670844,233.58,4,Health & Beauty,Personal Care
TXN7HTSBOMHXF,CUST10831159,2026-07-16 21:16:52.670844,143.07,1,Food & Beverages,Gourmet Food
TXNUKF1ONIARM,CUST10831159,2026-06-19 21:16:52.670844,203.89,1,Toys & Games,Board Games
TXN1RQEX41LZO,CUST10831159,2026-07-02 21:16:52.670844,168.98,4,Clothing,Accessories
TXN6G8EY63DE5,CUST10831159,2026-06-26 21:16:52.670844,108.26,5,Electronics,Tablet
TXNCKWYV59Z95,CUST10831159,2026-06-14 21:16:52.670844,176.26,3,Food & Beverages,Snacks
TXNTXR32RVGSG,CUST10831159,2026-07-06 21:16:52.670844,167.28,1,Books,Fiction
TXN22IAB5S47C,CUST10831159,2026-06-20 21:16:52.670844,140.89,5,Health & Beauty,Supplements
TXN7GFV0BWP6R,CUST10831159,2026-07-06 21:16:52.670844,162.63,5,Sports & Outdoors,Fitness Equipment
TXNQIRS535363,CUST10831159,2026-06-19 21:16:52.670844,160.27,2,Automotive,Parts
TXNMQ9U4I2C0F,CUST10831159,2026-07-10 21:16:52.670844,125.57,4,Automotive,Tools
TXNBL165UO1MF,CUST10831159,2026-07-06 21:16:52.670844,171.51,5,Sports & Outdoors,Camping Gear
TXNN37DIVZUNU,CUST10831159,2026-07-02 21:16:52.670844,145.68,5,Electronics,Tablet
TXN20FKI7MO3G,CUST10831159,2026-06-27 21:16:52.670844,152.98,4,Books,Non-Fiction
TXNJBZ1P5ZKXT,CUST10831159,2026-07-20 21:16:52.670844,185.34,4,Books,Non-Fiction
TXNZAU1SD36UV,CUST10831159,2026-06-30 21:16:52.670844,168.6,1,Food & Beverages,Organic Products
TXNIMIWWG4DHQ,CUST10831159,2026-07-18 21:16:52.670844,119.36,5,Electronics,Laptop
TXN0XY5GAW7QM,CUST10831159,2026-06-23 21:16:52.670844,125.86,3,Automotive,Cleaning Supplies
TXN2RSTR4UY6L,CUST10831159,2026-06-23 21:16:52.670844,154.54,4,Health & Beauty,Makeup
TXNL3HUFRPFKP,CUST10831159,2026-06-14 21:16:52.670844,118.92,2,Food & Beverages,Gourmet Food
TXNFWDZ0REM0M,CUST10831159,2026-07-07 21:16:52.670844,165.24,5,Food & Beverages,Beverages
TXNSS1VBEAK8F,CUST10831159,2026-07-06 21:16:52.670844,220.14,2,Clothing,Shoes
TXN1OPF08K0ZK,CUST06843858,2026-01-15 21:16:52.670844,69.77,1,Automotive,Parts
TXNE3ZMPK9IZZ,CUST06843858,2025-07-14 21:16:52.670844,60.24,5,Office Supplies,Desk Accessories
TXNEUS82SBK2F,CUST06843858,2026-05-29 21:16:52.670844,71.1,3,Automotive,Parts
TXNZQZWAYC0QP,CUST06843858,2025-01-01 21:16:52.670844,106.49,4,Health & Beauty,Skincare
TXNJ972EQNM5F,CUST06843858,2025-11-09 21:16:52.670844,108.14,1,Home & Garden,Bedding
TXN2WUFKVKBOO,CUST06843858,2026-04-01 21:16:52.670844,88.57,5,Home & Garden,Tools
TXN4264KGUOSR,CUST06843858,2024-10-21 21:16:52.670844,153.48,5,Health & Beauty,Personal Care
TXNXZJM4TA3KH,CUST06843858,2026-01-28 21:16:52.670844,118.17,4,Food & Beverages,Beverages
TXNFA6ZEZYZW5,CUST06843858,2024-08-12 21:16:52.670844,112.93,5,Office Supplies,Desk Accessories
TXN0DIG98011T,CUST06843858,2024-09-06 21:16:52.670844,50.86,3,Food & Beverages,Beverages
TXNYLPSFI4I6J,CUST06843858,2024-10-09 21:16:52.670844,115.66,5,Automotive,Tools
TXN8YG88LYXVX,CUST06843858,2024-09-30 21:16:52.670844,115.68,4,Office Supplies,Stationery
TXNFPEY7175GW,CUST06843858,2026-02-06 21:16:52.670844,78.53,1,Office Supplies,Furniture
TXNC6EBPRMXFK,CUST06843858,2025-05-25 21:16:52.670844,132.31,3,Books,Fiction
TXNF0HPGG9TZH,CUST06843858,2025-03-21 21:16:52.670844,117.73,5,Sports & Outdoors,Camping Gear
TXNAFCNHE8VUY,CUST06843858,2025-08-11 21:16:52.670844,76.1,4,Office Supplies,Desk Accessories
TXNWEI9DZIKQW,CUST06843858,2025-05-15 21:16:52.670844,74.35,4,Health & Beauty,Personal Care
TXNZ503P9V2BT,CUST06843858,2024-11-30 21:16:52.670844,35.38,2,Health & Beauty,Personal Care
TXNW5MAKA8S9V,CUST06843858,2025-02-26 21:16:52.670844,130.86,1,Books,Educational
TXNUUCOG2FNPZ,CUST71967332,2026-05-02 21:16:52.670844,241.7,1,Food & Beverages,Organic Products
TXN2D01QMCV41,CUST71967332,2026-02-09 21:16:52.670844,257.01,4,Clothing,Accessories
TXN9GHCP05Q57,CUST71967332,2025-10-27 21:16:52.670844,160.32,5,Office Supplies,Stationery
TXNSCEXGD6OZY,CUST71967332,2025-09-19 21:16:52.670844,214.78,3,Clothing,Accessories
TXNVYB4ABHMWT,CUST71967332,2025-05-23 21:16:52.670844,220.64,1,Electronics,Camera
TXN8SC6SID7MQ,CUST71967332,2026-03-02 21:16:52.670844,158.03,4,Automotive,Car Accessories
TXNDO0V7LB7PE,CUST71967332,2025-09-06 21:16:52.670844,217.79,3,Food & Beverages,Snacks
TXNNFN2ORC8UR,CUST71967332,2025-10-22 21:16:52.670844,229.55,1,Office Supplies,Furniture
TXNYSNYT5Q30B,CUST71967332,2026-06-07 21:16:52.670844,70.66,4,Home & Garden,Bedding
TXN3KCRUWQ0IA,CUST71967332,2026-05-29 21:16:52.670844,253.14,4,Toys & Games,Puzzles
TXNISZ837XGM2,CUST71967332,2025-07-14 21:16:52.670844,238.77,5,Automotive,Parts
TXN99LPUUGIWC,CUST71967332,2026-03-20 21:16:52.670844,269.99,4,Automotive,Parts
TXNOF7QIHJUQN,CUST71967332,2025-09-07 21:16:52.670844,149.24,2,Toys & Games,Video Games
TXNNQXQJB2013,CUST71967332,2025-09-19 21:16:52.670844,167.81,4,Toys & Games,Board Games
TXNUK7KRXOLF5,CUST71967332,2026-02-06 21:16:52.670844,204.56,1,Automotive,Cleaning Supplies
TXNIKQ8FEHZMT,CUST71967332,2025-05-30 21:16:52.670844,69.55,1,Clothing,Jacket
TXN6CD4I54L7H,CUST71967332,2025-05-06 21:16:52.670844,196.47,1,Office Supplies,Stationery
TXN0HX555SOZ1,CUST71967332,2026-02-23 21:16:52.670844,252.29,5,Clothing,Shoes
TXN5ZPQEDKM80,CUST71967332,2025-12-24 21:16:52.670844,211.02,4,Health & Beauty,Makeup
TXNT623ZMPHEH,CUST71967332,2026-02-02 21:16:52.670844,305.88,3,Food & Beverages,Gourmet Food
TXNBQ5HRXN17R,CUST71967332,2025-08-30 21:16:52.670844,261.1,1,Books,Educational
TXNUUXENQCTCR,CUST71967332,2025-05-05 21:16:52.670844,148.72,3,Electronics,Headphones
TXN89VIOLRV3V,CUST75988054,2026-04-03 21:16:52.670844,197.94,5,Food & Beverages,Snacks
TXN4CPVXQGVAG,CUST75988054,2026-02-25 21:16:52.670844,302.01,2,Automotive,Cleaning Supplies
TXN41GSTFE0IH,CUST75988054,2026-05-21 21:16:52.670844,259.06,4,Electronics,Smartphone
TXN9BJIL56EO8,CUST75988054,2026-04-22 21:16:52.670844,186.44,2,Health & Beauty,Supplements
TXN9NLIFOG0V8,CUST75988054,2026-05-04 21:16:52.670844,343.94,2,Sports & Outdoors,Camping Gear
TXNO5BYDIZLE0,CUST75988054,2026-05-29 21:16:52.670844,272.7,5,Home & Garden,Tools
TXNNW9HPCXKKI,CUST75988054,2026-04-15 21:16:52.670844,289.4,3,Food & Beverages,Beverages
TXNUQ86LMQUEY,CUST75988054,2026-06-18 21:16:52.670844,231.89,3,Toys & Games,Video Games
TXN23XD7OS88B,CUST75988054,2026-04-24 21:16:52.670844,268.23,4,Food & Beverages,Snacks
TXN1ZW8JTTGWF,CUST75988054,2026-04-02 21:16:52.670844,206.99,1,Clothing,Shoes
TXN0597VCXMW0,CUST75988054,2026-05-24 21:16:52.670844,347.19,4,Office Supplies,Stationery
TXNUSCJWDS6NJ,CUST75988054,2026-03-13 21:16:52.670844,159.2,2,Automotive,Parts
TXNTIHO33WG8Q,CUST75988054,2026-04-08 21:16:52.670844,267.11,5,Home & Garden,Decor
TXNLPX6OB09FT,CUST75988054,2026-06-17 21:16:52.670844,301.17,4,Books,Fiction
TXNGHTZ8PDD8W,CUST75988054,2026-05-06 21:16:52.670844,215.93,3,Automotive,Tools
TXNY80MHTN6D8,CUST75988054,2026-04-19 21:16:52.670844,392.7,4,Office Supplies,Electronics
TXN6PE00B4Q9A,CUST67929333,2026-01-26 21:16:52.670844,62.03,5,Sports & Outdoors,Fitness Equipment
TXN0E5JTX9S8W,CUST67929333,2026-02-04 21:16:52.670844,54.37,3,Clothing,T-Shirt
TXNNKCV5VK19B,CUST67929333,2026-01-24 21:16:52.670844,80.06,3,Health & Beauty,Personal Care
TXNX7H6RBSNRD,CUST10030768,2026-05-11 21:16:52.670844,352.38,4,Office Supplies,Desk Accessories
TXNSH29OBYQF7,CUST10030768,2026-04-19 21:16:52.670844,193.51,4,Electronics,Smartphone
TXNZGDB21CVLA,CUST10030768,2026-03-12 21:16:52.670844,140.76,3,Books,Fiction
TXNHL790KGA5J,CUST10030768,2026-04-29 21:16:52.670844,170.08,4,Electronics,Camera
TXNLTX5328C7Z,CUST10030768,2026-05-14 21:16:52.670844,265.5,2,Health & Beauty,Makeup
TXNIRCE449926,CUST10030768,2026-04-20 21:16:52.670844,335.58,2,Home & Garden,Kitchen Appliances
TXNM40MUXQ6FW,CUST10030768,2026-05-24 21:16:52.670844,153.52,4,Home & Garden,Bedding
TXNBJLJPW2B0Q,CUST10030768,2026-06-03 21:16:52.670844,146.65,3,Home & Garden,Kitchen Appliances
TXNPUCI64TDJM,CUST10030768,2026-03-10 21:16:52.670844,266.42,1,Toys & Games,Board Games
TXNQBMNN8AXL7,CUST10030768,2026-05-23 21:16:52.670844,226.27,4,Books,Fiction
TXNFTVL5ESTRP,CUST10030768,2026-04-11 21:16:52.670844,257.72,3,Sports & Outdoors,Bicycle
TXNU3BWHGZGXT,CUST10030768,2026-06-12 21:16:52.670844,421.46,5,Electronics,Smart Watch
TXN6ICYLD6OO5,CUST10030768,2026-06-07 21:16:52.670844,268.45,3,Electronics,Tablet
TXNVCSQ6P2TWJ,CUST10030768,2026-05-17 21:16:52.670844,251.99,2,Clothing,Jacket
TXN9MT2OZTSAO,CUST47883643,2026-03-12 21:16:52.670844,154.47,5,Electronics,Smartphone
TXND0EXN48WMB,CUST47883643,2026-03-21 21:16:52.670844,212.5,5,Books,Magazines
TXNHI2CIA48C6,CUST47883643,2026-04-16 21:16:52.670844,135.05,5,Sports & Outdoors,Sportswear
TXNXYM24GB10Q,CUST47883643,2026-03-10 21:16:52.670844,84.89,3,Electronics,Tablet
TXNSW4H1MCF5D,CUST47883643,2026-03-13 21:16:52.670844,147.02,5,Toys & Games,Board Games
TXNXFSG2NLI7J,CUST47883643,2026-04-11 21:16:52.670844,195.27,5,Toys & Games,Puzzles
TXN70L420F76H,CUST47883643,2026-03-11 21:16:52.670844,120.13,5,Electronics,Headphones
TXNO6NQN5XVKZ,CUST47883643,2026-03-22 21:16:52.670844,164.47,5,Electronics,Tablet
TXN7YV6NHFECL,CUST47883643,2026-03-13 21:16:52.670844,166.4,5,Automotive,Parts
TXNTOMNE96CQW,CUST74790420,2025-11-01 21:16:52.670844,53.7,2,Office Supplies,Stationery
TXN4JB8HNJS3O,CUST08045020,2025-11-21 21:16:52.670844,101.42,1,Sports & Outdoors,Bicycle
TXNEIS0Y2XL4S,CUST08045020,2026-03-25 21:16:52.670844,30.8,1,Office Supplies,Furniture
TXNS6PFAAOYFI,CUST08045020,2026-04-20 21:16:52.670844,67.67,3,Home & Garden,Tools
TXNLC9OO85RAC,CUST08045020,2026-03-16 21:16:52.670844,69.29,1,Electronics,Headphones
TXNNA9R1XYKVC,CUST08045020,2026-02-14 21:16:52.670844,37.75,4,Clothing,Dress
TXN9TTWJ66G87,CUST08045020,2025-11-19 21:16:52.670844,68.23,3,Books,Fiction
TXNGKCTGSEC6D,CUST08045020,2026-03-31 21:16:52.670844,90.7,4,Sports & Outdoors,Bicycle
TXNCR6PSFOI0F,CUST08045020,2025-09-26 21:16:52.670844,45.41,4,Clothing,Shoes
TXNWIVLXR8TNC,CUST08045020,2026-02-25 21:16:52.670844,44.08,1,Health & Beauty,Skincare
TXN1J1KAPQ71F,CUST08045020,2025-09-24 21:16:52.670844,23.39,5,Sports & Outdoors,Fitness Equipment
TXNONP4RXLNJH,CUST80555442,2026-05-04 21:16:52.670844,228.3,2,Home & Garden,Tools
TXNQSSB63R9VP,CUST80555442,2026-02-07 21:16:52.670844,326.21,2,Health & Beauty,Makeup
TXNBFTL3BMKK9,CUST80555442,2026-04-19 21:16:52.670844,315.7,5,Automotive,Parts
TXN63I9H3J0EG,CUST80555442,2026-03-07 21:16:52.670844,261.84,2,Clothing,Jacket
TXN7LMLAGVPPL,CUST80555442,2026-04-05 21:16:52.670844,247.05,2,Electronics,Smartphone
TXNI0R1W1WZZS,CUST80555442,2026-03-07 21:16:52.670844,285.19,2,Office Supplies,Desk Accessories
TXN1QTQQTHBHO,CUST80555442,2026-05-14 21:16:52.670844,87.52,4,Books,Magazines
TXNIVDC7BWPX7,CUST80555442,2026-02-27 21:16:52.670844,285.87,5,Food & Beverages,Gourmet Food
TXNJCU4358L45,CUST80555442,2026-02-08 21:16:52.670844,197.58,1,Automotive,Tools
TXNYZHI53VK8R,CUST80555442,2026-01-08 21:16:52.670844,309.34,4,Automotive,Tools
TXN7QNXNPGTPV,CUST80555442,2026-02-24 21:16:52.670844,273.83,1,Clothing,T-Shirt
TXNAFW8QAPB29,CUST80555442,2026-04-09 21:16:52.670844,206.3,2,Toys & Games,Video Games
TXN5T5FZMDIMX,CUST80555442,2026-05-03 21:16:52.670844,132.65,2,Home & Garden,Bedding
TXNQ7WVAQOF1U,CUST80555442,2026-03-26 21:16:52.670844,296.09,3,Automotive,Car Accessories
TXNFC8XR2K9X6,CUST80555442,2026-04-06 21:16:52.670844,257.32,1,Home & Garden,Furniture
TXNJ0AY50GVDI,CUST80555442,2026-03-17 21:16:52.670844,267.66,5,Office Supplies,Furniture
TXN2PEHN13BVK,CUST80555442,2026-04-14 21:16:52.670844,188.68,5,Clothing,Accessories
TXNY00NCE483S,CUST80555442,2026-01-15 21:16:52.670844,198.21,3,Toys & Games,Action Figures
TXNC155EMWPQE,CUST80555442,2026-02-19 21:16:52.670844,268.68,1,Office Supplies,Electronics
TXNEB9CCO5WUY,CUST48112837,2026-02-10 21:16:52.670844,193.66,2,Clothing,T-Shirt
TXNTDEJMNFQP4,CUST48112837,2025-08-11 21:16:52.670844,111.49,4,Automotive,Cleaning Supplies
TXNP4TXH82HXJ,CUST48112837,2026-05-09 21:16:52.670844,100.44,4,Toys & Games,Board Games
TXNK05PIKLFC8,CUST48112837,2025-07-02 21:16:52.670844,175.14,5,Electronics,Tablet
TXNNHR8HIBQG4,CUST48112837,2026-05-03 21:16:52.670844,171.88,5,Toys & Games,Video Games
TXNWFA5K6B6JY,CUST48112837,2025-06-04 21:16:52.670844,230.04,1,Toys & Games,Video Games
TXN088NDG2LC9,CUST48112837,2025-05-01 21:16:52.670844,289.4,2,Toys & Games,Puzzles
TXNEA9NUT8EIW,CUST48112837,2026-04-23 21:16:52.670844,154.43,3,Sports & Outdoors,Fitness Equipment
TXNHUG7EV3WZ6,CUST92200944,2026-03-23 21:16:52.670844,172.0,1,Office Supplies,Electronics
TXN1NB4GVQD5N,CUST92200944,2025-03-08 21:16:52.670844,153.92,4,Automotive,Parts
TXN3JB1UDUDPX,CUST92200944,2026-05-30 21:16:52.670844,62.95,4,Automotive,Cleaning Supplies
TXNI9Y1ZG8LZS,CUST92200944,2025-09-18 21:16:52.670844,195.68,4,Books,Fiction
TXNYA231YX9OD,CUST92200944,2026-03-25 21:16:52.670844,115.06,4,Office Supplies,Desk Accessories
TXNXCDNZ63P0N,CUST92200944,2025-09-20 21:16:52.670844,154.63,2,Toys & Games,Puzzles
TXNS134VEWHPC,CUST28242576,2026-02-15 21:16:52.670844,77.02,5,Home & Garden,Bedding
TXNTKXRXG2SBE,CUST28242576,2026-03-27 21:16:52.670844,37.45,4,Electronics,Smart Watch
TXN8824V68A71,CUST28242576,2026-02-17 21:16:52.670844,32.66,2,Clothing,Shoes
TXNWJDN0N1C2F,CUST37365259,2025-02-04 21:16:52.670844,238.36,5,Toys & Games,Board Games
TXNKFGHUMGGDC,CUST37365259,2025-09-12 21:16:52.670844,263.43,1,Automotive,Tools
TXN0UAXOGFT92,CUST37365259,2025-08-16 21:16:52.670844,254.94,2,Sports & Outdoors,Bicycle
TXNHZW53Z9JKA,CUST37365259,2025-07-24 21:16:52.670844,311.06,1,Books,Fiction
TXN9W67QWBL4U,CUST37365259,2025-05-08 21:16:52.670844,255.35,2,Food & Beverages,Organic Products
TXNJZ3RH23SAP,CUST37365259,2025-09-26 21:16:52.670844,325.71,4,Books,Comics
TXNSWDLDA4KOG,CUST37365259,2026-04-20 21:16:52.670844,207.74,2,Office Supplies,Furniture
TXNW8935URGTJ,CUST37365259,2026-03-13 21:16:52.670844,373.8,5,Electronics,Camera
TXNHEGD7IOAOK,CUST37365259,2026-04-17 21:16:52.670844,392.77,2,Health & Beauty,Skincare
TXNWRFQVQLFUW,CUST37365259,2026-01-20 21:16:52.670844,255.82,4,Health & Beauty,Personal Care
TXNF1OP5OW7GJ,CUST37365259,2026-02-15 21:16:52.670844,98.99,5,Books,Comics
TXNHRQ3N1NCIG,CUST37365259,2025-10-12 21:16:52.670844,132.55,4,Books,Comics
TXNRL1PA66VKQ,CUST37365259,2025-11-24 21:16:52.670844,97.98,2,Office Supplies,Desk Accessories
TXNJ5YQUOUHQ6,CUST37488042,2026-03-08 21:16:52.670844,149.51,4,Toys & Games,Puzzles
TXNI4S7RUK5NL,CUST37488042,2025-05-16 21:16:52.670844,230.58,4,Electronics,Headphones
TXNPYAHPSLRVK,CUST37488042,2026-02-21 21:16:52.670844,478.51,3,Clothing,Jacket
TXNN6PF7K4LTQ,CUST37488042,2025-08-15 21:16:52.670844,300.23,4,Office Supplies,Desk Accessories
TXNKKPI6PAVTF,CUST37488042,2025-04-15 21:16:52.670844,285.54,5,Home & Garden,Decor
TXNZG0VZZZ5KX,CUST37488042,2026-02-22 21:16:52.670844,347.71,5,Home & Garden,Bedding
TXNX2TZLZY8XZ,CUST37488042,2025-04-12 21:16:52.670844,341.98,2,Sports & Outdoors,Bicycle
TXN2LDNF1PXYE,CUST37488042,2024-10-23 21:16:52.670844,348.54,3,Electronics,Headphones
TXN6W2VV1NEGK,CUST37488042,2025-07-11 21:16:52.670844,230.11,3,Electronics,Headphones
TXNZB9WIRAYKM,CUST37488042,2026-01-08 21:16:52.670844,290.65,3,Toys & Games,Board Games
TXNYCN2R2FKB0,CUST37488042,2026-02-20 21:16:52.670844,199.89,2,Sports & Outdoors,Fitness Equipment
TXN68VBAQ616D,CUST37488042,2025-12-05 21:16:52.670844,346.73,3,Health & Beauty,Supplements
TXNOK0UC4AGCV,CUST37488042,2026-02-11 21:16:52.670844,377.09,2,Home & Garden,Tools
TXNUSYKSXVX3D,CUST37488042,2025-11-25 21:16:52.670844,271.6,3,Office Supplies,Furniture
TXNWN0L7Y66EK,CUST37488042,2025-03-13 21:16:52.670844,283.95,5,Clothing,T-Shirt
TXNNQ7XQ149M4,CUST37488042,2025-09-13 21:16:52.670844,361.62,1,Health & Beauty,Makeup
TXN44SWWNVWSF,CUST37488042,2025-07-01 21:16:52.670844,258.57,5,Books,Educational
TXNYH2UAA69KC,CUST37488042,2025-12-16 21:16:52.670844,410.32,3,Toys & Games,Board Games
TXN9O5RYSTQNN,CUST37488042,2025-02-22 21:16:52.670844,330.0,4,Automotive,Tools
TXNNA7B0QV7JC,CUST37488042,2025-11-30 21:16:52.670844,309.46,4,Health & Beauty,Skincare
TXNYKEBLVDHOF,CUST37488042,2025-08-21 21:16:52.670844,265.3,4,Sports & Outdoors,Camping Gear
TXNPK5G3JCUX4,CUST37488042,2025-04-29 21:16:52.670844,331.2,5,Automotive,Car Accessories
