customer_id,name,email,phone,country,city,registration_date
CUST94413571,Margaret Jones,margaret.jones213@example.com,+91-7131551435,France,Toulouse,2025-08-21 20:15:09
CUST32751969,James Moore,james.moore573@example.com,+91-7598355030,United States,Chicago,2026-01-17 20:15:09
CUST04750624,Sandra Davis,sandra.davis362@example.com,+91-8248151942,Canada,Toronto,2025-08-14 20:15:09
CUST40685148,Daniel Jones,daniel.jones72@example.com,+91-8876271620,Canada,Toronto,2025-08-21 20:15:09
CUST48631733,David Thomas,david.thomas701@example.com,+91-7083683936,India,Kanpur,2025-03-14 20:15:09
CUST01352141,Mary Walker,mary.walker707@example.com,+91-7204682710,France,Paris,2024-12-17 20:15:09
CUST91207509,James Miller,james.miller686@example.com,+91-8167013745,Japan,Tokyo,2025-10-08 20:15:09
CUST93214585,Elizabeth Lewis,elizabeth.lewis886@example.com,+91-9603371504,Germany,Munich,2025-12-01 20:15:09
CUST24843573,Linda Ramirez,linda.ramirez255@example.com,+91-7886229176,Japan,Hiroshima,2025-12-15 20:15:09
CUST90003506,James Rodriguez,james.rodriguez295@example.com,+91-8246184182,France,Marseille,2026-01-05 20:15:09
CUST36425465,Nancy Moore,nancy.moore601@example.com,+91-7556601694,United States,New York,2026-02-12 20:15:09
CUST08694570,Charles Brown,charles.brown737@example.com,+91-7838128496,United Kingdom,Birmingham,2025-11-16 20:15:09
CUST36617505,Linda Hernandez,linda.hernandez562@example.com,+91-7829386243,Canada,Montreal,2025-12-12 20:15:09
CUST29798391,Sandra Lee,sandra.lee349@example.com,+91-9904953461,Brazil,Brasilia,2024-02-27 20:15:09
CUST70978368,Richard Martin,richard.martin475@example.com,+91-8912640777,France,Paris,2025-08-12 20:15:09
CUST04502298,Barbara Gonzalez,barbara.gonzalez547@example.com,+91-9179690806,United States,Los Angeles,2025-11-15 20:15:09
CUST15088816,James Thompson,james.thompson915@example.com,+91-7945688661,India,Ahmedabad,2025-07-30 20:15:09
CUST63807343,Lisa Walker,lisa.walker508@example.com,+91-9575195259,France,Marseille,2026-01-21 20:15:09
CUST97277494,Jennifer Brown,jennifer.brown257@example.com,+91-8396459185,Australia,Perth,2025-10-07 20:15:09
CUST59895907,Michael Williams,michael.williams900@example.com,+91-8497356788,Japan,Tokyo,2025-07-02 20:15:09
CUST27530524,David Garcia,david.garcia767@example.com,+91-7302142263,United Kingdom,Manchester,2025-09-16 20:15:09
CUST09431128,William Perez,william.perez619@example.com,+91-9744703820,Singapore,Singapore,2025-10-24 20:15:09
CUST46969982,Emily Jackson,emily.jackson534@example.com,+91-9906657614,India,Bangalore,2024-02-27 20:15:09
CUST81369855,Ashley White,ashley.white108@example.com,+91-9345473955,Singapore,Singapore,2024-09-28 20:15:09
CUST46095644,Thomas Harris,thomas.harris292@example.com,+91-9643451560,Australia,Adelaide,2025-07-04 20:15:09
CUST49683194,Karen Sanchez,karen.sanchez596@example.com,+91-7731675113,Germany,Hamburg,2025-08-05 20:15:09
CUST22789139,Margaret Jones,margaret.jones752@example.com,+91-8112892854,Japan,Kyoto,2025-07-06 20:15:09
CUST92636750,Jessica Hernandez,jessica.hernandez832@example.com,+91-9602621639,India,Lucknow,2026-01-03 20:15:09
CUST47944953,Margaret Lopez,margaret.lopez539@example.com,+91-8328991865,Singapore,Singapore,2025-10-27 20:15:09
CUST86046884,Susan Martinez,susan.martinez398@example.com,+91-7403380874,United States,Houston,2026-02-17 20:15:09
CUST45311752,Richard Hernandez,richard.hernandez242@example.com,+91-7812137096,United States,New York,2025-09-22 20:15:09
CUST39377279,Anthony Jackson,anthony.jackson953@example.com,+91-9935080536,India,Surat,2025-08-20 20:15:09
CUST43631615,Betty Hernandez,betty.hernandez55@example.com,+91-7809062592,Australia,Melbourne,2025-12-26 20:15:09
CUST24273023,William Walker,william.walker377@example.com,+91-8480374219,Canada,Vancouver,2024-02-27 20:15:09
CUST01219293,Mark Johnson,mark.johnson281@example.com,+91-9019095297,Canada,Toronto,2024-07-22 20:15:09
CUST52606477,Betty Brown,betty.brown863@example.com,+91-8797340585,Canada,Toronto,2025-04-21 20:15:09
CUST11895270,Christopher Smith,christopher.smith396@example.com,+91-8271480466,Brazil,Salvador,2025-08-25 20:15:09
CUST20238331,Charles Wilson,charles.wilson418@example.com,+91-7911589548,Singapore,Singapore,2024-10-18 20:15:09
CUST47669264,Nancy Wilson,nancy.wilson879@example.com,+91-7823285853,United States,Houston,2026-01-23 20:15:09
CUST01725798,Patricia Rodriguez,patricia.rodriguez971@example.com,+91-8821447793,Japan,Tokyo,2025-02-11 20:15:09
CUST04964464,Mary Garcia,mary.garcia962@example.com,+91-8985250910,Canada,Vancouver,2026-01-25 20:15:09
CUST61052304,Mary Robinson,mary.robinson488@example.com,+91-7702612746,United Kingdom,Birmingham,2025-02-07 20:15:09
CUST51262780,Linda Gonzalez,linda.gonzalez611@example.com,+91-7676677664,Canada,Toronto,2025-12-10 20:15:09
CUST18241900,Matthew Sanchez,matthew.sanchez573@example.com,+91-7540836611,India,Bangalore,2024-10-04 20:15:09
CUST42402545,Elizabeth Taylor,elizabeth.taylor911@example.com,+91-8910850130,Australia,Perth,2024-03-27 20:15:09
CUST01168700,David Lewis,david.lewis172@example.com,+91-8809849582,Singapore,Singapore,2026-01-18 20:15:09
CUST44537248,Patricia Lewis,patricia.lewis427@example.com,+91-9974738990,Germany,Hamburg,2025-09-28 20:15:09
CUST46283325,Mary Lee,mary.lee712@example.com,+91-8076355005,Japan,Kyoto,2024-02-27 20:15:09
CUST00664448,Emily Thomas,emily.thomas445@example.com,+91-7371130737,Singapore,Singapore,2025-09-19 20:15:09
CUST54951571,Elizabeth Lewis,elizabeth.lewis816@example.com,+91-7629760832,India,Jaipur,2024-10-30 20:15:09
CUST24014690,Betty Perez,betty.perez397@example.com,+91-8708598913,United Kingdom,Leeds,2025-07-25 20:15:09
CUST69434886,James Sanchez,james.sanchez148@example.com,+91-9002365729,Australia,Sydney,2025-11-04 20:15:09
CUST79162360,Richard Lewis,richard.lewis409@example.com,+91-7077334113,United Kingdom,Manchester,2025-12-07 20:15:09
CUST95204910,Jennifer Jackson,jennifer.jackson527@example.com,+91-9942718142,India,Delhi,2026-01-02 20:15:09
CUST14670802,Betty Thomas,betty.thomas435@example.com,+91-9353521100,United Kingdom,Birmingham,2025-03-14 20:15:09
CUST36620090,Lisa White,lisa.white949@example.com,+91-9450922693,Brazil,Fortaleza,2025-10-31 20:15:09
CUST84701316,James Johnson,james.johnson579@example.com,+91-9033904777,Brazil,Sao Paulo,2025-09-05 20:15:09
CUST10919497,David Perez,david.perez485@example.com,+91-8155476769,Australia,Adelaide,2025-09-15 20:15:09
CUST84574381,Sandra Perez,sandra.perez155@example.com,+91-8647454332,France,Lyon,2025-08-01 20:15:09
CUST24172297,Thomas Perez,thomas.perez872@example.com,+91-8573624375,Canada,Toronto,2024-10-26 20:15:09
CUST47624477,Jennifer Lewis,jennifer.lewis790@example.com,+91-9949470167,Australia,Melbourne,2024-02-27 20:15:09
CUST79705378,Mark Gonzalez,mark.gonzalez469@example.com,+91-8293552375,Singapore,Singapore,2025-10-22 20:15:09
CUST27502652,John Sanchez,john.sanchez840@example.com,+91-8449161470,France,Nice,2024-12-26 20:15:09
CUST64206522,Betty Garcia,betty.garcia784@example.com,+91-8045766636,Germany,Berlin,2025-03-12 20:15:09
CUST19099588,Christopher Jones,christopher.jones986@example.com,+91-9294509527,Brazil,Fortaleza,2025-08-03 20:15:09
CUST66758035,Thomas Wilson,thomas.wilson121@example.com,+91-9147827659,Japan,Yokohama,2024-02-27 20:15:09
CUST66807818,Susan Johnson,susan.johnson272@example.com,+91-7665132738,Brazil,Rio de Janeiro,2026-01-03 20:15:09
CUST08288584,Daniel Martin,daniel.martin811@example.com,+91-9353903434,Brazil,Rio de Janeiro,2026-01-29 20:15:09
CUST98846654,Michael Thompson,michael.thompson396@example.com,+91-7021130661,India,Bangalore,2024-11-15 20:15:09
CUST99452471,Charles Garcia,charles.garcia269@example.com,+91-8845891375,India,Hyderabad,2025-10-09 20:15:09
CUST30286848,Jennifer Anderson,jennifer.anderson860@example.com,+91-8837633978,Canada,Calgary,2024-11-27 20:15:09
CUST93258792,Sandra Jackson,sandra.jackson5@example.com,+91-7496269161,Singapore,Singapore,2024-08-31 20:15:09
CUST94803614,William White,william.white680@example.com,+91-7274888545,India,Kanpur,2026-02-11 20:15:09
CUST50129226,Susan Rodriguez,susan.rodriguez433@example.com,+91-9873675703,Japan,Osaka,2024-09-21 20:15:09
CUST94811980,Daniel Wilson,daniel.wilson965@example.com,+91-8998594189,United Kingdom,London,2025-10-05 20:15:09
CUST65891074,Mary Perez,mary.perez946@example.com,+91-8286381646,Japan,Kyoto,2025-09-06 20:15:09
CUST89186745,Jessica Davis,jessica.davis651@example.com,+91-9786145996,United States,Los Angeles,2025-07-02 20:15:09
CUST83108105,David Martinez,david.martinez15@example.com,+91-9111159951,Germany,Frankfurt,2024-06-02 20:15:09
CUST70306265,Barbara Moore,barbara.moore526@example.com,+91-8723741654,Brazil,Fortaleza,2026-02-22 20:15:09
CUST38091861,Matthew Davis,matthew.davis143@example.com,+91-7326531295,France,Toulouse,2025-09-22 20:15:09
CUST40986396,David Robinson,david.robinson780@example.com,+91-8332136758,Singapore,Singapore,2025-05-19 20:15:09
CUST98940126,Barbara Moore,barbara.moore860@example.com,+91-9897006078,Singapore,Singapore,2025-04-20 20:15:09
CUST59078210,David Clark,david.clark889@example.com,+91-8857963214,India,Jaipur,2025-05-16 20:15:09
CUST14843456,Matthew Taylor,matthew.taylor347@example.com,+91-7799519340,Japan,Kyoto,2026-01-22 20:15:09
CUST79715942,Emily Jones,emily.jones276@example.com,+91-8879613064,Singapore,Singapore,2025-12-02 20:15:09
CUST15826879,Jennifer Walker,jennifer.walker652@example.com,+91-8581763099,United States,Houston,2025-11-10 20:15:09
CUST19188470,Emily Davis,emily.davis261@example.com,+91-8419880360,France,Toulouse,2025-01-25 20:15:09
CUST74014761,Susan Hernandez,susan.hernandez564@example.com,+91-8479147760,Singapore,Singapore,2025-12-09 20:15:09
CUST77071324,Mark Robinson,mark.robinson619@example.com,+91-9937470567,United States,Chicago,2025-12-31 20:15:09
CUST62145807,Joseph Jackson,joseph.jackson432@example.com,+91-9738607747,Brazil,Salvador,2024-02-27 20:15:09
CUST58936295,Charles Gonzalez,charles.gonzalez950@example.com,+91-8136262388,Brazil,Rio de Janeiro,2026-02-24 20:15:09
CUST11891535,Margaret Thomas,margaret.thomas941@example.com,+91-9961258780,Australia,Melbourne,2024-02-27 20:15:09
CUST82695589,Mark Smith,mark.smith432@example.com,+91-8179341810,United States,Houston,2025-05-28 20:15:09
CUST65209082,John Thomas,john.thomas524@example.com,+91-7124278540,Japan,Tokyo,2024-12-25 20:15:09
CUST07123508,Linda Davis,linda.davis562@example.com,+91-7325113526,Singapore,Singapore,2025-12-04 20:15:09
CUST32481406,John Moore,john.moore461@example.com,+91-9108838266,United States,New York,2026-02-23 20:15:09
CUST99346496,David Taylor,david.taylor303@example.com,+91-8518070046,Brazil,Sao Paulo,2025-04-07 20:15:09
CUST63383663,Ashley Hernandez,ashley.hernandez577@example.com,+91-9712449083,India,Kolkata,2024-12-16 20:15:09
CUST58920231,Jennifer Anderson,jennifer.anderson321@example.com,+91-7562561064,United Kingdom,Birmingham,2025-04-04 20:15:09
CUST87657060,Lisa Jones,lisa.jones69@example.com,+91-9621039851,United States,Houston,2026-01-20 20:15:09
CUST47302764,Barbara Williams,barbara.williams395@example.com,+91-9675597818,Germany,Hamburg,2025-03-23 20:15:09
CUST57191762,Thomas Anderson,thomas.anderson741@example.com,+91-7393255424,Australia,Sydney,2025-03-07 20:15:09
CUST07594287,David White,david.white590@example.com,+91-8075951553,Germany,Hamburg,2025-06-10 20:15:09
CUST93814357,Jennifer Garcia,jennifer.garcia290@example.com,+91-9054939455,United Kingdom,Glasgow,2025-03-10 20:15:09
CUST93409091,Thomas Williams,thomas.williams820@example.com,+91-8299676749,Canada,Vancouver,2024-11-28 20:15:09
CUST42664145,Joseph Rodriguez,joseph.rodriguez90@example.com,+91-7797315541,Singapore,Singapore,2025-07-10 20:15:09
CUST11010620,Ashley Davis,ashley.davis230@example.com,+91-7169365533,Germany,Munich,2026-02-04 20:15:09
CUST30690550,Jennifer Martinez,jennifer.martinez389@example.com,+91-9909527195,India,Indore,2025-09-17 20:15:09
CUST18155502,Anthony Martinez,anthony.martinez329@example.com,+91-8686011253,France,Lyon,2026-02-07 20:15:09
CUST24830398,Susan Brown,susan.brown71@example.com,+91-9079851349,Brazil,Rio de Janeiro,2025-10-22 20:15:09
CUST90157238,Jennifer Smith,jennifer.smith115@example.com,+91-8027260602,Australia,Adelaide,2025-10-22 20:15:09
CUST79275490,Susan Sanchez,susan.sanchez916@example.com,+91-9230112942,Canada,Toronto,2026-02-10 20:15:09
CUST07471761,Emily Harris,emily.harris78@example.com,+91-8620595587,Japan,Kyoto,2025-11-14 20:15:09
CUST86950687,Susan Brown,susan.brown788@example.com,+91-7235666002,Japan,Tokyo,2026-01-29 20:15:09
CUST97537034,Christopher Harris,christopher.harris14@example.com,+91-8483352788,Brazil,Sao Paulo,2025-01-21 20:15:09
CUST83627926,Sarah Gonzalez,sarah.gonzalez61@example.com,+91-7125748814,India,Indore,2024-03-11 20:15:09
CUST87580651,Ashley Brown,ashley.brown187@example.com,+91-7928583286,France,Nice,2026-02-08 20:15:09
CUST35426656,Karen Miller,karen.miller667@example.com,+91-7734866816,United States,Houston,2024-02-27 20:15:09
CUST78418356,Jessica Anderson,jessica.anderson703@example.com,+91-8605604168,France,Nice,2025-08-31 20:15:09
CUST38278979,Nancy White,nancy.white942@example.com,+91-8334936074,Germany,Hamburg,2025-12-02 20:15:09
CUST45271881,David Harris,david.harris976@example.com,+91-8033028203,Australia,Perth,2026-02-07 20:15:09
CUST44548244,Mary Johnson,mary.johnson729@example.com,+91-8141383060,Germany,Munich,2025-09-11 20:15:09
CUST71413854,Michael Gonzalez,michael.gonzalez39@example.com,+91-7523248457,Australia,Perth,2025-02-06 20:15:09
CUST01727311,Thomas Lopez,thomas.lopez320@example.com,+91-7919878419,Singapore,Singapore,2025-05-04 20:15:09
CUST43130130,Matthew Lewis,matthew.lewis623@example.com,+91-7714622101,United Kingdom,London,2026-02-14 20:15:09
CUST37299139,Betty White,betty.white389@example.com,+91-9175646523,United States,Chicago,2026-02-08 20:15:09
CUST49818663,Thomas Robinson,thomas.robinson347@example.com,+91-9433539121,Australia,Perth,2025-10-24 20:15:09
CUST02006491,Daniel Perez,daniel.perez795@example.com,+91-7643539917,Japan,Hiroshima,2025-12-03 20:15:09
CUST74210894,Joseph Walker,joseph.walker894@example.com,+91-7891890226,Singapore,Singapore,2025-12-24 20:15:09
CUST56893649,Matthew Sanchez,matthew.sanchez600@example.com,+91-7831843651,Singapore,Singapore,2025-12-08 20:15:09
CUST06901187,Thomas Smith,thomas.smith877@example.com,+91-7082723317,India,Surat,2025-01-27 20:15:09
CUST51744048,Jessica Rodriguez,jessica.rodriguez951@example.com,+91-9449902935,Singapore,Singapore,2024-05-23 20:15:09
CUST81853274,Nancy Thompson,nancy.thompson338@example.com,+91-8261361796,India,Kolkata,2025-10-23 20:15:09
CUST86344100,William Clark,william.clark425@example.com,+91-7287062296,United Kingdom,Leeds,2024-07-31 20:15:09
CUST46275268,Mark Miller,mark.miller729@example.com,+91-7914220643,Germany,Hamburg,2025-11-24 20:15:09
CUST27676600,Joseph Clark,joseph.clark14@example.com,+91-8997689378,Canada,Calgary,2025-09-22 20:15:09
CUST63407029,Michael Jones,michael.jones970@example.com,+91-9432147921,India,Chennai,2025-12-26 20:15:09
CUST68176827,Karen Moore,karen.moore793@example.com,+91-7643178492,Germany,Berlin,2025-06-23 20:15:09
CUST15434491,Richard Lee,richard.lee214@example.com,+91-7207351620,Australia,Perth,2024-02-27 20:15:09
CUST24700517,William Wilson,william.wilson67@example.com,+91-9253508697,France,Toulouse,2025-07-16 20:15:09
CUST72994514,Sandra Walker,sandra.walker78@example.com,+91-8291482759,United States,Phoenix,2025-11-11 20:15:09
CUST70155053,Betty Rodriguez,betty.rodriguez311@example.com,+91-7740718151,Germany,Frankfurt,2025-06-18 20:15:09
CUST98698791,Karen Ramirez,karen.ramirez509@example.com,+91-9873785693,Brazil,Rio de Janeiro,2026-01-26 20:15:09
CUST40586319,Emily Martinez,emily.martinez161@example.com,+91-7371712975,Singapore,Singapore,2024-09-10 20:15:09
CUST45566405,Mary Moore,mary.moore370@example.com,+91-7873031279,Canada,Vancouver,2025-09-09 20:15:09
CUST94448597,Susan Clark,susan.clark2@example.com,+91-7059579240,India,Lucknow,2025-10-04 20:15:09
CUST87800250,Richard Perez,richard.perez647@example.com,+91-9199521029,Brazil,Sao Paulo,2025-07-27 20:15:09
CUST20877585,Anthony Robinson,anthony.robinson280@example.com,+91-9167270782,Japan,Yokohama,2025-07-03 20:15:09
CUST43446638,Sarah Martin,sarah.martin818@example.com,+91-8230066009,Canada,Calgary,2026-02-08 20:15:09
CUST31432755,Sarah Sanchez,sarah.sanchez458@example.com,+91-9516761504,France,Toulouse,2025-05-23 20:15:09
CUST38813111,Sarah Thomas,sarah.thomas999@example.com,+91-7771166670,Brazil,Fortaleza,2025-12-21 20:15:09
CUST28392199,Betty Martin,betty.martin229@example.com,+91-8037329488,Australia,Sydney,2025-04-28 20:15:09
CUST78703343,James Martin,james.martin663@example.com,+91-7637740488,United States,Houston,2025-01-02 20:15:09
CUST31727590,Sarah Anderson,sarah.anderson818@example.com,+91-8538289408,Japan,Hiroshima,2025-01-26 20:15:09
CUST91429153,Susan Gonzalez,susan.gonzalez410@example.com,+91-7684363811,Japan,Yokohama,2025-08-15 20:15:09
CUST41351224,Joseph Anderson,joseph.anderson786@example.com,+91-7228520817,Canada,Vancouver,2025-09-01 20:15:09
CUST12907012,James Moore,james.moore780@example.com,+91-7844617801,India,Chennai,2026-01-20 20:15:09
CUST53691686,Linda Lee,linda.lee13@example.com,+91-8156987770,Singapore,Singapore,2025-02-28 20:15:09
CUST58639644,Sandra Davis,sandra.davis675@example.com,+91-8656321465,Brazil,Sao Paulo,2025-12-11 20:15:09
CUST37376046,Mary Lewis,mary.lewis811@example.com,+91-7955449255,Japan,Kyoto,2025-09-12 20:15:09
CUST23764696,Sandra Martin,sandra.martin535@example.com,+91-9273409745,Canada,Calgary,2025-12-07 20:15:09
CUST71928066,Lisa Martin,lisa.martin622@example.com,+91-9013262078,Australia,Brisbane,2026-01-23 20:15:09
CUST60153569,Susan Perez,susan.perez818@example.com,+91-8558236453,Australia,Sydney,2025-06-30 20:15:09
CUST33496460,Jennifer Perez,jennifer.perez662@example.com,+91-8965989705,United States,Los Angeles,2026-02-13 20:15:09
CUST48855253,Joseph Martinez,joseph.martinez631@example.com,+91-7382367688,Brazil,Salvador,2025-03-27 20:15:09
CUST11411372,James Davis,james.davis694@example.com,+91-8897371397,Singapore,Singapore,2025-11-26 20:15:09
CUST92669225,Charles Miller,charles.miller329@example.com,+91-8228346162,India,Lucknow,2026-02-26 20:15:09
CUST14520706,Anthony Lopez,anthony.lopez754@example.com,+91-9008940144,Japan,Kyoto,2025-09-05 20:15:09
CUST69337271,Susan Gonzalez,susan.gonzalez970@example.com,+91-7878342712,Japan,Osaka,2026-02-15 20:15:09
CUST22943750,Charles Robinson,charles.robinson11@example.com,+91-8298642183,Singapore,Singapore,2025-12-10 20:15:09
CUST28139478,Margaret Gonzalez,margaret.gonzalez644@example.com,+91-9967180272,United States,Houston,2025-05-04 20:15:09
CUST33909776,Richard Perez,richard.perez24@example.com,+91-9574704544,Brazil,Fortaleza,2026-02-11 20:15:09
CUST29766503,Richard Thomas,richard.thomas503@example.com,+91-8060533974,United Kingdom,Leeds,2024-12-09 20:15:09
CUST82429245,Sarah Wilson,sarah.wilson59@example.com,+91-8398363671,Japan,Yokohama,2026-02-26 20:15:09
CUST63395473,William Taylor,william.taylor461@example.com,+91-8900706092,India,Mumbai,2025-12-20 20:15:09
CUST92836432,Jennifer Jackson,jennifer.jackson42@example.com,+91-8696818623,Singapore,Singapore,2025-04-04 20:15:09
CUST10868336,David White,david.white656@example.com,+91-7710385701,France,Paris,2025-11-26 20:15:09
CUST72243911,Thomas Robinson,thomas.robinson365@example.com,+91-8670209278,Australia,Brisbane,2026-01-31 20:15:09
CUST40528424,John Clark,john.clark927@example.com,+91-8287008176,Australia,Adelaide,2025-11-10 20:15:09
CUST22491700,Patricia Miller,patricia.miller182@example.com,+91-7497324369,Brazil,Salvador,2025-12-12 20:15:09
CUST84337777,Nancy Johnson,nancy.johnson654@example.com,+91-9418191026,Australia,Adelaide,2024-12-03 20:15:09
CUST36238474,John Johnson,john.johnson103@example.com,+91-7959601082,Germany,Berlin,2025-11-27 20:15:09
CUST13815180,Christopher Hernandez,christopher.hernandez189@example.com,+91-8264023146,United States,New York,2025-02-13 20:15:09
CUST90307602,Daniel Ramirez,daniel.ramirez582@example.com,+91-9484202182,Brazil,Sao Paulo,2024-09-03 20:15:09
CUST03108829,Linda Miller,linda.miller422@example.com,+91-9286016907,Japan,Kyoto,2025-10-11 20:15:09
CUST74456618,Mark Williams,mark.williams725@example.com,+91-7699805560,Singapore,Singapore,2024-07-21 20:15:09
CUST60928015,Lisa Smith,lisa.smith168@example.com,+91-7578829025,Brazil,Sao Paulo,2025-11-03 20:15:09
CUST69846943,John Jackson,john.jackson570@example.com,+91-8497898036,Germany,Berlin,2024-02-27 20:15:09
CUST53168997,Matthew Jones,matthew.jones759@example.com,+91-7563964450,Brazil,Brasilia,2026-02-04 20:15:09
CUST95894401,John Lee,john.lee568@example.com,+91-8853800882,Australia,Sydney,2025-05-20 20:15:09
CUST01787786,Patricia Clark,patricia.clark624@example.com,+91-7951988112,United Kingdom,Glasgow,2025-09-14 20:15:09
CUST38547141,Richard Johnson,richard.johnson118@example.com,+91-8221870685,Canada,Montreal,2025-10-30 20:15:09
CUST65681053,Nancy Martin,nancy.martin111@example.com,+91-9451226057,Japan,Yokohama,2025-06-28 20:15:09
CUST93301024,Betty Ramirez,betty.ramirez532@example.com,+91-7525915077,Singapore,Singapore,2025-05-06 20:15:09
CUST98727888,Betty Sanchez,betty.sanchez719@example.com,+91-7323740567,Germany,Berlin,2026-02-25 20:15:09
CUST07825253,Ashley Robinson,ashley.robinson840@example.com,+91-8734909435,United Kingdom,Birmingham,2026-01-13 20:15:09
CUST08643456,James Jackson,james.jackson653@example.com,+91-9346692990,France,Nice,2025-04-29 20:15:09
CUST26236623,Daniel Jackson,daniel.jackson953@example.com,+91-9794058540,United States,Houston,2025-06-04 20:15:09
CUST31754768,Mark Robinson,mark.robinson826@example.com,+91-8483466632,Japan,Osaka,2024-02-27 20:15:09
CUST99456196,Richard Johnson,richard.johnson385@example.com,+91-9228025649,United Kingdom,Leeds,2025-03-15 20:15:09
CUST99364313,Christopher Jackson,christopher.jackson141@example.com,+91-9319897728,United States,Los Angeles,2024-02-27 20:15:09
CUST35298567,Betty Wilson,betty.wilson423@example.com,+91-9074971078,United States,Los Angeles,2025-05-07 20:15:09
CUST38782188,John Brown,john.brown510@example.com,+91-7567523570,Japan,Kyoto,2025-12-02 20:15:09
CUST11218305,Susan Williams,susan.williams764@example.com,+91-9244036622,Canada,Montreal,2026-01-30 20:15:09
CUST41907037,Karen Martin,karen.martin234@example.com,+91-8419306095,Japan,Tokyo,2025-02-21 20:15:09
CUST75343962,Richard Harris,richard.harris153@example.com,+91-8040242799,United Kingdom,Manchester,2025-06-20 20:15:09
CUST68959821,Elizabeth Jones,elizabeth.jones834@example.com,+91-8190409121,United Kingdom,London,2026-02-14 20:15:09
CUST94268184,Robert Rodriguez,robert.rodriguez855@example.com,+91-9068943472,United States,Phoenix,2025-11-10 20:15:09
CUST70191049,Elizabeth Thompson,elizabeth.thompson887@example.com,+91-9926830101,Germany,Berlin,2024-02-27 20:15:09
CUST98513934,Jennifer Taylor,jennifer.taylor791@example.com,+91-9648070889,United Kingdom,London,2025-09-11 20:15:09
CUST34978847,Margaret Sanchez,margaret.sanchez308@example.com,+91-9157227382,Australia,Brisbane,2025-10-12 20:15:09
CUST32162189,Elizabeth Miller,elizabeth.miller696@example.com,+91-9392720698,Brazil,Rio de Janeiro,2025-10-01 20:15:09
CUST02327191,Barbara Moore,barbara.moore269@example.com,+91-8895715897,United States,Chicago,2025-12-31 20:15:09
CUST97559278,Betty Thomas,betty.thomas458@example.com,+91-7339433093,Japan,Hiroshima,2025-11-07 20:15:09
CUST26873313,William Johnson,william.johnson769@example.com,+91-7585249983,Brazil,Brasilia,2025-11-06 20:15:09
CUST42807208,Betty Jones,betty.jones16@example.com,+91-8665114661,United Kingdom,London,2026-02-13 20:15:09
CUST17593422,Jennifer Rodriguez,jennifer.rodriguez71@example.com,+91-9556189233,Germany,Hamburg,2025-03-08 20:15:09
CUST28879146,Emily Brown,emily.brown30@example.com,+91-7396145849,United Kingdom,Birmingham,2025-10-18 20:15:09
CUST73254753,Mary Harris,mary.harris565@example.com,+91-8775349369,United States,Los Angeles,2025-01-02 20:15:09
CUST84499813,Robert White,robert.white605@example.com,+91-7659047230,Singapore,Singapore,2024-11-21 20:15:09
CUST49219509,Ashley Martin,ashley.martin220@example.com,+91-7504765618,Germany,Munich,2025-12-31 20:15:09
CUST83594221,David Garcia,david.garcia320@example.com,+91-9256405819,Canada,Vancouver,2025-06-11 20:15:09
CUST44740044,Susan Sanchez,susan.sanchez781@example.com,+91-8517206817,Japan,Yokohama,2025-09-24 20:15:09
CUST37198197,Betty Smith,betty.smith661@example.com,+91-9313982684,United States,Houston,2024-09-28 20:15:09
CUST98585477,William Brown,william.brown137@example.com,+91-8832497958,India,Indore,2025-12-29 20:15:09
CUST28973585,Thomas Thompson,thomas.thompson679@example.com,+91-7157556563,Australia,Adelaide,2025-05-27 20:15:09
CUST85902629,Betty Gonzalez,betty.gonzalez534@example.com,+91-8190209625,Japan,Tokyo,2025-07-14 20:15:09
CUST97312187,Jennifer Brown,jennifer.brown479@example.com,+91-9393715266,Singapore,Singapore,2025-12-03 20:15:09
CUST57236504,Jennifer Thomas,jennifer.thomas347@example.com,+91-9488436204,United States,Chicago,2026-01-22 20:15:09
CUST87520251,Daniel Robinson,daniel.robinson107@example.com,+91-7895817569,France,Nice,2025-06-15 20:15:09
CUST51344453,Anthony Miller,anthony.miller573@example.com,+91-8825985297,Japan,Kyoto,2025-04-06 20:15:09
CUST49037905,Robert Miller,robert.miller558@example.com,+91-8278955934,Germany,Berlin,2025-11-26 20:15:09
CUST16088180,Barbara Wilson,barbara.wilson77@example.com,+91-7352176790,Brazil,Rio de Janeiro,2025-06-20 20:15:09
CUST39311941,Joseph Martin,joseph.martin77@example.com,+91-8123342273,United Kingdom,Birmingham,2025-10-27 20:15:09
CUST90979246,James Williams,james.williams320@example.com,+91-9700849633,United States,Phoenix,2025-04-29 20:15:09
CUST59365424,Jennifer Hernandez,jennifer.hernandez38@example.com,+91-9508404034,Brazil,Rio de Janeiro,2026-01-03 20:15:09
CUST74421375,Betty Brown,betty.brown450@example.com,+91-7679599183,United States,Los Angeles,2024-09-07 20:15:09
CUST91863661,Sarah Robinson,sarah.robinson898@example.com,+91-9099778042,France,Nice,2025-12-06 20:15:09
CUST63684461,Sandra Smith,sandra.smith857@example.com,+91-8776865747,United Kingdom,London,2025-11-07 20:15:09
CUST54556570,James Clark,james.clark775@example.com,+91-9249469752,India,Pune,2026-02-12 20:15:09
CUST23398882,Nancy Perez,nancy.perez218@example.com,+91-9992995565,India,Ahmedabad,2026-01-29 20:15:09
CUST24124868,Richard Ramirez,richard.ramirez784@example.com,+91-8506031010,Japan,Kyoto,2025-09-03 20:15:09
CUST56368697,Betty Sanchez,betty.sanchez358@example.com,+91-8518628354,Germany,Hamburg,2025-12-13 20:15:09
CUST86710341,Jessica Rodriguez,jessica.rodriguez663@example.com,+91-7023880603,Brazil,Brasilia,2024-12-14 20:15:09
CUST32630482,Sarah Perez,sarah.perez888@example.com,+91-7139750210,Singapore,Singapore,2026-02-23 20:15:09
CUST22734171,Emily Taylor,emily.taylor417@example.com,+91-9580569328,United States,Chicago,2025-11-03 20:15:09
CUST62744082,Matthew Martinez,matthew.martinez361@example.com,+91-7005617624,Singapore,Singapore,2025-11-18 20:15:09
CUST83071325,Matthew Miller,matthew.miller647@example.com,+91-9497205219,Canada,Montreal,2026-02-22 20:15:09
CUST94629798,Margaret Miller,margaret.miller764@example.com,+91-7160385771,Australia,Brisbane,2026-01-25 20:15:09
CUST17623109,Jessica Miller,jessica.miller590@example.com,+91-8218384082,Canada,Calgary,2025-10-20 20:15:09
CUST14081833,Robert Johnson,robert.johnson531@example.com,+91-8126874077,United Kingdom,London,2025-09-14 20:15:09
CUST45980028,Sandra Thomas,sandra.thomas458@example.com,+91-9814495315,India,Lucknow,2025-10-23 20:15:09
CUST58083761,Lisa Rodriguez,lisa.rodriguez33@example.com,+91-7797702070,Brazil,Fortaleza,2025-08-26 20:15:09
CUST44446959,Sandra Smith,sandra.smith965@example.com,+91-7686853635,Japan,Yokohama,2025-07-21 20:15:09
CUST85142559,Barbara Davis,barbara.davis983@example.com,+91-9886955525,Japan,Tokyo,2026-02-24 20:15:09
CUST49436705,Michael Thompson,michael.thompson777@example.com,+91-7192715636,Australia,Melbourne,2025-09-28 20:15:09
CUST88249576,Betty Ramirez,betty.ramirez309@example.com,+91-8895658806,France,Paris,2024-02-27 20:15:09
CUST25744866,Sarah Taylor,sarah.taylor8@example.com,+91-8250067413,Australia,Sydney,2025-09-01 20:15:09
CUST10014857,Thomas Martin,thomas.martin805@example.com,+91-8674866875,Canada,Calgary,2025-05-27 20:15:09
CUST45752220,Thomas Davis,thomas.davis576@example.com,+91-9830336349,United Kingdom,Leeds,2025-11-28 20:15:09
CUST09906307,Christopher White,christopher.white351@example.com,+91-7663637244,India,Hyderabad,2025-03-02 20:15:09
CUST07186865,Margaret Martin,margaret.martin638@example.com,+91-8727459240,India,Nagpur,2025-03-03 20:15:09
CUST98128320,Matthew Miller,matthew.miller251@example.com,+91-7126064213,Australia,Sydney,2025-08-31 20:15:09
CUST82701490,Mark Martin,mark.martin150@example.com,+91-9697048239,India,Delhi,2024-02-27 20:15:09
CUST93010910,Daniel Miller,daniel.miller710@example.com,+91-8651455507,United Kingdom,Glasgow,2026-01-25 20:15:09
CUST51659092,William Sanchez,william.sanchez295@example.com,+91-8925379986,United States,Chicago,2026-02-22 20:15:09
CUST48685572,Susan Robinson,susan.robinson734@example.com,+91-8415226962,Singapore,Singapore,2025-03-06 20:15:09
CUST30116784,Christopher Davis,christopher.davis282@example.com,+91-7564805938,Singapore,Singapore,2025-01-22 20:15:09
CUST38344557,Daniel Ramirez,daniel.ramirez345@example.com,+91-8453622165,United Kingdom,Glasgow,2026-01-26 20:15:09
CUST14783374,John Davis,john.davis106@example.com,+91-9899992523,United States,Phoenix,2025-12-13 20:15:09
CUST55173056,Nancy Smith,nancy.smith296@example.com,+91-8749004661,Germany,Cologne,2026-02-22 20:15:09
CUST09493367,Charles Johnson,charles.johnson216@example.com,+91-8581695992,Australia,Brisbane,2025-12-04 20:15:09
CUST85764737,Nancy Taylor,nancy.taylor463@example.com,+91-9695458820,Singapore,Singapore,2025-03-03 20:15:09
CUST38381248,Ashley Robinson,ashley.robinson755@example.com,+91-9520263749,Brazil,Brasilia,2025-09-02 20:15:09
CUST60023395,Jessica Thomas,jessica.thomas318@example.com,+91-9444655139,India,Ahmedabad,2025-11-14 20:15:09
CUST41634813,Anthony Anderson,anthony.anderson601@example.com,+91-7949174327,Germany,Berlin,2025-11-05 20:15:09
CUST74270379,Nancy Lewis,nancy.lewis157@example.com,+91-9108051856,United States,Los Angeles,2026-02-26 20:15:09
CUST38989621,Elizabeth Perez,elizabeth.perez929@example.com,+91-9735763160,Brazil,Salvador,2025-12-02 20:15:09
CUST93223983,Patricia Johnson,patricia.johnson446@example.com,+91-7804607870,France,Marseille,2025-06-18 20:15:09
CUST27949740,Linda Wilson,linda.wilson841@example.com,+91-9631790402,Singapore,Singapore,2024-02-27 20:15:09
CUST97057024,Daniel Harris,daniel.harris380@example.com,+91-8415745653,United States,Chicago,2024-11-27 20:15:09
CUST07423309,Emily Moore,emily.moore699@example.com,+91-8041829505,France,Lyon,2026-02-21 20:15:09
CUST59895600,Robert Perez,robert.perez378@example.com,+91-8596892654,Japan,Tokyo,2024-08-19 20:15:09
CUST18112076,Richard Martin,richard.martin752@example.com,+91-8019472436,United Kingdom,London,2025-02-19 20:15:09
CUST25106254,Susan Walker,susan.walker174@example.com,+91-9812702323,India,Pune,2025-02-23 20:15:09
CUST52957444,Robert Moore,robert.moore766@example.com,+91-8172393441,Singapore,Singapore,2025-09-30 20:15:09
CUST25027422,William White,william.white746@example.com,+91-8773943769,United States,Phoenix,2025-10-26 20:15:09
CUST45777542,Karen Rodriguez,karen.rodriguez609@example.com,+91-9796903756,United States,Chicago,2025-12-01 20:15:09
CUST48361340,Christopher Taylor,christopher.taylor955@example.com,+91-8104853980,United Kingdom,Glasgow,2026-02-10 20:15:09
CUST95728343,Matthew Clark,matthew.clark148@example.com,+91-7841745749,India,Hyderabad,2025-12-25 20:15:09
CUST75055375,Sarah Smith,sarah.smith400@example.com,+91-8796582556,Canada,Calgary,2025-12-20 20:15:09
CUST11716696,Robert Walker,robert.walker273@example.com,+91-8648016179,United Kingdom,Glasgow,2025-09-18 20:15:09
CUST22452960,Ashley Jones,ashley.jones528@example.com,+91-8776715140,Canada,Toronto,2025-03-29 20:15:09
CUST94297338,Ashley Robinson,ashley.robinson911@example.com,+91-8398234243,Germany,Cologne,2025-09-23 20:15:09
CUST84360307,Mark Perez,mark.perez939@example.com,+91-8699084935,Japan,Kyoto,2026-02-12 20:15:09
CUST69299104,Emily Lee,emily.lee262@example.com,+91-8865703995,Japan,Kyoto,2024-02-27 20:15:09
CUST10195440,Daniel Miller,daniel.miller378@example.com,+91-7589647656,Germany,Hamburg,2024-04-02 20:15:09
CUST60939033,Patricia Davis,patricia.davis104@example.com,+91-8011174614,France,Paris,2025-02-17 20:15:09
CUST00211158,Joseph Hernandez,joseph.hernandez488@example.com,+91-8818120770,Singapore,Singapore,2024-02-27 20:15:09
CUST86602250,Anthony Thompson,anthony.thompson42@example.com,+91-9170705555,Australia,Melbourne,2025-08-19 20:15:09
CUST01653968,Robert White,robert.white303@example.com,+91-9492707950,Brazil,Sao Paulo,2024-02-27 20:15:09
CUST08473601,Anthony Lopez,anthony.lopez297@example.com,+91-7925860900,India,Surat,2026-02-07 20:15:09
CUST09047732,Christopher Lewis,christopher.lewis439@example.com,+91-7329899519,Singapore,Singapore,2025-11-08 20:15:09
CUST15439819,James Martin,james.martin245@example.com,+91-7665709556,Canada,Vancouver,2025-12-26 20:15:09
CUST64204430,John Martinez,john.martinez227@example.com,+91-7864346349,Australia,Sydney,2026-01-04 20:15:09
CUST30723349,Betty Williams,betty.williams916@example.com,+91-7232524979,Japan,Kyoto,2026-01-21 20:15:09
CUST17109989,Jessica Gonzalez,jessica.gonzalez946@example.com,+91-8875283071,Brazil,Sao Paulo,2025-07-05 20:15:09
CUST04001603,Ashley Johnson,ashley.johnson891@example.com,+91-9955607726,Japan,Yokohama,2025-02-22 20:15:09
CUST37526263,Richard Sanchez,richard.sanchez543@example.com,+91-8210648599,Canada,Vancouver,2025-07-31 20:15:09
CUST38851872,Christopher Walker,christopher.walker152@example.com,+91-8165695495,United Kingdom,Leeds,2026-01-19 20:15:09
CUST77667510,Barbara Gonzalez,barbara.gonzalez71@example.com,+91-9802232446,Germany,Frankfurt,2025-01-17 20:15:09
CUST57061332,Robert Hernandez,robert.hernandez427@example.com,+91-7872233628,Germany,Cologne,2025-06-26 20:15:09
CUST73348088,Jessica Smith,jessica.smith123@example.com,+91-8742126477,France,Toulouse,2025-10-30 20:15:09
CUST06048741,Thomas Davis,thomas.davis189@example.com,+91-8464622626,Brazil,Salvador,2025-05-30 20:15:09
CUST96544853,David Moore,david.moore112@example.com,+91-8949972453,Australia,Melbourne,2025-12-15 20:15:09
CUST06479727,Matthew Martin,matthew.martin71@example.com,+91-7245694807,Brazil,Brasilia,2025-11-15 20:15:09
CUST03717059,Daniel White,daniel.white385@example.com,+91-8234899337,France,Nice,2024-06-29 20:15:09
CUST70376988,Ashley Smith,ashley.smith758@example.com,+91-8434729322,Singapore,Singapore,2025-12-05 20:15:09
CUST04933538,Richard Robinson,richard.robinson481@example.com,+91-9310626536,France,Toulouse,2025-09-25 20:15:09
CUST45847986,Christopher Wilson,christopher.wilson807@example.com,+91-7278549584,Canada,Vancouver,2024-09-07 20:15:09
CUST80198740,Linda Moore,linda.moore665@example.com,+91-7292071590,Japan,Yokohama,2025-05-03 20:15:09
CUST80401166,Sarah Ramirez,sarah.ramirez541@example.com,+91-7103608411,India,Mumbai,2026-02-11 20:15:09
CUST44402513,Daniel Robinson,daniel.robinson133@example.com,+91-7431887789,Singapore,Singapore,2026-01-19 20:15:09
CUST67544946,Michael Jackson,michael.jackson985@example.com,+91-9553899745,France,Toulouse,2026-02-25 20:15:09
CUST15108912,Lisa Gonzalez,lisa.gonzalez411@example.com,+91-8031471305,India,Lucknow,2025-06-29 20:15:09
CUST76303478,Sandra Sanchez,sandra.sanchez740@example.com,+91-9254605370,Germany,Cologne,2025-10-05 20:15:09
CUST31117249,Anthony Lee,anthony.lee512@example.com,+91-8937575006,Brazil,Rio de Janeiro,2026-01-22 20:15:09
CUST66352235,Jessica Lopez,jessica.lopez481@example.com,+91-7533416668,India,Thane,2024-02-27 20:15:09
CUST86032613,Barbara Lopez,barbara.lopez503@example.com,+91-7480761149,Canada,Toronto,2025-08-27 20:15:09
CUST52206255,Jennifer Jackson,jennifer.jackson41@example.com,+91-8378412746,Japan,Yokohama,2025-12-21 20:15:09
CUST77423341,Betty Taylor,betty.taylor140@example.com,+91-9569347845,Canada,Ottawa,2025-09-11 20:15:09
CUST25154852,Sarah Harris,sarah.harris378@example.com,+91-7524933057,Singapore,Singapore,2025-05-26 20:15:09
CUST81244490,Mark Davis,mark.davis251@example.com,+91-9438072651,India,Bangalore,2026-02-07 20:15:09
CUST86034677,Sarah Perez,sarah.perez577@example.com,+91-7338776714,Brazil,Brasilia,2025-12-10 20:15:09
CUST96262290,Sandra Martinez,sandra.martinez707@example.com,+91-8419166520,Australia,Sydney,2025-01-22 20:15:09
CUST19165715,Ashley Lopez,ashley.lopez876@example.com,+91-8602709436,United States,Phoenix,2025-09-30 20:15:09
CUST16154384,Mark Lee,mark.lee5@example.com,+91-9237051772,France,Toulouse,2025-08-18 20:15:09
CUST52759217,Christopher Hernandez,christopher.hernandez70@example.com,+91-7067179672,United States,Houston,2025-10-12 20:15:09
CUST46381908,Karen Jones,karen.jones819@example.com,+91-7304958169,Brazil,Fortaleza,2026-02-16 20:15:09
CUST19785393,Anthony Martin,anthony.martin542@example.com,+91-8317207390,India,Lucknow,2026-01-13 20:15:09
CUST70143688,Robert Brown,robert.brown294@example.com,+91-9951141302,United Kingdom,Birmingham,2025-10-06 20:15:09
CUST83341998,David Gonzalez,david.gonzalez350@example.com,+91-8076578407,Canada,Montreal,2025-12-31 20:15:09
CUST65080462,Matthew Martin,matthew.martin395@example.com,+91-8645079390,Canada,Vancouver,2026-02-14 20:15:09
CUST39406472,Patricia Robinson,patricia.robinson585@example.com,+91-9256960119,India,Thane,2024-12-02 20:15:09
CUST93330677,Robert Johnson,robert.johnson1@example.com,+91-7732107197,Brazil,Fortaleza,2024-02-27 20:15:09
CUST30593285,David Martinez,david.martinez978@example.com,+91-8442147235,United Kingdom,Leeds,2025-02-08 20:15:09
CUST64381398,Sarah Brown,sarah.brown69@example.com,+91-8411923981,Australia,Melbourne,2024-11-16 20:15:09
CUST16034103,Margaret Thompson,margaret.thompson756@example.com,+91-8305746270,France,Nice,2025-12-21 20:15:09
CUST86125921,Barbara Garcia,barbara.garcia113@example.com,+91-8220817409,United Kingdom,Glasgow,2024-02-27 20:15:09
CUST89635118,James Harris,james.harris423@example.com,+91-8380606214,United Kingdom,Manchester,2026-01-04 20:15:09
CUST80481653,Elizabeth Smith,elizabeth.smith315@example.com,+91-8871917693,United Kingdom,Manchester,2024-02-27 20:15:09
CUST20549523,Betty Gonzalez,betty.gonzalez909@example.com,+91-9869144513,France,Nice,2024-02-27 20:15:09
CUST93261937,Christopher Walker,christopher.walker737@example.com,+91-7488247869,India,Delhi,2025-04-30 20:15:09
CUST15823851,Mary Lewis,mary.lewis988@example.com,+91-8012850194,United Kingdom,London,2024-02-27 20:15:09
CUST99717721,Charles Garcia,charles.garcia403@example.com,+91-9047039756,Singapore,Singapore,2025-08-05 20:15:09
CUST01287224,Jennifer Lee,jennifer.lee820@example.com,+91-7169026543,Australia,Melbourne,2025-12-15 20:15:09
CUST31919967,Mark Thomas,mark.thomas506@example.com,+91-9747884484,Japan,Tokyo,2025-10-10 20:15:09
CUST39784804,Margaret Thompson,margaret.thompson347@example.com,+91-7766557762,Japan,Hiroshima,2025-07-22 20:15:09
CUST22078068,Charles Clark,charles.clark613@example.com,+91-9117618596,United States,New York,2026-02-08 20:15:09
CUST31384895,Elizabeth Martinez,elizabeth.martinez213@example.com,+91-9549182556,Brazil,Rio de Janeiro,2025-07-05 20:15:09
CUST53151575,Barbara Thomas,barbara.thomas196@example.com,+91-8637786079,Japan,Osaka,2024-02-27 20:15:09
CUST54087018,Richard Perez,richard.perez361@example.com,+91-8961117542,Canada,Calgary,2026-01-06 20:15:09
CUST50045101,Joseph Williams,joseph.williams256@example.com,+91-8342011617,Singapore,Singapore,2025-02-09 20:15:09
CUST04864375,Sandra White,sandra.white793@example.com,+91-8277894511,United States,Chicago,2024-07-26 20:15:09
CUST69133491,Charles Perez,charles.perez73@example.com,+91-8020828403,India,Surat,2024-03-28 20:15:09
CUST36857219,James Sanchez,james.sanchez597@example.com,+91-8429411926,France,Nice,2024-02-27 20:15:09
CUST77630463,Nancy Brown,nancy.brown943@example.com,+91-7427358720,Australia,Melbourne,2025-08-31 20:15:09
CUST31289277,Mary Martin,mary.martin11@example.com,+91-8439564061,Japan,Hiroshima,2024-02-27 20:15:09
CUST28912478,Mary Rodriguez,mary.rodriguez806@example.com,+91-9001978116,United Kingdom,Leeds,2025-03-19 20:15:09
CUST28154888,John Thompson,john.thompson670@example.com,+91-9449002132,Australia,Melbourne,2026-01-15 20:15:09
CUST78318017,Joseph Lopez,joseph.lopez971@example.com,+91-9496854224,Germany,Frankfurt,2025-09-22 20:15:09
CUST03829105,Margaret Davis,margaret.davis413@example.com,+91-7695672691,Brazil,Rio de Janeiro,2025-04-24 20:15:09
CUST75280855,Jessica Johnson,jessica.johnson20@example.com,+91-8045627945,Japan,Kyoto,2025-12-19 20:15:09
CUST76915370,Anthony Martinez,anthony.martinez90@example.com,+91-8923025936,Singapore,Singapore,2025-06-22 20:15:09
CUST90644717,John Jones,john.jones289@example.com,+91-9438991703,Singapore,Singapore,2025-06-04 20:15:09
CUST69266273,Emily Ramirez,emily.ramirez133@example.com,+91-7448710310,United States,Los Angeles,2026-01-14 20:15:09
CUST88230611,John Wilson,john.wilson345@example.com,+91-8573619792,France,Paris,2025-08-08 20:15:09
CUST30491665,Nancy Walker,nancy.walker366@example.com,+91-8817901703,Brazil,Fortaleza,2025-03-04 20:15:09
CUST37785795,Sandra Jones,sandra.jones733@example.com,+91-9378234514,United Kingdom,Leeds,2025-09-11 20:15:09
CUST79824612,Sandra Thomas,sandra.thomas550@example.com,+91-7360882805,Japan,Hiroshima,2026-02-24 20:15:09
CUST05221235,Joseph Martin,joseph.martin952@example.com,+91-9189599852,Brazil,Rio de Janeiro,2026-02-24 20:15:09
CUST25809543,Jennifer Lee,jennifer.lee694@example.com,+91-7172013882,Brazil,Rio de Janeiro,2025-11-11 20:15:09
CUST88569196,Jessica Lee,jessica.lee245@example.com,+91-9841871971,United Kingdom,Birmingham,2024-06-02 20:15:09
CUST32312105,Betty White,betty.white258@example.com,+91-7133559503,Canada,Toronto,2025-12-25 20:15:09
CUST88097903,Anthony Davis,anthony.davis470@example.com,+91-9400552143,Singapore,Singapore,2025-06-27 20:15:09
CUST36776298,Sarah Garcia,sarah.garcia461@example.com,+91-9216841282,United States,Chicago,2025-12-27 20:15:09
CUST85891779,Anthony Anderson,anthony.anderson819@example.com,+91-7454635657,Brazil,Fortaleza,2025-11-24 20:15:09
CUST76027649,John White,john.white128@example.com,+91-7746412907,United States,Houston,2024-11-25 20:15:09
CUST34682906,Charles Gonzalez,charles.gonzalez319@example.com,+91-9370614801,United Kingdom,Leeds,2025-04-15 20:15:09
CUST52291289,Margaret Wilson,margaret.wilson61@example.com,+91-9988026477,Brazil,Sao Paulo,2026-02-02 20:15:09
CUST41014721,Thomas Jackson,thomas.jackson475@example.com,+91-7201890070,Singapore,Singapore,2025-10-13 20:15:09
CUST70233459,Charles Perez,charles.perez896@example.com,+91-9073973599,Germany,Munich,2026-02-19 20:15:09
CUST60729845,Thomas Martin,thomas.martin759@example.com,+91-9148390517,United States,Los Angeles,2025-09-20 20:15:09
CUST14251910,Elizabeth Rodriguez,elizabeth.rodriguez437@example.com,+91-8238721565,Japan,Yokohama,2025-06-07 20:15:09
CUST89680713,Jessica Jones,jessica.jones83@example.com,+91-9038518390,Australia,Sydney,2026-01-27 20:15:09
CUST27271884,Patricia Smith,patricia.smith30@example.com,+91-9958484161,Australia,Brisbane,2025-12-06 20:15:09
CUST38620310,Nancy Miller,nancy.miller607@example.com,+91-7116045708,Japan,Osaka,2025-10-26 20:15:09
CUST42450081,William Smith,william.smith692@example.com,+91-8328398928,Japan,Tokyo,2024-06-23 20:15:09
CUST69732217,Thomas Garcia,thomas.garcia123@example.com,+91-7531259784,Japan,Hiroshima,2024-02-27 20:15:09
CUST56217028,Anthony Brown,anthony.brown323@example.com,+91-7900457875,France,Nice,2026-02-15 20:15:09
CUST94163526,Mark Harris,mark.harris837@example.com,+91-9821401070,France,Nice,2025-03-15 20:15:09
CUST71332302,Karen Walker,karen.walker686@example.com,+91-9699735934,United States,Los Angeles,2025-11-05 20:15:09
CUST53940460,Nancy Lewis,nancy.lewis703@example.com,+91-9707771219,Canada,Ottawa,2025-10-28 20:15:09
CUST27211744,Mark Sanchez,mark.sanchez260@example.com,+91-8225243457,Australia,Brisbane,2025-03-22 20:15:09
CUST72320435,Sarah Jackson,sarah.jackson524@example.com,+91-7582898959,Japan,Kyoto,2024-06-27 20:15:09
CUST17488457,Matthew Martinez,matthew.martinez836@example.com,+91-9415798896,Singapore,Singapore,2024-02-27 20:15:09
CUST01182482,Daniel Lewis,daniel.lewis363@example.com,+91-7850899535,Germany,Frankfurt,2025-08-01 20:15:09
CUST08692874,Margaret Johnson,margaret.johnson451@example.com,+91-9420928170,United Kingdom,Leeds,2025-11-11 20:15:09
CUST68142672,Elizabeth Gonzalez,elizabeth.gonzalez381@example.com,+91-7252189399,Canada,Montreal,2025-02-15 20:15:09
CUST26559945,Joseph White,joseph.white160@example.com,+91-9944969138,India,Chennai,2025-12-18 20:15:09
CUST52429368,Jessica Wilson,jessica.wilson729@example.com,+91-9676534314,United Kingdom,Leeds,2025-08-08 20:15:09
CUST81774868,Daniel Clark,daniel.clark821@example.com,+91-7617304653,Brazil,Fortaleza,2025-11-10 20:15:09
CUST28920293,Mark White,mark.white682@example.com,+91-7555518622,United Kingdom,Glasgow,2025-06-11 20:15:09
CUST48772073,Emily Gonzalez,emily.gonzalez680@example.com,+91-8574462568,United Kingdom,Leeds,2025-12-22 20:15:09
CUST35993978,Michael Williams,michael.williams545@example.com,+91-9590299216,Canada,Ottawa,2026-01-06 20:15:09
CUST63379994,David Johnson,david.johnson954@example.com,+91-8803881872,Brazil,Brasilia,2024-06-27 20:15:09
CUST22627894,Ashley Thomas,ashley.thomas749@example.com,+91-7572063026,Germany,Munich,2026-01-31 20:15:09
CUST47183010,Mark Taylor,mark.taylor452@example.com,+91-7709245307,Australia,Adelaide,2025-09-08 20:15:09
CUST96386378,Robert Rodriguez,robert.rodriguez222@example.com,+91-9133389082,Australia,Brisbane,2025-12-28 20:15:09
CUST29305152,Robert Lopez,robert.lopez682@example.com,+91-9441021148,France,Toulouse,2026-02-17 20:15:09
CUST22482969,Lisa Johnson,lisa.johnson911@example.com,+91-8181790724,Brazil,Fortaleza,2026-02-18 20:15:09
CUST38764936,Jennifer White,jennifer.white917@example.com,+91-9992397591,Germany,Cologne,2026-01-11 20:15:09
CUST50641560,Mary Taylor,mary.taylor161@example.com,+91-7520715920,Canada,Calgary,2024-10-24 20:15:09
CUST56340203,Sarah Lopez,sarah.lopez636@example.com,+91-9679360500,Canada,Vancouver,2025-12-08 20:15:09
CUST44611855,Sandra Walker,sandra.walker814@example.com,+91-8863795744,France,Paris,2024-02-27 20:15:09
CUST94097120,James Lewis,james.lewis455@example.com,+91-9204335584,India,Chennai,2025-07-29 20:15:09
CUST74359037,Margaret Thomas,margaret.thomas311@example.com,+91-8439922067,France,Nice,2025-10-10 20:15:09
CUST91242345,John Martinez,john.martinez979@example.com,+91-8456495192,India,Indore,2025-07-30 20:15:09
CUST71392573,Michael Moore,michael.moore48@example.com,+91-9929077524,United Kingdom,Birmingham,2025-09-03 20:15:09
CUST18212889,Thomas Robinson,thomas.robinson110@example.com,+91-8828560201,Japan,Osaka,2025-03-17 20:15:09
CUST48584589,Matthew Anderson,matthew.anderson920@example.com,+91-8545767855,Germany,Berlin,2025-12-08 20:15:09
CUST07069414,Christopher Anderson,christopher.anderson973@example.com,+91-7393625372,Germany,Cologne,2025-11-13 20:15:09
CUST46340922,Mark Martin,mark.martin864@example.com,+91-7470361910,Australia,Adelaide,2024-08-29 20:15:09
CUST65992295,Margaret White,margaret.white277@example.com,+91-8891485862,Germany,Hamburg,2024-03-16 20:15:09
CUST62388371,James Martinez,james.martinez443@example.com,+91-9994632278,United States,Houston,2024-09-02 20:15:09
CUST69199713,William Harris,william.harris913@example.com,+91-9077764567,United States,Los Angeles,2025-10-17 20:15:09
CUST05368353,Barbara Williams,barbara.williams146@example.com,+91-8309684271,Canada,Vancouver,2025-02-23 20:15:09
CUST05788345,Barbara Hernandez,barbara.hernandez418@example.com,+91-9806174604,Japan,Hiroshima,2025-09-22 20:15:09
CUST29092631,John Thompson,john.thompson603@example.com,+91-9214411073,Australia,Sydney,2025-09-12 20:15:09
CUST66947497,Christopher Wilson,christopher.wilson821@example.com,+91-7186871894,Singapore,Singapore,2026-01-02 20:15:09
CUST23872497,Margaret Johnson,margaret.johnson751@example.com,+91-9539412791,United States,Houston,2025-07-24 20:15:09
CUST82346683,Jennifer White,jennifer.white516@example.com,+91-8968948851,Brazil,Brasilia,2026-01-07 20:15:09
CUST87787235,Margaret Garcia,margaret.garcia440@example.com,+91-7523724417,United Kingdom,Birmingham,2025-11-20 20:15:09
CUST32432017,Elizabeth Martinez,elizabeth.martinez516@example.com,+91-9149931283,Singapore,Singapore,2024-11-14 20:15:09
CUST76161755,Emily Garcia,emily.garcia821@example.com,+91-9251219426,Japan,Osaka,2026-01-01 20:15:09
CUST70618162,David Brown,david.brown280@example.com,+91-9196688175,France,Nice,2026-02-09 20:15:09
CUST47086196,Thomas Robinson,thomas.robinson389@example.com,+91-8677561737,France,Toulouse,2026-02-09 20:15:09
CUST58584834,James Martinez,james.martinez411@example.com,+91-9111191889,France,Toulouse,2024-04-10 20:15:09
CUST87384351,Mark Harris,mark.harris513@example.com,+91-9882843336,Japan,Kyoto,2025-09-07 20:15:09
CUST43314055,Nancy Ramirez,nancy.ramirez507@example.com,+91-9272981491,Canada,Ottawa,2025-10-21 20:15:09
CUST94221465,William Jackson,william.jackson709@example.com,+91-7174342623,Singapore,Singapore,2025-01-17 20:15:09
CUST55725720,Anthony Lewis,anthony.lewis820@example.com,+91-9057086181,India,Bangalore,2024-12-14 20:15:09
CUST20182006,William Martinez,william.martinez581@example.com,+91-8026778014,Japan,Hiroshima,2025-11-20 20:15:09
CUST11820353,Jessica Clark,jessica.clark536@example.com,+91-9139549417,United States,New York,2025-05-15 20:15:09
CUST35101693,Christopher Lopez,christopher.lopez725@example.com,+91-9247481011,Canada,Montreal,2025-03-05 20:15:09
CUST98157023,Susan Hernandez,susan.hernandez407@example.com,+91-8821985062,United Kingdom,Leeds,2025-06-13 20:15:09
CUST85838560,Margaret Lewis,margaret.lewis670@example.com,+91-9293017078,Australia,Melbourne,2026-01-17 20:15:09
CUST66797942,Elizabeth Hernandez,elizabeth.hernandez435@example.com,+91-9588822902,Japan,Tokyo,2024-10-07 20:15:09
CUST71186515,Karen Lee,karen.lee371@example.com,+91-7502178821,Brazil,Salvador,2025-08-22 20:15:09
CUST14769081,Ashley Walker,ashley.walker953@example.com,+91-9123660310,India,Ahmedabad,2025-12-08 20:15:09
CUST37610561,Robert Martin,robert.martin938@example.com,+91-7552358922,United States,Phoenix,2025-10-15 20:15:09
CUST56873887,Linda Harris,linda.harris428@example.com,+91-9957634571,France,Paris,2026-02-17 20:15:09
CUST34276935,Barbara Jones,barbara.jones295@example.com,+91-7810076259,United States,New York,2026-01-24 20:15:09
CUST25900438,William Gonzalez,william.gonzalez775@example.com,+91-9263674780,Canada,Montreal,2025-03-11 20:15:09
CUST08519020,Charles Williams,charles.williams978@example.com,+91-9578049499,Germany,Munich,2026-02-26 20:15:09
CUST58686412,Susan White,susan.white310@example.com,+91-7868492544,Australia,Melbourne,2025-10-18 20:15:09
CUST40523691,Jennifer Smith,jennifer.smith891@example.com,+91-9100080788,India,Mumbai,2025-08-31 20:15:09
CUST43401393,Emily Lee,emily.lee318@example.com,+91-9394084655,Australia,Perth,2026-02-13 20:15:09
CUST13436575,Michael Martinez,michael.martinez891@example.com,+91-7547766674,Brazil,Sao Paulo,2024-02-27 20:15:09
CUST89390882,Sarah Garcia,sarah.garcia256@example.com,+91-9445528716,Brazil,Sao Paulo,2025-12-26 20:15:09
CUST67963124,Patricia Wilson,patricia.wilson194@example.com,+91-7924355905,Canada,Calgary,2025-11-30 20:15:09
CUST88296193,Robert Clark,robert.clark249@example.com,+91-9436789534,Canada,Ottawa,2025-11-30 20:15:09
CUST98074690,Lisa Hernandez,lisa.hernandez949@example.com,+91-8681893248,Brazil,Sao Paulo,2025-12-25 20:15:09
CUST02238322,Christopher Martin,christopher.martin165@example.com,+91-9419901127,United Kingdom,London,2026-02-26 20:15:09
CUST16976419,Anthony Jackson,anthony.jackson981@example.com,+91-8895956194,United Kingdom,Birmingham,2025-04-14 20:15:09
CUST34069993,Betty Thompson,betty.thompson494@example.com,+91-7457085776,Singapore,Singapore,2024-02-27 20:15:09
CUST53000046,Patricia Martin,patricia.martin144@example.com,+91-8469336185,Australia,Melbourne,2025-12-27 20:15:09
CUST82344534,Margaret Lee,margaret.lee29@example.com,+91-8036501146,Brazil,Salvador,2025-06-07 20:15:09
CUST27837748,Charles Rodriguez,charles.rodriguez292@example.com,+91-7279421773,Japan,Osaka,2025-04-03 20:15:09
CUST34439093,Nancy Martinez,nancy.martinez807@example.com,+91-9146184551,Japan,Osaka,2024-11-24 20:15:09
CUST75947076,Betty Jackson,betty.jackson788@example.com,+91-7982113530,Japan,Kyoto,2025-10-16 20:15:09
CUST18756051,Joseph Anderson,joseph.anderson909@example.com,+91-7549249147,France,Lyon,2025-12-01 20:15:09
CUST39681623,Christopher Williams,christopher.williams47@example.com,+91-8172593939,Germany,Hamburg,2025-11-23 20:15:09
CUST30645241,Robert Martinez,robert.martinez573@example.com,+91-7613078795,Canada,Calgary,2025-04-29 20:15:09
CUST26186616,Linda Smith,linda.smith34@example.com,+91-7373444048,India,Nagpur,2025-01-10 20:15:09
CUST50866810,Karen Jackson,karen.jackson559@example.com,+91-9009347684,Japan,Osaka,2026-01-09 20:15:09
CUST46094134,Susan Perez,susan.perez402@example.com,+91-8620430174,Germany,Frankfurt,2025-11-06 20:15:09
CUST46096241,Karen Thompson,karen.thompson699@example.com,+91-8528926723,Singapore,Singapore,2024-08-10 20:15:09
CUST53614137,Mary Taylor,mary.taylor150@example.com,+91-7905014593,France,Marseille,2025-01-23 20:15:09
CUST46384577,Elizabeth Hernandez,elizabeth.hernandez485@example.com,+91-7235588498,Brazil,Rio de Janeiro,2024-02-27 20:15:09
CUST76228430,Sarah Anderson,sarah.anderson103@example.com,+91-8281026290,Canada,Vancouver,2025-03-22 20:15:09
CUST98355776,Matthew Williams,matthew.williams979@example.com,+91-9022394049,Singapore,Singapore,2025-10-28 20:15:09
CUST82029766,David Rodriguez,david.rodriguez86@example.com,+91-9233990590,Germany,Cologne,2025-07-24 20:15:09
CUST82205562,Margaret Martin,margaret.martin104@example.com,+91-9338452199,France,Toulouse,2025-06-08 20:15:09
CUST37240189,Jessica Moore,jessica.moore506@example.com,+91-9121004431,United States,New York,2026-02-07 20:15:09
CUST80619030,Jessica Lee,jessica.lee783@example.com,+91-8576525982,India,Jaipur,2025-08-19 20:15:09
CUST20101837,Barbara Smith,barbara.smith223@example.com,+91-9915807319,United States,Los Angeles,2025-05-02 20:15:09
CUST50411541,Robert Martinez,robert.martinez854@example.com,+91-7482741038,United States,Phoenix,2026-01-13 20:15:09
CUST08264635,Barbara Martin,barbara.martin706@example.com,+91-7059018161,France,Nice,2025-02-22 20:15:09
CUST66704888,James Thompson,james.thompson841@example.com,+91-7748028097,United States,New York,2025-07-28 20:15:09
CUST29757193,Charles Ramirez,charles.ramirez737@example.com,+91-9116615887,Germany,Cologne,2024-02-27 20:15:09
CUST19075045,Karen Wilson,karen.wilson191@example.com,+91-7142501614,India,Delhi,2026-02-16 20:15:09
CUST29708926,Thomas Johnson,thomas.johnson582@example.com,+91-9755275435,United States,Phoenix,2025-12-13 20:15:09
CUST16036716,Linda Garcia,linda.garcia560@example.com,+91-8002601296,Australia,Melbourne,2025-07-18 20:15:09
CUST73360120,William Perez,william.perez479@example.com,+91-9422359455,France,Lyon,2025-12-03 20:15:09
CUST59284070,Daniel White,daniel.white457@example.com,+91-9171263487,Germany,Munich,2025-04-28 20:15:09
CUST77415101,Linda Brown,linda.brown407@example.com,+91-8102043753,Japan,Hiroshima,2025-03-17 20:15:09
CUST71050693,David Wilson,david.wilson657@example.com,+91-7099454064,Brazil,Rio de Janeiro,2026-01-31 20:15:09
CUST70570347,Charles Walker,charles.walker3@example.com,+91-9266100973,United States,Chicago,2025-09-04 20:15:09
CUST54407546,Thomas Taylor,thomas.taylor51@example.com,+91-7029795664,France,Lyon,2025-09-06 20:15:09
CUST22092380,Joseph Smith,joseph.smith925@example.com,+91-7701886039,Brazil,Salvador,2025-11-06 20:15:09
CUST92755169,Mark Garcia,mark.garcia134@example.com,+91-7046738572,Brazil,Fortaleza,2024-05-10 20:15:09
CUST01088506,Lisa Brown,lisa.brown41@example.com,+91-8562838716,United Kingdom,Manchester,2024-12-26 20:15:09
CUST40668840,Mary Garcia,mary.garcia91@example.com,+91-8979500120,Germany,Berlin,2025-05-12 20:15:09
CUST59859596,Patricia Perez,patricia.perez92@example.com,+91-7702345709,Japan,Kyoto,2025-04-28 20:15:09
CUST76326956,Thomas Clark,thomas.clark124@example.com,+91-9480555136,United States,Houston,2025-09-29 20:15:09
CUST99296464,Patricia Robinson,patricia.robinson427@example.com,+91-7305916251,United Kingdom,London,2024-06-19 20:15:09
CUST30457430,Nancy Jones,nancy.jones922@example.com,+91-9075203515,Germany,Cologne,2025-05-14 20:15:09
CUST86529935,Sandra Harris,sandra.harris167@example.com,+91-8891623291,United States,Los Angeles,2025-04-15 20:15:09
CUST87096612,Sandra Perez,sandra.perez578@example.com,+91-9386407474,Canada,Montreal,2024-11-02 20:15:09
CUST74996816,Emily Sanchez,emily.sanchez348@example.com,+91-9029791974,Australia,Brisbane,2025-12-11 20:15:09
CUST86544773,Mary Garcia,mary.garcia394@example.com,+91-8229141511,Germany,Berlin,2025-01-22 20:15:09
CUST25377376,Charles Rodriguez,charles.rodriguez567@example.com,+91-9374502816,Canada,Calgary,2026-01-05 20:15:09
CUST19439223,Anthony Perez,anthony.perez4@example.com,+91-8676880052,Brazil,Salvador,2025-11-15 20:15:09
CUST42716136,David Johnson,david.johnson262@example.com,+91-9959383685,United Kingdom,Leeds,2025-11-19 20:15:09
CUST47548142,Nancy Garcia,nancy.garcia273@example.com,+91-8562536100,Japan,Osaka,2024-02-27 20:15:09
CUST28901382,Lisa Sanchez,lisa.sanchez582@example.com,+91-8427861127,United Kingdom,Birmingham,2024-11-11 20:15:09
CUST70571632,Emily Lee,emily.lee113@example.com,+91-8576628760,Germany,Munich,2025-05-09 20:15:09
CUST19246962,Robert Garcia,robert.garcia601@example.com,+91-9560796387,India,Delhi,2025-04-17 20:15:09
CUST73665475,Mark Garcia,mark.garcia122@example.com,+91-8546762053,Germany,Frankfurt,2025-08-10 20:15:09
CUST48296722,Jessica Ramirez,jessica.ramirez905@example.com,+91-9443132017,United States,New York,2024-03-13 20:15:09
CUST34813107,Barbara Robinson,barbara.robinson94@example.com,+91-7602644194,Australia,Sydney,2025-09-13 20:15:09
CUST75699379,Thomas Gonzalez,thomas.gonzalez651@example.com,+91-7304991903,Germany,Munich,2025-11-02 20:15:09
CUST47510854,Sarah Lee,sarah.lee768@example.com,+91-8915013853,Japan,Tokyo,2026-01-14 20:15:09
CUST77549630,Karen Martin,karen.martin80@example.com,+91-8143578508,United Kingdom,Manchester,2025-02-16 20:15:09
CUST01107140,Mark Williams,mark.williams261@example.com,+91-7226358600,France,Nice,2025-04-10 20:15:09
CUST58579521,Barbara Robinson,barbara.robinson948@example.com,+91-7741535000,Brazil,Rio de Janeiro,2025-10-31 20:15:09
CUST27510433,Patricia Moore,patricia.moore620@example.com,+91-9734391980,Japan,Tokyo,2026-02-20 20:15:09
CUST00008136,Mark Taylor,mark.taylor229@example.com,+91-9097394058,Germany,Munich,2024-12-09 20:15:09
CUST09517877,David Davis,david.davis615@example.com,+91-8173645170,Singapore,Singapore,2026-02-24 20:15:09
CUST27475503,Sandra Hernandez,sandra.hernandez490@example.com,+91-9468667717,Brazil,Salvador,2025-05-07 20:15:09
CUST58344703,Emily Perez,emily.perez224@example.com,+91-9599504021,India,Lucknow,2024-02-27 20:15:09
CUST37820294,Sarah White,sarah.white27@example.com,+91-7572810643,Singapore,Singapore,2025-10-09 20:15:09
CUST69406234,Daniel Harris,daniel.harris940@example.com,+91-8687045148,Singapore,Singapore,2025-12-23 20:15:09
CUST87002363,Mary Robinson,mary.robinson859@example.com,+91-9814922690,Brazil,Brasilia,2025-05-06 20:15:09
CUST07832596,Charles Robinson,charles.robinson240@example.com,+91-8381477628,United Kingdom,Glasgow,2025-01-09 20:15:09
CUST12277938,Betty Lopez,betty.lopez741@example.com,+91-8792531719,Australia,Brisbane,2025-08-18 20:15:09
CUST84857777,Lisa Harris,lisa.harris339@example.com,+91-7326625981,France,Toulouse,2024-02-27 20:15:09
CUST84780687,David Garcia,david.garcia873@example.com,+91-7677739198,France,Nice,2026-02-14 20:15:09
CUST26848264,Emily Jackson,emily.jackson695@example.com,+91-9511700101,Canada,Ottawa,2025-09-08 20:15:09
CUST63005737,Patricia Jones,patricia.jones964@example.com,+91-7553633429,United States,Los Angeles,2025-04-24 20:15:09
CUST74385096,Charles Jones,charles.jones623@example.com,+91-9070493610,Japan,Yokohama,2024-10-31 20:15:09
CUST12014125,Matthew Thompson,matthew.thompson145@example.com,+91-7096301815,Australia,Brisbane,2026-01-09 20:15:09
CUST24055111,Betty Sanchez,betty.sanchez392@example.com,+91-8500353792,Australia,Melbourne,2025-01-31 20:15:09
CUST01900839,Richard Perez,richard.perez208@example.com,+91-9909302627,Australia,Adelaide,2025-08-15 20:15:09
CUST20626801,Joseph Johnson,joseph.johnson17@example.com,+91-9707810090,Singapore,Singapore,2025-10-27 20:15:09
CUST95760594,Richard Williams,richard.williams741@example.com,+91-8774661298,Australia,Perth,2026-01-23 20:15:09
CUST48393326,Ashley Walker,ashley.walker60@example.com,+91-7893470536,Brazil,Salvador,2024-10-27 20:15:09
CUST68627710,Thomas Lewis,thomas.lewis391@example.com,+91-9681184477,Singapore,Singapore,2026-01-16 20:15:09
CUST28571619,Susan Jackson,susan.jackson85@example.com,+91-7883796878,France,Marseille,2025-11-28 20:15:09
CUST95374124,Lisa Perez,lisa.perez820@example.com,+91-8814993914,United Kingdom,Birmingham,2025-12-05 20:15:09
CUST73972841,James Gonzalez,james.gonzalez955@example.com,+91-8804167722,Brazil,Brasilia,2024-10-15 20:15:09
CUST64884050,Charles Moore,charles.moore581@example.com,+91-8405276709,Australia,Brisbane,2025-05-31 20:15:09
CUST10279524,Emily Robinson,emily.robinson115@example.com,+91-7690665231,Canada,Montreal,2025-02-04 20:15:09
CUST29585879,Lisa Moore,lisa.moore308@example.com,+91-9591370237,Canada,Ottawa,2025-12-18 20:15:09
CUST63577283,Daniel Walker,daniel.walker301@example.com,+91-8282164395,United Kingdom,Leeds,2025-07-03 20:15:09
CUST25003318,Margaret Rodriguez,margaret.rodriguez875@example.com,+91-9260522342,France,Lyon,2025-08-04 20:15:09
CUST34005753,Matthew Thomas,matthew.thomas47@example.com,+91-7536591820,Singapore,Singapore,2024-12-18 20:15:09
CUST76741630,Karen Gonzalez,karen.gonzalez132@example.com,+91-9162552781,Brazil,Sao Paulo,2024-07-31 20:15:09
CUST49062746,Mary Johnson,mary.johnson109@example.com,+91-8776421701,Germany,Berlin,2026-02-24 20:15:09
CUST75160833,Michael Davis,michael.davis182@example.com,+91-9095066700,Germany,Berlin,2025-05-30 20:15:09
CUST76215365,Daniel Martinez,daniel.martinez943@example.com,+91-7387877453,Canada,Ottawa,2026-02-14 20:15:09
CUST93903463,Daniel Perez,daniel.perez426@example.com,+91-9909166081,United States,Houston,2025-08-17 20:15:09
CUST55302922,Anthony Williams,anthony.williams655@example.com,+91-7060778076,Japan,Hiroshima,2025-12-06 20:15:09
CUST14802391,Nancy Jackson,nancy.jackson268@example.com,+91-8595366224,France,Marseille,2025-11-29 20:15:09
CUST34501794,Robert Taylor,robert.taylor757@example.com,+91-8339557592,Canada,Montreal,2025-11-13 20:15:09
CUST34756415,Matthew Jackson,matthew.jackson953@example.com,+91-7964077828,Brazil,Fortaleza,2025-07-05 20:15:09
CUST62258178,Patricia Lopez,patricia.lopez750@example.com,+91-7337503441,Canada,Calgary,2025-11-20 20:15:09
CUST01449713,Margaret Rodriguez,margaret.rodriguez997@example.com,+91-7463509280,Canada,Vancouver,2025-04-11 20:15:09
CUST29683380,Jennifer Jackson,jennifer.jackson808@example.com,+91-7643841116,Singapore,Singapore,2025-10-23 20:15:09
CUST14274362,Barbara Miller,barbara.miller785@example.com,+91-9611279120,United States,Houston,2026-02-09 20:15:09
CUST78872740,Karen Sanchez,karen.sanchez771@example.com,+91-7547440768,United Kingdom,London,2025-02-19 20:15:09
CUST73637362,Karen Harris,karen.harris350@example.com,+91-8774499359,Singapore,Singapore,2025-12-07 20:15:09
CUST02908867,Jennifer Brown,jennifer.brown338@example.com,+91-9171431450,Singapore,Singapore,2025-10-12 20:15:09
CUST51660161,Anthony Walker,anthony.walker781@example.com,+91-7337593329,Canada,Toronto,2025-05-21 20:15:09
CUST82332693,Sandra Thomas,sandra.thomas180@example.com,+91-9178056276,India,Mumbai,2025-11-20 20:15:09
CUST48520266,Robert Lee,robert.lee735@example.com,+91-7743169231,Australia,Melbourne,2026-02-12 20:15:09
CUST33661277,Sarah Smith,sarah.smith130@example.com,+91-9960408347,Australia,Perth,2025-11-05 20:15:09
CUST40608723,Mark Walker,mark.walker514@example.com,+91-8953242933,France,Toulouse,2024-03-25 20:15:09
CUST77328250,Patricia Anderson,patricia.anderson365@example.com,+91-7687081270,United Kingdom,Manchester,2025-06-22 20:15:09
CUST99015445,Jessica Taylor,jessica.taylor252@example.com,+91-8717809661,Singapore,Singapore,2025-06-01 20:15:09
CUST43599783,Jennifer Wilson,jennifer.wilson860@example.com,+91-9437380338,France,Toulouse,2025-06-28 20:15:09
CUST60813852,Christopher Perez,christopher.perez688@example.com,+91-8099619854,Germany,Cologne,2026-01-04 20:15:09
CUST80895460,Christopher Anderson,christopher.anderson755@example.com,+91-7145866822,Brazil,Salvador,2025-10-18 20:15:09
CUST34419567,Jennifer Thompson,jennifer.thompson783@example.com,+91-8565917596,France,Nice,2025-03-25 20:15:09
CUST52144176,Richard Gonzalez,richard.gonzalez420@example.com,+91-7147479158,United States,New York,2026-01-31 20:15:09
CUST16082629,Ashley Moore,ashley.moore103@example.com,+91-7286437624,United States,Houston,2025-12-09 20:15:09
CUST48421062,David Smith,david.smith793@example.com,+91-8074690212,India,Surat,2025-12-10 20:15:09
CUST40656363,Joseph Lewis,joseph.lewis825@example.com,+91-8232665815,Japan,Kyoto,2025-10-12 20:15:09
CUST43346025,Richard Jackson,richard.jackson605@example.com,+91-8467673322,Japan,Hiroshima,2024-02-27 20:15:09
CUST72675550,Sarah Wilson,sarah.wilson165@example.com,+91-8419554798,Singapore,Singapore,2026-02-09 20:15:09
CUST84812450,Susan Brown,susan.brown34@example.com,+91-9420431513,Canada,Ottawa,2025-09-02 20:15:09
CUST00213770,Christopher Taylor,christopher.taylor27@example.com,+91-7302106134,United States,Chicago,2026-01-09 20:15:09
CUST25339767,Patricia Walker,patricia.walker290@example.com,+91-8048021826,United States,Houston,2024-02-27 20:15:09
CUST86061159,Betty Harris,betty.harris388@example.com,+91-9138081307,India,Hyderabad,2026-01-28 20:15:09
CUST19316667,Robert Taylor,robert.taylor368@example.com,+91-9706940603,Australia,Melbourne,2025-10-24 20:15:09
CUST61337515,Robert Brown,robert.brown65@example.com,+91-7779284439,United Kingdom,Glasgow,2025-04-07 20:15:09
CUST68067157,Christopher Jackson,christopher.jackson696@example.com,+91-8798464655,Brazil,Fortaleza,2025-05-06 20:15:09
CUST93175390,Sandra Gonzalez,sandra.gonzalez207@example.com,+91-8330333317,Japan,Tokyo,2025-10-16 20:15:09
CUST69552660,Mary Lee,mary.lee103@example.com,+91-9192724465,Australia,Adelaide,2025-11-15 20:15:09
CUST65266403,Richard Wilson,richard.wilson392@example.com,+91-8040910458,Australia,Melbourne,2025-10-26 20:15:09
CUST19551280,David Lewis,david.lewis482@example.com,+91-9187662140,United States,Houston,2025-12-14 20:15:09
CUST84401786,Anthony Johnson,anthony.johnson566@example.com,+91-9606079442,France,Toulouse,2026-01-02 20:15:09
CUST01993405,William Harris,william.harris771@example.com,+91-7797573824,United States,Los Angeles,2025-09-19 20:15:09
CUST43445625,Jessica Perez,jessica.perez679@example.com,+91-7751479243,United States,Los Angeles,2025-12-12 20:15:09
CUST09284236,Matthew Hernandez,matthew.hernandez317@example.com,+91-8358734454,France,Toulouse,2025-12-06 20:15:09
CUST37928859,Joseph Anderson,joseph.anderson331@example.com,+91-7599130459,France,Lyon,2025-06-11 20:15:09
CUST97831983,Anthony Lee,anthony.lee444@example.com,+91-9045792723,India,Surat,2024-02-27 20:15:09
CUST80424960,Jessica Sanchez,jessica.sanchez424@example.com,+91-9285169996,Australia,Adelaide,2025-07-16 20:15:09
CUST52052307,James Martin,james.martin328@example.com,+91-9186763035,Singapore,Singapore,2026-02-07 20:15:09
CUST78368752,Margaret Johnson,margaret.johnson639@example.com,+91-8544322169,Australia,Brisbane,2026-02-07 20:15:09
CUST00887896,William Rodriguez,william.rodriguez413@example.com,+91-7826259230,France,Toulouse,2024-02-27 20:15:09
CUST99794367,James Clark,james.clark400@example.com,+91-7690221777,Australia,Melbourne,2025-12-03 20:15:09
CUST47182425,Matthew Jackson,matthew.jackson668@example.com,+91-8198764927,Brazil,Brasilia,2026-02-03 20:15:09
CUST40911615,Emily Moore,emily.moore288@example.com,+91-7387734194,Brazil,Rio de Janeiro,2025-07-19 20:15:09
CUST56878125,Barbara Robinson,barbara.robinson889@example.com,+91-7407133462,Australia,Melbourne,2025-07-04 20:15:09
CUST28638890,Lisa Rodriguez,lisa.rodriguez785@example.com,+91-7015462670,France,Marseille,2025-06-17 20:15:09
CUST40911433,Patricia Lewis,patricia.lewis628@example.com,+91-7038962126,Australia,Brisbane,2025-12-13 20:15:09
CUST79318576,Karen Anderson,karen.anderson95@example.com,+91-7836225660,India,Indore,2026-02-23 20:15:09
CUST51593262,Elizabeth Harris,elizabeth.harris396@example.com,+91-7217062765,France,Paris,2024-02-27 20:15:09
CUST13457639,Barbara Miller,barbara.miller681@example.com,+91-7916839893,United States,Phoenix,2025-12-18 20:15:09
CUST20531138,Betty Miller,betty.miller527@example.com,+91-7061338584,United Kingdom,Leeds,2025-05-28 20:15:09
CUST30828456,Jessica Walker,jessica.walker444@example.com,+91-8028826267,Australia,Perth,2025-05-04 20:15:09
CUST20763231,Thomas Ramirez,thomas.ramirez770@example.com,+91-7617089353,Australia,Sydney,2025-07-12 20:15:09
CUST07536991,Sarah Lopez,sarah.lopez917@example.com,+91-9469336421,France,Marseille,2025-11-27 20:15:09
CUST55039406,Daniel Williams,daniel.williams62@example.com,+91-7784502025,United Kingdom,London,2025-12-12 20:15:09
CUST40126186,Matthew Lewis,matthew.lewis931@example.com,+91-8630948842,United States,Chicago,2025-07-20 20:15:09
CUST00345349,William Lewis,william.lewis869@example.com,+91-7633513382,Germany,Hamburg,2024-10-25 20:15:09
CUST89287537,Robert Wilson,robert.wilson868@example.com,+91-7060068640,France,Paris,2024-03-15 20:15:09
CUST67631603,Sandra Williams,sandra.williams953@example.com,+91-7130701570,United Kingdom,London,2026-01-30 20:15:09
CUST23967404,Margaret Wilson,margaret.wilson779@example.com,+91-8360600068,Brazil,Sao Paulo,2026-01-17 20:15:09
CUST57517518,Daniel Rodriguez,daniel.rodriguez185@example.com,+91-9180319957,United Kingdom,Manchester,2024-03-24 20:15:09
CUST58618851,Robert Lopez,robert.lopez835@example.com,+91-7678272823,Canada,Toronto,2025-04-08 20:15:09
CUST30307917,Anthony Martin,anthony.martin615@example.com,+91-7272109101,Japan,Osaka,2024-09-22 20:15:09
CUST22973712,Joseph Lewis,joseph.lewis407@example.com,+91-7652661750,India,Chennai,2026-01-02 20:15:09
CUST92799626,Jessica Moore,jessica.moore364@example.com,+91-8103337093,Australia,Adelaide,2025-07-26 20:15:09
CUST28535195,Susan Martin,susan.martin656@example.com,+91-8093757062,India,Surat,2025-05-09 20:15:09
CUST68503097,Michael Martinez,michael.martinez279@example.com,+91-9882226223,Singapore,Singapore,2025-05-25 20:15:09
CUST58112416,Ashley Perez,ashley.perez495@example.com,+91-8087205417,United Kingdom,Birmingham,2025-10-22 20:15:09
CUST65644270,Charles Rodriguez,charles.rodriguez728@example.com,+91-8100371042,Brazil,Fortaleza,2026-02-23 20:15:09
CUST95397475,Daniel Gonzalez,daniel.gonzalez415@example.com,+91-8619362075,Singapore,Singapore,2025-07-29 20:15:09
CUST37787215,James Anderson,james.anderson557@example.com,+91-7006752172,Canada,Vancouver,2025-12-17 20:15:09
CUST51815960,Richard Wilson,richard.wilson222@example.com,+91-9494792305,Singapore,Singapore,2025-10-04 20:15:09
CUST41674419,Jessica Harris,jessica.harris429@example.com,+91-9407924911,France,Paris,2024-02-27 20:15:09
CUST27445418,Charles Walker,charles.walker567@example.com,+91-7288002861,Singapore,Singapore,2025-10-26 20:15:09
CUST32685722,Jessica Hernandez,jessica.hernandez640@example.com,+91-8537152456,Australia,Perth,2024-12-08 20:15:09
CUST78355318,Jessica Martin,jessica.martin857@example.com,+91-9009995986,France,Lyon,2026-01-07 20:15:09
CUST06683924,Jessica Martinez,jessica.martinez689@example.com,+91-9809782431,United States,New York,2025-05-31 20:15:09
CUST25654563,Mark Ramirez,mark.ramirez811@example.com,+91-8672284969,Brazil,Sao Paulo,2024-02-27 20:15:09
CUST23702604,Nancy Jackson,nancy.jackson931@example.com,+91-8724282610,Brazil,Salvador,2026-01-31 20:15:09
CUST80874846,Michael Robinson,michael.robinson912@example.com,+91-7921601189,United States,Phoenix,2026-02-24 20:15:09
CUST85744079,John Thomas,john.thomas591@example.com,+91-9526272334,Canada,Toronto,2025-10-11 20:15:09
CUST42271284,Michael Gonzalez,michael.gonzalez570@example.com,+91-8802079271,France,Nice,2026-02-03 20:15:09
CUST38650985,Mark Robinson,mark.robinson121@example.com,+91-7714022700,United Kingdom,Manchester,2025-03-28 20:15:09
CUST91560805,Ashley Harris,ashley.harris103@example.com,+91-9987959222,Singapore,Singapore,2024-07-08 20:15:09
CUST81707282,Daniel Perez,daniel.perez543@example.com,+91-8378104326,Singapore,Singapore,2025-10-11 20:15:09
CUST08462590,Lisa Jackson,lisa.jackson768@example.com,+91-8311793628,Japan,Hiroshima,2025-12-16 20:15:09
CUST04417904,James Smith,james.smith993@example.com,+91-7173302885,United States,Chicago,2025-10-11 20:15:09
CUST14715637,Mark Harris,mark.harris158@example.com,+91-8947562010,India,Ahmedabad,2025-04-20 20:15:09
CUST97571818,Susan White,susan.white942@example.com,+91-9562196403,Germany,Hamburg,2026-02-24 20:15:09
CUST48327394,Emily Thompson,emily.thompson574@example.com,+91-9864726459,Australia,Perth,2025-07-25 20:15:09
CUST98397165,Jessica Walker,jessica.walker816@example.com,+91-8847541513,Brazil,Sao Paulo,2025-07-10 20:15:09
CUST37064972,Ashley Anderson,ashley.anderson987@example.com,+91-7677768885,United Kingdom,Glasgow,2025-06-24 20:15:09
CUST22068417,Daniel Gonzalez,daniel.gonzalez1@example.com,+91-8880416297,United States,New York,2025-12-21 20:15:09
CUST97442908,Linda Jones,linda.jones780@example.com,+91-8269718385,Brazil,Fortaleza,2025-04-28 20:15:09
CUST56025647,Barbara Thompson,barbara.thompson473@example.com,+91-8707847700,Brazil,Rio de Janeiro,2026-02-03 20:15:09
CUST07393920,William Robinson,william.robinson523@example.com,+91-8327061635,Canada,Calgary,2026-01-03 20:15:09
CUST30289590,Anthony Rodriguez,anthony.rodriguez210@example.com,+91-8871905270,Brazil,Rio de Janeiro,2024-10-04 20:15:09
CUST77083027,Mary Gonzalez,mary.gonzalez892@example.com,+91-9024066204,United Kingdom,Birmingham,2025-04-06 20:15:09
CUST76873492,Joseph Williams,joseph.williams5@example.com,+91-8392951701,Canada,Vancouver,2026-02-23 20:15:09
CUST19189237,Joseph White,joseph.white968@example.com,+91-9149970774,Canada,Montreal,2025-12-19 20:15:09
CUST50509594,Margaret Robinson,margaret.robinson192@example.com,+91-7497119055,United Kingdom,Leeds,2025-12-30 20:15:09
CUST79523343,Joseph Gonzalez,joseph.gonzalez31@example.com,+91-8891793351,Brazil,Fortaleza,2025-12-12 20:15:09
CUST90919034,James White,james.white817@example.com,+91-8146483645,France,Marseille,2025-12-19 20:15:09
CUST36586569,Charles Williams,charles.williams326@example.com,+91-9410835502,Canada,Vancouver,2026-02-11 20:15:09
CUST24063334,Betty Martin,betty.martin780@example.com,+91-9522773588,Canada,Calgary,2025-09-30 20:15:09
CUST82823094,Mark Thompson,mark.thompson203@example.com,+91-8147263841,France,Paris,2025-04-11 20:15:09
CUST66646194,Thomas Sanchez,thomas.sanchez92@example.com,+91-8703861123,France,Nice,2025-07-14 20:15:09
CUST39843118,Sarah Perez,sarah.perez810@example.com,+91-8124035838,Japan,Tokyo,2025-05-31 20:15:09
CUST90261705,Mark Johnson,mark.johnson280@example.com,+91-7187089721,Singapore,Singapore,2026-02-06 20:15:09
CUST57877114,Thomas Davis,thomas.davis113@example.com,+91-9093940548,Brazil,Brasilia,2024-02-27 20:15:09
CUST83558369,Jessica Smith,jessica.smith43@example.com,+91-9347225543,United States,Phoenix,2024-12-10 20:15:09
CUST27095768,Linda Rodriguez,linda.rodriguez348@example.com,+91-8617720529,United States,Los Angeles,2025-01-25 20:15:09
CUST85011204,Joseph Hernandez,joseph.hernandez425@example.com,+91-9441240719,Singapore,Singapore,2025-01-01 20:15:09
CUST90989987,Karen Wilson,karen.wilson148@example.com,+91-9172051458,United States,Los Angeles,2024-05-11 20:15:09
CUST51708255,Linda Jones,linda.jones860@example.com,+91-8131551284,France,Nice,2025-08-19 20:15:09
CUST38120873,Christopher Martin,christopher.martin992@example.com,+91-9949991736,United Kingdom,Manchester,2026-01-03 20:15:09
CUST34850096,Daniel Thomas,daniel.thomas870@example.com,+91-7246274995,United Kingdom,Leeds,2025-07-08 20:15:09
CUST21203875,Karen Davis,karen.davis331@example.com,+91-7816173737,Singapore,Singapore,2025-04-02 20:15:09
CUST09989542,William Harris,william.harris939@example.com,+91-7800363910,Canada,Vancouver,2025-04-07 20:15:09
CUST38743350,Anthony Brown,anthony.brown331@example.com,+91-9164660460,Australia,Adelaide,2025-08-31 20:15:09
CUST80228216,Richard Jackson,richard.jackson528@example.com,+91-9278053510,Australia,Brisbane,2026-02-09 20:15:09
CUST50636165,Daniel Jackson,daniel.jackson830@example.com,+91-7610193132,Singapore,Singapore,2025-11-06 20:15:09
CUST25013912,Sandra Wilson,sandra.wilson758@example.com,+91-9608490956,Canada,Vancouver,2024-06-20 20:15:09
CUST88709788,Daniel Walker,daniel.walker916@example.com,+91-9207277669,France,Toulouse,2025-07-28 20:15:09
CUST09453913,Mary Williams,mary.williams777@example.com,+91-9454109355,Brazil,Salvador,2025-08-22 20:15:09
CUST76298220,Charles Rodriguez,charles.rodriguez761@example.com,+91-7931846232,Brazil,Rio de Janeiro,2025-12-12 20:15:09
CUST84644504,Barbara Walker,barbara.walker656@example.com,+91-9088867578,Australia,Sydney,2025-11-07 20:15:09
CUST77060022,Thomas Thomas,thomas.thomas760@example.com,+91-9011226253,Brazil,Rio de Janeiro,2024-08-26 20:15:09
CUST64777619,Barbara Gonzalez,barbara.gonzalez955@example.com,+91-8213333917,United States,New York,2025-06-04 20:15:09
CUST59123747,Elizabeth Jones,elizabeth.jones467@example.com,+91-8959311525,France,Lyon,2025-02-15 20:15:09
CUST09658109,Thomas Lopez,thomas.lopez539@example.com,+91-8327195819,Brazil,Brasilia,2025-10-02 20:15:09
CUST12875552,Margaret Johnson,margaret.johnson831@example.com,+91-7067922855,Australia,Perth,2025-06-29 20:15:09
CUST72673703,Charles Anderson,charles.anderson719@example.com,+91-8049867337,France,Nice,2025-12-19 20:15:09
CUST16193487,Barbara Taylor,barbara.taylor721@example.com,+91-9771998502,France,Lyon,2025-05-05 20:15:09
CUST74460957,Emily Jackson,emily.jackson221@example.com,+91-8779254367,Germany,Frankfurt,2025-10-14 20:15:09
CUST37737191,Jennifer Ramirez,jennifer.ramirez574@example.com,+91-8440171164,Australia,Adelaide,2025-10-07 20:15:09
CUST90644516,Mark Garcia,mark.garcia518@example.com,+91-9505739581,Australia,Brisbane,2025-06-17 20:15:09
CUST75644046,Matthew Lewis,matthew.lewis158@example.com,+91-7580445136,France,Marseille,2024-04-28 20:15:09
CUST00718653,Mary Johnson,mary.johnson328@example.com,+91-7368536700,Singapore,Singapore,2026-02-10 20:15:09
CUST32570646,Christopher Thomas,christopher.thomas804@example.com,+91-9880596381,France,Nice,2024-12-30 20:15:09
CUST02954111,James Perez,james.perez879@example.com,+91-9892177035,Singapore,Singapore,2025-12-04 20:15:09
CUST47125893,Charles Lewis,charles.lewis468@example.com,+91-7533853836,India,Pune,2025-10-07 20:15:09
CUST12929394,Sandra Jones,sandra.jones692@example.com,+91-8921978824,France,Paris,2026-02-21 20:15:09
CUST27838383,Emily Thomas,emily.thomas212@example.com,+91-9858798107,Brazil,Rio de Janeiro,2025-12-01 20:15:09
CUST40090868,Robert Smith,robert.smith31@example.com,+91-8773545435,Germany,Cologne,2025-09-10 20:15:09
CUST08937478,Jennifer Walker,jennifer.walker280@example.com,+91-9038251093,India,Surat,2026-02-12 20:15:09
CUST19223587,Elizabeth Sanchez,elizabeth.sanchez753@example.com,+91-7216543131,United Kingdom,Leeds,2025-09-15 20:15:09
CUST39931357,Susan Jones,susan.jones911@example.com,+91-8631049246,France,Lyon,2024-05-30 20:15:09
CUST45004525,Ashley Miller,ashley.miller832@example.com,+91-8981060932,France,Paris,2026-01-30 20:15:09
CUST13267249,Matthew Rodriguez,matthew.rodriguez110@example.com,+91-9461491423,Japan,Tokyo,2025-03-12 20:15:09
CUST32280368,Betty Garcia,betty.garcia403@example.com,+91-8721845485,Brazil,Brasilia,2025-10-21 20:15:09
CUST21970630,Susan Smith,susan.smith523@example.com,+91-8985651701,United States,Houston,2025-06-12 20:15:09
CUST12678197,Patricia Ramirez,patricia.ramirez767@example.com,+91-9713526065,Germany,Cologne,2025-12-15 20:15:09
CUST94618373,Jessica Martin,jessica.martin472@example.com,+91-9013537438,Japan,Kyoto,2026-01-15 20:15:09
CUST55749693,Patricia Hernandez,patricia.hernandez784@example.com,+91-9582655499,France,Marseille,2026-01-15 20:15:09
CUST18401278,Michael Hernandez,michael.hernandez218@example.com,+91-7552722585,Germany,Cologne,2026-02-09 20:15:09
CUST42004550,Betty Taylor,betty.taylor512@example.com,+91-9070301340,India,Hyderabad,2026-01-08 20:15:09
CUST95163734,Jennifer Thompson,jennifer.thompson88@example.com,+91-9031181198,Canada,Ottawa,2025-06-06 20:15:09
CUST51238634,Margaret Perez,margaret.perez27@example.com,+91-8877670384,France,Marseille,2024-09-25 20:15:09
CUST58197318,Richard Smith,richard.smith540@example.com,+91-9630522748,Canada,Vancouver,2025-01-13 20:15:09
CUST39639468,Ashley Brown,ashley.brown511@example.com,+91-8142816214,France,Lyon,2025-05-21 20:15:09
CUST06827915,Anthony Rodriguez,anthony.rodriguez362@example.com,+91-9939021786,France,Marseille,2026-01-29 20:15:09
CUST94439306,Patricia Taylor,patricia.taylor556@example.com,+91-7477232775,Singapore,Singapore,2025-12-05 20:15:09
CUST15688449,James Hernandez,james.hernandez260@example.com,+91-9145543517,Singapore,Singapore,2025-11-28 20:15:09
CUST48793872,Margaret Williams,margaret.williams782@example.com,+91-8419462007,India,Hyderabad,2025-12-19 20:15:09
CUST34259148,Jessica Robinson,jessica.robinson152@example.com,+91-7670946815,Australia,Melbourne,2025-09-03 20:15:09
CUST19314284,Margaret Robinson,margaret.robinson296@example.com,+91-8345280810,Canada,Ottawa,2025-08-24 20:15:09
CUST60904704,Patricia Hernandez,patricia.hernandez931@example.com,+91-9755632651,Canada,Toronto,2025-11-11 20:15:09
CUST29429357,Margaret Garcia,margaret.garcia959@example.com,+91-8361864254,India,Delhi,2025-11-12 20:15:09
CUST42924245,Linda Martin,linda.martin359@example.com,+91-9250445661,Singapore,Singapore,2024-12-24 20:15:09
CUST76363116,Mark Sanchez,mark.sanchez549@example.com,+91-8087336672,Germany,Cologne,2025-02-13 20:15:09
CUST39251444,Thomas Rodriguez,thomas.rodriguez243@example.com,+91-8883722153,India,Thane,2025-11-29 20:15:09
CUST55438790,David Williams,david.williams562@example.com,+91-9417144913,Canada,Vancouver,2024-07-10 20:15:09
CUST56827807,Emily Hernandez,emily.hernandez941@example.com,+91-7256563341,France,Toulouse,2024-02-27 20:15:09
CUST27435235,Christopher Jackson,christopher.jackson586@example.com,+91-7962575845,United States,Chicago,2025-11-22 20:15:09
CUST48749129,Sarah Martinez,sarah.martinez933@example.com,+91-7237617454,Canada,Montreal,2025-11-12 20:15:09
CUST37839395,Anthony Hernandez,anthony.hernandez555@example.com,+91-7086485455,Australia,Melbourne,2025-09-08 20:15:09
CUST17595573,Betty Sanchez,betty.sanchez482@example.com,+91-9165725778,Canada,Ottawa,2024-04-08 20:15:09
CUST49254265,Elizabeth Harris,elizabeth.harris254@example.com,+91-8878381330,Brazil,Rio de Janeiro,2024-10-06 20:15:09
CUST45489977,Matthew Wilson,matthew.wilson703@example.com,+91-9759887177,United States,Phoenix,2026-01-31 20:15:09
CUST41398797,Charles Rodriguez,charles.rodriguez703@example.com,+91-7350855677,France,Paris,2025-10-28 20:15:09
CUST21941533,Mary Robinson,mary.robinson17@example.com,+91-8428361550,Brazil,Fortaleza,2025-08-14 20:15:09
CUST41435899,Karen Perez,karen.perez453@example.com,+91-7706910587,United Kingdom,Birmingham,2025-09-09 20:15:09
CUST08784055,Sarah Sanchez,sarah.sanchez8@example.com,+91-9125339500,France,Nice,2026-01-05 20:15:09
CUST68373615,Nancy Thompson,nancy.thompson892@example.com,+91-9659502419,France,Lyon,2024-11-07 20:15:09
CUST37844175,Lisa Johnson,lisa.johnson326@example.com,+91-8666991191,Brazil,Sao Paulo,2025-05-28 20:15:09
CUST81853485,Jessica Moore,jessica.moore160@example.com,+91-7479486245,Brazil,Sao Paulo,2024-12-11 20:15:09
CUST32128410,Charles Walker,charles.walker981@example.com,+91-9272819924,India,Bangalore,2024-11-07 20:15:09
CUST42928779,Lisa Taylor,lisa.taylor434@example.com,+91-8902865667,Australia,Sydney,2025-03-28 20:15:09
CUST46034933,David Miller,david.miller804@example.com,+91-8045883398,Singapore,Singapore,2025-10-09 20:15:09
CUST37684630,Christopher Martinez,christopher.martinez41@example.com,+91-7768092640,United Kingdom,London,2025-07-12 20:15:09
CUST05334242,Nancy Thompson,nancy.thompson369@example.com,+91-9029934125,Singapore,Singapore,2026-01-15 20:15:09
CUST19023779,Elizabeth Johnson,elizabeth.johnson311@example.com,+91-9490452194,Singapore,Singapore,2025-05-30 20:15:09
CUST06461333,Jessica Brown,jessica.brown448@example.com,+91-7383680131,Japan,Hiroshima,2026-01-09 20:15:09
CUST74600833,Joseph Lee,joseph.lee972@example.com,+91-9751877679,Germany,Berlin,2025-05-14 20:15:09
CUST48606376,William Jones,william.jones341@example.com,+91-8877307737,Brazil,Sao Paulo,2025-12-25 20:15:09
CUST92622211,Daniel White,daniel.white372@example.com,+91-8396755349,Singapore,Singapore,2026-01-27 20:15:09
CUST72072612,Michael Thomas,michael.thomas652@example.com,+91-9630987761,United States,Phoenix,2026-01-14 20:15:09
CUST00035952,Anthony Gonzalez,anthony.gonzalez997@example.com,+91-9362820993,Australia,Adelaide,2026-02-26 20:15:09
CUST10514554,Anthony Thomas,anthony.thomas76@example.com,+91-9138105133,Canada,Montreal,2025-04-24 20:15:09
CUST98999182,James Walker,james.walker642@example.com,+91-9343220825,India,Jaipur,2025-04-12 20:15:09
CUST65312249,Charles Gonzalez,charles.gonzalez379@example.com,+91-8886316960,India,Delhi,2025-09-03 20:15:09
CUST21454187,Joseph Brown,joseph.brown967@example.com,+91-9508275602,Canada,Montreal,2026-01-15 20:15:09
CUST94356664,Daniel Robinson,daniel.robinson478@example.com,+91-7994457308,Brazil,Fortaleza,2026-02-05 20:15:09
CUST04819829,Joseph Williams,joseph.williams259@example.com,+91-8923274793,France,Toulouse,2026-02-22 20:15:09
CUST02734236,Jennifer Lewis,jennifer.lewis758@example.com,+91-9718165558,Japan,Kyoto,2026-01-13 20:15:09
CUST29268712,Elizabeth Martin,elizabeth.martin748@example.com,+91-8988171494,Japan,Yokohama,2024-09-05 20:15:09
CUST44015123,John Rodriguez,john.rodriguez334@example.com,+91-7707729598,India,Jaipur,2025-12-21 20:15:09
CUST60826327,Karen Lewis,karen.lewis277@example.com,+91-7014611281,Canada,Calgary,2025-11-12 20:15:09
CUST32330184,David Wilson,david.wilson157@example.com,+91-7379179658,United Kingdom,Manchester,2026-01-30 20:15:09
CUST83006219,Susan Moore,susan.moore371@example.com,+91-7607149988,Germany,Berlin,2025-12-27 20:15:09
CUST45652896,Emily Hernandez,emily.hernandez450@example.com,+91-7671536101,United States,Chicago,2025-09-01 20:15:09
CUST13616497,Emily Williams,emily.williams255@example.com,+91-7650456301,Canada,Calgary,2025-07-14 20:15:09
CUST21449428,Anthony Thomas,anthony.thomas344@example.com,+91-9175869280,Canada,Calgary,2025-12-20 20:15:09
CUST54775152,Linda Jackson,linda.jackson626@example.com,+91-7832718852,Germany,Frankfurt,2026-02-12 20:15:09
CUST38187842,Robert Miller,robert.miller835@example.com,+91-9592177526,Japan,Hiroshima,2025-10-29 20:15:09
CUST44457001,James Robinson,james.robinson731@example.com,+91-7886452104,France,Lyon,2025-12-24 20:15:09
CUST02026216,Michael Thomas,michael.thomas815@example.com,+91-9855066057,Brazil,Fortaleza,2025-12-28 20:15:09
CUST32814588,Michael Taylor,michael.taylor228@example.com,+91-9150632364,United States,New York,2024-02-27 20:15:09
CUST12885504,Lisa Walker,lisa.walker267@example.com,+91-7371886431,Australia,Sydney,2025-07-08 20:15:09
CUST67041732,Christopher Jackson,christopher.jackson39@example.com,+91-7606228341,United Kingdom,London,2025-08-12 20:15:09
CUST39561936,Anthony Robinson,anthony.robinson564@example.com,+91-9990631661,Canada,Vancouver,2025-10-19 20:15:09
CUST97391020,Elizabeth Ramirez,elizabeth.ramirez888@example.com,+91-9061874254,Japan,Tokyo,2025-10-13 20:15:09
CUST16509438,Ashley Robinson,ashley.robinson433@example.com,+91-9280519366,United States,Houston,2025-08-21 20:15:09
CUST92575891,Betty Wilson,betty.wilson43@example.com,+91-8900629071,France,Paris,2025-05-12 20:15:09
CUST59021066,Joseph Thomas,joseph.thomas977@example.com,+91-7665951081,Australia,Sydney,2025-05-08 20:15:09
CUST87330016,Mary Robinson,mary.robinson292@example.com,+91-9115003712,United States,Chicago,2026-01-12 20:15:09
CUST67860121,Charles Taylor,charles.taylor339@example.com,+91-7747803275,France,Toulouse,2025-09-11 20:15:09
CUST14693026,Elizabeth Martin,elizabeth.martin693@example.com,+91-8068680060,Australia,Melbourne,2025-10-20 20:15:09
CUST20573250,Charles Thomas,charles.thomas834@example.com,+91-9702282415,France,Marseille,2024-10-17 20:15:09
CUST24554396,Barbara White,barbara.white664@example.com,+91-7073306873,Germany,Frankfurt,2025-06-29 20:15:09
CUST24084405,Sarah Clark,sarah.clark750@example.com,+91-7808677956,France,Nice,2025-08-25 20:15:09
CUST60235522,Linda Anderson,linda.anderson113@example.com,+91-8609580148,Canada,Toronto,2026-01-28 20:15:09
CUST00308699,Anthony Jackson,anthony.jackson335@example.com,+91-7797114326,Japan,Kyoto,2025-07-15 20:15:09
CUST98362971,James Ramirez,james.ramirez396@example.com,+91-8712007595,Japan,Osaka,2026-01-27 20:15:09
CUST00511004,Joseph Davis,joseph.davis617@example.com,+91-9500025286,United Kingdom,Leeds,2025-11-18 20:15:09
CUST07663557,Charles Hernandez,charles.hernandez6@example.com,+91-8428998418,Brazil,Brasilia,2026-01-20 20:15:09
CUST61425072,Anthony Harris,anthony.harris187@example.com,+91-8132724321,Brazil,Rio de Janeiro,2025-05-16 20:15:09
CUST78973904,Linda Davis,linda.davis761@example.com,+91-8818623936,United States,Los Angeles,2026-01-01 20:15:09
CUST11842653,Mary Garcia,mary.garcia88@example.com,+91-9140507335,Germany,Cologne,2025-10-28 20:15:09
CUST78668663,Nancy Miller,nancy.miller404@example.com,+91-7524081610,Canada,Vancouver,2024-08-26 20:15:09
CUST69957478,Christopher Taylor,christopher.taylor102@example.com,+91-9050206359,Brazil,Fortaleza,2026-01-02 20:15:09
CUST01217598,Michael Hernandez,michael.hernandez990@example.com,+91-8788719719,United Kingdom,London,2025-09-07 20:15:09
CUST49487080,Mark Miller,mark.miller420@example.com,+91-8727810715,United Kingdom,Manchester,2025-10-17 20:15:09
CUST54810190,Christopher Martinez,christopher.martinez505@example.com,+91-8732233221,France,Paris,2026-02-22 20:15:09
CUST16011220,Jennifer Anderson,jennifer.anderson976@example.com,+91-9243464858,United States,Houston,2025-02-09 20:15:09
CUST99439400,Jennifer Anderson,jennifer.anderson66@example.com,+91-9859176179,Canada,Toronto,2026-02-09 20:15:09
CUST77859804,Christopher Martinez,christopher.martinez287@example.com,+91-7883798344,Canada,Calgary,2025-09-23 20:15:09
CUST97882932,Sarah Harris,sarah.harris406@example.com,+91-8874744984,Canada,Montreal,2025-08-10 20:15:09
CUST19049277,Elizabeth Rodriguez,elizabeth.rodriguez433@example.com,+91-9195644499,Singapore,Singapore,2025-07-01 20:15:09
CUST59536312,Thomas Gonzalez,thomas.gonzalez706@example.com,+91-8814922036,United States,Los Angeles,2025-05-19 20:15:09
CUST84437297,Betty Hernandez,betty.hernandez277@example.com,+91-9493177660,Canada,Toronto,2025-12-17 20:15:09
CUST76208496,Christopher Smith,christopher.smith954@example.com,+91-7961065632,Japan,Tokyo,2026-02-24 20:15:09
CUST67045665,Charles Lee,charles.lee591@example.com,+91-9939907533,Japan,Osaka,2025-04-20 20:15:09
CUST18592638,Christopher Anderson,christopher.anderson285@example.com,+91-9743306215,Japan,Tokyo,2025-08-24 20:15:09
CUST22298844,Charles Thomas,charles.thomas618@example.com,+91-9052202069,Germany,Frankfurt,2024-12-13 20:15:09
CUST71980877,John Brown,john.brown328@example.com,+91-7209514610,Japan,Yokohama,2025-01-03 20:15:09
CUST40756562,Thomas Smith,thomas.smith19@example.com,+91-9663538894,India,Hyderabad,2024-12-02 20:15:09
CUST37903910,Daniel Garcia,daniel.garcia274@example.com,+91-8919474939,India,Mumbai,2025-09-18 20:15:09
CUST09766109,Elizabeth Gonzalez,elizabeth.gonzalez98@example.com,+91-7388202169,Japan,Yokohama,2025-11-20 20:15:09
CUST87969375,Daniel Ramirez,daniel.ramirez914@example.com,+91-9626003748,Germany,Berlin,2025-02-10 20:15:09
CUST37019845,Mary Taylor,mary.taylor618@example.com,+91-7599338343,Singapore,Singapore,2025-10-03 20:15:09
CUST20341068,Elizabeth Harris,elizabeth.harris532@example.com,+91-8477614857,Canada,Vancouver,2026-01-08 20:15:09
CUST66921747,Margaret Brown,margaret.brown194@example.com,+91-7618363554,Japan,Osaka,2024-11-14 20:15:09
CUST68176316,Richard Hernandez,richard.hernandez190@example.com,+91-7148975790,Brazil,Rio de Janeiro,2024-09-23 20:15:09
CUST23507239,Mark Martin,mark.martin679@example.com,+91-8414274387,Australia,Perth,2025-09-27 20:15:09
CUST99807367,William Perez,william.perez561@example.com,+91-9111819980,France,Lyon,2026-02-07 20:15:09
CUST36125427,Ashley Martin,ashley.martin102@example.com,+91-8813659546,India,Hyderabad,2025-10-30 20:15:09
CUST03180600,Robert Jones,robert.jones337@example.com,+91-7806267814,India,Bangalore,2025-01-27 20:15:09
CUST84598878,Lisa Walker,lisa.walker175@example.com,+91-7906793024,United States,Los Angeles,2024-08-11 20:15:09
CUST21042788,William Clark,william.clark486@example.com,+91-7254410206,Canada,Vancouver,2026-01-02 20:15:09
CUST82053892,Karen Miller,karen.miller633@example.com,+91-7727807942,India,Indore,2026-02-10 20:15:09
CUST87130095,Linda Davis,linda.davis458@example.com,+91-7290366714,United Kingdom,Leeds,2024-10-04 20:15:09
CUST04525572,Lisa Brown,lisa.brown4@example.com,+91-7847578874,India,Hyderabad,2025-10-29 20:15:09
CUST88507465,Mark Lee,mark.lee406@example.com,+91-7726065930,Germany,Frankfurt,2025-08-21 20:15:09
CUST34490993,Karen Clark,karen.clark966@example.com,+91-9180578387,France,Marseille,2024-02-27 20:15:09
CUST51156857,William Ramirez,william.ramirez530@example.com,+91-8383027699,Australia,Brisbane,2026-02-10 20:15:09
CUST24979572,Patricia Sanchez,patricia.sanchez72@example.com,+91-8593855227,Canada,Ottawa,2025-06-17 20:15:09
CUST38920734,Margaret Harris,margaret.harris914@example.com,+91-9119214118,Germany,Berlin,2026-02-08 20:15:09
CUST72070401,Patricia Lee,patricia.lee987@example.com,+91-9535244643,Japan,Osaka,2025-11-04 20:15:09
CUST54782046,Nancy Hernandez,nancy.hernandez996@example.com,+91-9003655292,Australia,Sydney,2025-01-26 20:15:09
CUST56005100,James Harris,james.harris942@example.com,+91-8593727774,Australia,Perth,2025-10-11 20:15:09
CUST83846142,William Johnson,william.johnson490@example.com,+91-8047260902,Brazil,Rio de Janeiro,2024-02-27 20:15:09
CUST79856383,Elizabeth Lopez,elizabeth.lopez938@example.com,+91-8894756212,France,Paris,2025-08-11 20:15:09
CUST99703566,Linda Jones,linda.jones868@example.com,+91-8005686359,United States,Houston,2025-11-24 20:15:09
CUST95577858,Christopher Thompson,christopher.thompson957@example.com,+91-8129807300,France,Paris,2025-12-28 20:15:09
CUST94965072,Sarah Hernandez,sarah.hernandez190@example.com,+91-7144380787,Japan,Kyoto,2025-11-13 20:15:09
CUST99996472,Christopher Rodriguez,christopher.rodriguez578@example.com,+91-7748567190,United States,Chicago,2025-11-05 20:15:09
CUST76529022,Patricia Brown,patricia.brown643@example.com,+91-7336889917,Japan,Hiroshima,2026-02-09 20:15:09
CUST75345872,Karen Ramirez,karen.ramirez444@example.com,+91-8543398792,United States,Chicago,2025-11-06 20:15:09
CUST90802482,Karen Taylor,karen.taylor474@example.com,+91-8653751174,Germany,Berlin,2025-09-28 20:15:09
CUST33095683,Susan Martinez,susan.martinez138@example.com,+91-8358308538,Singapore,Singapore,2025-04-20 20:15:09
CUST95667051,Mark Wilson,mark.wilson914@example.com,+91-7458561717,United States,New York,2025-06-11 20:15:09
CUST06330230,Matthew Lopez,matthew.lopez889@example.com,+91-7303388695,Canada,Montreal,2025-05-02 20:15:09
CUST64889688,Ashley Rodriguez,ashley.rodriguez854@example.com,+91-7436037554,United Kingdom,Leeds,2026-02-24 20:15:09
CUST71441334,John Thompson,john.thompson261@example.com,+91-8256381759,Australia,Melbourne,2025-12-29 20:15:09
CUST27667239,Sarah Gonzalez,sarah.gonzalez556@example.com,+91-7978953151,India,Pune,2025-06-08 20:15:09
CUST87862767,Barbara Taylor,barbara.taylor956@example.com,+91-9558497989,United Kingdom,London,2025-09-19 20:15:09
CUST73572899,David Harris,david.harris590@example.com,+91-8313183696,India,Ahmedabad,2026-02-25 20:15:09
CUST63882487,Mary Lewis,mary.lewis159@example.com,+91-9767508401,United States,Phoenix,2025-01-25 20:15:09
CUST56423684,Charles Moore,charles.moore261@example.com,+91-9457447619,Singapore,Singapore,2025-03-03 20:15:09
CUST53211051,Emily Robinson,emily.robinson130@example.com,+91-9311675192,Australia,Perth,2025-08-17 20:15:09
CUST84640656,Mark Martinez,mark.martinez916@example.com,+91-8566722083,Brazil,Salvador,2026-02-10 20:15:09
CUST36614588,David Gonzalez,david.gonzalez544@example.com,+91-8524871550,Germany,Munich,2025-03-10 20:15:09
CUST50367285,Anthony Harris,anthony.harris688@example.com,+91-8785287863,Brazil,Brasilia,2025-07-28 20:15:09
CUST74481088,Ashley Johnson,ashley.johnson480@example.com,+91-7237963173,Germany,Hamburg,2025-02-21 20:15:09
CUST39226768,William Lopez,william.lopez329@example.com,+91-8968344639,United States,New York,2025-03-24 20:15:09
CUST92299537,Christopher Jones,christopher.jones727@example.com,+91-9873779438,France,Toulouse,2025-01-27 20:15:09
CUST23217905,Emily Gonzalez,emily.gonzalez350@example.com,+91-7926923854,Japan,Osaka,2025-09-02 20:15:09
CUST47166133,James Perez,james.perez520@example.com,+91-9389333483,Brazil,Rio de Janeiro,2026-01-21 20:15:09
CUST88764429,Ashley Johnson,ashley.johnson831@example.com,+91-9620478055,Singapore,Singapore,2025-06-01 20:15:09
CUST48219689,Mary Sanchez,mary.sanchez202@example.com,+91-9971962099,Canada,Calgary,2025-07-06 20:15:09
CUST63134845,Lisa Johnson,lisa.johnson143@example.com,+91-8194831969,United States,Houston,2025-04-03 20:15:09
CUST50116508,Ashley Brown,ashley.brown483@example.com,+91-7745605992,Japan,Kyoto,2026-01-12 20:15:09
CUST03044061,Nancy Martin,nancy.martin55@example.com,+91-9054063234,Canada,Montreal,2026-01-05 20:15:09
CUST17785194,John Smith,john.smith238@example.com,+91-7763859781,Singapore,Singapore,2024-09-06 20:15:09
CUST60066696,Margaret Jackson,margaret.jackson121@example.com,+91-9769658562,Canada,Montreal,2025-03-26 20:15:09
CUST90011450,Barbara Jackson,barbara.jackson446@example.com,+91-8534281528,Germany,Frankfurt,2024-07-25 20:15:09
CUST01287039,Daniel Brown,daniel.brown443@example.com,+91-9920475313,United Kingdom,Manchester,2025-03-18 20:15:09
CUST15985248,Margaret Lee,margaret.lee693@example.com,+91-8232621746,India,Chennai,2025-07-20 20:15:09
CUST34435702,David Taylor,david.taylor836@example.com,+91-7770133234,Singapore,Singapore,2025-06-13 20:15:09
CUST95843931,Mark Thomas,mark.thomas435@example.com,+91-8904879348,Canada,Toronto,2024-09-09 20:15:09
CUST24354752,Elizabeth Rodriguez,elizabeth.rodriguez523@example.com,+91-9860486519,Germany,Cologne,2025-07-31 20:15:09
CUST88945445,Sarah Ramirez,sarah.ramirez942@example.com,+91-9648175999,India,Delhi,2025-06-28 20:15:09
CUST47813673,Jennifer Johnson,jennifer.johnson855@example.com,+91-8209886032,Germany,Berlin,2026-01-16 20:15:09
CUST26000084,Michael White,michael.white105@example.com,+91-9434296564,France,Toulouse,2025-09-23 20:15:09
CUST82649135,Robert Jones,robert.jones103@example.com,+91-8250288850,India,Nagpur,2025-04-26 20:15:09
CUST05396013,Betty Davis,betty.davis310@example.com,+91-8586468654,France,Marseille,2025-12-12 20:15:09
CUST84677962,Betty Anderson,betty.anderson196@example.com,+91-7396320298,Australia,Sydney,2026-01-03 20:15:09
CUST89097799,Mark Lopez,mark.lopez219@example.com,+91-8946239612,Japan,Tokyo,2025-11-27 20:15:09
CUST86080695,Susan Davis,susan.davis424@example.com,+91-7672096821,India,Ahmedabad,2025-12-21 20:15:09
CUST91780005,Robert Clark,robert.clark343@example.com,+91-8159313804,Singapore,Singapore,2025-12-30 20:15:09
CUST16892378,Margaret Robinson,margaret.robinson849@example.com,+91-9022761184,Japan,Tokyo,2025-10-15 20:15:09
CUST90308797,Jennifer Williams,jennifer.williams586@example.com,+91-8408654725,Singapore,Singapore,2024-07-26 20:15:09
CUST47772979,Anthony Johnson,anthony.johnson622@example.com,+91-8876992444,Canada,Calgary,2025-09-07 20:15:09
CUST98314021,Anthony Johnson,anthony.johnson411@example.com,+91-8120724461,France,Marseille,2026-01-07 20:15:09
CUST27577732,Patricia Gonzalez,patricia.gonzalez109@example.com,+91-9225749926,India,Thane,2026-02-07 20:15:09
CUST73573359,David Thomas,david.thomas582@example.com,+91-9144116894,Brazil,Sao Paulo,2025-05-13 20:15:09
CUST54739827,Nancy Lopez,nancy.lopez94@example.com,+91-8284189016,Brazil,Sao Paulo,2025-11-01 20:15:09
CUST92147056,Sarah White,sarah.white869@example.com,+91-7187377034,Canada,Ottawa,2025-01-03 20:15:09
CUST45471589,Robert Hernandez,robert.hernandez455@example.com,+91-7184685239,United Kingdom,Manchester,2025-06-09 20:15:09
CUST45528943,Charles Jones,charles.jones552@example.com,+91-7337567927,Germany,Berlin,2025-02-04 20:15:09
CUST40245195,Mark Lee,mark.lee667@example.com,+91-9008017210,United States,New York,2025-12-11 20:15:09
CUST31400740,Betty Wilson,betty.wilson852@example.com,+91-8963463309,United Kingdom,London,2025-05-16 20:15:09
CUST80442593,Daniel Harris,daniel.harris448@example.com,+91-7440861846,United Kingdom,Glasgow,2025-12-14 20:15:09
CUST74466185,Margaret Robinson,margaret.robinson239@example.com,+91-8285882694,Brazil,Salvador,2024-04-17 20:15:09
CUST95134134,Linda Rodriguez,linda.rodriguez228@example.com,+91-7843011985,Australia,Sydney,2025-06-25 20:15:09
CUST70551735,Margaret Walker,margaret.walker275@example.com,+91-8230829967,Brazil,Brasilia,2025-11-23 20:15:09
CUST75801734,Sandra Lee,sandra.lee133@example.com,+91-7261254837,Japan,Yokohama,2025-12-12 20:15:09
CUST85146788,Susan Wilson,susan.wilson173@example.com,+91-7203003436,United Kingdom,London,2026-01-06 20:15:09
CUST09968633,Betty Thompson,betty.thompson921@example.com,+91-8626868262,Australia,Perth,2025-05-14 20:15:09
CUST94838973,Robert Wilson,robert.wilson56@example.com,+91-7570172817,Japan,Osaka,2025-12-28 20:15:09
CUST49861838,Lisa Davis,lisa.davis968@example.com,+91-7084267502,Japan,Yokohama,2025-07-21 20:15:09
CUST65988984,Matthew Martin,matthew.martin100@example.com,+91-9301315673,Germany,Berlin,2025-12-14 20:15:09
CUST79643229,Richard Lee,richard.lee986@example.com,+91-8034430277,Germany,Berlin,2025-06-08 20:15:09
CUST20736476,Joseph Walker,joseph.walker874@example.com,+91-9700314601,United States,New York,2025-01-12 20:15:09
CUST28646028,Ashley Lewis,ashley.lewis53@example.com,+91-9729247702,United States,Houston,2025-02-25 20:15:09
CUST04165142,Christopher White,christopher.white117@example.com,+91-7807766471,Singapore,Singapore,2025-03-15 20:15:09
CUST97816934,James Perez,james.perez306@example.com,+91-9071019919,United States,Chicago,2026-01-07 20:15:09
CUST51335574,Susan Lewis,susan.lewis353@example.com,+91-8351771281,Singapore,Singapore,2026-02-04 20:15:09
CUST69333011,Joseph Garcia,joseph.garcia480@example.com,+91-7346263278,United States,Chicago,2025-05-10 20:15:09
CUST56937196,Jennifer Sanchez,jennifer.sanchez709@example.com,+91-7516958980,Brazil,Fortaleza,2025-11-07 20:15:09
CUST30219902,Sarah Williams,sarah.williams948@example.com,+91-7179163032,Singapore,Singapore,2025-10-12 20:15:09
CUST35928146,Sarah White,sarah.white804@example.com,+91-8643572802,France,Paris,2026-02-19 20:15:09
CUST46096120,Thomas Anderson,thomas.anderson53@example.com,+91-8576113622,Australia,Adelaide,2025-12-15 20:15:09
CUST41882286,Anthony Miller,anthony.miller141@example.com,+91-9771028982,Japan,Tokyo,2026-02-18 20:15:09
CUST24584246,Christopher Moore,christopher.moore200@example.com,+91-7360940817,United Kingdom,Glasgow,2024-09-30 20:15:09
CUST92951053,Karen Lewis,karen.lewis112@example.com,+91-8260771402,France,Nice,2025-12-21 20:15:09
CUST56587260,Matthew Thompson,matthew.thompson204@example.com,+91-7033650267,Australia,Sydney,2025-08-12 20:15:09
CUST86571501,Sarah Jones,sarah.jones28@example.com,+91-9622431152,Australia,Melbourne,2026-02-17 20:15:09
CUST07289943,Elizabeth Thomas,elizabeth.thomas42@example.com,+91-9145957232,United States,Chicago,2025-06-04 20:15:09
CUST44544402,Elizabeth Gonzalez,elizabeth.gonzalez498@example.com,+91-7831213708,United States,Los Angeles,2025-11-24 20:15:09
CUST28040751,Patricia Clark,patricia.clark476@example.com,+91-9147420019,Singapore,Singapore,2024-08-20 20:15:09
CUST06315686,Patricia Lee,patricia.lee923@example.com,+91-8778241170,Brazil,Brasilia,2024-09-12 20:15:09
CUST96568550,Richard Gonzalez,richard.gonzalez388@example.com,+91-8713466199,Brazil,Fortaleza,2025-11-23 20:15:09
CUST53835239,Robert Lewis,robert.lewis433@example.com,+91-9344758199,Canada,Calgary,2024-08-13 20:15:09
CUST16167942,Robert Perez,robert.perez43@example.com,+91-9394914930,Brazil,Fortaleza,2024-02-27 20:15:09
CUST50588299,Patricia Taylor,patricia.taylor565@example.com,+91-9463228718,Australia,Brisbane,2024-12-29 20:15:09
CUST22933696,John Walker,john.walker397@example.com,+91-7257181149,Germany,Cologne,2024-11-30 20:15:09
CUST65077409,Barbara Brown,barbara.brown621@example.com,+91-9482325110,Australia,Sydney,2025-12-19 20:15:09
CUST65707419,Emily Lee,emily.lee795@example.com,+91-8436357655,Germany,Munich,2025-08-01 20:15:09
CUST48542839,Jessica Anderson,jessica.anderson499@example.com,+91-9321483022,United Kingdom,Manchester,2026-02-10 20:15:09
CUST72198631,Michael Davis,michael.davis493@example.com,+91-9552071404,Brazil,Rio de Janeiro,2026-02-02 20:15:09
CUST11912838,Sarah Walker,sarah.walker490@example.com,+91-8754504610,Germany,Munich,2024-02-27 20:15:09
CUST30957487,Margaret Jones,margaret.jones341@example.com,+91-8899311501,United States,Phoenix,2025-11-22 20:15:09
CUST15653463,Mark Martinez,mark.martinez352@example.com,+91-9851809435,Japan,Hiroshima,2025-03-28 20:15:09
CUST54465041,Karen Jones,karen.jones736@example.com,+91-8803987281,Germany,Hamburg,2025-01-23 20:15:09
CUST40371549,Emily Martin,emily.martin239@example.com,+91-9392718867,Germany,Berlin,2024-11-08 20:15:09
CUST96886631,Anthony Perez,anthony.perez663@example.com,+91-8086130091,Singapore,Singapore,2024-02-27 20:15:09
CUST14402446,Margaret Lee,margaret.lee54@example.com,+91-9403293302,Singapore,Singapore,2025-12-21 20:15:09
CUST78544603,Karen Miller,karen.miller54@example.com,+91-7331353128,Brazil,Sao Paulo,2026-02-16 20:15:09
CUST88607060,Elizabeth Clark,elizabeth.clark929@example.com,+91-7359005798,Japan,Hiroshima,2025-10-21 20:15:09
CUST43683992,James Johnson,james.johnson56@example.com,+91-7412686522,India,Delhi,2026-01-24 20:15:09
CUST81742768,Emily Lewis,emily.lewis5@example.com,+91-9777597816,Singapore,Singapore,2026-02-21 20:15:09
CUST65586807,Christopher Garcia,christopher.garcia204@example.com,+91-7677942904,Canada,Montreal,2025-11-10 20:15:09
CUST89517056,Michael Wilson,michael.wilson770@example.com,+91-7282287533,Japan,Kyoto,2025-02-19 20:15:09
CUST29010021,Linda Clark,linda.clark470@example.com,+91-8806150052,Brazil,Sao Paulo,2025-08-07 20:15:09
CUST67414638,Thomas Davis,thomas.davis997@example.com,+91-7826625289,Germany,Cologne,2025-11-27 20:15:09
CUST09057818,Charles Thomas,charles.thomas925@example.com,+91-9359802329,Brazil,Brasilia,2025-06-13 20:15:09
CUST65957076,Ashley Hernandez,ashley.hernandez903@example.com,+91-8387908475,France,Nice,2025-12-24 20:15:09
CUST70839706,David Walker,david.walker643@example.com,+91-7575091640,Singapore,Singapore,2026-02-23 20:15:09
CUST62271734,Ashley Anderson,ashley.anderson439@example.com,+91-9142700092,Germany,Hamburg,2025-03-12 20:15:09
CUST98916779,Charles Lewis,charles.lewis493@example.com,+91-7645704514,United States,Chicago,2025-07-04 20:15:09
CUST50486005,Susan Perez,susan.perez573@example.com,+91-8252305937,Germany,Berlin,2025-03-14 20:15:09
CUST15061113,Charles Garcia,charles.garcia358@example.com,+91-9596067775,India,Jaipur,2026-02-17 20:15:09
CUST25064507,Emily Harris,emily.harris849@example.com,+91-9271142389,United States,Los Angeles,2024-12-12 20:15:09
CUST83117292,Thomas Davis,thomas.davis734@example.com,+91-9007459666,Germany,Hamburg,2025-07-06 20:15:09
CUST82923629,Mary Taylor,mary.taylor553@example.com,+91-9816734689,United States,Houston,2025-08-09 20:15:09
CUST04971501,Sarah Ramirez,sarah.ramirez74@example.com,+91-7783780635,France,Nice,2025-07-03 20:15:09
CUST95324557,Betty Martinez,betty.martinez651@example.com,+91-8957343969,Canada,Toronto,2024-10-28 20:15:09
CUST84697693,Patricia Thomas,patricia.thomas223@example.com,+91-7796726161,United States,Chicago,2025-07-26 20:15:09
CUST78824407,Mark Gonzalez,mark.gonzalez621@example.com,+91-9256042664,Canada,Montreal,2025-07-30 20:15:09
CUST46782654,Patricia Rodriguez,patricia.rodriguez337@example.com,+91-7700432590,Brazil,Sao Paulo,2024-02-27 20:15:09
CUST48388321,Richard Martin,richard.martin696@example.com,+91-9517832365,India,Surat,2025-03-20 20:15:09
CUST98118704,Joseph Taylor,joseph.taylor940@example.com,+91-8511409406,France,Toulouse,2025-10-07 20:15:09
CUST51948899,Michael Hernandez,michael.hernandez370@example.com,+91-9760721525,India,Kanpur,2025-05-03 20:15:09
CUST90657066,Nancy White,nancy.white837@example.com,+91-9126454686,Australia,Melbourne,2025-10-30 20:15:09
CUST64043010,Nancy Lewis,nancy.lewis21@example.com,+91-7186129470,Japan,Tokyo,2025-12-25 20:15:09
CUST36588678,David Thomas,david.thomas58@example.com,+91-7021469026,Singapore,Singapore,2025-07-20 20:15:09
CUST28064073,Daniel Brown,daniel.brown221@example.com,+91-9130053318,Canada,Montreal,2024-05-27 20:15:09
CUST74581892,Matthew Martin,matthew.martin863@example.com,+91-8652703365,Australia,Melbourne,2024-05-23 20:15:09
CUST64108127,Barbara Garcia,barbara.garcia552@example.com,+91-9113121626,Japan,Yokohama,2025-11-17 20:15:09
CUST36736268,William Ramirez,william.ramirez819@example.com,+91-7494100974,United States,Houston,2025-08-28 20:15:09
CUST95973665,Matthew Perez,matthew.perez7@example.com,+91-9468315037,Germany,Hamburg,2025-12-31 20:15:09
CUST90382650,Elizabeth Harris,elizabeth.harris456@example.com,+91-7252510113,Brazil,Salvador,2024-02-27 20:15:09
CUST10979054,Christopher Perez,christopher.perez20@example.com,+91-9048106686,United Kingdom,Glasgow,2024-02-27 20:15:09
CUST27490444,Daniel Jackson,daniel.jackson386@example.com,+91-7041028817,United Kingdom,Birmingham,2025-06-16 20:15:09
CUST72970163,Jennifer White,jennifer.white388@example.com,+91-9982363344,France,Paris,2025-01-25 20:15:09
CUST88837875,Karen Anderson,karen.anderson489@example.com,+91-9060270975,France,Toulouse,2025-04-27 20:15:09
CUST05678126,Karen Williams,karen.williams305@example.com,+91-8830623079,United States,Chicago,2025-07-23 20:15:09
CUST68889388,Barbara Brown,barbara.brown226@example.com,+91-7054514627,Germany,Frankfurt,2026-02-13 20:15:09
CUST50456812,Christopher Miller,christopher.miller957@example.com,+91-9471757623,Germany,Munich,2025-10-02 20:15:09
CUST48033048,Matthew Brown,matthew.brown60@example.com,+91-8424471552,France,Paris,2025-05-29 20:15:09
CUST48664425,Patricia Rodriguez,patricia.rodriguez292@example.com,+91-8771281236,United Kingdom,London,2025-05-27 20:15:09
CUST66524016,Mark Johnson,mark.johnson953@example.com,+91-9195895709,India,Thane,2025-11-05 20:15:09
CUST53485917,Joseph Smith,joseph.smith467@example.com,+91-8495574564,Singapore,Singapore,2024-04-06 20:15:09
CUST69425928,Betty Taylor,betty.taylor968@example.com,+91-7153565266,Japan,Yokohama,2026-01-13 20:15:09
CUST43908179,Mark Williams,mark.williams394@example.com,+91-8942732651,France,Marseille,2025-09-11 20:15:09
CUST83750015,Elizabeth White,elizabeth.white971@example.com,+91-8261759262,United Kingdom,London,2025-05-17 20:15:09
CUST87864435,Betty Martinez,betty.martinez687@example.com,+91-9748242386,India,Lucknow,2025-05-12 20:15:09
CUST35645716,David Perez,david.perez626@example.com,+91-7269443366,Australia,Sydney,2025-06-17 20:15:09
CUST73502404,Lisa Brown,lisa.brown313@example.com,+91-8208698893,Singapore,Singapore,2025-12-10 20:15:09
CUST00769450,Thomas Johnson,thomas.johnson887@example.com,+91-9688536177,France,Nice,2026-01-16 20:15:09
CUST75068466,Robert Martin,robert.martin847@example.com,+91-9244705475,Canada,Calgary,2025-06-26 20:15:09
CUST84683176,Robert Lewis,robert.lewis856@example.com,+91-9617015404,Germany,Hamburg,2025-07-19 20:15:09
CUST84507731,Sarah Garcia,sarah.garcia695@example.com,+91-7050032770,United States,Houston,2026-01-09 20:15:09
CUST75771900,Thomas Martin,thomas.martin86@example.com,+91-8569811454,Brazil,Salvador,2025-05-05 20:15:09
CUST03547666,Robert White,robert.white480@example.com,+91-8801072701,Singapore,Singapore,2025-10-02 20:15:09
CUST29352905,Thomas Lee,thomas.lee85@example.com,+91-7043045500,United Kingdom,Glasgow,2025-06-03 20:15:09
CUST29894764,William Ramirez,william.ramirez545@example.com,+91-8406059973,Japan,Osaka,2024-12-12 20:15:09
CUST52633125,Karen Ramirez,karen.ramirez187@example.com,+91-7392574404,Canada,Calgary,2026-01-12 20:15:09
CUST16342098,Jessica Taylor,jessica.taylor106@example.com,+91-7905040034,United States,New York,2026-02-22 20:15:09
CUST92352413,Lisa Lopez,lisa.lopez171@example.com,+91-8373436169,Australia,Melbourne,2025-02-24 20:15:09
CUST22175745,Elizabeth Perez,elizabeth.perez443@example.com,+91-8399712719,Australia,Melbourne,2025-07-13 20:15:09
CUST48307833,Margaret Garcia,margaret.garcia536@example.com,+91-7190263236,Singapore,Singapore,2025-05-10 20:15:09
CUST62461333,Karen Sanchez,karen.sanchez452@example.com,+91-7771804563,Singapore,Singapore,2024-12-10 20:15:09
CUST78168973,Richard Ramirez,richard.ramirez537@example.com,+91-7259791483,Brazil,Sao Paulo,2025-01-27 20:15:09
CUST81127044,Lisa Lopez,lisa.lopez870@example.com,+91-7086272844,Singapore,Singapore,2024-02-27 20:15:09
CUST86407878,Robert Williams,robert.williams896@example.com,+91-8226633121,France,Lyon,2025-08-24 20:15:09
CUST85647099,Mark Thomas,mark.thomas602@example.com,+91-9306943920,France,Toulouse,2025-09-16 20:15:09
CUST86821959,Emily Smith,emily.smith818@example.com,+91-7755212179,Singapore,Singapore,2025-10-24 20:15:09
CUST38478747,Elizabeth Lee,elizabeth.lee277@example.com,+91-8237586509,Australia,Adelaide,2026-01-17 20:15:09
CUST91109677,Nancy Brown,nancy.brown852@example.com,+91-8101188203,Canada,Montreal,2025-08-04 20:15:09
CUST57154583,Sarah Sanchez,sarah.sanchez938@example.com,+91-8857671189,Canada,Ottawa,2025-12-10 20:15:09
CUST30381760,Richard Martin,richard.martin150@example.com,+91-9500592673,India,Chennai,2024-06-18 20:15:09
CUST43477266,Matthew Smith,matthew.smith369@example.com,+91-8617501611,Germany,Munich,2025-07-29 20:15:09
CUST30560215,Nancy Lee,nancy.lee630@example.com,+91-9501535791,Japan,Osaka,2025-07-23 20:15:09
CUST75084279,James Perez,james.perez210@example.com,+91-8719077824,Singapore,Singapore,2025-11-12 20:15:09
CUST06962728,Mary Davis,mary.davis500@example.com,+91-7576946240,Japan,Yokohama,2026-02-14 20:15:09
CUST47798259,Linda Clark,linda.clark795@example.com,+91-7312057888,Australia,Melbourne,2026-02-19 20:15:09
CUST82860549,Robert Perez,robert.perez338@example.com,+91-8614050160,Singapore,Singapore,2025-10-16 20:15:09
CUST17088445,Thomas Garcia,thomas.garcia731@example.com,+91-9974283685,United Kingdom,Glasgow,2026-02-05 20:15:09
CUST93630061,Joseph Brown,joseph.brown74@example.com,+91-9101618884,United Kingdom,Manchester,2025-07-14 20:15:09
CUST12185585,Linda Anderson,linda.anderson626@example.com,+91-7716217245,United States,Chicago,2024-09-27 20:15:09
CUST81381355,Mary Wilson,mary.wilson10@example.com,+91-9468725295,Australia,Sydney,2024-09-23 20:15:09
CUST08068703,Daniel Davis,daniel.davis653@example.com,+91-7729702479,United Kingdom,London,2025-06-10 20:15:09
CUST06918658,Elizabeth Miller,elizabeth.miller853@example.com,+91-9563039393,Singapore,Singapore,2025-12-31 20:15:09
CUST33824948,Karen Smith,karen.smith161@example.com,+91-7156022084,United Kingdom,Birmingham,2024-10-31 20:15:09
CUST90786832,Charles Lopez,charles.lopez212@example.com,+91-8556581277,United States,Phoenix,2024-09-16 20:15:09
CUST43038294,Mary Brown,mary.brown37@example.com,+91-8559872348,Japan,Osaka,2026-01-04 20:15:09
CUST26032898,Robert Sanchez,robert.sanchez847@example.com,+91-7643513649,France,Paris,2025-04-07 20:15:09
CUST08364320,Charles Smith,charles.smith815@example.com,+91-8648800522,Brazil,Brasilia,2025-12-06 20:15:09
CUST42658007,Joseph Perez,joseph.perez306@example.com,+91-7437964986,Singapore,Singapore,2025-01-28 20:15:09
CUST30356239,Betty Jones,betty.jones801@example.com,+91-7076414131,Japan,Hiroshima,2024-02-27 20:15:09
CUST83779376,Joseph Jackson,joseph.jackson61@example.com,+91-7419534636,Germany,Hamburg,2026-02-19 20:15:09
CUST11091590,Michael Harris,michael.harris762@example.com,+91-7067959907,India,Mumbai,2024-08-22 20:15:09
CUST09195184,Linda Ramirez,linda.ramirez650@example.com,+91-8521790594,Brazil,Brasilia,2025-07-04 20:15:09
CUST86669621,Mary Rodriguez,mary.rodriguez619@example.com,+91-9894242199,Japan,Tokyo,2024-02-27 20:15:09
CUST88574908,Margaret Lopez,margaret.lopez264@example.com,+91-9386755124,Japan,Yokohama,2025-09-27 20:15:09
CUST36247021,Ashley Williams,ashley.williams987@example.com,+91-9014405596,United States,Los Angeles,2024-11-26 20:15:09
CUST42283305,Linda Perez,linda.perez53@example.com,+91-7213633868,India,Thane,2026-02-11 20:15:09
CUST04531392,Elizabeth Lee,elizabeth.lee831@example.com,+91-8928777362,India,Thane,2025-11-19 20:15:09
CUST40965920,William Jackson,william.jackson535@example.com,+91-7500053292,Germany,Munich,2026-02-10 20:15:09
CUST41102470,Thomas Thompson,thomas.thompson178@example.com,+91-8559096373,Japan,Kyoto,2024-02-27 20:15:09
CUST60204959,David Hernandez,david.hernandez355@example.com,+91-8284919528,France,Lyon,2025-01-09 20:15:09
CUST60296355,Robert Thomas,robert.thomas567@example.com,+91-7487957868,France,Marseille,2024-11-18 20:15:09
CUST28769097,Mark Miller,mark.miller975@example.com,+91-9332937776,India,Hyderabad,2024-04-21 20:15:09
CUST69418792,David Sanchez,david.sanchez285@example.com,+91-8755753476,India,Pune,2026-02-05 20:15:09
CUST53185906,Emily Gonzalez,emily.gonzalez665@example.com,+91-8312983354,Germany,Frankfurt,2025-10-31 20:15:09
CUST53885140,Jessica Sanchez,jessica.sanchez534@example.com,+91-8478977640,India,Surat,2026-02-09 20:15:09
CUST26161296,Nancy Harris,nancy.harris743@example.com,+91-9325743761,United Kingdom,Birmingham,2025-12-31 20:15:09
CUST59858035,Anthony Hernandez,anthony.hernandez211@example.com,+91-9597294957,India,Delhi,2025-12-25 20:15:09
CUST04206205,John Ramirez,john.ramirez540@example.com,+91-8243432379,France,Lyon,2025-09-25 20:15:09
CUST44160810,Mary Brown,mary.brown14@example.com,+91-9102846761,Japan,Hiroshima,2025-12-12 20:15:09
CUST69293928,Michael Jackson,michael.jackson606@example.com,+91-7499749286,Brazil,Sao Paulo,2026-02-01 20:15:09
CUST74531667,Karen Davis,karen.davis382@example.com,+91-8774473064,Singapore,Singapore,2026-01-13 20:15:09
CUST54137272,Ashley Wilson,ashley.wilson987@example.com,+91-8135894790,India,Kolkata,2026-01-19 20:15:09
CUST66060476,Joseph Thomas,joseph.thomas112@example.com,+91-8140569383,United States,Los Angeles,2024-02-27 20:15:09
CUST18362974,Robert Perez,robert.perez831@example.com,+91-9985731355,Australia,Brisbane,2025-03-17 20:15:09
CUST98654061,Jennifer Lee,jennifer.lee244@example.com,+91-8837215163,Japan,Tokyo,2024-02-27 20:15:09
CUST45095221,Jessica Anderson,jessica.anderson881@example.com,+91-9894657387,Germany,Munich,2025-10-09 20:15:09
CUST71119491,Emily Thompson,emily.thompson456@example.com,+91-7880351115,United Kingdom,Leeds,2025-12-09 20:15:09
CUST87732997,Thomas Anderson,thomas.anderson428@example.com,+91-8311334790,Singapore,Singapore,2025-02-02 20:15:09
CUST67531447,Mark Lewis,mark.lewis15@example.com,+91-9342636003,Australia,Sydney,2025-11-22 20:15:09
CUST02647849,Sarah Davis,sarah.davis11@example.com,+91-9229441518,Singapore,Singapore,2025-12-02 20:15:09
CUST56762981,Patricia Lewis,patricia.lewis540@example.com,+91-7732175784,Germany,Berlin,2025-12-24 20:15:09
CUST23984742,Margaret Williams,margaret.williams269@example.com,+91-9422251559,Brazil,Rio de Janeiro,2026-01-24 20:15:09
CUST04117593,Richard Thompson,richard.thompson7@example.com,+91-9791444384,United Kingdom,Glasgow,2025-12-16 20:15:09
CUST21024571,Joseph Smith,joseph.smith708@example.com,+91-8748576321,Singapore,Singapore,2025-11-12 20:15:09
CUST68146553,Michael Miller,michael.miller920@example.com,+91-7891389444,Australia,Perth,2025-05-30 20:15:09
CUST01244623,Barbara Lopez,barbara.lopez936@example.com,+91-9033928422,Singapore,Singapore,2026-02-11 20:15:09
CUST53944625,Sandra Gonzalez,sandra.gonzalez4@example.com,+91-8453860687,United States,Los Angeles,2025-12-31 20:15:09
CUST45152626,Mary Davis,mary.davis337@example.com,+91-9723879816,India,Delhi,2025-01-20 20:15:09
CUST89776525,Joseph Walker,joseph.walker256@example.com,+91-9549342818,United States,Phoenix,2026-01-19 20:15:09
CUST51970135,Christopher Davis,christopher.davis102@example.com,+91-9916790007,Japan,Yokohama,2025-11-16 20:15:09
CUST20640624,Jennifer Hernandez,jennifer.hernandez87@example.com,+91-8189493381,Japan,Osaka,2024-10-28 20:15:09
CUST80219805,Robert Ramirez,robert.ramirez776@example.com,+91-8803149618,Canada,Ottawa,2026-01-17 20:15:09
CUST33185940,William Martinez,william.martinez949@example.com,+91-7950756518,Singapore,Singapore,2026-02-05 20:15:09
CUST90476630,William Sanchez,william.sanchez246@example.com,+91-8750796446,Brazil,Salvador,2025-09-18 20:15:09
CUST26522847,Patricia Wilson,patricia.wilson692@example.com,+91-8059096282,France,Toulouse,2025-12-01 20:15:09
CUST79533478,Emily White,emily.white371@example.com,+91-9417458760,France,Toulouse,2025-08-09 20:15:09
CUST95456891,William Thompson,william.thompson299@example.com,+91-8340264605,India,Chennai,2025-01-26 20:15:09
CUST90120384,David Miller,david.miller64@example.com,+91-7667462560,India,Thane,2026-01-22 20:15:09
CUST67550310,Linda Thomas,linda.thomas240@example.com,+91-8881876107,Singapore,Singapore,2025-07-30 20:15:09
CUST22797022,Anthony Miller,anthony.miller641@example.com,+91-7673296412,Canada,Ottawa,2025-09-08 20:15:09
CUST53315718,Margaret Martin,margaret.martin474@example.com,+91-7013233299,Singapore,Singapore,2026-01-20 20:15:09
CUST62013143,Ashley Ramirez,ashley.ramirez298@example.com,+91-7780012582,Singapore,Singapore,2025-07-03 20:15:09
CUST84434521,Daniel Lewis,daniel.lewis73@example.com,+91-7046194292,United States,New York,2025-12-11 20:15:09
CUST38332778,Ashley Perez,ashley.perez119@example.com,+91-7218155818,United States,Chicago,2025-09-17 20:15:09
CUST98496039,Betty Smith,betty.smith452@example.com,+91-8625500692,United States,Houston,2026-02-06 20:15:09
CUST23670027,Betty Smith,betty.smith918@example.com,+91-8662436936,Canada,Montreal,2025-09-30 20:15:09
CUST83305294,Mark Hernandez,mark.hernandez382@example.com,+91-7834753234,Brazil,Brasilia,2025-11-29 20:15:09
CUST83795307,Jessica Ramirez,jessica.ramirez876@example.com,+91-9944234899,Singapore,Singapore,2025-01-02 20:15:09
CUST50161995,Linda Taylor,linda.taylor267@example.com,+91-8432991423,Brazil,Brasilia,2026-02-12 20:15:09
CUST98868176,Michael Jones,michael.jones901@example.com,+91-7094574970,Japan,Tokyo,2025-10-18 20:15:09
CUST60197346,Charles Martinez,charles.martinez32@example.com,+91-7175750729,Australia,Sydney,2025-09-30 20:15:09
CUST38749069,Emily Garcia,emily.garcia357@example.com,+91-8918756620,France,Toulouse,2025-04-18 20:15:09
CUST17224434,Richard Anderson,richard.anderson370@example.com,+91-9491126763,United Kingdom,Birmingham,2025-08-03 20:15:09
CUST26445434,Richard White,richard.white122@example.com,+91-7567712646,Canada,Vancouver,2025-06-04 20:15:09
CUST36956692,Mary Clark,mary.clark948@example.com,+91-9269125568,India,Chennai,2025-02-26 20:15:09
CUST42163254,William Gonzalez,william.gonzalez519@example.com,+91-9595599114,India,Ahmedabad,2024-11-01 20:15:09
CUST75299252,Betty Martin,betty.martin599@example.com,+91-7163942075,United States,Phoenix,2025-11-27 20:15:09
CUST72244327,Charles Martin,charles.martin492@example.com,+91-9408275118,United States,Chicago,2025-08-23 20:15:09
CUST34652030,Anthony Williams,anthony.williams629@example.com,+91-8055222359,United States,Phoenix,2024-12-07 20:15:09
CUST72599035,Linda Robinson,linda.robinson613@example.com,+91-9616971876,Germany,Frankfurt,2024-02-27 20:15:09
CUST63448401,Linda Perez,linda.perez670@example.com,+91-9887708239,United States,Phoenix,2024-09-08 20:15:09
CUST13946996,Susan Clark,susan.clark312@example.com,+91-9905560862,India,Lucknow,2025-11-06 20:15:09
CUST74451447,Betty Clark,betty.clark541@example.com,+91-8765928503,Australia,Sydney,2026-01-05 20:15:09
CUST73710174,Robert Gonzalez,robert.gonzalez311@example.com,+91-9941363735,Australia,Melbourne,2025-09-16 20:15:09
CUST23824033,Anthony Martinez,anthony.martinez276@example.com,+91-8067059094,United States,Phoenix,2025-04-03 20:15:09
CUST31141968,Thomas Walker,thomas.walker718@example.com,+91-7758634606,India,Lucknow,2025-09-14 20:15:09
CUST10061023,Jessica Lewis,jessica.lewis27@example.com,+91-8240538417,Germany,Cologne,2025-09-19 20:15:09
CUST65001209,Daniel Gonzalez,daniel.gonzalez137@example.com,+91-8290494246,Singapore,Singapore,2024-12-10 20:15:09
CUST96366144,James Walker,james.walker866@example.com,+91-7400272865,Germany,Berlin,2025-11-09 20:15:09
CUST71223969,Barbara Thomas,barbara.thomas21@example.com,+91-7402348770,Brazil,Fortaleza,2024-11-05 20:15:09
CUST33486158,Sarah Rodriguez,sarah.rodriguez733@example.com,+91-8563364925,France,Toulouse,2025-10-22 20:15:09
CUST02506842,Patricia White,patricia.white185@example.com,+91-9742081450,Japan,Kyoto,2025-11-22 20:15:09
CUST29383408,Anthony Lopez,anthony.lopez820@example.com,+91-7264377041,Canada,Vancouver,2025-10-02 20:15:09
CUST74643089,Joseph Harris,joseph.harris772@example.com,+91-9203372765,Singapore,Singapore,2025-03-14 20:15:09
CUST86893821,Barbara Thompson,barbara.thompson645@example.com,+91-8845875398,Singapore,Singapore,2026-01-25 20:15:09
CUST86490779,William Clark,william.clark291@example.com,+91-8952578888,Singapore,Singapore,2026-01-04 20:15:09
CUST72066570,Nancy Ramirez,nancy.ramirez716@example.com,+91-9300709996,United Kingdom,Manchester,2024-02-27 20:15:09
CUST76327006,William Perez,william.perez678@example.com,+91-9694379495,Germany,Berlin,2026-01-11 20:15:09
CUST97746120,Margaret Brown,margaret.brown122@example.com,+91-8355465876,United Kingdom,Glasgow,2025-08-06 20:15:09
CUST95287562,Sarah Gonzalez,sarah.gonzalez18@example.com,+91-7262772108,Germany,Munich,2025-07-31 20:15:09
CUST59044086,David Harris,david.harris596@example.com,+91-7115843163,Australia,Sydney,2025-09-16 20:15:09
CUST97130337,John Davis,john.davis724@example.com,+91-8486882998,Germany,Munich,2025-06-20 20:15:09
CUST34339529,Matthew Clark,matthew.clark235@example.com,+91-9552492174,Canada,Ottawa,2025-12-25 20:15:09
CUST20539534,Jessica Martin,jessica.martin451@example.com,+91-9279574556,India,Nagpur,2025-08-15 20:15:09
CUST65478241,Barbara Sanchez,barbara.sanchez699@example.com,+91-7305740505,Singapore,Singapore,2025-11-05 20:15:09
CUST86276787,Margaret Clark,margaret.clark350@example.com,+91-8801974834,France,Nice,2025-06-08 20:15:09
CUST60210564,David Perez,david.perez533@example.com,+91-8941319967,France,Toulouse,2026-01-20 20:15:09
CUST86039904,Nancy Johnson,nancy.johnson916@example.com,+91-9514360716,India,Jaipur,2025-08-05 20:15:09
CUST20325446,Patricia Lewis,patricia.lewis43@example.com,+91-7640145186,Brazil,Brasilia,2026-01-08 20:15:09
CUST04650566,Karen Lee,karen.lee124@example.com,+91-7290200059,Germany,Hamburg,2025-12-09 20:15:09
CUST41667669,Barbara Johnson,barbara.johnson915@example.com,+91-8862111153,Australia,Perth,2025-12-28 20:15:09
CUST62006213,Jennifer Lee,jennifer.lee376@example.com,+91-7580585577,Japan,Hiroshima,2026-01-08 20:15:09
CUST99716036,Mary Moore,mary.moore538@example.com,+91-7950074184,Australia,Sydney,2024-12-28 20:15:09
CUST99092833,Barbara Williams,barbara.williams713@example.com,+91-8150158379,France,Lyon,2025-12-07 20:15:09
CUST38182311,Susan Walker,susan.walker308@example.com,+91-8640612348,United States,Phoenix,2024-05-30 20:15:09
CUST00349295,Thomas Rodriguez,thomas.rodriguez907@example.com,+91-9656689261,Brazil,Sao Paulo,2024-02-27 20:15:09
CUST50480648,David Williams,david.williams852@example.com,+91-9289490868,Germany,Berlin,2025-08-04 20:15:09
CUST47726675,John White,john.white380@example.com,+91-8952246553,United Kingdom,London,2026-01-20 20:15:09
CUST88268357,Lisa Anderson,lisa.anderson287@example.com,+91-9101114803,India,Mumbai,2025-11-04 20:15:09
CUST77567955,Jennifer Clark,jennifer.clark874@example.com,+91-8727501593,United States,Phoenix,2025-02-03 20:15:09
CUST52818065,Christopher Garcia,christopher.garcia27@example.com,+91-8988607082,Australia,Sydney,2025-11-07 20:15:09
CUST37323874,John Smith,john.smith298@example.com,+91-7383799238,United States,Los Angeles,2026-02-04 20:15:09
CUST31819218,Margaret Miller,margaret.miller520@example.com,+91-7703747424,Singapore,Singapore,2025-08-12 20:15:09
CUST96859772,Jennifer Thomas,jennifer.thomas956@example.com,+91-9737035525,Canada,Calgary,2024-11-30 20:15:09
CUST80130380,James Moore,james.moore327@example.com,+91-9926669639,Singapore,Singapore,2025-02-05 20:15:09
CUST01141589,Sandra Robinson,sandra.robinson872@example.com,+91-9832563181,Brazil,Rio de Janeiro,2026-01-11 20:15:09
CUST91394840,Sandra Wilson,sandra.wilson463@example.com,+91-7028218730,Japan,Osaka,2025-05-31 20:15:09
CUST62981428,Betty Moore,betty.moore861@example.com,+91-8335141873,Japan,Yokohama,2025-12-28 20:15:09
CUST14933435,Margaret Moore,margaret.moore584@example.com,+91-9749119322,India,Kolkata,2025-12-29 20:15:09
CUST65063216,Ashley Thompson,ashley.thompson256@example.com,+91-9820020361,Brazil,Rio de Janeiro,2024-10-10 20:15:09
CUST27836046,Emily White,emily.white79@example.com,+91-8508164706,United States,New York,2025-12-19 20:15:09
CUST76226443,Michael Martin,michael.martin606@example.com,+91-8797718221,India,Pune,2025-12-14 20:15:09
CUST66936827,Robert Thompson,robert.thompson793@example.com,+91-8250743017,United Kingdom,Birmingham,2026-02-26 20:15:09
CUST69745707,Jennifer Gonzalez,jennifer.gonzalez747@example.com,+91-8755052333,Canada,Ottawa,2024-10-17 20:15:09
CUST95096292,Betty Johnson,betty.johnson582@example.com,+91-7879749786,Australia,Sydney,2025-02-09 20:15:09
CUST56946992,Anthony Davis,anthony.davis499@example.com,+91-7622655280,France,Toulouse,2025-07-01 20:15:09
CUST74184204,Charles Lewis,charles.lewis512@example.com,+91-8294594638,Germany,Berlin,2025-03-26 20:15:09
CUST32346918,William Martin,william.martin107@example.com,+91-8806569502,Australia,Melbourne,2026-01-17 20:15:09
CUST53511421,David Moore,david.moore947@example.com,+91-7804214104,India,Mumbai,2025-09-30 20:15:09
CUST69549207,Nancy Taylor,nancy.taylor638@example.com,+91-8899766896,United Kingdom,Manchester,2025-11-13 20:15:09
CUST31738479,Thomas Rodriguez,thomas.rodriguez118@example.com,+91-8770485906,Brazil,Salvador,2026-02-03 20:15:09
CUST01366224,Barbara Williams,barbara.williams729@example.com,+91-9689420892,Brazil,Brasilia,2025-09-17 20:15:09
CUST84679445,Christopher Smith,christopher.smith531@example.com,+91-8280403099,United States,Chicago,2024-06-20 20:15:09
CUST14052321,Linda Davis,linda.davis940@example.com,+91-7547813785,Singapore,Singapore,2026-02-17 20:15:09
CUST88518688,Thomas Lopez,thomas.lopez317@example.com,+91-7463357354,Canada,Montreal,2025-12-05 20:15:09
CUST48065162,Ashley Wilson,ashley.wilson795@example.com,+91-8986319491,France,Marseille,2026-01-01 20:15:09
CUST85693258,Joseph Jackson,joseph.jackson9@example.com,+91-9895669515,United Kingdom,Manchester,2025-12-22 20:15:09
CUST08969353,Michael Jones,michael.jones848@example.com,+91-9583741632,Brazil,Salvador,2024-07-25 20:15:09
CUST62492901,James Clark,james.clark813@example.com,+91-9310090924,India,Delhi,2025-09-26 20:15:09
CUST04867370,David Garcia,david.garcia712@example.com,+91-9426850085,India,Lucknow,2025-09-27 20:15:09
CUST38659592,Jessica Anderson,jessica.anderson900@example.com,+91-8652847800,Japan,Kyoto,2025-03-16 20:15:09
CUST00050887,Christopher Wilson,christopher.wilson524@example.com,+91-7058017993,Canada,Calgary,2026-01-17 20:15:09
CUST09419876,James Thompson,james.thompson805@example.com,+91-9815982217,Australia,Sydney,2025-09-17 20:15:09
CUST40807511,Elizabeth Johnson,elizabeth.johnson895@example.com,+91-9535394200,Australia,Sydney,2025-10-13 20:15:09
CUST12390554,Sandra Gonzalez,sandra.gonzalez859@example.com,+91-9916131690,Japan,Osaka,2025-07-20 20:15:09
CUST68638152,William Anderson,william.anderson551@example.com,+91-8020961347,Canada,Ottawa,2024-02-27 20:15:09
CUST25884663,Karen Jackson,karen.jackson91@example.com,+91-7227703863,Canada,Calgary,2025-03-06 20:15:09
CUST38549862,Elizabeth Harris,elizabeth.harris671@example.com,+91-7925768536,Australia,Melbourne,2025-10-26 20:15:09
CUST60394261,Michael Lewis,michael.lewis420@example.com,+91-7370624361,Japan,Tokyo,2024-12-26 20:15:09
CUST60768604,Sarah White,sarah.white336@example.com,+91-9693877650,India,Surat,2026-01-12 20:15:09
CUST47566289,David Lee,david.lee83@example.com,+91-7305084609,United States,Los Angeles,2026-02-19 20:15:09
CUST27372285,Linda Thomas,linda.thomas179@example.com,+91-8807701135,Canada,Ottawa,2026-01-02 20:15:09
CUST35086985,Barbara Moore,barbara.moore678@example.com,+91-7096654157,Singapore,Singapore,2025-11-17 20:15:09
CUST54896946,Daniel Anderson,daniel.anderson674@example.com,+91-9649598315,United States,New York,2025-09-06 20:15:09
CUST84062870,William Hernandez,william.hernandez348@example.com,+91-9983120058,France,Marseille,2025-07-09 20:15:09
CUST82169240,Linda Jones,linda.jones139@example.com,+91-8481565033,Australia,Perth,2024-07-19 20:15:09
CUST84167098,Linda Jackson,linda.jackson485@example.com,+91-9959644615,United States,Houston,2025-09-06 20:15:09
CUST54428062,Ashley Lewis,ashley.lewis451@example.com,+91-7567069546,Canada,Montreal,2025-09-10 20:15:09
CUST86064246,Mary Walker,mary.walker692@example.com,+91-7345752339,India,Delhi,2026-02-14 20:15:09
CUST01138432,James Clark,james.clark796@example.com,+91-8858524513,Germany,Munich,2026-02-18 20:15:09
CUST39331559,Barbara Robinson,barbara.robinson898@example.com,+91-9321887093,Singapore,Singapore,2025-08-16 20:15:09
CUST29414851,Lisa Smith,lisa.smith47@example.com,+91-7220211022,Japan,Hiroshima,2025-10-09 20:15:09
CUST26322635,Patricia Garcia,patricia.garcia651@example.com,+91-9691558074,France,Marseille,2024-12-09 20:15:09
CUST21633721,Charles Martinez,charles.martinez42@example.com,+91-8835665723,Brazil,Sao Paulo,2026-01-15 20:15:09
CUST55616836,Nancy Lee,nancy.lee334@example.com,+91-9421708672,United Kingdom,London,2026-02-20 20:15:09
CUST51186266,Sarah Garcia,sarah.garcia868@example.com,+91-8984352760,Canada,Ottawa,2025-10-04 20:15:09
CUST87364910,Jennifer Williams,jennifer.williams271@example.com,+91-9342921477,Singapore,Singapore,2025-12-23 20:15:09
CUST31026522,James Ramirez,james.ramirez619@example.com,+91-7882589925,India,Jaipur,2026-02-14 20:15:09
CUST65574377,Karen Harris,karen.harris540@example.com,+91-9857452133,Brazil,Salvador,2025-04-19 20:15:09
CUST37502066,Emily Sanchez,emily.sanchez167@example.com,+91-7289240308,Brazil,Salvador,2026-01-29 20:15:09
CUST07810903,Mark Clark,mark.clark867@example.com,+91-9104929505,India,Kanpur,2025-07-13 20:15:09
CUST73337943,Karen Johnson,karen.johnson579@example.com,+91-7404035813,Canada,Ottawa,2025-12-08 20:15:09
CUST24281563,David Wilson,david.wilson941@example.com,+91-8318766528,Singapore,Singapore,2026-01-11 20:15:09
CUST37286072,Michael Garcia,michael.garcia327@example.com,+91-9147235330,Australia,Brisbane,2025-11-02 20:15:09
CUST98473921,Robert Robinson,robert.robinson842@example.com,+91-8768042841,United Kingdom,Leeds,2025-01-29 20:15:09
CUST10290509,Richard Jones,richard.jones3@example.com,+91-9711507413,Brazil,Sao Paulo,2025-10-28 20:15:09
CUST22606979,Ashley Gonzalez,ashley.gonzalez214@example.com,+91-8055008720,Australia,Brisbane,2025-03-25 20:15:09
CUST76559011,Lisa Gonzalez,lisa.gonzalez369@example.com,+91-7378567081,Germany,Berlin,2026-01-25 20:15:09
CUST80113507,Sarah Perez,sarah.perez814@example.com,+91-9830846874,Australia,Brisbane,2025-03-03 20:15:09
CUST36789361,Karen Moore,karen.moore173@example.com,+91-8101529908,France,Lyon,2025-12-23 20:15:09
CUST88040120,John Lewis,john.lewis273@example.com,+91-8570115048,France,Marseille,2025-05-27 20:15:09
CUST10474796,William Thomas,william.thomas225@example.com,+91-8436531982,France,Lyon,2025-08-08 20:15:09
CUST23551225,Lisa Walker,lisa.walker450@example.com,+91-8275983692,France,Toulouse,2024-05-23 20:15:09
CUST03372825,Matthew Jackson,matthew.jackson472@example.com,+91-9678976812,Singapore,Singapore,2025-10-30 20:15:09
CUST52349043,William Gonzalez,william.gonzalez342@example.com,+91-8771134129,Japan,Tokyo,2026-02-10 20:15:09
CUST56903535,Betty Lopez,betty.lopez887@example.com,+91-7571529256,France,Nice,2026-02-22 20:15:09
CUST12036588,David Miller,david.miller874@example.com,+91-9421090294,Canada,Montreal,2024-12-27 20:15:09
CUST32577037,Emily Clark,emily.clark854@example.com,+91-7212222413,United Kingdom,Manchester,2025-08-29 20:15:09
CUST11148910,Elizabeth Moore,elizabeth.moore790@example.com,+91-7565224218,Japan,Tokyo,2025-02-28 20:15:09
CUST12512167,Charles Robinson,charles.robinson58@example.com,+91-7064750448,France,Marseille,2025-12-23 20:15:09
CUST49161636,Mary Brown,mary.brown857@example.com,+91-9097264681,Australia,Melbourne,2025-11-16 20:15:09
CUST21336445,Michael Thompson,michael.thompson916@example.com,+91-9990727414,Australia,Brisbane,2026-02-19 20:15:09
CUST28598849,Sarah Wilson,sarah.wilson221@example.com,+91-8614752890,Brazil,Salvador,2024-02-27 20:15:09
CUST50453820,Robert Lewis,robert.lewis497@example.com,+91-7806115773,Germany,Berlin,2025-06-03 20:15:09
CUST47449745,Linda White,linda.white299@example.com,+91-8379763193,France,Toulouse,2024-05-09 20:15:09
CUST17139121,Emily Thompson,emily.thompson164@example.com,+91-7711907367,Brazil,Salvador,2025-12-13 20:15:09
CUST17059113,Barbara Garcia,barbara.garcia29@example.com,+91-8652625775,Singapore,Singapore,2025-07-11 20:15:09
CUST82988692,Elizabeth Thomas,elizabeth.thomas176@example.com,+91-8337880010,United States,Phoenix,2025-05-26 20:15:09
CUST51836585,Nancy Robinson,nancy.robinson590@example.com,+91-7973644899,Canada,Vancouver,2025-11-26 20:15:09
CUST96616419,Daniel Johnson,daniel.johnson880@example.com,+91-8468904625,Germany,Frankfurt,2024-11-25 20:15:09
CUST59367863,Joseph Miller,joseph.miller781@example.com,+91-7138595762,Singapore,Singapore,2024-03-13 20:15:09
CUST33593911,Sarah Hernandez,sarah.hernandez715@example.com,+91-9924472500,Singapore,Singapore,2024-09-19 20:15:09
CUST04856383,Richard Smith,richard.smith468@example.com,+91-8224618115,United States,Houston,2025-04-06 20:15:09
CUST70579335,Sandra White,sandra.white790@example.com,+91-8636337627,France,Lyon,2025-12-09 20:15:09
CUST88673168,William Perez,william.perez651@example.com,+91-9869000199,Canada,Calgary,2025-12-08 20:15:09
CUST70737130,Thomas Lewis,thomas.lewis433@example.com,+91-9833448792,United Kingdom,London,2024-02-27 20:15:09
CUST06520344,Anthony Anderson,anthony.anderson255@example.com,+91-7860621088,Japan,Yokohama,2026-02-24 20:15:09
CUST88317038,Margaret Clark,margaret.clark751@example.com,+91-7966028695,Germany,Munich,2025-04-26 20:15:09
CUST92068784,William Wilson,william.wilson354@example.com,+91-7641484022,United Kingdom,Birmingham,2025-05-04 20:15:09
CUST63842968,Sarah Miller,sarah.miller374@example.com,+91-8034100144,United Kingdom,London,2025-07-04 20:15:09
CUST91845250,Robert White,robert.white449@example.com,+91-9793986651,Canada,Vancouver,2024-02-27 20:15:09
CUST56809740,Matthew Martinez,matthew.martinez41@example.com,+91-7297149390,Germany,Munich,2025-11-28 20:15:09
CUST99503691,John Brown,john.brown757@example.com,+91-9187285989,Canada,Montreal,2025-11-17 20:15:09
CUST02586701,Emily Martinez,emily.martinez197@example.com,+91-9953707190,India,Lucknow,2026-02-06 20:15:09
CUST10527402,Robert White,robert.white134@example.com,+91-7315184191,Germany,Cologne,2025-10-07 20:15:09
CUST62037235,Patricia Anderson,patricia.anderson467@example.com,+91-9360661136,United States,Chicago,2025-12-15 20:15:09
CUST04931153,Christopher Johnson,christopher.johnson74@example.com,+91-8426493042,Japan,Hiroshima,2025-11-16 20:15:09
CUST17946075,Betty Smith,betty.smith118@example.com,+91-7449758441,India,Kolkata,2024-12-16 20:15:09
CUST94840231,Nancy Brown,nancy.brown115@example.com,+91-7153594019,United Kingdom,London,2024-05-01 20:15:09
CUST02649316,Betty Brown,betty.brown509@example.com,+91-7859286678,Japan,Kyoto,2026-01-08 20:15:09
CUST14306387,Ashley Lewis,ashley.lewis308@example.com,+91-7085902876,United Kingdom,Manchester,2025-11-05 20:15:09
CUST45398400,Margaret White,margaret.white954@example.com,+91-9501045015,United States,Phoenix,2024-05-25 20:15:09
CUST99720865,Jessica Sanchez,jessica.sanchez169@example.com,+91-9681487863,United Kingdom,Glasgow,2026-02-11 20:15:09
CUST17715830,Mark Walker,mark.walker728@example.com,+91-9538999920,United Kingdom,Glasgow,2026-02-03 20:15:09
CUST21781464,Thomas Martin,thomas.martin546@example.com,+91-8861839410,Canada,Montreal,2026-01-14 20:15:09
CUST58007576,Betty Clark,betty.clark480@example.com,+91-7637431419,Japan,Kyoto,2025-07-21 20:15:09
CUST44564500,Sarah Miller,sarah.miller708@example.com,+91-7578757194,United States,Houston,2026-01-18 20:15:09
CUST62378270,Thomas Walker,thomas.walker364@example.com,+91-8951655517,United States,Phoenix,2024-02-27 20:15:09
CUST67383108,Barbara Johnson,barbara.johnson940@example.com,+91-7648666833,Singapore,Singapore,2025-10-05 20:15:09
CUST38485894,Christopher White,christopher.white114@example.com,+91-7375532866,United Kingdom,Manchester,2025-09-10 20:15:09
CUST66716948,Mary Moore,mary.moore222@example.com,+91-8769479014,Germany,Berlin,2025-12-20 20:15:09
CUST28256337,Mary Harris,mary.harris659@example.com,+91-9118391708,Singapore,Singapore,2025-09-25 20:15:09
CUST06639602,Margaret Smith,margaret.smith427@example.com,+91-9687504929,France,Marseille,2025-06-08 20:15:09
CUST78393427,Barbara Lopez,barbara.lopez600@example.com,+91-9464939919,United States,Phoenix,2025-03-25 20:15:09
CUST24336575,Charles Harris,charles.harris992@example.com,+91-7181715037,United Kingdom,Manchester,2025-03-22 20:15:09
CUST16183824,Mark Gonzalez,mark.gonzalez270@example.com,+91-9619561568,United Kingdom,Glasgow,2025-08-01 20:15:09
CUST42869743,James Davis,james.davis24@example.com,+91-9976841896,Canada,Toronto,2024-08-04 20:15:09
CUST38718398,John Rodriguez,john.rodriguez915@example.com,+91-7761768501,Australia,Perth,2025-01-09 20:15:09
CUST83990424,Christopher Johnson,christopher.johnson871@example.com,+91-8546481831,Singapore,Singapore,2025-03-19 20:15:09
CUST73032692,Betty Thomas,betty.thomas613@example.com,+91-7586819716,France,Lyon,2026-02-13 20:15:09
CUST14080400,Ashley Smith,ashley.smith4@example.com,+91-8069782018,Singapore,Singapore,2026-02-25 20:15:09
CUST12984565,Elizabeth Sanchez,elizabeth.sanchez356@example.com,+91-9100520277,United States,Phoenix,2025-12-30 20:15:09
CUST00822527,Daniel Brown,daniel.brown296@example.com,+91-9883613835,Japan,Hiroshima,2025-06-06 20:15:09
CUST91696811,Betty Thompson,betty.thompson349@example.com,+91-8153488069,United Kingdom,Leeds,2025-10-21 20:15:09
CUST71684759,John Garcia,john.garcia725@example.com,+91-9278056012,Japan,Tokyo,2025-10-24 20:15:09
CUST98688642,Christopher Gonzalez,christopher.gonzalez195@example.com,+91-9604852147,Singapore,Singapore,2024-09-19 20:15:09
CUST22406327,Robert Moore,robert.moore230@example.com,+91-9876019722,United States,Los Angeles,2024-08-26 20:15:09
CUST76685427,Mark Lewis,mark.lewis618@example.com,+91-8314089470,Australia,Perth,2024-07-23 20:15:09
CUST52270191,Mark Gonzalez,mark.gonzalez499@example.com,+91-9307340928,Australia,Sydney,2025-11-27 20:15:09
CUST39009918,Nancy Garcia,nancy.garcia504@example.com,+91-8731910962,Australia,Brisbane,2025-05-17 20:15:09
CUST00943846,James Clark,james.clark723@example.com,+91-8333302150,Singapore,Singapore,2025-12-11 20:15:09
CUST31553796,William White,william.white308@example.com,+91-8265211382,France,Toulouse,2026-01-06 20:15:09
CUST51812996,Nancy Smith,nancy.smith24@example.com,+91-9247020013,Australia,Adelaide,2026-01-08 20:15:09
CUST59177915,Linda Rodriguez,linda.rodriguez914@example.com,+91-7957491182,Germany,Cologne,2025-11-17 20:15:09
CUST44696776,Robert Lopez,robert.lopez529@example.com,+91-8824632770,Australia,Sydney,2025-10-13 20:15:09
CUST57892980,Mary Williams,mary.williams621@example.com,+91-9266941706,France,Paris,2024-12-21 20:15:09
CUST20275167,Elizabeth Martin,elizabeth.martin726@example.com,+91-8320985302,Germany,Hamburg,2026-01-26 20:15:09
CUST49280136,Elizabeth Lewis,elizabeth.lewis666@example.com,+91-7238381218,France,Paris,2025-04-09 20:15:09
CUST43071749,Mark Taylor,mark.taylor653@example.com,+91-9715663534,Japan,Hiroshima,2025-08-26 20:15:09
CUST34232940,Matthew Thompson,matthew.thompson365@example.com,+91-7400089423,United States,Los Angeles,2025-12-06 20:15:09
CUST64765771,Margaret White,margaret.white717@example.com,+91-8135704642,Australia,Melbourne,2025-09-14 20:15:09
CUST34143427,Jessica Wilson,jessica.wilson70@example.com,+91-8118548139,Germany,Cologne,2025-12-02 20:15:09
CUST67538085,Betty Smith,betty.smith336@example.com,+91-8770896577,United Kingdom,Leeds,2025-07-21 20:15:09
CUST64156944,Richard Lewis,richard.lewis337@example.com,+91-8119731304,France,Nice,2025-10-11 20:15:09
CUST94138460,James Jones,james.jones131@example.com,+91-9283644580,Australia,Brisbane,2026-01-14 20:15:09
CUST91264347,David Wilson,david.wilson350@example.com,+91-9895708234,France,Toulouse,2026-01-27 20:15:09
CUST59792463,Thomas Smith,thomas.smith409@example.com,+91-9820515952,Australia,Brisbane,2025-08-18 20:15:09
CUST68202283,Karen Lee,karen.lee898@example.com,+91-9999182089,Canada,Vancouver,2024-08-09 20:15:09
CUST97478142,Richard Martin,richard.martin246@example.com,+91-9196628881,United States,New York,2025-11-16 20:15:09
CUST48362662,Nancy Lewis,nancy.lewis26@example.com,+91-7564589656,Canada,Ottawa,2025-04-11 20:15:09
CUST32880692,Sandra Lewis,sandra.lewis909@example.com,+91-9300460531,Australia,Adelaide,2025-06-10 20:15:09
CUST57869607,James Martinez,james.martinez411@example.com,+91-7856257958,Japan,Yokohama,2024-05-15 20:15:09
CUST14414449,Thomas Walker,thomas.walker88@example.com,+91-8466204327,Canada,Calgary,2025-01-04 20:15:09
CUST04340771,Anthony Brown,anthony.brown299@example.com,+91-7086124905,Japan,Osaka,2025-08-07 20:15:09
CUST61487436,Susan Lewis,susan.lewis407@example.com,+91-9651407483,United Kingdom,Glasgow,2025-06-11 20:15:09
CUST90135612,Margaret Thomas,margaret.thomas415@example.com,+91-9801407298,Japan,Osaka,2024-08-19 20:15:09
CUST18026363,Margaret Anderson,margaret.anderson550@example.com,+91-8591725645,United States,Houston,2025-10-25 20:15:09
CUST50971724,Barbara Miller,barbara.miller258@example.com,+91-8465091633,France,Lyon,2025-11-22 20:15:09
CUST88008511,Sarah Jones,sarah.jones68@example.com,+91-9393892753,Germany,Frankfurt,2026-02-24 20:15:09
CUST00608444,Linda Clark,linda.clark684@example.com,+91-9601554348,India,Kolkata,2024-12-27 20:15:09
CUST08922142,Richard Clark,richard.clark358@example.com,+91-8384670987,United Kingdom,Manchester,2025-01-30 20:15:09
CUST26771701,James Ramirez,james.ramirez971@example.com,+91-8288103926,Australia,Brisbane,2026-01-31 20:15:09
CUST05635840,Betty Anderson,betty.anderson98@example.com,+91-9061965816,France,Nice,2025-08-01 20:15:09
CUST61510293,James Lopez,james.lopez380@example.com,+91-8667960750,Japan,Yokohama,2025-09-28 20:15:09
CUST65894448,Richard Sanchez,richard.sanchez308@example.com,+91-9873579662,Japan,Hiroshima,2026-01-27 20:15:09
CUST51691144,Karen White,karen.white198@example.com,+91-9424668677,Germany,Cologne,2024-02-27 20:15:09
CUST87285161,William Lee,william.lee79@example.com,+91-7384742785,United States,Houston,2025-12-30 20:15:09
CUST96734651,Barbara Rodriguez,barbara.rodriguez590@example.com,+91-9486899653,Brazil,Brasilia,2026-02-10 20:15:09
CUST80921555,Susan Taylor,susan.taylor841@example.com,+91-9558997588,Brazil,Rio de Janeiro,2025-07-22 20:15:09
CUST79633290,John Brown,john.brown573@example.com,+91-7261609711,France,Paris,2025-04-06 20:15:09
CUST07809668,Matthew Taylor,matthew.taylor534@example.com,+91-7072778955,United States,Los Angeles,2026-02-18 20:15:09
CUST89220321,Jennifer Sanchez,jennifer.sanchez754@example.com,+91-7462667674,Australia,Sydney,2025-06-10 20:15:09
CUST56761065,Linda Robinson,linda.robinson992@example.com,+91-7462839087,France,Marseille,2025-08-26 20:15:09
CUST66030636,Matthew Clark,matthew.clark132@example.com,+91-7077604770,India,Nagpur,2026-01-31 20:15:09
CUST67050808,Lisa Jackson,lisa.jackson14@example.com,+91-7461342674,Germany,Cologne,2026-01-11 20:15:09
CUST03226968,Jennifer Hernandez,jennifer.hernandez505@example.com,+91-7891523421,Australia,Perth,2025-08-06 20:15:09
CUST49338973,William Johnson,william.johnson184@example.com,+91-8476987855,United States,Phoenix,2025-12-03 20:15:09
CUST69586690,Margaret White,margaret.white819@example.com,+91-8290343328,Canada,Montreal,2024-04-20 20:15:09
CUST28339652,Ashley Johnson,ashley.johnson735@example.com,+91-8214679501,Germany,Frankfurt,2025-01-07 20:15:09
CUST76709535,John Clark,john.clark642@example.com,+91-7006313891,France,Toulouse,2024-02-27 20:15:09
CUST68440891,Jessica Taylor,jessica.taylor520@example.com,+91-8427084595,India,Delhi,2025-12-15 20:15:09
CUST61250765,Matthew Taylor,matthew.taylor147@example.com,+91-8402574306,United States,Chicago,2024-02-27 20:15:09
CUST68510420,Christopher Thomas,christopher.thomas53@example.com,+91-8581500341,Singapore,Singapore,2025-10-12 20:15:09
CUST36459019,Anthony Jackson,anthony.jackson741@example.com,+91-9544881743,Germany,Cologne,2025-11-15 20:15:09
CUST00017708,Daniel Thompson,daniel.thompson3@example.com,+91-7159790117,United Kingdom,Birmingham,2026-02-14 20:15:09
CUST71891129,Sarah Taylor,sarah.taylor9@example.com,+91-9502526907,France,Marseille,2026-02-13 20:15:09
CUST38633302,Charles Perez,charles.perez960@example.com,+91-7667292214,France,Lyon,2025-05-16 20:15:09
CUST66112441,Mark Johnson,mark.johnson907@example.com,+91-8322436569,United Kingdom,London,2025-09-30 20:15:09
CUST57916813,Joseph Garcia,joseph.garcia807@example.com,+91-8773523929,Germany,Berlin,2025-12-26 20:15:09
CUST00726148,Karen Taylor,karen.taylor346@example.com,+91-8583463221,United Kingdom,London,2025-07-10 20:15:09
CUST15691502,Matthew Lee,matthew.lee289@example.com,+91-8688272328,Brazil,Rio de Janeiro,2025-12-18 20:15:09
CUST72609597,David Garcia,david.garcia798@example.com,+91-9751756165,Singapore,Singapore,2025-08-01 20:15:09
CUST07991642,James Hernandez,james.hernandez157@example.com,+91-8423175092,India,Kolkata,2025-11-10 20:15:09
CUST05129983,Mark Thomas,mark.thomas82@example.com,+91-8502493550,Canada,Toronto,2024-12-31 20:15:09
CUST77030339,Sandra Lewis,sandra.lewis377@example.com,+91-7719261929,India,Jaipur,2025-01-04 20:15:09
CUST10151746,Margaret Rodriguez,margaret.rodriguez176@example.com,+91-9433204657,Australia,Brisbane,2025-09-22 20:15:09
CUST86641316,Patricia Perez,patricia.perez737@example.com,+91-8128268835,Canada,Toronto,2025-11-13 20:15:09
CUST85191373,Elizabeth Johnson,elizabeth.johnson739@example.com,+91-8601495153,Germany,Hamburg,2025-11-09 20:15:09
CUST82001223,Joseph Johnson,joseph.johnson315@example.com,+91-7794198242,Australia,Sydney,2025-01-24 20:15:09
CUST65808391,Jennifer Martinez,jennifer.martinez137@example.com,+91-9054809826,Australia,Perth,2025-11-22 20:15:09
CUST03466675,Emily Smith,emily.smith461@example.com,+91-9988572729,Canada,Calgary,2025-12-31 20:15:09
CUST47020442,Barbara Lopez,barbara.lopez638@example.com,+91-8633428066,Japan,Yokohama,2026-02-05 20:15:09
CUST15594962,Mark Garcia,mark.garcia322@example.com,+91-7204970944,Brazil,Salvador,2025-09-27 20:15:09
CUST00874802,Daniel Lee,daniel.lee132@example.com,+91-8586296502,Canada,Vancouver,2025-09-19 20:15:09
CUST70324909,Joseph Davis,joseph.davis757@example.com,+91-9669127227,Canada,Vancouver,2024-12-06 20:15:09
CUST50165730,Emily Martinez,emily.martinez113@example.com,+91-7505534772,Germany,Frankfurt,2025-12-28 20:15:09
CUST15943394,Lisa Thomas,lisa.thomas187@example.com,+91-8728052212,Singapore,Singapore,2025-11-02 20:15:09
CUST87375977,Karen Jones,karen.jones872@example.com,+91-7886898645,Australia,Perth,2025-01-20 20:15:09
CUST64850640,Mark Williams,mark.williams911@example.com,+91-9137688220,Germany,Frankfurt,2024-12-31 20:15:09
CUST01425229,Thomas Lee,thomas.lee453@example.com,+91-9608900748,Germany,Hamburg,2025-10-31 20:15:09
CUST92539415,Susan Gonzalez,susan.gonzalez417@example.com,+91-7291417298,Japan,Hiroshima,2025-09-30 20:15:09
CUST62424973,David White,david.white129@example.com,+91-8987764997,Brazil,Salvador,2025-12-01 20:15:09
CUST68914328,Jessica Thompson,jessica.thompson811@example.com,+91-8439340586,Australia,Sydney,2024-05-11 20:15:09
CUST65604708,Sarah Lee,sarah.lee658@example.com,+91-7237381981,France,Marseille,2026-01-27 20:15:09
CUST90041914,Karen Lee,karen.lee985@example.com,+91-8509430961,France,Marseille,2024-05-07 20:15:09
CUST63410379,Barbara Brown,barbara.brown167@example.com,+91-8402374195,Canada,Ottawa,2025-05-22 20:15:09
CUST63394977,Michael Thomas,michael.thomas222@example.com,+91-8880190954,Brazil,Brasilia,2025-08-26 20:15:09
CUST70120250,Karen Jones,karen.jones166@example.com,+91-8614870177,Singapore,Singapore,2026-02-18 20:15:09
CUST75464210,Nancy Garcia,nancy.garcia588@example.com,+91-8024878890,United States,New York,2025-09-22 20:15:09
CUST38670743,David Brown,david.brown407@example.com,+91-9440944024,India,Kolkata,2025-10-22 20:15:09
CUST95232290,Matthew Robinson,matthew.robinson928@example.com,+91-7117050436,United Kingdom,Birmingham,2026-01-15 20:15:09
CUST53400719,John Sanchez,john.sanchez99@example.com,+91-8557256960,Canada,Toronto,2025-06-12 20:15:09
CUST13515053,Linda Thompson,linda.thompson83@example.com,+91-8162266306,Brazil,Brasilia,2024-02-27 20:15:09
CUST08927041,Susan Rodriguez,susan.rodriguez147@example.com,+91-9411014257,Canada,Vancouver,2025-08-10 20:15:09
CUST98957425,Sandra Rodriguez,sandra.rodriguez408@example.com,+91-7141640952,India,Thane,2025-04-27 20:15:09
CUST65997510,Jennifer Thomas,jennifer.thomas212@example.com,+91-7142103219,Japan,Hiroshima,2026-02-09 20:15:09
CUST95391432,Daniel Garcia,daniel.garcia815@example.com,+91-9251761702,India,Bangalore,2025-10-18 20:15:09
CUST25654219,Mary Gonzalez,mary.gonzalez174@example.com,+91-8795815070,Australia,Melbourne,2026-01-27 20:15:09
CUST61515418,Michael Gonzalez,michael.gonzalez305@example.com,+91-9879081851,France,Marseille,2025-07-11 20:15:09
CUST87360164,Matthew Williams,matthew.williams777@example.com,+91-9785247350,Japan,Yokohama,2024-04-19 20:15:09
CUST50714064,Lisa Rodriguez,lisa.rodriguez947@example.com,+91-7141228451,Germany,Berlin,2025-06-08 20:15:09
CUST48198926,Nancy Smith,nancy.smith791@example.com,+91-8398001679,Australia,Brisbane,2026-02-07 20:15:09
CUST78805933,Betty Smith,betty.smith241@example.com,+91-7755663216,Germany,Cologne,2025-11-12 20:15:09
CUST67043161,Barbara Perez,barbara.perez466@example.com,+91-7766849579,Japan,Hiroshima,2025-08-16 20:15:09
CUST97181350,Robert Gonzalez,robert.gonzalez454@example.com,+91-8418838263,India,Chennai,2025-10-24 20:15:09
CUST43412935,Emily Walker,emily.walker838@example.com,+91-9235367399,Japan,Tokyo,2024-12-17 20:15:09
CUST45260281,Jessica Wilson,jessica.wilson524@example.com,+91-7936908769,Japan,Tokyo,2025-01-12 20:15:09
CUST85844609,Betty Ramirez,betty.ramirez493@example.com,+91-9529054264,United Kingdom,Birmingham,2025-07-11 20:15:09
CUST00843666,Lisa Wilson,lisa.wilson17@example.com,+91-8206513983,France,Lyon,2025-11-05 20:15:09
CUST10840118,Emily Ramirez,emily.ramirez296@example.com,+91-8930907786,United States,Phoenix,2025-12-17 20:15:09
CUST56697683,Barbara Thomas,barbara.thomas162@example.com,+91-9142097596,India,Hyderabad,2026-01-30 20:15:09
CUST27235927,Anthony White,anthony.white31@example.com,+91-9916482038,Canada,Ottawa,2025-11-12 20:15:09
CUST76356696,Emily Garcia,emily.garcia27@example.com,+91-9531989334,Singapore,Singapore,2025-10-20 20:15:09
CUST26274973,Mary Martin,mary.martin131@example.com,+91-7797482691,Singapore,Singapore,2025-05-28 20:15:09
CUST14767411,Emily Lopez,emily.lopez820@example.com,+91-8354520220,India,Chennai,2025-06-10 20:15:09
CUST00657194,Daniel Davis,daniel.davis371@example.com,+91-7414905231,Canada,Montreal,2026-02-09 20:15:09
CUST89745198,Jennifer Thompson,jennifer.thompson803@example.com,+91-8395820633,Japan,Kyoto,2025-10-27 20:15:09
CUST48073486,Michael Davis,michael.davis416@example.com,+91-8697008955,Australia,Adelaide,2026-01-09 20:15:09
CUST90091017,Karen Robinson,karen.robinson122@example.com,+91-9503755522,Brazil,Sao Paulo,2026-01-16 20:15:09
CUST33042565,Jennifer Moore,jennifer.moore928@example.com,+91-7272090316,Germany,Frankfurt,2024-12-26 20:15:09
CUST36709385,Matthew Anderson,matthew.anderson416@example.com,+91-7263891642,Japan,Kyoto,2026-02-16 20:15:09
CUST23773124,Barbara Jones,barbara.jones5@example.com,+91-8155025064,Australia,Perth,2025-10-17 20:15:09
CUST21441477,Richard Lewis,richard.lewis280@example.com,+91-7635287084,Germany,Munich,2026-01-13 20:15:09
CUST61687815,Barbara Jones,barbara.jones685@example.com,+91-9931210480,United Kingdom,Manchester,2024-09-30 20:15:09
CUST41301957,Mary Robinson,mary.robinson335@example.com,+91-7063315907,Australia,Brisbane,2025-08-12 20:15:09
CUST12290267,Susan Davis,susan.davis689@example.com,+91-8265971229,Canada,Calgary,2025-12-24 20:15:09
CUST69983913,Joseph Williams,joseph.williams457@example.com,+91-9698177172,Brazil,Sao Paulo,2025-09-10 20:15:09
CUST82969134,Jennifer Thompson,jennifer.thompson421@example.com,+91-9338654722,France,Marseille,2025-04-13 20:15:09
CUST35569276,Elizabeth Thompson,elizabeth.thompson178@example.com,+91-9199976668,Canada,Toronto,2024-02-27 20:15:09
CUST64997650,Karen Lopez,karen.lopez762@example.com,+91-7755893659,Brazil,Sao Paulo,2025-12-28 20:15:09
CUST61324025,Lisa Walker,lisa.walker445@example.com,+91-7476651365,Germany,Cologne,2024-09-16 20:15:09
CUST80183240,Joseph Wilson,joseph.wilson771@example.com,+91-9869858917,Brazil,Brasilia,2024-05-05 20:15:09
CUST17447898,Jessica Gonzalez,jessica.gonzalez179@example.com,+91-7463930620,Brazil,Sao Paulo,2024-07-03 20:15:09
CUST86371541,Sandra Sanchez,sandra.sanchez54@example.com,+91-8171891353,Singapore,Singapore,2025-06-26 20:15:09
CUST60713496,Jennifer Moore,jennifer.moore322@example.com,+91-9961466940,Japan,Osaka,2025-06-30 20:15:09
CUST90718638,Matthew Thompson,matthew.thompson464@example.com,+91-8438275043,Germany,Frankfurt,2025-10-24 20:15:09
CUST31175790,Christopher Sanchez,christopher.sanchez618@example.com,+91-9001701072,United States,Chicago,2025-03-24 20:15:09
CUST33450223,William Ramirez,william.ramirez676@example.com,+91-7265466999,Japan,Hiroshima,2025-08-26 20:15:09
CUST60561711,Daniel Gonzalez,daniel.gonzalez216@example.com,+91-7638098731,Australia,Perth,2025-05-27 20:15:09
CUST88236661,Margaret Thomas,margaret.thomas622@example.com,+91-8989608049,Singapore,Singapore,2025-10-13 20:15:09
CUST39761369,Sandra Wilson,sandra.wilson233@example.com,+91-9094820251,Australia,Adelaide,2025-04-13 20:15:09
CUST14089489,Anthony Miller,anthony.miller351@example.com,+91-9563961790,Japan,Hiroshima,2024-12-30 20:15:09
CUST23065371,Nancy Lopez,nancy.lopez270@example.com,+91-9311203214,Australia,Adelaide,2026-01-19 20:15:09
CUST54136242,Anthony Davis,anthony.davis853@example.com,+91-9646753602,United States,Phoenix,2024-12-18 20:15:09
CUST35110279,Karen Robinson,karen.robinson34@example.com,+91-9490195938,Australia,Sydney,2025-08-21 20:15:09
CUST31932393,Betty Anderson,betty.anderson763@example.com,+91-9876488097,Japan,Osaka,2024-11-30 20:15:09
CUST22438804,Ashley Lee,ashley.lee988@example.com,+91-9829957144,Brazil,Sao Paulo,2025-10-12 20:15:09
CUST36007389,Mark Jackson,mark.jackson637@example.com,+91-8215241617,India,Ahmedabad,2025-11-03 20:15:09
CUST28172700,Mary Thomas,mary.thomas157@example.com,+91-9420598903,Canada,Vancouver,2024-07-06 20:15:09
CUST13720160,Elizabeth Jones,elizabeth.jones802@example.com,+91-7402299848,United States,Phoenix,2025-12-18 20:15:09
CUST15793256,Karen Anderson,karen.anderson29@example.com,+91-8084283617,Germany,Frankfurt,2024-12-01 20:15:09
CUST39213182,Ashley Lopez,ashley.lopez921@example.com,+91-9725366814,Brazil,Brasilia,2025-09-18 20:15:09
CUST09221010,Karen Lewis,karen.lewis43@example.com,+91-7504698092,Japan,Kyoto,2025-09-04 20:15:09
CUST67678037,Margaret Sanchez,margaret.sanchez249@example.com,+91-8248366409,United States,Houston,2025-11-29 20:15:09
CUST76126276,Linda Walker,linda.walker981@example.com,+91-8949418494,Brazil,Salvador,2025-08-03 20:15:09
CUST65030411,Linda Moore,linda.moore226@example.com,+91-7287885660,Canada,Toronto,2025-11-23 20:15:09
CUST66859092,Matthew Anderson,matthew.anderson555@example.com,+91-9392764787,Singapore,Singapore,2026-02-17 20:15:09
CUST69718748,Jessica Lewis,jessica.lewis246@example.com,+91-8536342966,Japan,Yokohama,2025-12-11 20:15:09
CUST96639413,Margaret Martinez,margaret.martinez607@example.com,+91-9429079563,Germany,Berlin,2026-02-25 20:15:09
CUST62791243,Betty Garcia,betty.garcia78@example.com,+91-8122475782,Germany,Berlin,2024-02-27 20:15:09
CUST60167186,Christopher Smith,christopher.smith630@example.com,+91-8460250700,India,Mumbai,2024-02-27 20:15:09
CUST37225493,Jessica Jackson,jessica.jackson222@example.com,+91-8269108545,United Kingdom,London,2025-10-27 20:15:09
CUST53672557,Patricia Ramirez,patricia.ramirez757@example.com,+91-7783483046,Canada,Montreal,2025-04-15 20:15:09
CUST96996633,Mary Williams,mary.williams870@example.com,+91-8331625560,United States,New York,2025-11-15 20:15:09
CUST40176849,Ashley Martin,ashley.martin695@example.com,+91-7578392613,Canada,Toronto,2025-06-01 20:15:09
CUST36177695,David Brown,david.brown588@example.com,+91-7319717354,Brazil,Salvador,2025-01-24 20:15:09
CUST02724509,Mary Walker,mary.walker931@example.com,+91-9566011670,Australia,Melbourne,2024-03-15 20:15:09
CUST84981446,Sandra Garcia,sandra.garcia506@example.com,+91-9608116075,India,Kolkata,2025-10-25 20:15:09
CUST77113456,Margaret Harris,margaret.harris121@example.com,+91-7705372843,Australia,Melbourne,2025-02-19 20:15:09
CUST02357569,Ashley Martinez,ashley.martinez986@example.com,+91-8708812676,Japan,Osaka,2025-12-13 20:15:09
CUST51935573,Daniel Gonzalez,daniel.gonzalez305@example.com,+91-7322488686,Canada,Toronto,2024-02-27 20:15:09
CUST74145783,Karen Thomas,karen.thomas428@example.com,+91-8254610726,France,Lyon,2026-02-20 20:15:09
CUST94583473,Daniel Moore,daniel.moore575@example.com,+91-8747336749,Japan,Kyoto,2025-07-16 20:15:09
CUST47598036,Lisa Walker,lisa.walker321@example.com,+91-9646752051,United States,Houston,2025-06-09 20:15:09
CUST50843660,William Ramirez,william.ramirez747@example.com,+91-9342728073,France,Toulouse,2025-05-19 20:15:09
CUST40935785,Patricia Sanchez,patricia.sanchez33@example.com,+91-8270239066,Germany,Frankfurt,2026-01-26 20:15:09
CUST38616131,Michael Wilson,michael.wilson785@example.com,+91-7962987881,Canada,Calgary,2024-04-19 20:15:09
CUST62639883,James Garcia,james.garcia332@example.com,+91-7411990411,India,Indore,2026-01-09 20:15:09
CUST54061533,Charles Taylor,charles.taylor825@example.com,+91-9406493953,Brazil,Brasilia,2025-07-04 20:15:09
CUST26838268,Jessica White,jessica.white699@example.com,+91-9637679718,Singapore,Singapore,2025-12-27 20:15:09
CUST23767154,Robert Wilson,robert.wilson696@example.com,+91-8381661997,India,Kolkata,2025-11-29 20:15:09
CUST60067471,Jennifer Jones,jennifer.jones295@example.com,+91-9608063368,United States,Phoenix,2025-08-18 20:15:09
CUST85608306,Margaret Davis,margaret.davis770@example.com,+91-8383954440,Australia,Perth,2025-10-18 20:15:09
CUST68908347,Matthew Lee,matthew.lee213@example.com,+91-8124100685,United Kingdom,Glasgow,2026-01-15 20:15:09
