customer_id,name,email,phone,country,city,registration_date
CUST91144481,Ashley Taylor,ashley.taylor606@example.com,+91-7042364654,United Kingdom,Manchester,2026-02-16 20:15:15
CUST37011497,Nidhi Chauhan,nidhi.chauhan774@example.com,+91-8579048913,Singapore,Singapore,2025-04-14 20:15:15
CUST81456660,Emily Lee,emily.lee120@example.com,+91-9384380403,Japan,Hiroshima,2024-02-27 20:15:15
CUST93560501,Riya Jones,riya.jones420@example.com,+91-8394967936,Germany,Cologne,2025-12-15 20:15:15
CUST21659925,Gaurav Verma,gaurav.verma685@example.com,+91-9673550776,Australia,Adelaide,2025-06-13 20:15:15
CUST39648376,Rohit Sanchez,rohit.sanchez479@example.com,+91-7606637520,Brazil,Rio de Janeiro,2025-05-29 20:15:15
CUST68068253,Ishaan Thompson,ishaan.thompson988@example.com,+91-9587580279,Germany,Frankfurt,2025-10-08 20:15:15
CUST21138744,Varun Mishra,varun.mishra970@example.com,+91-9591943513,France,Paris,2025-11-16 20:15:15
CUST03331892,Karen Clark,karen.clark599@example.com,+91-8851972840,United States,Los Angeles,2026-02-13 20:15:15
CUST99460029,Michael Yadav,michael.yadav458@example.com,+91-9828846486,United States,Chicago,2024-03-02 20:15:15
CUST05833445,Deepa Kapoor,deepa.kapoor209@example.com,+91-7702601656,United Kingdom,London,2025-09-06 20:15:15
CUST04699032,Raj Williams,raj.williams848@example.com,+91-7138973849,Canada,Ottawa,2025-11-30 20:15:15
CUST51841875,David Lee,david.lee269@example.com,+91-9393992150,Brazil,Sao Paulo,2024-09-25 20:15:15
CUST73731208,Anthony Thompson,anthony.thompson717@example.com,+91-8900120538,Germany,Berlin,2026-01-21 20:15:15
CUST04536260,Gaurav Smith,gaurav.smith615@example.com,+91-9302277876,Australia,Brisbane,2025-05-09 20:15:15
CUST45237412,Robert Robinson,robert.robinson993@example.com,+91-7692889656,India,Mumbai,2026-01-27 20:15:15
CUST84679659,Kavya Sanchez,kavya.sanchez187@example.com,+91-9328309622,Singapore,Singapore,2025-04-14 20:15:15
CUST35039983,James Nair,james.nair845@example.com,+91-8650413686,Brazil,Salvador,2025-07-17 20:15:15
CUST72827220,Meera Jain,meera.jain437@example.com,+91-8705492271,Brazil,Sao Paulo,2025-08-05 20:15:15
CUST13730459,Vikram Harris,vikram.harris915@example.com,+91-8452924123,France,Toulouse,2025-08-09 20:15:15
CUST05619928,Thomas Srivastava,thomas.srivastava794@example.com,+91-9116087981,Canada,Calgary,2025-10-10 20:15:15
CUST03080995,Rohit Lewis,rohit.lewis150@example.com,+91-7769143097,United States,New York,2024-08-25 20:15:15
CUST04030397,Siddharth Sharma,siddharth.sharma686@example.com,+91-8199970738,Brazil,Rio de Janeiro,2026-02-17 20:15:15
CUST72131192,Lisa Johnson,lisa.johnson30@example.com,+91-9891658679,Singapore,Singapore,2024-10-05 20:15:15
CUST59959419,Pooja Pillai,pooja.pillai794@example.com,+91-8218375260,Singapore,Singapore,2025-10-15 20:15:15
CUST33011494,Aarav Bhatia,aarav.bhatia980@example.com,+91-7035638286,Brazil,Salvador,2025-11-21 20:15:15
CUST97549959,Daniel Chopra,daniel.chopra819@example.com,+91-8399765253,Japan,Tokyo,2025-07-21 20:15:15
CUST97691960,Sarah Robinson,sarah.robinson48@example.com,+91-9349952421,Singapore,Singapore,2025-12-29 20:15:15
CUST31949195,Vivek Lopez,vivek.lopez458@example.com,+91-9223138542,Brazil,Rio de Janeiro,2025-10-06 20:15:15
CUST49563573,Matthew Walker,matthew.walker599@example.com,+91-9784420724,Canada,Toronto,2025-07-01 20:15:15
CUST62613352,Deepa Lee,deepa.lee938@example.com,+91-8034494702,United Kingdom,Glasgow,2025-11-05 20:15:15
CUST05042056,Meera Jackson,meera.jackson358@example.com,+91-9463733963,Canada,Montreal,2025-11-25 20:15:15
CUST79220243,Riya Mehta,riya.mehta615@example.com,+91-7187087659,Brazil,Brasilia,2025-07-25 20:15:15
CUST81167363,William Robinson,william.robinson765@example.com,+91-7882138140,Japan,Tokyo,2025-07-03 20:15:15
CUST29006121,Nancy Anderson,nancy.anderson765@example.com,+91-8736365493,Germany,Munich,2025-11-27 20:15:15
CUST73272665,Joseph Reddy,joseph.reddy507@example.com,+91-7628490294,Japan,Hiroshima,2025-06-17 20:15:15
CUST73281785,Mary Sharma,mary.sharma297@example.com,+91-9134721316,India,Delhi,2024-12-02 20:15:15
CUST77446248,Nikhil Thompson,nikhil.thompson532@example.com,+91-9077091397,Singapore,Singapore,2026-01-28 20:15:15
CUST53588530,Margaret Mehta,margaret.mehta293@example.com,+91-8544330146,Australia,Perth,2024-04-17 20:15:15
CUST01071105,Patricia Harris,patricia.harris187@example.com,+91-8121211583,India,Pune,2026-02-10 20:15:15
CUST52291267,David Taylor,david.taylor642@example.com,+91-7170229965,Singapore,Singapore,2025-08-30 20:15:15
CUST11587215,Lisa Desai,lisa.desai396@example.com,+91-9608912179,Germany,Hamburg,2024-08-08 20:15:15
CUST21309612,Michael Robinson,michael.robinson435@example.com,+91-9754610559,France,Toulouse,2025-12-17 20:15:15
CUST77034310,Kiran Robinson,kiran.robinson271@example.com,+91-7252145072,United Kingdom,Leeds,2025-05-12 20:15:15
CUST44847340,Deepa Sharma,deepa.sharma157@example.com,+91-8693656489,Japan,Tokyo,2026-02-16 20:15:15
CUST71302901,Emily Kapoor,emily.kapoor508@example.com,+91-9319016275,United Kingdom,London,2025-09-20 20:15:15
CUST89484768,Margaret Walker,margaret.walker256@example.com,+91-9667047992,France,Toulouse,2025-07-02 20:15:15
CUST49029153,Sarah Gonzalez,sarah.gonzalez24@example.com,+91-9146051157,Japan,Yokohama,2025-08-22 20:15:15
CUST20732750,Elizabeth Wilson,elizabeth.wilson496@example.com,+91-7881273176,United Kingdom,London,2026-01-10 20:15:15
CUST42085098,Devika Anderson,devika.anderson46@example.com,+91-9673086186,Germany,Munich,2026-02-21 20:15:15
CUST05605804,Mary Miller,mary.miller524@example.com,+91-7839492498,Canada,Vancouver,2025-10-05 20:15:15
CUST52502116,Kiran Robinson,kiran.robinson612@example.com,+91-8177299273,Brazil,Brasilia,2026-01-09 20:15:15
CUST95604046,Mark Hernandez,mark.hernandez940@example.com,+91-7041009888,Canada,Montreal,2025-11-08 20:15:15
CUST30649835,Sarah Bhatia,sarah.bhatia916@example.com,+91-9193691954,India,Mumbai,2024-12-07 20:15:15
CUST65072380,Emily Nair,emily.nair997@example.com,+91-8324898372,Australia,Sydney,2025-08-17 20:15:15
CUST14612235,Linda Chopra,linda.chopra581@example.com,+91-9776262158,Japan,Kyoto,2026-02-06 20:15:15
CUST52655998,Meera Bhatia,meera.bhatia305@example.com,+91-9002351976,Japan,Hiroshima,2025-04-25 20:15:15
CUST44453483,Gaurav Thompson,gaurav.thompson821@example.com,+91-9088452197,Brazil,Brasilia,2025-10-04 20:15:15
CUST80122651,Nancy Ramirez,nancy.ramirez934@example.com,+91-7154368583,United Kingdom,Leeds,2026-02-16 20:15:15
CUST68098687,Devika Agarwal,devika.agarwal65@example.com,+91-7890777715,France,Marseille,2025-04-21 20:15:15
CUST21135406,Charles Walker,charles.walker330@example.com,+91-8052329822,United Kingdom,Leeds,2024-09-17 20:15:15
CUST52004145,Akash Harris,akash.harris935@example.com,+91-9502326320,Canada,Vancouver,2025-03-29 20:15:15
CUST63763012,Vikram Nair,vikram.nair138@example.com,+91-7320101408,India,Hyderabad,2024-02-27 20:15:15
CUST82518978,Gaurav White,gaurav.white695@example.com,+91-8760025581,United States,Phoenix,2026-01-16 20:15:15
CUST54223567,Patricia Jain,patricia.jain576@example.com,+91-9609789220,United Kingdom,London,2025-08-08 20:15:15
CUST89341756,Ananya Bhatia,ananya.bhatia292@example.com,+91-7560760064,United States,Phoenix,2026-02-03 20:15:15
CUST40793909,Vikram Kumar,vikram.kumar786@example.com,+91-8200741096,Brazil,Salvador,2024-02-27 20:15:15
CUST05556568,Susan Jones,susan.jones771@example.com,+91-8890303086,Japan,Kyoto,2025-12-30 20:15:15
CUST99228851,Nidhi Verma,nidhi.verma338@example.com,+91-9890203808,Australia,Brisbane,2024-04-05 20:15:15
CUST84933676,Elizabeth Martinez,elizabeth.martinez48@example.com,+91-8893631267,Brazil,Rio de Janeiro,2025-09-30 20:15:15
CUST92625672,Pooja Lopez,pooja.lopez675@example.com,+91-8009905155,Australia,Sydney,2025-02-08 20:15:15
CUST20069451,Ananya Davis,ananya.davis758@example.com,+91-9414457518,Germany,Munich,2024-02-27 20:15:15
CUST77971833,Siddharth Clark,siddharth.clark782@example.com,+91-9817630794,Brazil,Rio de Janeiro,2025-12-24 20:15:15
CUST06194877,Ashley Rodriguez,ashley.rodriguez974@example.com,+91-8456478529,Japan,Hiroshima,2025-01-11 20:15:15
CUST02106533,Manish Singh,manish.singh619@example.com,+91-8011565800,Canada,Montreal,2024-09-09 20:15:15
CUST40535555,Linda Clark,linda.clark81@example.com,+91-7650927420,Brazil,Sao Paulo,2025-08-15 20:15:15
CUST34177895,Karen Gupta,karen.gupta878@example.com,+91-9635225268,United States,Phoenix,2025-05-30 20:15:15
CUST94102178,Akash Smith,akash.smith830@example.com,+91-7396228381,Germany,Munich,2025-10-07 20:15:15
CUST28286348,Jessica Pillai,jessica.pillai83@example.com,+91-7774964921,Brazil,Salvador,2025-10-15 20:15:15
CUST81696183,Sanya Hernandez,sanya.hernandez619@example.com,+91-7876847470,Australia,Melbourne,2026-01-15 20:15:15
CUST30230028,Linda Smith,linda.smith71@example.com,+91-9903087339,Singapore,Singapore,2025-05-18 20:15:15
CUST12479338,Nancy Williams,nancy.williams39@example.com,+91-8451024110,Germany,Berlin,2026-01-13 20:15:15
CUST13540725,Michael Patel,michael.patel465@example.com,+91-9347563915,Brazil,Salvador,2026-01-09 20:15:15
CUST11876152,Sneha Iyer,sneha.iyer735@example.com,+91-9752618274,Japan,Hiroshima,2025-09-09 20:15:15
CUST78198840,Nikhil Pillai,nikhil.pillai567@example.com,+91-8460989000,Canada,Montreal,2025-09-30 20:15:15
CUST32978401,William Reddy,william.reddy985@example.com,+91-9766974045,United States,Chicago,2025-06-16 20:15:15
CUST45745359,Mary Miller,mary.miller125@example.com,+91-9532792424,India,Lucknow,2025-08-31 20:15:15
CUST48868187,Nikhil Thompson,nikhil.thompson130@example.com,+91-9739994557,United Kingdom,Leeds,2025-11-26 20:15:15
CUST81196197,Meera Gonzalez,meera.gonzalez855@example.com,+91-9974994943,Germany,Hamburg,2026-02-12 20:15:15
CUST69985273,Aditi Sharma,aditi.sharma196@example.com,+91-9033153058,Brazil,Fortaleza,2025-07-25 20:15:15
CUST65136549,Jennifer Garcia,jennifer.garcia520@example.com,+91-9479731862,Canada,Toronto,2025-09-16 20:15:15
CUST06066931,Joseph Chauhan,joseph.chauhan985@example.com,+91-8209922016,India,Chennai,2026-02-06 20:15:15
CUST11327518,Michael Perez,michael.perez621@example.com,+91-8495481410,France,Lyon,2025-05-10 20:15:15
CUST81249032,Robert Taylor,robert.taylor2@example.com,+91-8733254871,Brazil,Sao Paulo,2025-12-17 20:15:15
CUST02984317,John Srivastava,john.srivastava70@example.com,+91-8686572665,Japan,Tokyo,2026-02-18 20:15:15
CUST03226985,Mark Lopez,mark.lopez696@example.com,+91-9586286071,Canada,Calgary,2026-02-24 20:15:15
CUST34882799,Gaurav Agarwal,gaurav.agarwal862@example.com,+91-9353899811,Japan,Kyoto,2025-08-22 20:15:15
CUST22019873,David Jones,david.jones310@example.com,+91-8598214719,Japan,Hiroshima,2024-05-26 20:15:15
CUST96018503,Jessica Garcia,jessica.garcia944@example.com,+91-8425188027,United States,Los Angeles,2024-11-25 20:15:15
CUST59509826,Ishaan Lewis,ishaan.lewis388@example.com,+91-9488728196,India,Bangalore,2026-01-31 20:15:15
CUST93251951,Anthony Thompson,anthony.thompson204@example.com,+91-8259857208,United Kingdom,London,2025-11-25 20:15:15
CUST69910748,Lisa Wilson,lisa.wilson790@example.com,+91-7970961099,United States,Los Angeles,2025-11-27 20:15:15
CUST86123275,Devika Kumar,devika.kumar845@example.com,+91-7442888143,India,Surat,2024-11-18 20:15:15
CUST47930125,Joseph Sanchez,joseph.sanchez846@example.com,+91-8132492145,India,Hyderabad,2025-01-31 20:15:15
CUST72667164,Nikhil Jain,nikhil.jain581@example.com,+91-7288932012,Brazil,Brasilia,2024-02-27 20:15:15
CUST52783810,Kiran Jones,kiran.jones57@example.com,+91-8122848537,France,Marseille,2025-09-01 20:15:15
CUST73862077,Vikram Chopra,vikram.chopra181@example.com,+91-7698880376,India,Pune,2026-02-23 20:15:15
CUST67678214,Pooja Nair,pooja.nair458@example.com,+91-9266539362,Singapore,Singapore,2024-08-10 20:15:15
CUST10842443,Charles Clark,charles.clark888@example.com,+91-9911128746,Germany,Munich,2026-02-18 20:15:15
CUST22334326,Mark Agarwal,mark.agarwal654@example.com,+91-7601034257,Japan,Osaka,2024-12-20 20:15:15
CUST76612693,Rohit Desai,rohit.desai76@example.com,+91-7673942480,France,Toulouse,2025-09-02 20:15:15
CUST02329574,Mary Singh,mary.singh138@example.com,+91-8676783389,Japan,Osaka,2024-02-27 20:15:15
CUST29629488,Richard Ramirez,richard.ramirez130@example.com,+91-9291621250,France,Lyon,2025-12-21 20:15:15
CUST07591389,James Khanna,james.khanna343@example.com,+91-9914061134,Germany,Cologne,2025-09-05 20:15:15
CUST54778328,John Thompson,john.thompson536@example.com,+91-8740149387,United Kingdom,Glasgow,2026-02-23 20:15:15
CUST90081088,Riya Rodriguez,riya.rodriguez105@example.com,+91-7294480984,Canada,Toronto,2025-07-18 20:15:15
CUST53210679,Sarah Anderson,sarah.anderson674@example.com,+91-9243682736,Australia,Brisbane,2026-02-09 20:15:15
CUST86074841,Rahul Gonzalez,rahul.gonzalez512@example.com,+91-9053468100,Singapore,Singapore,2026-02-10 20:15:15
CUST89589023,Raj Walker,raj.walker773@example.com,+91-7403797663,Japan,Yokohama,2025-04-15 20:15:15
CUST75346807,Sarah Walker,sarah.walker898@example.com,+91-7829616315,Japan,Kyoto,2026-01-08 20:15:15
CUST79194242,Karen Singh,karen.singh54@example.com,+91-7671730786,Canada,Calgary,2024-02-27 20:15:15
CUST20318165,Ananya Johnson,ananya.johnson528@example.com,+91-9340579132,Japan,Tokyo,2025-10-27 20:15:15
CUST69900946,Thomas Thomas,thomas.thomas592@example.com,+91-7732151964,Germany,Frankfurt,2025-09-19 20:15:15
CUST38311570,Gaurav Kapoor,gaurav.kapoor716@example.com,+91-8131565876,United Kingdom,Leeds,2025-11-27 20:15:15
CUST46784788,Raj Yadav,raj.yadav242@example.com,+91-7724717689,United States,New York,2025-12-09 20:15:15
CUST75829408,Pooja Kapoor,pooja.kapoor446@example.com,+91-7287921186,India,Lucknow,2024-10-10 20:15:15
CUST49393949,Lisa Srivastava,lisa.srivastava128@example.com,+91-7353112646,India,Hyderabad,2024-08-31 20:15:15
CUST26666821,James Verma,james.verma461@example.com,+91-7924836605,Singapore,Singapore,2026-01-01 20:15:15
CUST83814320,Manish Perez,manish.perez363@example.com,+91-9521876780,United States,Houston,2026-02-17 20:15:15
CUST35089511,James Patel,james.patel343@example.com,+91-8371216252,Singapore,Singapore,2025-12-09 20:15:15
CUST21090091,William Anderson,william.anderson865@example.com,+91-9365252093,Canada,Toronto,2024-12-30 20:15:15
CUST20818138,Deepa Davis,deepa.davis340@example.com,+91-8536415699,Germany,Munich,2025-09-12 20:15:15
CUST91829157,Aarav Jones,aarav.jones164@example.com,+91-9248446063,Singapore,Singapore,2025-02-13 20:15:15
CUST62204166,Rahul Mishra,rahul.mishra263@example.com,+91-7322810887,Germany,Berlin,2024-12-18 20:15:15
CUST66696134,Emily Gupta,emily.gupta90@example.com,+91-7404906998,United Kingdom,London,2025-01-06 20:15:15
CUST68376478,Aarav Brown,aarav.brown257@example.com,+91-9764398572,Singapore,Singapore,2025-07-29 20:15:15
CUST61973252,Gaurav Reddy,gaurav.reddy706@example.com,+91-7869825280,Canada,Vancouver,2026-01-12 20:15:15
CUST90247159,Aditi Ramirez,aditi.ramirez51@example.com,+91-8124423670,United States,Phoenix,2025-06-28 20:15:15
CUST80084993,Gaurav Pillai,gaurav.pillai979@example.com,+91-8401326795,Germany,Munich,2025-11-30 20:15:15
CUST34473436,Ashley Taylor,ashley.taylor808@example.com,+91-8759261485,France,Nice,2025-03-12 20:15:15
CUST27532806,Emily Davis,emily.davis667@example.com,+91-8469559779,Japan,Tokyo,2026-01-02 20:15:15
CUST64487113,Arjun Agarwal,arjun.agarwal764@example.com,+91-8464006307,United States,Houston,2025-06-19 20:15:15
CUST33964469,Tanvi Wilson,tanvi.wilson933@example.com,+91-9950933821,Brazil,Sao Paulo,2026-02-05 20:15:15
CUST91315755,Anthony Brown,anthony.brown558@example.com,+91-7636183080,France,Nice,2025-01-28 20:15:15
CUST44762398,Kiran Nair,kiran.nair741@example.com,+91-9457906985,United States,Houston,2025-11-27 20:15:15
CUST68852144,Arjun Thompson,arjun.thompson32@example.com,+91-9230608653,India,Bangalore,2024-02-27 20:15:15
CUST54645762,Michael Gonzalez,michael.gonzalez555@example.com,+91-9885023838,Singapore,Singapore,2025-09-30 20:15:15
CUST24110942,Aditi Davis,aditi.davis505@example.com,+91-8417146744,Canada,Montreal,2025-12-16 20:15:15
CUST81886999,John Iyer,john.iyer334@example.com,+91-7190330990,Singapore,Singapore,2026-01-25 20:15:15
CUST91902057,Siddharth Ramirez,siddharth.ramirez142@example.com,+91-7165399358,India,Indore,2024-02-27 20:15:15
CUST62501599,Lisa Patel,lisa.patel546@example.com,+91-9940047694,Japan,Tokyo,2025-10-25 20:15:15
CUST74366912,Richard Harris,richard.harris858@example.com,+91-9046128489,Canada,Vancouver,2025-06-04 20:15:15
CUST04025115,William Martinez,william.martinez817@example.com,+91-8453205464,Germany,Hamburg,2025-11-24 20:15:15
CUST22265921,Sneha Walker,sneha.walker442@example.com,+91-8192165679,Brazil,Fortaleza,2025-12-26 20:15:15
CUST26126242,Vivek Thompson,vivek.thompson594@example.com,+91-9279028713,France,Marseille,2025-08-04 20:15:15
CUST71029244,Priya Patel,priya.patel371@example.com,+91-7440538435,France,Paris,2025-10-27 20:15:15
CUST92959046,Nikhil Nair,nikhil.nair171@example.com,+91-8631635182,Singapore,Singapore,2025-09-20 20:15:15
CUST01095403,Ishaan Hernandez,ishaan.hernandez794@example.com,+91-9276798542,United Kingdom,Leeds,2025-05-05 20:15:15
CUST43395747,Barbara Moore,barbara.moore160@example.com,+91-7475054203,United Kingdom,Manchester,2025-12-08 20:15:15
CUST96075999,Vivek Singh,vivek.singh597@example.com,+91-7294316562,Brazil,Fortaleza,2026-01-17 20:15:15
CUST14001720,Devika Ramirez,devika.ramirez316@example.com,+91-7518712989,Canada,Vancouver,2025-08-23 20:15:15
CUST61573282,Aarav Wilson,aarav.wilson979@example.com,+91-7694870462,Singapore,Singapore,2026-01-27 20:15:15
CUST00357092,Aditi Anderson,aditi.anderson12@example.com,+91-8549651430,France,Nice,2025-05-28 20:15:15
CUST57480698,Arjun Sanchez,arjun.sanchez432@example.com,+91-7059406702,Australia,Sydney,2025-07-24 20:15:15
CUST29788353,Varun Yadav,varun.yadav791@example.com,+91-9769166653,France,Paris,2025-12-24 20:15:15
CUST65112859,Akash Srivastava,akash.srivastava536@example.com,+91-7047053201,Germany,Berlin,2025-12-12 20:15:15
CUST60325343,Michael Chauhan,michael.chauhan486@example.com,+91-8490594432,United States,Chicago,2026-01-07 20:15:15
CUST95382046,Joseph Chopra,joseph.chopra365@example.com,+91-9370422124,Canada,Calgary,2024-09-04 20:15:15
CUST95234067,Charles Kumar,charles.kumar876@example.com,+91-7525590194,United Kingdom,Leeds,2025-11-25 20:15:15
CUST91937873,Elizabeth Clark,elizabeth.clark137@example.com,+91-7979619679,United States,Phoenix,2024-07-19 20:15:15
CUST67190729,Sandra Sanchez,sandra.sanchez21@example.com,+91-9070268718,Singapore,Singapore,2026-02-21 20:15:15
CUST16914587,Zoya Sharma,zoya.sharma613@example.com,+91-7703631932,India,Lucknow,2025-10-28 20:15:15
CUST14636087,Vivek Srivastava,vivek.srivastava75@example.com,+91-8539585008,India,Mumbai,2024-08-03 20:15:15
CUST78210094,Richard Thomas,richard.thomas292@example.com,+91-7803910177,United States,New York,2025-04-26 20:15:15
CUST14300840,Lisa Brown,lisa.brown954@example.com,+91-9310853277,United Kingdom,London,2026-02-11 20:15:15
CUST66278221,Robert Walker,robert.walker420@example.com,+91-8243691001,Australia,Brisbane,2025-09-13 20:15:15
CUST29741252,Robert Bhatia,robert.bhatia448@example.com,+91-8491915628,France,Toulouse,2026-01-24 20:15:15
CUST80722706,Sandra Harris,sandra.harris419@example.com,+91-7215307982,United States,Los Angeles,2026-01-20 20:15:15
CUST11371335,William Jain,william.jain753@example.com,+91-7842047484,Germany,Berlin,2025-10-07 20:15:15
CUST89069118,John Bhatia,john.bhatia5@example.com,+91-7993203440,Singapore,Singapore,2024-10-08 20:15:15
CUST13071214,Sandra Moore,sandra.moore540@example.com,+91-7254404238,Brazil,Fortaleza,2025-11-08 20:15:15
CUST46998421,David Lee,david.lee539@example.com,+91-8866622462,India,Ahmedabad,2025-05-22 20:15:15
CUST93861407,Devika Anderson,devika.anderson549@example.com,+91-9949428232,France,Nice,2025-12-26 20:15:15
CUST58452945,Manish Ramirez,manish.ramirez766@example.com,+91-7465413806,France,Paris,2025-10-24 20:15:15
CUST73051364,Pooja Bhatia,pooja.bhatia193@example.com,+91-9392734179,India,Delhi,2026-01-28 20:15:15
CUST69003517,Vivek Sanchez,vivek.sanchez254@example.com,+91-9671775923,Australia,Melbourne,2026-01-22 20:15:15
CUST73805320,Tanvi Chauhan,tanvi.chauhan226@example.com,+91-7058597757,United States,Phoenix,2025-06-14 20:15:15
CUST72342774,Suresh Moore,suresh.moore686@example.com,+91-7988973187,Brazil,Sao Paulo,2026-02-24 20:15:15
CUST50629486,Elizabeth Thomas,elizabeth.thomas421@example.com,+91-8911919376,United Kingdom,Glasgow,2025-04-28 20:15:15
CUST41022264,Manish Kapoor,manish.kapoor932@example.com,+91-7112929718,France,Marseille,2024-10-29 20:15:15
CUST30954827,Susan Rodriguez,susan.rodriguez967@example.com,+91-7532755005,Canada,Calgary,2025-12-17 20:15:15
CUST72905713,Jennifer Chopra,jennifer.chopra625@example.com,+91-7784393342,Germany,Berlin,2024-10-11 20:15:15
CUST06251869,Nidhi Kumar,nidhi.kumar132@example.com,+91-7719420433,Brazil,Sao Paulo,2025-04-12 20:15:15
CUST23091670,Raj Sharma,raj.sharma60@example.com,+91-8918982379,Singapore,Singapore,2024-12-31 20:15:15
CUST72498662,Kiran Gonzalez,kiran.gonzalez452@example.com,+91-8449560432,Germany,Frankfurt,2025-02-15 20:15:15
CUST96516410,James Kapoor,james.kapoor780@example.com,+91-7371863117,Canada,Toronto,2026-02-26 20:15:15
CUST88239204,James Iyer,james.iyer132@example.com,+91-8544283630,Japan,Osaka,2025-05-26 20:15:15
CUST17461786,Joseph Khanna,joseph.khanna212@example.com,+91-8414832067,Brazil,Fortaleza,2025-10-04 20:15:15
CUST90108310,Lisa Chopra,lisa.chopra927@example.com,+91-9055539482,Germany,Cologne,2024-02-27 20:15:15
CUST03792731,Sarah Johnson,sarah.johnson317@example.com,+91-8306009275,France,Paris,2025-07-30 20:15:15
CUST96828956,Richard Smith,richard.smith550@example.com,+91-7857823035,United Kingdom,London,2025-07-16 20:15:15
CUST48236713,Karen Yadav,karen.yadav959@example.com,+91-7207416059,France,Marseille,2024-02-27 20:15:15
CUST71703582,Zoya Jain,zoya.jain99@example.com,+91-8347341860,Germany,Cologne,2025-12-13 20:15:15
CUST32547711,Elizabeth Yadav,elizabeth.yadav499@example.com,+91-9047537308,Germany,Munich,2025-03-05 20:15:15
CUST00468142,Vikram Desai,vikram.desai647@example.com,+91-7978744098,France,Nice,2026-02-13 20:15:15
CUST29601502,Deepa Anderson,deepa.anderson292@example.com,+91-8306965980,Canada,Montreal,2025-09-15 20:15:15
CUST14127403,Gaurav Nair,gaurav.nair307@example.com,+91-8665969858,France,Toulouse,2025-06-30 20:15:15
CUST46991969,William Hernandez,william.hernandez840@example.com,+91-8982676275,India,Kolkata,2026-01-01 20:15:15
CUST54152699,Emily Ramirez,emily.ramirez145@example.com,+91-9737971018,United Kingdom,Leeds,2025-09-23 20:15:15
CUST95201981,John Wilson,john.wilson191@example.com,+91-7985844074,Japan,Tokyo,2025-10-01 20:15:15
CUST34395214,Emily Garcia,emily.garcia452@example.com,+91-9620677149,Japan,Hiroshima,2025-12-08 20:15:15
CUST06423669,Mark Bhatia,mark.bhatia117@example.com,+91-9196342639,Canada,Calgary,2025-07-13 20:15:15
CUST35450144,Vivek Srivastava,vivek.srivastava912@example.com,+91-7510975012,France,Toulouse,2025-05-27 20:15:15
CUST39562682,Riya Hernandez,riya.hernandez379@example.com,+91-7658452521,Australia,Sydney,2026-02-04 20:15:15
CUST51194876,Suresh Clark,suresh.clark806@example.com,+91-8103456069,United Kingdom,London,2026-01-17 20:15:15
CUST86585866,Devika Sharma,devika.sharma833@example.com,+91-9079912582,France,Paris,2024-02-27 20:15:15
CUST00967279,Robert Yadav,robert.yadav303@example.com,+91-7873488345,Brazil,Brasilia,2026-02-17 20:15:15
CUST49198027,Susan Chopra,susan.chopra65@example.com,+91-8343999481,India,Hyderabad,2026-01-30 20:15:15
CUST62968103,Anthony Lee,anthony.lee713@example.com,+91-8467424751,Australia,Melbourne,2025-01-15 20:15:15
CUST51758074,Vivek Lee,vivek.lee952@example.com,+91-8848060200,Canada,Ottawa,2025-01-20 20:15:15
CUST16128634,Riya Walker,riya.walker840@example.com,+91-9222987167,India,Ahmedabad,2024-02-27 20:15:15
CUST59571843,Mark Bhatia,mark.bhatia127@example.com,+91-8321237432,Singapore,Singapore,2024-10-25 20:15:15
CUST15974421,Patricia Sharma,patricia.sharma564@example.com,+91-8660348199,Australia,Brisbane,2025-12-29 20:15:15
CUST06420986,Karen Harris,karen.harris322@example.com,+91-9976794515,France,Lyon,2025-05-25 20:15:15
CUST26257527,Anthony Brown,anthony.brown540@example.com,+91-7907052149,Brazil,Rio de Janeiro,2026-01-04 20:15:15
CUST54553234,Varun Thompson,varun.thompson816@example.com,+91-9684565514,Brazil,Fortaleza,2024-12-30 20:15:15
CUST91014188,Ishaan Harris,ishaan.harris692@example.com,+91-8891035714,Brazil,Sao Paulo,2025-08-31 20:15:15
CUST65994469,Thomas Walker,thomas.walker982@example.com,+91-7703154643,Brazil,Rio de Janeiro,2025-09-28 20:15:15
CUST70636690,Vivek Harris,vivek.harris185@example.com,+91-8185982255,Japan,Kyoto,2025-09-10 20:15:15
CUST98050992,Nidhi Brown,nidhi.brown547@example.com,+91-9485518875,Japan,Osaka,2026-02-21 20:15:15
CUST95881957,Joseph Brown,joseph.brown412@example.com,+91-7385110331,Canada,Calgary,2025-04-26 20:15:15
CUST71142491,Mary Agarwal,mary.agarwal883@example.com,+91-9980951961,Germany,Berlin,2026-01-13 20:15:15
CUST97753960,Nidhi Khanna,nidhi.khanna60@example.com,+91-7093458606,India,Mumbai,2026-01-22 20:15:15
CUST57178019,Nikhil Wilson,nikhil.wilson226@example.com,+91-9860927751,Brazil,Sao Paulo,2025-12-01 20:15:15
CUST99469755,Lisa Williams,lisa.williams548@example.com,+91-9546460828,United Kingdom,Manchester,2025-09-16 20:15:15
CUST39436997,Charles Chauhan,charles.chauhan347@example.com,+91-7493884411,India,Ahmedabad,2025-09-06 20:15:15
CUST86865642,David Thompson,david.thompson612@example.com,+91-8438349448,United Kingdom,London,2025-06-11 20:15:15
CUST52075143,Riya Singh,riya.singh317@example.com,+91-9591119278,Australia,Adelaide,2026-02-10 20:15:15
CUST74561851,Rahul Johnson,rahul.johnson589@example.com,+91-8451010973,Canada,Ottawa,2025-11-18 20:15:15
CUST82296375,Kiran Jones,kiran.jones506@example.com,+91-7582931651,United States,Houston,2025-12-20 20:15:15
CUST85931036,Deepa Garcia,deepa.garcia426@example.com,+91-8376883379,Germany,Cologne,2025-10-24 20:15:15
CUST23462718,Arjun Patel,arjun.patel17@example.com,+91-9307476088,United Kingdom,Leeds,2025-09-06 20:15:15
CUST64416838,Manish Kumar,manish.kumar808@example.com,+91-7791516813,France,Paris,2024-11-23 20:15:15
CUST32688260,Kavya White,kavya.white966@example.com,+91-8789797582,Singapore,Singapore,2024-11-04 20:15:15
CUST36661389,Raj Hernandez,raj.hernandez949@example.com,+91-7974751193,Brazil,Fortaleza,2025-08-24 20:15:15
CUST99948350,Lisa Hernandez,lisa.hernandez480@example.com,+91-9459969686,United States,Chicago,2025-02-16 20:15:15
CUST28217641,Nancy Martinez,nancy.martinez293@example.com,+91-7899066836,Canada,Vancouver,2025-10-24 20:15:15
CUST86707274,Charles Brown,charles.brown332@example.com,+91-7566942529,Canada,Ottawa,2024-02-27 20:15:15
CUST51548800,Nikhil Mehta,nikhil.mehta355@example.com,+91-8427472486,France,Paris,2026-01-25 20:15:15
CUST65601000,Nikhil Thompson,nikhil.thompson457@example.com,+91-7193694165,Japan,Kyoto,2026-01-20 20:15:15
CUST96620792,Zoya Nair,zoya.nair93@example.com,+91-7236953775,Canada,Calgary,2025-12-04 20:15:15
CUST38220003,Ishaan Smith,ishaan.smith671@example.com,+91-9411834206,France,Nice,2026-01-31 20:15:15
CUST11523320,Thomas Clark,thomas.clark121@example.com,+91-7851347999,Australia,Brisbane,2026-02-25 20:15:15
CUST48369113,Rohit Singh,rohit.singh73@example.com,+91-9709348976,Singapore,Singapore,2025-11-22 20:15:15
CUST46502591,Ashley Ramirez,ashley.ramirez747@example.com,+91-7456110631,India,Kolkata,2026-02-15 20:15:15
CUST24096465,Rohit Lopez,rohit.lopez928@example.com,+91-8098382547,United States,Phoenix,2025-07-29 20:15:15
CUST78738157,Mary Anderson,mary.anderson10@example.com,+91-9686403945,Canada,Toronto,2024-12-15 20:15:15
CUST01989961,Vikram Gupta,vikram.gupta417@example.com,+91-7222037920,United States,Chicago,2026-01-09 20:15:15
CUST68209188,Anthony Mehta,anthony.mehta429@example.com,+91-9228291379,United States,Phoenix,2025-07-18 20:15:15
CUST54894737,Anthony Thompson,anthony.thompson998@example.com,+91-7988264393,United States,Los Angeles,2025-12-21 20:15:15
CUST86486617,Charles Williams,charles.williams936@example.com,+91-8086249786,Germany,Cologne,2025-08-27 20:15:15
CUST66514910,Anthony Kapoor,anthony.kapoor860@example.com,+91-7880997216,Brazil,Sao Paulo,2025-08-24 20:15:15
CUST44489554,John Lewis,john.lewis729@example.com,+91-9030110189,Japan,Osaka,2026-02-14 20:15:15
CUST53319128,Emily Chopra,emily.chopra171@example.com,+91-8437544308,Singapore,Singapore,2024-05-21 20:15:15
CUST84713124,Kiran Wilson,kiran.wilson180@example.com,+91-8758067914,France,Toulouse,2026-01-10 20:15:15
CUST57485641,Sneha Martin,sneha.martin17@example.com,+91-8413179960,Canada,Montreal,2025-08-02 20:15:15
CUST56479551,Raj Reddy,raj.reddy576@example.com,+91-8587590093,India,Ahmedabad,2025-09-30 20:15:15
CUST89620813,Nancy Clark,nancy.clark909@example.com,+91-8570023307,Germany,Frankfurt,2025-01-26 20:15:15
CUST58830536,Priya Khanna,priya.khanna351@example.com,+91-9052363692,India,Indore,2025-11-03 20:15:15
CUST45997234,Barbara Garcia,barbara.garcia663@example.com,+91-7359381279,Australia,Brisbane,2025-04-14 20:15:15
CUST76850910,David Pillai,david.pillai150@example.com,+91-8438225247,Germany,Munich,2025-03-01 20:15:15
CUST13397299,Deepa Gonzalez,deepa.gonzalez204@example.com,+91-9786214653,India,Surat,2026-01-14 20:15:15
CUST75786722,Deepa Singh,deepa.singh470@example.com,+91-8201804151,Germany,Hamburg,2025-05-31 20:15:15
CUST25443919,Emily Johnson,emily.johnson829@example.com,+91-7005713558,Singapore,Singapore,2025-10-10 20:15:15
CUST19634938,Daniel Jain,daniel.jain367@example.com,+91-7673462589,Australia,Adelaide,2024-02-27 20:15:15
CUST83663534,Vivek Agarwal,vivek.agarwal739@example.com,+91-9850114806,France,Paris,2024-02-27 20:15:15
CUST49977756,Charles Verma,charles.verma462@example.com,+91-8766773863,India,Surat,2025-05-09 20:15:15
CUST86462092,Varun Yadav,varun.yadav949@example.com,+91-7274704854,Brazil,Salvador,2025-08-09 20:15:15
CUST96503910,Christopher Nair,christopher.nair434@example.com,+91-8321107700,Australia,Melbourne,2025-11-26 20:15:15
CUST58734176,Siddharth White,siddharth.white155@example.com,+91-9966379960,France,Nice,2025-12-14 20:15:15
CUST53043339,Deepa Kapoor,deepa.kapoor392@example.com,+91-9399107166,United States,New York,2025-09-21 20:15:15
CUST11592889,Jennifer Smith,jennifer.smith211@example.com,+91-9362994106,United States,Houston,2025-08-24 20:15:15
CUST02102014,Michael Sharma,michael.sharma844@example.com,+91-8299618898,Singapore,Singapore,2025-08-19 20:15:15
CUST26876583,Anthony Reddy,anthony.reddy644@example.com,+91-9864050017,Canada,Ottawa,2025-01-20 20:15:15
CUST63009338,Rahul Sanchez,rahul.sanchez729@example.com,+91-8756555487,Canada,Ottawa,2024-12-03 20:15:15
CUST93409043,Matthew Pillai,matthew.pillai865@example.com,+91-7461891955,United Kingdom,London,2025-11-12 20:15:15
CUST33929020,Barbara Srivastava,barbara.srivastava582@example.com,+91-7801578381,Canada,Calgary,2025-09-05 20:15:15
CUST75302075,Ishaan Mishra,ishaan.mishra436@example.com,+91-9287940936,India,Nagpur,2025-03-19 20:15:15
CUST71940601,Karen Jackson,karen.jackson11@example.com,+91-8532522620,United States,New York,2024-10-15 20:15:15
CUST90585250,Rahul Thomas,rahul.thomas188@example.com,+91-8365909119,United States,Phoenix,2026-01-18 20:15:15
CUST28095533,Mary Kapoor,mary.kapoor561@example.com,+91-9299464347,Singapore,Singapore,2025-03-29 20:15:15
CUST95816420,Akash Gonzalez,akash.gonzalez183@example.com,+91-7745464667,United States,Los Angeles,2024-06-24 20:15:15
CUST80698468,Siddharth Thomas,siddharth.thomas8@example.com,+91-9512148326,Australia,Brisbane,2025-12-18 20:15:15
CUST37875922,Riya Lee,riya.lee103@example.com,+91-9454005312,Japan,Tokyo,2025-09-16 20:15:15
CUST43023744,Mary Kapoor,mary.kapoor207@example.com,+91-8751470168,Japan,Yokohama,2026-02-26 20:15:15
CUST90464943,Anthony Miller,anthony.miller997@example.com,+91-7564328965,Germany,Hamburg,2025-01-02 20:15:15
CUST76464125,Barbara Wilson,barbara.wilson512@example.com,+91-8523943743,Japan,Kyoto,2024-12-04 20:15:15
CUST56268371,Sneha Thomas,sneha.thomas113@example.com,+91-7310534960,United Kingdom,Glasgow,2024-07-10 20:15:15
CUST50822872,James Hernandez,james.hernandez212@example.com,+91-8079399138,Germany,Berlin,2025-04-14 20:15:15
CUST44653445,Suresh Ramirez,suresh.ramirez764@example.com,+91-7367872304,India,Ahmedabad,2025-11-18 20:15:15
CUST02707843,Patricia Garcia,patricia.garcia999@example.com,+91-7780445994,Singapore,Singapore,2026-01-09 20:15:15
CUST71898432,Elizabeth White,elizabeth.white417@example.com,+91-8874127870,Canada,Toronto,2025-11-18 20:15:15
CUST56415381,Nidhi Singh,nidhi.singh690@example.com,+91-8108950854,Japan,Osaka,2025-12-26 20:15:15
CUST47376984,Priya Perez,priya.perez759@example.com,+91-9189611098,United Kingdom,Glasgow,2026-01-30 20:15:15
CUST24090551,Kiran Moore,kiran.moore421@example.com,+91-8920100744,Brazil,Brasilia,2025-09-27 20:15:15
CUST32617629,Elizabeth Srivastava,elizabeth.srivastava333@example.com,+91-7218451342,Brazil,Brasilia,2026-01-02 20:15:15
CUST29210423,Nancy Patel,nancy.patel149@example.com,+91-8636320080,Japan,Kyoto,2026-02-10 20:15:15
CUST42939754,Lisa Perez,lisa.perez999@example.com,+91-8232998259,Singapore,Singapore,2025-08-13 20:15:15
CUST28627403,Lisa Williams,lisa.williams930@example.com,+91-7509587332,Singapore,Singapore,2025-08-05 20:15:15
CUST42686665,Kavya Nair,kavya.nair955@example.com,+91-7483724259,Germany,Frankfurt,2025-09-07 20:15:15
CUST95629093,Daniel Martin,daniel.martin271@example.com,+91-8160212697,Canada,Montreal,2026-01-10 20:15:15
CUST17708247,James Jackson,james.jackson556@example.com,+91-9717210657,France,Lyon,2025-10-18 20:15:15
CUST65097030,Anthony Thomas,anthony.thomas227@example.com,+91-8894962196,Singapore,Singapore,2025-05-07 20:15:15
CUST35535770,Rahul Srivastava,rahul.srivastava301@example.com,+91-9887715860,United States,Houston,2025-04-23 20:15:15
CUST42821413,Manish Walker,manish.walker55@example.com,+91-7940811722,Canada,Toronto,2025-07-18 20:15:15
CUST00001200,Emily Lee,emily.lee62@example.com,+91-8696111881,Singapore,Singapore,2024-12-18 20:15:15
CUST49222554,Aarav Chopra,aarav.chopra895@example.com,+91-9484207249,Canada,Toronto,2025-07-08 20:15:15
CUST03247249,Varun Smith,varun.smith229@example.com,+91-9569249029,United States,Houston,2026-02-12 20:15:15
CUST92178087,Rahul Ramirez,rahul.ramirez464@example.com,+91-8850296695,Australia,Perth,2025-03-06 20:15:15
CUST73332881,Meera Agarwal,meera.agarwal298@example.com,+91-8782575903,Brazil,Brasilia,2025-10-31 20:15:15
CUST93608941,Gaurav Moore,gaurav.moore249@example.com,+91-7932318445,Canada,Vancouver,2025-12-28 20:15:15
CUST11334299,Riya Singh,riya.singh577@example.com,+91-8788610846,Germany,Hamburg,2026-02-18 20:15:15
CUST08082963,Riya Patel,riya.patel562@example.com,+91-9050027836,Japan,Kyoto,2025-11-23 20:15:15
CUST96206854,Vivek Perez,vivek.perez735@example.com,+91-8099034411,France,Paris,2025-07-12 20:15:15
CUST81379178,Karen Reddy,karen.reddy638@example.com,+91-9707392400,United Kingdom,Birmingham,2024-11-17 20:15:15
CUST00455045,Akash Gonzalez,akash.gonzalez675@example.com,+91-8018524897,Brazil,Salvador,2025-11-27 20:15:15
CUST24252757,Joseph Harris,joseph.harris507@example.com,+91-9992247314,Canada,Vancouver,2025-09-07 20:15:15
CUST34017597,Matthew Lopez,matthew.lopez304@example.com,+91-9070296779,United Kingdom,London,2026-01-16 20:15:15
CUST74976762,Siddharth Rodriguez,siddharth.rodriguez229@example.com,+91-8866613309,Canada,Calgary,2025-10-04 20:15:15
CUST41781404,Jennifer Martinez,jennifer.martinez730@example.com,+91-8643317613,United Kingdom,London,2025-12-07 20:15:15
CUST11731429,Jessica Agarwal,jessica.agarwal488@example.com,+91-9391656348,Australia,Brisbane,2026-01-19 20:15:15
CUST37030501,Gaurav Gupta,gaurav.gupta341@example.com,+91-8775361387,India,Delhi,2025-09-16 20:15:15
CUST62083437,Rahul Srivastava,rahul.srivastava345@example.com,+91-9929226545,India,Lucknow,2024-02-27 20:15:15
CUST14027808,Anthony Yadav,anthony.yadav567@example.com,+91-7553700748,Japan,Osaka,2025-07-12 20:15:15
CUST78021595,Mary Garcia,mary.garcia349@example.com,+91-8491265210,Germany,Berlin,2025-04-25 20:15:15
CUST44410096,Thomas Hernandez,thomas.hernandez678@example.com,+91-7735070404,Singapore,Singapore,2025-12-28 20:15:15
CUST65858788,Deepa Reddy,deepa.reddy946@example.com,+91-9837984868,United States,Houston,2025-10-14 20:15:15
CUST82490528,David Singh,david.singh174@example.com,+91-7080057577,Brazil,Sao Paulo,2024-10-12 20:15:15
CUST29771144,Linda Khanna,linda.khanna801@example.com,+91-8634506427,Germany,Munich,2025-10-12 20:15:15
CUST87023699,Ananya Davis,ananya.davis96@example.com,+91-8885140096,United States,Phoenix,2025-11-29 20:15:15
CUST03919311,Suresh Miller,suresh.miller825@example.com,+91-7973108197,Singapore,Singapore,2026-01-16 20:15:15
CUST61469898,Deepa Smith,deepa.smith186@example.com,+91-8218575029,United States,Los Angeles,2025-07-29 20:15:15
CUST14189504,Sarah Khanna,sarah.khanna256@example.com,+91-8266886287,France,Toulouse,2026-02-09 20:15:15
CUST83850440,John Srivastava,john.srivastava329@example.com,+91-9540902800,Singapore,Singapore,2026-01-07 20:15:15
CUST16973909,Sanya Gupta,sanya.gupta138@example.com,+91-8771173515,Canada,Vancouver,2026-01-03 20:15:15
CUST53047854,Ishaan Jones,ishaan.jones49@example.com,+91-9159292247,United Kingdom,Glasgow,2026-02-17 20:15:15
CUST59684696,Siddharth Williams,siddharth.williams75@example.com,+91-9424613689,Singapore,Singapore,2026-02-03 20:15:15
CUST48477041,Emily Reddy,emily.reddy361@example.com,+91-8631998690,Germany,Berlin,2025-10-15 20:15:15
CUST96613562,Vivek Moore,vivek.moore936@example.com,+91-8081029975,Japan,Tokyo,2026-02-25 20:15:15
CUST63681949,Devika Srivastava,devika.srivastava855@example.com,+91-7185901958,France,Nice,2025-09-28 20:15:15
CUST82267095,Sandra Lopez,sandra.lopez999@example.com,+91-9893283551,India,Surat,2024-02-27 20:15:15
CUST82837830,Charles Sanchez,charles.sanchez900@example.com,+91-7279271070,India,Jaipur,2025-10-02 20:15:15
CUST40634294,Manish Nair,manish.nair330@example.com,+91-8479193851,Singapore,Singapore,2025-01-17 20:15:15
CUST20499719,Tanvi Khanna,tanvi.khanna670@example.com,+91-8396196484,France,Nice,2026-02-26 20:15:15
CUST60525454,Thomas Taylor,thomas.taylor547@example.com,+91-9258862001,United States,Chicago,2025-04-02 20:15:15
CUST51607740,Karen Williams,karen.williams630@example.com,+91-8941640385,Germany,Hamburg,2025-09-30 20:15:15
CUST91165319,Christopher Thompson,christopher.thompson115@example.com,+91-7676991706,United States,Phoenix,2025-12-04 20:15:15
CUST75978199,Priya Anderson,priya.anderson883@example.com,+91-7595056869,Canada,Toronto,2026-02-26 20:15:15
CUST40110410,Rahul Martinez,rahul.martinez876@example.com,+91-7584729880,Singapore,Singapore,2025-07-26 20:15:15
CUST82810071,Deepa Thomas,deepa.thomas904@example.com,+91-7870181103,United States,Houston,2025-02-27 20:15:15
CUST67952764,Thomas Lee,thomas.lee384@example.com,+91-7448694576,Australia,Brisbane,2026-01-12 20:15:15
CUST92469279,Sanya Martinez,sanya.martinez436@example.com,+91-8811439064,India,Hyderabad,2025-02-16 20:15:15
CUST45608143,Christopher Jackson,christopher.jackson832@example.com,+91-8075514766,Singapore,Singapore,2024-10-18 20:15:15
CUST07267382,Siddharth Lee,siddharth.lee2@example.com,+91-8468632397,Brazil,Salvador,2025-03-22 20:15:15
CUST99295899,Lisa Mehta,lisa.mehta968@example.com,+91-8895478836,Australia,Perth,2025-01-18 20:15:15
CUST99670905,Lisa Pillai,lisa.pillai678@example.com,+91-7610643542,Canada,Vancouver,2025-06-05 20:15:15
CUST17262421,Sandra Nair,sandra.nair518@example.com,+91-9747321532,United Kingdom,Birmingham,2025-02-11 20:15:15
CUST64815542,William Lewis,william.lewis660@example.com,+91-7251477783,Germany,Frankfurt,2024-10-24 20:15:15
CUST89610039,Akash Nair,akash.nair151@example.com,+91-9290785405,France,Lyon,2025-08-29 20:15:15
CUST83002953,James Chopra,james.chopra234@example.com,+91-8782026570,Australia,Melbourne,2024-12-20 20:15:15
CUST56632580,Lisa White,lisa.white785@example.com,+91-8295059763,Australia,Brisbane,2025-02-12 20:15:15
CUST51644260,Priya Patel,priya.patel566@example.com,+91-7316476739,United Kingdom,Glasgow,2026-01-05 20:15:15
CUST44620318,Barbara Pillai,barbara.pillai346@example.com,+91-8257066048,France,Nice,2025-12-06 20:15:15
CUST45335799,Nikhil Lewis,nikhil.lewis787@example.com,+91-9425296093,India,Chennai,2024-10-04 20:15:15
CUST83077013,Thomas Jackson,thomas.jackson784@example.com,+91-7921174230,Germany,Munich,2025-10-27 20:15:15
CUST41576404,Nancy Anderson,nancy.anderson14@example.com,+91-7611163705,Australia,Adelaide,2024-02-27 20:15:15
CUST81619482,Riya Lewis,riya.lewis7@example.com,+91-9924858404,United Kingdom,Manchester,2025-06-09 20:15:15
CUST40686313,Joseph Desai,joseph.desai991@example.com,+91-8355639112,France,Nice,2026-02-15 20:15:15
CUST40430103,Gaurav Pillai,gaurav.pillai608@example.com,+91-8798255520,Canada,Toronto,2025-10-31 20:15:15
CUST44794094,Thomas Ramirez,thomas.ramirez630@example.com,+91-7070304681,Japan,Yokohama,2025-02-10 20:15:15
CUST55196894,Thomas Chauhan,thomas.chauhan158@example.com,+91-9222408281,India,Lucknow,2025-11-06 20:15:15
CUST51250302,Devika Chauhan,devika.chauhan513@example.com,+91-7722965536,Brazil,Fortaleza,2025-11-04 20:15:15
CUST40805191,William Davis,william.davis87@example.com,+91-8244251388,Canada,Toronto,2025-11-16 20:15:15
CUST81171312,Nikhil Mehta,nikhil.mehta19@example.com,+91-8085322823,France,Toulouse,2025-11-21 20:15:15
CUST53700254,Manish Verma,manish.verma286@example.com,+91-9905931133,Brazil,Fortaleza,2026-01-05 20:15:15
CUST24342737,Lisa Garcia,lisa.garcia892@example.com,+91-9278341519,Singapore,Singapore,2026-01-06 20:15:15
CUST25963039,Kavya Clark,kavya.clark31@example.com,+91-8479479519,Germany,Hamburg,2025-02-07 20:15:15
CUST18517026,Aarav Sharma,aarav.sharma869@example.com,+91-7931025334,Brazil,Sao Paulo,2025-07-09 20:15:15
CUST19966838,Elizabeth Jain,elizabeth.jain467@example.com,+91-9589554822,Singapore,Singapore,2025-12-11 20:15:15
CUST77909979,Pooja Yadav,pooja.yadav677@example.com,+91-8553403487,Brazil,Sao Paulo,2025-02-20 20:15:15
CUST62474390,Pooja Chauhan,pooja.chauhan726@example.com,+91-7118038397,Germany,Munich,2025-07-21 20:15:15
CUST65643762,Michael White,michael.white733@example.com,+91-9542037797,Brazil,Salvador,2025-09-22 20:15:15
CUST76619788,Joseph Jackson,joseph.jackson643@example.com,+91-8980511649,Canada,Vancouver,2025-07-07 20:15:15
CUST77827686,Pooja Ramirez,pooja.ramirez500@example.com,+91-7323169261,Singapore,Singapore,2025-11-30 20:15:15
CUST85075202,Mary Chauhan,mary.chauhan162@example.com,+91-7206272676,France,Marseille,2025-04-04 20:15:15
CUST03001174,Riya Anderson,riya.anderson472@example.com,+91-9140866781,Singapore,Singapore,2025-12-23 20:15:15
CUST26830125,Christopher Mishra,christopher.mishra401@example.com,+91-8390631537,Brazil,Sao Paulo,2025-08-13 20:15:15
CUST62432871,Ashley Singh,ashley.singh205@example.com,+91-7638842776,Germany,Munich,2024-12-01 20:15:15
CUST60661079,Mary Jain,mary.jain837@example.com,+91-8152920770,India,Thane,2025-08-31 20:15:15
CUST55548808,Zoya Desai,zoya.desai479@example.com,+91-9673745663,Singapore,Singapore,2025-09-07 20:15:15
CUST32298341,Varun Ramirez,varun.ramirez863@example.com,+91-9851913017,France,Lyon,2025-06-18 20:15:15
CUST37446314,Suresh Verma,suresh.verma966@example.com,+91-7567017406,United Kingdom,Manchester,2025-11-27 20:15:15
CUST64332334,Meera Kapoor,meera.kapoor981@example.com,+91-9886641659,Brazil,Brasilia,2024-02-27 20:15:15
CUST02530922,Mark Iyer,mark.iyer380@example.com,+91-8144876627,Australia,Melbourne,2025-05-08 20:15:15
CUST12813421,Jessica Robinson,jessica.robinson988@example.com,+91-9397445639,United Kingdom,Leeds,2025-11-19 20:15:15
CUST79547428,Matthew Chopra,matthew.chopra914@example.com,+91-9851979572,Germany,Berlin,2025-06-27 20:15:15
CUST81086078,Manish Sanchez,manish.sanchez408@example.com,+91-9480994766,Canada,Toronto,2024-10-03 20:15:15
CUST91598276,Anthony Kumar,anthony.kumar620@example.com,+91-7984784538,India,Kanpur,2024-12-04 20:15:15
CUST71762593,Lisa Martinez,lisa.martinez128@example.com,+91-8979743536,United Kingdom,London,2024-03-24 20:15:15
CUST07582786,Pooja Thomas,pooja.thomas873@example.com,+91-9605912283,Singapore,Singapore,2026-01-17 20:15:15
CUST29099077,Kiran Jones,kiran.jones688@example.com,+91-8448842926,Brazil,Brasilia,2025-11-25 20:15:15
CUST58875726,Manish Singh,manish.singh563@example.com,+91-9961188975,Canada,Ottawa,2024-03-23 20:15:15
CUST33076004,Nikhil Jones,nikhil.jones45@example.com,+91-9729297595,United Kingdom,Glasgow,2025-06-15 20:15:15
CUST40356885,Manish Jackson,manish.jackson95@example.com,+91-7558378778,India,Hyderabad,2024-07-02 20:15:15
CUST39417065,Akash Chopra,akash.chopra223@example.com,+91-8599636614,Germany,Frankfurt,2025-12-17 20:15:15
CUST58578112,Mary Iyer,mary.iyer953@example.com,+91-8398756870,Japan,Tokyo,2025-04-03 20:15:15
CUST09561677,Ishaan Lopez,ishaan.lopez444@example.com,+91-9917860220,France,Marseille,2025-09-03 20:15:15
CUST27381404,David Clark,david.clark813@example.com,+91-9759655888,United Kingdom,Glasgow,2025-06-16 20:15:15
CUST41035976,Sarah Thompson,sarah.thompson79@example.com,+91-8468590844,United Kingdom,London,2025-08-07 20:15:15
CUST18373359,Aditi Srivastava,aditi.srivastava595@example.com,+91-7910665482,Brazil,Salvador,2025-04-13 20:15:15
CUST52190603,Thomas Mishra,thomas.mishra89@example.com,+91-9953520814,Canada,Vancouver,2026-01-02 20:15:15
CUST85209512,Matthew Agarwal,matthew.agarwal731@example.com,+91-8808561633,India,Thane,2024-02-27 20:15:15
CUST33397930,Daniel Brown,daniel.brown172@example.com,+91-9596124662,United States,Phoenix,2025-09-06 20:15:15
CUST42813553,Margaret Sanchez,margaret.sanchez642@example.com,+91-8327874157,India,Kolkata,2025-01-05 20:15:15
CUST05984069,Vikram Pillai,vikram.pillai431@example.com,+91-7502384396,Canada,Vancouver,2026-02-22 20:15:15
CUST97464913,Ishaan Desai,ishaan.desai550@example.com,+91-8547630569,United States,New York,2026-01-18 20:15:15
CUST11188066,Nikhil Sanchez,nikhil.sanchez528@example.com,+91-9001732850,Singapore,Singapore,2025-11-20 20:15:15
CUST74400724,Nikhil Williams,nikhil.williams991@example.com,+91-8154582669,France,Toulouse,2025-05-02 20:15:15
CUST75554324,Nidhi Verma,nidhi.verma63@example.com,+91-9107465795,United States,Phoenix,2025-11-29 20:15:15
CUST62449811,Nikhil Verma,nikhil.verma799@example.com,+91-9775754720,India,Kolkata,2025-02-27 20:15:15
CUST33228746,Anthony Khanna,anthony.khanna677@example.com,+91-7920186549,Canada,Toronto,2026-01-23 20:15:15
CUST60574880,William Kapoor,william.kapoor268@example.com,+91-7022529409,Japan,Kyoto,2025-10-07 20:15:15
CUST23440551,William Gupta,william.gupta421@example.com,+91-9106092873,Brazil,Fortaleza,2025-11-25 20:15:15
CUST13389682,Emily Lewis,emily.lewis967@example.com,+91-7102523803,United Kingdom,Leeds,2026-02-01 20:15:15
CUST48029314,Arjun Gonzalez,arjun.gonzalez572@example.com,+91-9702225888,Australia,Perth,2025-04-18 20:15:15
CUST64137484,Nancy Sharma,nancy.sharma166@example.com,+91-7327832736,Germany,Hamburg,2024-10-03 20:15:15
CUST58323624,Thomas Thomas,thomas.thomas728@example.com,+91-8254517227,United Kingdom,Leeds,2024-10-09 20:15:15
CUST59884783,Rohit Gonzalez,rohit.gonzalez555@example.com,+91-9270348197,Japan,Yokohama,2025-12-13 20:15:15
CUST91819131,Linda Khanna,linda.khanna40@example.com,+91-9567073268,France,Nice,2024-02-27 20:15:15
CUST62475122,James Perez,james.perez370@example.com,+91-7065930004,Brazil,Salvador,2025-01-30 20:15:15
CUST84837284,Jennifer Khanna,jennifer.khanna493@example.com,+91-9323436029,Brazil,Rio de Janeiro,2025-12-22 20:15:15
CUST85388380,Charles Singh,charles.singh901@example.com,+91-8094084040,France,Toulouse,2024-10-05 20:15:15
CUST40859309,Raj Kumar,raj.kumar465@example.com,+91-9997064993,Germany,Munich,2026-01-06 20:15:15
CUST11711228,Sarah Kapoor,sarah.kapoor583@example.com,+91-9459701608,Canada,Ottawa,2026-01-18 20:15:15
CUST37810951,Lisa Anderson,lisa.anderson203@example.com,+91-8013237699,United States,New York,2024-09-29 20:15:15
CUST99739299,Varun Patel,varun.patel375@example.com,+91-8638270759,Germany,Hamburg,2024-06-08 20:15:15
CUST79653189,David Singh,david.singh718@example.com,+91-9830583361,Australia,Brisbane,2025-10-03 20:15:15
CUST88455366,Sarah Wilson,sarah.wilson134@example.com,+91-7979114783,Australia,Adelaide,2025-06-14 20:15:15
CUST61821087,Raj Jones,raj.jones79@example.com,+91-8858609252,Germany,Frankfurt,2025-11-25 20:15:15
CUST67810867,Karen Johnson,karen.johnson351@example.com,+91-8012652944,Brazil,Sao Paulo,2025-03-11 20:15:15
CUST31528708,Margaret Hernandez,margaret.hernandez913@example.com,+91-9738291200,France,Paris,2024-12-12 20:15:15
CUST52767841,Matthew Khanna,matthew.khanna602@example.com,+91-8049657506,India,Kolkata,2026-01-03 20:15:15
CUST30552047,Aditi Iyer,aditi.iyer71@example.com,+91-8806952760,Australia,Melbourne,2025-05-15 20:15:15
CUST67042765,Deepa Anderson,deepa.anderson751@example.com,+91-8534148690,Germany,Munich,2024-09-14 20:15:15
CUST98152066,Barbara Kapoor,barbara.kapoor618@example.com,+91-7519949353,Canada,Vancouver,2025-03-08 20:15:15
CUST33581502,Mary Mehta,mary.mehta588@example.com,+91-9711995874,Australia,Melbourne,2025-02-08 20:15:15
CUST87041355,Riya Khanna,riya.khanna495@example.com,+91-8676319376,Australia,Adelaide,2025-12-25 20:15:15
CUST46012288,William Bhatia,william.bhatia673@example.com,+91-8744461036,Brazil,Fortaleza,2024-12-28 20:15:15
CUST11429949,Sandra Anderson,sandra.anderson742@example.com,+91-9533759029,United States,Phoenix,2025-09-07 20:15:15
CUST27847581,Nidhi Mehta,nidhi.mehta448@example.com,+91-9369327865,United Kingdom,London,2026-02-24 20:15:15
CUST52452076,Kavya Agarwal,kavya.agarwal52@example.com,+91-7924914656,Canada,Vancouver,2025-06-03 20:15:15
CUST11707111,James Hernandez,james.hernandez354@example.com,+91-8372284526,India,Pune,2025-02-28 20:15:15
CUST55377160,Sarah Anderson,sarah.anderson259@example.com,+91-8403863008,United States,New York,2025-02-21 20:15:15
CUST61596097,Ananya Williams,ananya.williams405@example.com,+91-8203340235,Australia,Sydney,2024-05-10 20:15:15
CUST66941648,Sarah Kapoor,sarah.kapoor583@example.com,+91-8051930879,United Kingdom,London,2026-02-05 20:15:15
CUST82572579,Raj Miller,raj.miller131@example.com,+91-7967815217,India,Thane,2026-01-07 20:15:15
CUST45609272,Manish Kapoor,manish.kapoor871@example.com,+91-8244784554,Germany,Berlin,2024-06-02 20:15:15
CUST05426148,Mark Johnson,mark.johnson852@example.com,+91-8340428135,Australia,Adelaide,2025-03-26 20:15:15
CUST60460560,Riya Sharma,riya.sharma494@example.com,+91-8294939952,United States,Chicago,2025-10-18 20:15:15
CUST23260557,Christopher Wilson,christopher.wilson17@example.com,+91-9384413663,Japan,Tokyo,2026-01-21 20:15:15
CUST95478968,Susan Iyer,susan.iyer506@example.com,+91-9403057158,Brazil,Fortaleza,2024-12-12 20:15:15
CUST89929973,Raj Gonzalez,raj.gonzalez67@example.com,+91-7945017715,Japan,Tokyo,2025-11-28 20:15:15
CUST86197938,Aarav Robinson,aarav.robinson327@example.com,+91-8026360840,United States,Chicago,2024-12-17 20:15:15
CUST19324794,Patricia Sharma,patricia.sharma915@example.com,+91-9112291001,Brazil,Salvador,2025-08-12 20:15:15
CUST20698844,Tanvi Thompson,tanvi.thompson401@example.com,+91-7293755497,Brazil,Rio de Janeiro,2025-08-23 20:15:15
CUST64642591,Michael Khanna,michael.khanna433@example.com,+91-9465145703,India,Delhi,2025-07-17 20:15:15
CUST35127369,Deepa Walker,deepa.walker648@example.com,+91-8896634109,India,Delhi,2025-10-17 20:15:15
CUST03245588,Margaret Garcia,margaret.garcia356@example.com,+91-8034377619,Singapore,Singapore,2026-01-29 20:15:15
CUST92429508,Jessica Pillai,jessica.pillai733@example.com,+91-8946652508,Germany,Hamburg,2025-07-27 20:15:15
CUST90396329,David Sanchez,david.sanchez226@example.com,+91-8596304563,Japan,Kyoto,2025-10-16 20:15:15
CUST40976516,Siddharth Kumar,siddharth.kumar861@example.com,+91-8689562148,Singapore,Singapore,2025-09-30 20:15:15
CUST93601711,Anthony Chauhan,anthony.chauhan987@example.com,+91-8535064228,Singapore,Singapore,2025-07-18 20:15:15
CUST49144108,Jennifer Harris,jennifer.harris380@example.com,+91-9271821331,Japan,Yokohama,2026-01-20 20:15:15
CUST67172015,William Brown,william.brown33@example.com,+91-8975905655,Singapore,Singapore,2025-12-22 20:15:15
CUST52086340,Sarah Bhatia,sarah.bhatia55@example.com,+91-9726105398,Germany,Hamburg,2025-12-06 20:15:15
CUST50643856,Kiran Lewis,kiran.lewis591@example.com,+91-8510806826,Canada,Ottawa,2025-11-03 20:15:15
CUST35983651,Linda Clark,linda.clark586@example.com,+91-7121609246,India,Surat,2026-02-02 20:15:15
CUST58624058,Aditi Sharma,aditi.sharma304@example.com,+91-9280461665,Japan,Tokyo,2026-01-16 20:15:15
CUST71436894,Arjun Rodriguez,arjun.rodriguez431@example.com,+91-7213172634,France,Lyon,2025-12-17 20:15:15
CUST66461426,Sandra Smith,sandra.smith314@example.com,+91-9629097117,Japan,Osaka,2025-05-14 20:15:15
CUST79634930,Pooja Walker,pooja.walker947@example.com,+91-8420152964,France,Nice,2025-06-01 20:15:15
CUST24110575,Rahul Moore,rahul.moore686@example.com,+91-9103923226,United States,Chicago,2026-02-24 20:15:15
CUST94911630,Sandra Mishra,sandra.mishra672@example.com,+91-7262939850,Canada,Ottawa,2026-02-09 20:15:15
CUST66723247,Robert Taylor,robert.taylor285@example.com,+91-9071872515,Japan,Osaka,2025-09-11 20:15:15
CUST13585625,Sarah Desai,sarah.desai172@example.com,+91-7879124629,Singapore,Singapore,2025-10-15 20:15:15
CUST93347882,James Lopez,james.lopez396@example.com,+91-7300942878,United Kingdom,Glasgow,2025-12-04 20:15:15
CUST75740134,Mary Martinez,mary.martinez448@example.com,+91-9975044231,United Kingdom,London,2025-09-10 20:15:15
CUST33899398,Charles Pillai,charles.pillai273@example.com,+91-7177286660,Singapore,Singapore,2026-01-03 20:15:15
CUST61717614,Nancy Bhatia,nancy.bhatia182@example.com,+91-8649661727,Japan,Hiroshima,2026-01-22 20:15:15
CUST96109125,Vivek Verma,vivek.verma528@example.com,+91-9500255391,Japan,Hiroshima,2026-02-09 20:15:15
CUST10251531,John Patel,john.patel759@example.com,+91-9836769307,India,Mumbai,2026-02-08 20:15:15
CUST34840907,Sandra Perez,sandra.perez432@example.com,+91-8990556535,India,Kanpur,2026-01-04 20:15:15
CUST20040035,Siddharth Kapoor,siddharth.kapoor450@example.com,+91-7004776471,Canada,Ottawa,2025-02-11 20:15:15
CUST10379812,Jessica Taylor,jessica.taylor953@example.com,+91-7565642284,Brazil,Sao Paulo,2025-01-28 20:15:15
CUST65862156,Ananya Yadav,ananya.yadav253@example.com,+91-7396475224,United Kingdom,Manchester,2024-07-14 20:15:15
CUST51272353,Nidhi Bhatia,nidhi.bhatia734@example.com,+91-7838300635,Japan,Hiroshima,2025-06-08 20:15:15
CUST30730509,Elizabeth Clark,elizabeth.clark389@example.com,+91-8664755276,Canada,Vancouver,2025-11-04 20:15:15
CUST89377247,Ishaan Davis,ishaan.davis851@example.com,+91-9163526242,United States,Los Angeles,2026-01-24 20:15:15
CUST84998214,Devika Jones,devika.jones264@example.com,+91-8395373113,United Kingdom,Glasgow,2025-12-28 20:15:15
CUST82792619,Christopher Thomas,christopher.thomas84@example.com,+91-7188169895,Germany,Frankfurt,2025-10-09 20:15:15
CUST04207502,Rohit Harris,rohit.harris351@example.com,+91-9469635346,Brazil,Rio de Janeiro,2025-12-19 20:15:15
CUST58317482,Raj Thompson,raj.thompson185@example.com,+91-9637186027,India,Chennai,2025-11-26 20:15:15
CUST55887927,Michael Mishra,michael.mishra980@example.com,+91-8784982046,Australia,Sydney,2024-03-27 20:15:15
CUST19443233,Ashley Smith,ashley.smith63@example.com,+91-7232485116,France,Lyon,2025-10-31 20:15:15
CUST20793725,Nidhi Ramirez,nidhi.ramirez73@example.com,+91-8720218113,Singapore,Singapore,2026-01-17 20:15:15
CUST26404982,Daniel Lewis,daniel.lewis584@example.com,+91-7045795991,Japan,Hiroshima,2025-11-15 20:15:15
CUST89530969,Nidhi Thompson,nidhi.thompson704@example.com,+91-7327257789,United Kingdom,Manchester,2026-02-17 20:15:15
CUST23682126,Ashley Reddy,ashley.reddy753@example.com,+91-7157984766,India,Mumbai,2025-07-08 20:15:15
CUST12305444,Richard Williams,richard.williams206@example.com,+91-7401714449,Australia,Brisbane,2025-04-22 20:15:15
CUST30734615,Patricia Perez,patricia.perez669@example.com,+91-8692328333,India,Mumbai,2025-10-24 20:15:15
CUST19053249,Barbara Reddy,barbara.reddy998@example.com,+91-9372363381,United Kingdom,Leeds,2025-08-16 20:15:15
CUST93893026,Jessica Mishra,jessica.mishra601@example.com,+91-8452929673,Singapore,Singapore,2024-10-11 20:15:15
CUST83609460,Vikram Sharma,vikram.sharma331@example.com,+91-8593794638,Japan,Hiroshima,2026-01-01 20:15:15
CUST15380192,Deepa Nair,deepa.nair832@example.com,+91-8829686878,Singapore,Singapore,2026-01-14 20:15:15
CUST26635430,Sneha Mehta,sneha.mehta914@example.com,+91-8915145882,Singapore,Singapore,2025-12-16 20:15:15
CUST65818285,Kiran Johnson,kiran.johnson7@example.com,+91-9830018456,Singapore,Singapore,2025-12-28 20:15:15
CUST67912594,David Iyer,david.iyer937@example.com,+91-9120094556,India,Kanpur,2024-10-08 20:15:15
CUST46114966,Thomas Sanchez,thomas.sanchez622@example.com,+91-7475896362,Brazil,Fortaleza,2026-02-15 20:15:15
CUST20641841,Priya Hernandez,priya.hernandez527@example.com,+91-9236521953,Germany,Munich,2026-02-05 20:15:15
CUST51154080,Richard Sanchez,richard.sanchez392@example.com,+91-9022957250,United Kingdom,Birmingham,2024-04-10 20:15:15
CUST19001052,Rohit Chauhan,rohit.chauhan740@example.com,+91-8255987187,Japan,Yokohama,2025-10-28 20:15:15
CUST02125095,Ananya Agarwal,ananya.agarwal63@example.com,+91-7642065836,United Kingdom,Glasgow,2025-09-13 20:15:15
CUST83758311,Sandra Clark,sandra.clark386@example.com,+91-7288231412,Japan,Tokyo,2025-07-30 20:15:15
CUST25241293,Aditi Miller,aditi.miller839@example.com,+91-8657263901,France,Marseille,2025-02-20 20:15:15
CUST30398663,Suresh Jones,suresh.jones785@example.com,+91-9912883833,Germany,Berlin,2025-04-30 20:15:15
CUST19023182,Karen Brown,karen.brown498@example.com,+91-9739773918,Germany,Hamburg,2025-11-05 20:15:15
CUST46259227,Richard Robinson,richard.robinson246@example.com,+91-9069517760,Canada,Toronto,2025-01-29 20:15:15
CUST88619320,Michael Rodriguez,michael.rodriguez190@example.com,+91-9591412744,United Kingdom,Glasgow,2025-03-29 20:15:15
CUST98622615,Barbara Anderson,barbara.anderson920@example.com,+91-8976737444,Brazil,Fortaleza,2024-10-01 20:15:15
CUST97792734,Elizabeth Bhatia,elizabeth.bhatia438@example.com,+91-8732996499,Australia,Sydney,2025-12-18 20:15:15
CUST16585573,Linda Johnson,linda.johnson99@example.com,+91-9347984774,Canada,Vancouver,2026-02-02 20:15:15
CUST08795741,Arjun Martinez,arjun.martinez629@example.com,+91-7071830870,United Kingdom,London,2026-01-30 20:15:15
CUST34940811,Barbara Chauhan,barbara.chauhan239@example.com,+91-9430654878,Australia,Melbourne,2025-08-19 20:15:15
CUST60006710,Siddharth Agarwal,siddharth.agarwal399@example.com,+91-8045377812,Canada,Vancouver,2025-12-15 20:15:15
CUST93638771,Siddharth Gupta,siddharth.gupta291@example.com,+91-7691007790,Germany,Hamburg,2026-02-15 20:15:15
CUST92324249,Karen Verma,karen.verma559@example.com,+91-9643005316,Brazil,Salvador,2024-12-12 20:15:15
CUST24183269,Deepa Jones,deepa.jones753@example.com,+91-8846647832,Australia,Adelaide,2024-11-01 20:15:15
CUST11167293,Karen Smith,karen.smith22@example.com,+91-7118564642,Canada,Montreal,2025-11-07 20:15:15
CUST93886188,Joseph Smith,joseph.smith552@example.com,+91-8334909452,Canada,Calgary,2026-01-23 20:15:15
CUST23251888,Daniel Pillai,daniel.pillai960@example.com,+91-9275502587,United Kingdom,Manchester,2025-12-19 20:15:15
CUST87393290,David Rodriguez,david.rodriguez36@example.com,+91-7986832401,Canada,Montreal,2025-05-27 20:15:15
CUST99684927,Priya Agarwal,priya.agarwal975@example.com,+91-8713075046,United Kingdom,London,2025-05-19 20:15:15
CUST09061624,Betty Thompson,betty.thompson398@example.com,+91-9526731191,Australia,Melbourne,2025-05-08 20:15:15
CUST71682601,Lisa Lewis,lisa.lewis654@example.com,+91-9623387784,Germany,Cologne,2024-11-13 20:15:15
CUST26252539,Thomas Rodriguez,thomas.rodriguez925@example.com,+91-7456784639,Brazil,Sao Paulo,2024-09-20 20:15:15
CUST23068345,Nancy Martin,nancy.martin833@example.com,+91-7136498763,Australia,Adelaide,2024-02-27 20:15:15
CUST56633559,Tanvi Reddy,tanvi.reddy701@example.com,+91-8040169932,United Kingdom,Leeds,2025-11-12 20:15:15
CUST68886583,Vikram Iyer,vikram.iyer421@example.com,+91-9500632089,Germany,Frankfurt,2024-07-13 20:15:15
CUST22274790,Nancy Pillai,nancy.pillai379@example.com,+91-9967809668,Germany,Cologne,2025-06-22 20:15:15
CUST18317870,Tanvi Jones,tanvi.jones155@example.com,+91-9721663979,Brazil,Salvador,2026-01-26 20:15:15
CUST00558538,Christopher Srivastava,christopher.srivastava315@example.com,+91-7433540796,Canada,Vancouver,2025-07-23 20:15:15
CUST40566411,Siddharth Taylor,siddharth.taylor108@example.com,+91-7876582765,Singapore,Singapore,2025-11-03 20:15:15
CUST00962171,Vikram Gonzalez,vikram.gonzalez335@example.com,+91-8274992546,Canada,Calgary,2026-02-08 20:15:15
CUST82204381,Mark Perez,mark.perez919@example.com,+91-7390769101,United Kingdom,Leeds,2025-12-19 20:15:15
CUST71771826,Rohit Perez,rohit.perez673@example.com,+91-9904487909,India,Delhi,2025-04-29 20:15:15
CUST70007071,Rohit Nair,rohit.nair364@example.com,+91-8545987994,United States,New York,2025-11-14 20:15:15
CUST19411526,Kavya Martin,kavya.martin176@example.com,+91-8145626338,India,Mumbai,2025-06-19 20:15:15
CUST12789590,Mary Jackson,mary.jackson669@example.com,+91-9320136115,India,Surat,2024-07-24 20:15:15
CUST92586518,Pooja Ramirez,pooja.ramirez910@example.com,+91-9611946176,Canada,Vancouver,2025-07-24 20:15:15
CUST97940446,David Desai,david.desai10@example.com,+91-7404304018,United Kingdom,London,2024-02-27 20:15:15
CUST08346185,Zoya Jones,zoya.jones893@example.com,+91-8725247797,Brazil,Brasilia,2025-11-16 20:15:15
CUST08170521,Lisa Davis,lisa.davis550@example.com,+91-7039151865,France,Paris,2024-10-06 20:15:15
CUST87155935,Nidhi Harris,nidhi.harris633@example.com,+91-8864899702,Singapore,Singapore,2024-02-27 20:15:15
CUST33091125,Emily Lewis,emily.lewis696@example.com,+91-7719486074,India,Lucknow,2025-09-02 20:15:15
CUST87037557,Linda Nair,linda.nair776@example.com,+91-7105157052,France,Toulouse,2025-11-09 20:15:15
CUST74793943,Aarav Pillai,aarav.pillai937@example.com,+91-7190364766,Singapore,Singapore,2025-11-13 20:15:15
CUST00472573,Michael Jackson,michael.jackson131@example.com,+91-7136347879,Australia,Perth,2025-10-15 20:15:15
CUST46247647,Rohit Gonzalez,rohit.gonzalez273@example.com,+91-9407740987,Japan,Hiroshima,2025-06-08 20:15:15
CUST51331251,Nikhil Gonzalez,nikhil.gonzalez914@example.com,+91-8702906629,United Kingdom,Leeds,2025-10-09 20:15:15
CUST27705228,Margaret Martin,margaret.martin510@example.com,+91-8031603335,Japan,Hiroshima,2025-03-13 20:15:15
CUST30242090,Ishaan White,ishaan.white959@example.com,+91-8568997927,Brazil,Rio de Janeiro,2025-05-17 20:15:15
CUST55054881,Riya Iyer,riya.iyer346@example.com,+91-9293934747,India,Indore,2025-11-23 20:15:15
CUST73916700,Christopher Brown,christopher.brown746@example.com,+91-8546621470,Brazil,Rio de Janeiro,2025-01-24 20:15:15
CUST68319831,Devika Robinson,devika.robinson318@example.com,+91-9026294082,Germany,Frankfurt,2025-03-18 20:15:15
CUST16591819,Devika Gonzalez,devika.gonzalez334@example.com,+91-8668182922,United Kingdom,Leeds,2025-07-07 20:15:15
CUST47789500,Kiran Srivastava,kiran.srivastava719@example.com,+91-7344827826,United States,Chicago,2026-01-07 20:15:15
CUST35091197,Susan Desai,susan.desai49@example.com,+91-7521048522,United Kingdom,Birmingham,2025-09-08 20:15:15
CUST56214468,Daniel Moore,daniel.moore15@example.com,+91-9789532778,Singapore,Singapore,2025-10-03 20:15:15
CUST18686307,John Johnson,john.johnson91@example.com,+91-9080574481,Japan,Tokyo,2026-02-22 20:15:15
CUST56684776,Sanya Lopez,sanya.lopez378@example.com,+91-9245021520,United States,Houston,2024-02-27 20:15:15
CUST94142166,Devika Harris,devika.harris67@example.com,+91-8114940489,Japan,Yokohama,2025-05-03 20:15:15
CUST04019484,Manish Johnson,manish.johnson142@example.com,+91-8426394741,United Kingdom,London,2025-11-06 20:15:15
CUST47578589,Sarah Kumar,sarah.kumar449@example.com,+91-9690806158,France,Lyon,2025-08-01 20:15:15
CUST60749648,Jennifer Kapoor,jennifer.kapoor281@example.com,+91-7910572929,Germany,Hamburg,2024-09-06 20:15:15
CUST43174769,Rohit Chauhan,rohit.chauhan962@example.com,+91-8229506057,Australia,Adelaide,2026-02-17 20:15:15
CUST57234179,Varun Pillai,varun.pillai878@example.com,+91-9467774954,Canada,Ottawa,2025-12-16 20:15:15
CUST12212609,David Martinez,david.martinez332@example.com,+91-8019735162,Canada,Montreal,2024-03-10 20:15:15
CUST58436947,Sneha Sanchez,sneha.sanchez40@example.com,+91-8248097779,Australia,Adelaide,2026-02-23 20:15:15
CUST92116398,Sandra Reddy,sandra.reddy187@example.com,+91-9191601588,Canada,Montreal,2025-07-30 20:15:15
CUST19353836,Patricia Chopra,patricia.chopra128@example.com,+91-8635539906,France,Marseille,2025-08-23 20:15:15
CUST92325760,Sandra Lee,sandra.lee290@example.com,+91-8295022777,Canada,Montreal,2024-02-27 20:15:15
CUST19284338,Michael Mishra,michael.mishra294@example.com,+91-9358877169,Germany,Munich,2025-10-13 20:15:15
CUST95897578,Pooja Lopez,pooja.lopez637@example.com,+91-9426859862,United States,Houston,2024-02-27 20:15:15
CUST16006506,David Lewis,david.lewis910@example.com,+91-7273126970,Germany,Cologne,2026-02-24 20:15:15
CUST73270186,Linda Chauhan,linda.chauhan102@example.com,+91-9338568872,Singapore,Singapore,2025-11-18 20:15:15
CUST17185658,Elizabeth Desai,elizabeth.desai801@example.com,+91-8081449849,United States,Phoenix,2025-12-12 20:15:15
CUST73379786,Matthew Kapoor,matthew.kapoor637@example.com,+91-8929005930,Brazil,Sao Paulo,2026-01-19 20:15:15
CUST56422514,Siddharth Sharma,siddharth.sharma425@example.com,+91-9132239303,Singapore,Singapore,2024-02-27 20:15:15
CUST22375807,Barbara Kapoor,barbara.kapoor384@example.com,+91-7005361840,France,Marseille,2024-02-27 20:15:15
CUST59822455,Siddharth Pillai,siddharth.pillai718@example.com,+91-7355933114,India,Ahmedabad,2026-01-20 20:15:15
CUST11449374,Aarav Thompson,aarav.thompson908@example.com,+91-8239506159,Canada,Calgary,2025-08-30 20:15:15
CUST97646965,Sandra Perez,sandra.perez133@example.com,+91-8845693665,Canada,Montreal,2026-02-02 20:15:15
CUST03409264,Elizabeth Sharma,elizabeth.sharma100@example.com,+91-9074505018,Canada,Ottawa,2026-01-25 20:15:15
CUST20097591,Aditi Thomas,aditi.thomas929@example.com,+91-8893547652,Germany,Frankfurt,2025-05-02 20:15:15
CUST37171767,Kiran Miller,kiran.miller843@example.com,+91-8628978380,Brazil,Brasilia,2024-10-24 20:15:15
CUST96414296,Devika Desai,devika.desai39@example.com,+91-8234678778,United States,Phoenix,2025-07-16 20:15:15
CUST41732232,Charles Kumar,charles.kumar177@example.com,+91-7940416170,India,Delhi,2026-01-28 20:15:15
CUST28509815,Daniel Pillai,daniel.pillai437@example.com,+91-7702809868,India,Delhi,2024-12-28 20:15:15
CUST85854673,Michael Walker,michael.walker104@example.com,+91-7605411073,India,Kolkata,2024-10-30 20:15:15
CUST60373515,Sandra Reddy,sandra.reddy670@example.com,+91-9251109832,Singapore,Singapore,2025-08-11 20:15:15
CUST46767432,Mark Davis,mark.davis477@example.com,+91-9224197733,Brazil,Rio de Janeiro,2025-10-18 20:15:15
CUST77222906,Sandra Perez,sandra.perez414@example.com,+91-8559286391,India,Hyderabad,2025-10-22 20:15:15
CUST00566258,Daniel Harris,daniel.harris8@example.com,+91-7578646837,India,Kolkata,2025-06-08 20:15:15
CUST40840906,Karen Brown,karen.brown96@example.com,+91-7609754127,Germany,Munich,2024-07-06 20:15:15
CUST75436028,Priya Williams,priya.williams905@example.com,+91-9391302678,Japan,Tokyo,2024-07-27 20:15:15
CUST79017957,Manish Lee,manish.lee53@example.com,+91-9364526298,United Kingdom,Birmingham,2025-02-17 20:15:15
CUST48338486,Meera Johnson,meera.johnson556@example.com,+91-9109127382,Canada,Vancouver,2025-11-12 20:15:15
CUST81929001,Anthony Hernandez,anthony.hernandez685@example.com,+91-8982278311,India,Delhi,2025-10-24 20:15:15
CUST45216241,Meera Jain,meera.jain30@example.com,+91-9450740913,France,Marseille,2025-04-17 20:15:15
CUST09599049,Sandra Reddy,sandra.reddy962@example.com,+91-8061774181,United Kingdom,Manchester,2025-05-15 20:15:15
CUST19999902,Sarah Sanchez,sarah.sanchez632@example.com,+91-8128473664,Australia,Perth,2024-06-27 20:15:15
CUST09772495,Daniel Chopra,daniel.chopra275@example.com,+91-8077019607,Canada,Calgary,2025-02-09 20:15:15
CUST76690258,Aditi Yadav,aditi.yadav152@example.com,+91-9880502694,Australia,Melbourne,2024-02-27 20:15:15
CUST79249147,Aditi Williams,aditi.williams24@example.com,+91-7006673577,United States,New York,2025-12-28 20:15:15
CUST78213817,Mary Thompson,mary.thompson115@example.com,+91-9470141437,United Kingdom,Leeds,2024-06-14 20:15:15
CUST64326534,Kavya Singh,kavya.singh236@example.com,+91-8742004610,France,Marseille,2024-02-27 20:15:15
CUST61605803,Betty Thomas,betty.thomas826@example.com,+91-8998488764,Canada,Vancouver,2024-08-02 20:15:15
CUST45418894,Varun Mehta,varun.mehta200@example.com,+91-8906543983,United Kingdom,Manchester,2026-01-20 20:15:15
CUST74270060,William Verma,william.verma382@example.com,+91-8791090752,Singapore,Singapore,2024-04-07 20:15:15
CUST13370931,Sanya Singh,sanya.singh394@example.com,+91-7955921912,India,Hyderabad,2025-03-18 20:15:15
CUST71477429,Christopher Patel,christopher.patel703@example.com,+91-8149745859,Germany,Cologne,2025-11-09 20:15:15
CUST60015141,Ananya Wilson,ananya.wilson611@example.com,+91-8384883601,Germany,Cologne,2025-10-02 20:15:15
CUST74465562,Arjun Yadav,arjun.yadav509@example.com,+91-9109701744,Singapore,Singapore,2026-02-10 20:15:15
CUST60292385,Nikhil White,nikhil.white165@example.com,+91-8459859478,United Kingdom,Glasgow,2025-10-20 20:15:15
CUST41302872,Tanvi Thomas,tanvi.thomas926@example.com,+91-7317864003,Singapore,Singapore,2025-12-19 20:15:15
CUST43075304,Joseph Jones,joseph.jones63@example.com,+91-8674527662,Japan,Yokohama,2025-04-23 20:15:15
CUST93333095,Siddharth Moore,siddharth.moore381@example.com,+91-7876748836,France,Toulouse,2025-08-08 20:15:15
CUST70885504,James Hernandez,james.hernandez234@example.com,+91-9884698784,India,Surat,2024-05-06 20:15:15
CUST82167971,Ishaan Agarwal,ishaan.agarwal513@example.com,+91-9599032074,France,Nice,2025-07-07 20:15:15
CUST00699633,Akash Sharma,akash.sharma426@example.com,+91-7652045277,United Kingdom,London,2025-02-25 20:15:15
CUST65910975,Zoya Jones,zoya.jones86@example.com,+91-9342706518,Germany,Munich,2025-01-15 20:15:15
CUST80718737,Nidhi Miller,nidhi.miller299@example.com,+91-7176731601,Japan,Yokohama,2026-02-10 20:15:15
CUST04817729,David White,david.white580@example.com,+91-7517014089,Australia,Sydney,2025-01-04 20:15:15
CUST02062767,Arjun Gupta,arjun.gupta974@example.com,+91-9424184017,France,Nice,2026-01-14 20:15:15
CUST43698792,Aarav Srivastava,aarav.srivastava848@example.com,+91-7778618140,India,Kanpur,2025-12-28 20:15:15
CUST64424449,Raj Nair,raj.nair368@example.com,+91-9299521082,France,Toulouse,2025-09-10 20:15:15
CUST39311977,Suresh Garcia,suresh.garcia938@example.com,+91-8169543124,Germany,Munich,2025-09-27 20:15:15
CUST53176263,Betty Yadav,betty.yadav532@example.com,+91-7583197013,Singapore,Singapore,2024-02-27 20:15:15
CUST93964982,Rohit Rodriguez,rohit.rodriguez342@example.com,+91-9783146617,Australia,Sydney,2025-10-06 20:15:15
CUST77134022,Sneha Martinez,sneha.martinez249@example.com,+91-9707317937,Singapore,Singapore,2025-10-17 20:15:15
CUST69345376,Nancy Hernandez,nancy.hernandez634@example.com,+91-8831847304,United Kingdom,London,2025-01-04 20:15:15
CUST68359114,Devika Chauhan,devika.chauhan231@example.com,+91-8809994058,Germany,Munich,2025-12-04 20:15:15
CUST89782960,Arjun Williams,arjun.williams922@example.com,+91-7431680823,United States,Chicago,2025-02-01 20:15:15
CUST81514367,Elizabeth Martin,elizabeth.martin889@example.com,+91-9529391176,Singapore,Singapore,2025-12-20 20:15:15
CUST11111803,Patricia Verma,patricia.verma714@example.com,+91-7871381179,India,Kanpur,2025-10-23 20:15:15
CUST12029619,Ashley Verma,ashley.verma22@example.com,+91-8075929941,Germany,Cologne,2024-07-12 20:15:15
CUST53590765,Siddharth Thomas,siddharth.thomas384@example.com,+91-7132953324,Brazil,Salvador,2025-09-24 20:15:15
CUST97721633,Aditi Mishra,aditi.mishra177@example.com,+91-7391354305,Australia,Adelaide,2024-05-17 20:15:15
CUST47701935,Deepa Nair,deepa.nair368@example.com,+91-9096720359,Germany,Cologne,2025-11-03 20:15:15
CUST31253554,Sneha Rodriguez,sneha.rodriguez138@example.com,+91-7800798873,Canada,Calgary,2026-02-04 20:15:15
CUST61788240,Barbara Moore,barbara.moore800@example.com,+91-7912583455,Canada,Toronto,2025-03-13 20:15:15
CUST77308961,David Walker,david.walker866@example.com,+91-8660331244,India,Lucknow,2025-12-19 20:15:15
CUST28005960,Vikram Iyer,vikram.iyer975@example.com,+91-9161245606,Singapore,Singapore,2025-03-28 20:15:15
CUST40210407,Daniel Reddy,daniel.reddy216@example.com,+91-7542171124,Canada,Vancouver,2025-08-02 20:15:15
CUST81178405,Nikhil Wilson,nikhil.wilson19@example.com,+91-9253336491,France,Toulouse,2024-02-27 20:15:15
CUST41616298,Elizabeth Jackson,elizabeth.jackson522@example.com,+91-7943340085,Canada,Ottawa,2025-10-14 20:15:15
CUST89080552,Nikhil Perez,nikhil.perez840@example.com,+91-7667317833,United States,Los Angeles,2024-08-28 20:15:15
CUST11107717,Karen Srivastava,karen.srivastava276@example.com,+91-7909156308,France,Marseille,2025-04-19 20:15:15
CUST77188481,Christopher Pillai,christopher.pillai155@example.com,+91-7388513956,Brazil,Brasilia,2026-01-19 20:15:15
CUST80478016,Susan Yadav,susan.yadav936@example.com,+91-8593106823,Australia,Perth,2025-04-29 20:15:15
CUST33126536,Sneha Srivastava,sneha.srivastava691@example.com,+91-7054156181,Brazil,Brasilia,2025-06-25 20:15:15
CUST83819183,Priya Johnson,priya.johnson340@example.com,+91-8814522388,Canada,Ottawa,2024-02-27 20:15:15
CUST59937136,Akash Taylor,akash.taylor572@example.com,+91-7600685463,Canada,Ottawa,2025-10-01 20:15:15
CUST96267667,Nidhi Wilson,nidhi.wilson619@example.com,+91-9829178067,India,Kanpur,2025-08-13 20:15:15
CUST75328479,James Chopra,james.chopra913@example.com,+91-9334331944,Singapore,Singapore,2025-05-02 20:15:15
CUST88186214,Lisa Moore,lisa.moore769@example.com,+91-7618214795,France,Lyon,2025-07-14 20:15:15
CUST84661505,Siddharth Mehta,siddharth.mehta578@example.com,+91-7018248392,Germany,Cologne,2025-07-09 20:15:15
CUST28598883,Sneha Gonzalez,sneha.gonzalez865@example.com,+91-7605766421,Australia,Brisbane,2025-10-03 20:15:15
CUST24821165,Ashley Wilson,ashley.wilson54@example.com,+91-8913911240,Australia,Sydney,2025-03-05 20:15:15
CUST26242555,Betty Jackson,betty.jackson587@example.com,+91-8356763633,United Kingdom,London,2026-02-24 20:15:15
CUST41448605,Sarah Sanchez,sarah.sanchez452@example.com,+91-8714687760,Australia,Melbourne,2026-01-16 20:15:15
CUST20066696,Susan Chopra,susan.chopra540@example.com,+91-9927345241,Germany,Berlin,2024-11-19 20:15:15
CUST54585781,Gaurav Garcia,gaurav.garcia845@example.com,+91-8991356335,Japan,Tokyo,2024-05-17 20:15:15
CUST72061890,David Wilson,david.wilson687@example.com,+91-8092144712,India,Kolkata,2025-04-06 20:15:15
CUST36983701,Aditi Singh,aditi.singh695@example.com,+91-8385667019,United Kingdom,Glasgow,2026-01-16 20:15:15
CUST75313379,Mary Lopez,mary.lopez215@example.com,+91-7551482611,Germany,Berlin,2025-07-31 20:15:15
CUST52148997,Robert Mehta,robert.mehta986@example.com,+91-7797060745,Australia,Perth,2025-12-09 20:15:15
CUST41290402,Nidhi Kapoor,nidhi.kapoor363@example.com,+91-9671344105,United Kingdom,Glasgow,2025-08-10 20:15:15
CUST22301262,Devika Iyer,devika.iyer211@example.com,+91-7374013101,Canada,Ottawa,2026-01-02 20:15:15
CUST77891248,Kiran Jones,kiran.jones793@example.com,+91-8838614462,India,Indore,2026-01-22 20:15:15
CUST02609466,William Ramirez,william.ramirez348@example.com,+91-7054130641,France,Toulouse,2026-01-05 20:15:15
CUST75380364,Rahul Kumar,rahul.kumar117@example.com,+91-9265869233,Germany,Frankfurt,2024-09-01 20:15:15
CUST91577627,Mary Reddy,mary.reddy474@example.com,+91-7371772463,Germany,Munich,2026-02-12 20:15:15
CUST13438975,Riya Jackson,riya.jackson413@example.com,+91-7762749021,United States,Los Angeles,2026-02-18 20:15:15
CUST65291645,Vivek Rodriguez,vivek.rodriguez98@example.com,+91-9501329128,United States,New York,2026-01-06 20:15:15
CUST68674717,Rahul Clark,rahul.clark522@example.com,+91-9305297610,Japan,Hiroshima,2025-08-07 20:15:15
CUST58443047,Ashley Jackson,ashley.jackson813@example.com,+91-7307581030,Australia,Perth,2026-02-04 20:15:15
CUST92133165,Akash Martinez,akash.martinez200@example.com,+91-9372786995,Singapore,Singapore,2025-09-01 20:15:15
CUST14300552,Kiran Jones,kiran.jones346@example.com,+91-7650861132,Japan,Kyoto,2025-04-23 20:15:15
CUST40751763,Patricia Williams,patricia.williams493@example.com,+91-7066972889,Germany,Berlin,2025-08-22 20:15:15
CUST69169009,Ishaan Sharma,ishaan.sharma601@example.com,+91-7115111320,United Kingdom,Leeds,2025-03-09 20:15:15
CUST51048946,Barbara Martin,barbara.martin192@example.com,+91-8355205279,Australia,Perth,2025-09-01 20:15:15
CUST21492297,Christopher Sharma,christopher.sharma434@example.com,+91-7863572953,Japan,Kyoto,2026-02-03 20:15:15
CUST00263826,Betty Lewis,betty.lewis204@example.com,+91-7663697069,India,Delhi,2025-06-02 20:15:15
CUST05906236,James Williams,james.williams244@example.com,+91-8974960680,United Kingdom,Glasgow,2025-11-22 20:15:15
CUST41152607,Ananya Hernandez,ananya.hernandez715@example.com,+91-8482330580,France,Toulouse,2025-09-01 20:15:15
CUST97214227,Emily Miller,emily.miller222@example.com,+91-9455995086,Singapore,Singapore,2024-02-27 20:15:15
CUST79218607,John Jones,john.jones228@example.com,+91-8027594880,Singapore,Singapore,2025-12-10 20:15:15
CUST25367531,Mark Srivastava,mark.srivastava775@example.com,+91-7352214907,Germany,Berlin,2025-01-04 20:15:15
CUST95381817,Thomas White,thomas.white48@example.com,+91-8970586576,Singapore,Singapore,2025-08-08 20:15:15
CUST29710531,Betty Kapoor,betty.kapoor43@example.com,+91-8701522387,Brazil,Fortaleza,2024-07-05 20:15:15
CUST50446621,Vivek Williams,vivek.williams757@example.com,+91-7642159242,Australia,Sydney,2024-07-19 20:15:15
CUST08399878,Ishaan Taylor,ishaan.taylor855@example.com,+91-9886364833,Germany,Cologne,2025-04-28 20:15:15
CUST74149812,Rahul Walker,rahul.walker606@example.com,+91-7496670672,Australia,Sydney,2025-11-30 20:15:15
CUST63679584,Michael Davis,michael.davis297@example.com,+91-8839828058,Germany,Hamburg,2024-02-27 20:15:15
CUST68877770,Margaret Iyer,margaret.iyer590@example.com,+91-9593632967,United Kingdom,Leeds,2024-12-14 20:15:15
CUST49171415,Kiran Jones,kiran.jones560@example.com,+91-9934775420,Australia,Brisbane,2024-02-27 20:15:15
CUST09053222,Sarah Mehta,sarah.mehta647@example.com,+91-7599350009,Singapore,Singapore,2024-02-27 20:15:15
CUST25312807,Barbara Nair,barbara.nair407@example.com,+91-8677076739,Canada,Toronto,2025-10-08 20:15:15
CUST28527927,Barbara Harris,barbara.harris989@example.com,+91-9245901343,Canada,Ottawa,2026-02-01 20:15:15
CUST65687636,Karen Mehta,karen.mehta140@example.com,+91-7842464215,United Kingdom,London,2025-09-08 20:15:15
CUST63524298,Richard Patel,richard.patel369@example.com,+91-9927266621,United Kingdom,Glasgow,2026-01-26 20:15:15
CUST14396985,Margaret Thomas,margaret.thomas164@example.com,+91-7393039983,Japan,Tokyo,2025-09-15 20:15:15
CUST81215568,Susan Nair,susan.nair45@example.com,+91-7721061954,India,Nagpur,2025-08-17 20:15:15
CUST49179999,Rohit Jackson,rohit.jackson582@example.com,+91-8464805853,Australia,Brisbane,2025-08-01 20:15:15
CUST50420791,Lisa Patel,lisa.patel184@example.com,+91-8434587168,United Kingdom,Birmingham,2026-02-24 20:15:15
CUST89817759,Akash Singh,akash.singh205@example.com,+91-9934936754,Canada,Ottawa,2024-11-11 20:15:15
CUST41607499,Sarah Thomas,sarah.thomas750@example.com,+91-9569034374,United States,Chicago,2025-09-30 20:15:15
CUST81316491,Richard Perez,richard.perez74@example.com,+91-9633834516,Singapore,Singapore,2025-05-03 20:15:15
CUST58923880,Sarah Nair,sarah.nair385@example.com,+91-7786663093,Australia,Adelaide,2026-01-29 20:15:15
CUST57336312,Aditi Jackson,aditi.jackson560@example.com,+91-7851392508,Germany,Berlin,2025-03-31 20:15:15
CUST55388945,Pooja Thomas,pooja.thomas476@example.com,+91-8479629188,Australia,Brisbane,2025-10-08 20:15:15
CUST49407098,Pooja Brown,pooja.brown158@example.com,+91-7839039682,Singapore,Singapore,2025-04-04 20:15:15
CUST04239983,Vikram Yadav,vikram.yadav623@example.com,+91-9347285040,United States,New York,2024-06-04 20:15:15
CUST96870376,Priya Walker,priya.walker920@example.com,+91-8181732520,Singapore,Singapore,2025-04-13 20:15:15
CUST53961401,Zoya Harris,zoya.harris490@example.com,+91-7044235610,Germany,Frankfurt,2025-07-09 20:15:15
CUST12204467,Ananya Kapoor,ananya.kapoor115@example.com,+91-7950560413,United States,Houston,2025-05-04 20:15:15
CUST71428444,Kiran Perez,kiran.perez382@example.com,+91-9724231733,United States,New York,2025-04-05 20:15:15
CUST11841111,Vivek Thompson,vivek.thompson880@example.com,+91-8513898682,Canada,Montreal,2025-09-10 20:15:15
CUST52766272,Robert Mehta,robert.mehta778@example.com,+91-7144410559,United Kingdom,Leeds,2024-12-14 20:15:15
CUST69895271,Nikhil Patel,nikhil.patel334@example.com,+91-7109306720,Japan,Osaka,2025-08-14 20:15:15
CUST54614293,Kiran Davis,kiran.davis387@example.com,+91-9075513914,Singapore,Singapore,2025-06-28 20:15:15
CUST74937082,Raj Agarwal,raj.agarwal503@example.com,+91-9626181013,Japan,Kyoto,2025-10-15 20:15:15
CUST20218236,Thomas Ramirez,thomas.ramirez723@example.com,+91-7421628626,Brazil,Rio de Janeiro,2024-02-27 20:15:15
CUST41815234,Akash Reddy,akash.reddy245@example.com,+91-8420598686,Japan,Yokohama,2025-09-03 20:15:15
CUST35350510,Anthony Clark,anthony.clark987@example.com,+91-9371031388,Japan,Osaka,2025-12-30 20:15:15
CUST42799143,Varun Ramirez,varun.ramirez338@example.com,+91-8532935192,Brazil,Rio de Janeiro,2025-11-25 20:15:15
CUST04792340,Vikram Mehta,vikram.mehta954@example.com,+91-8735089589,Brazil,Fortaleza,2026-01-19 20:15:15
CUST07849417,Karen Taylor,karen.taylor556@example.com,+91-7019623526,India,Thane,2026-01-25 20:15:15
CUST35634113,Priya Thompson,priya.thompson539@example.com,+91-8721952915,Australia,Adelaide,2024-05-16 20:15:15
CUST70109019,William Bhatia,william.bhatia713@example.com,+91-7568878308,Japan,Osaka,2025-06-05 20:15:15
CUST22365794,Charles Thomas,charles.thomas249@example.com,+91-7866236273,Singapore,Singapore,2026-02-26 20:15:15
CUST36213349,Kiran Agarwal,kiran.agarwal795@example.com,+91-7861656466,Japan,Yokohama,2025-01-15 20:15:15
CUST85944405,Linda Gupta,linda.gupta485@example.com,+91-8236442007,India,Ahmedabad,2025-08-26 20:15:15
CUST03003300,Anthony Lopez,anthony.lopez489@example.com,+91-8800294578,United States,Houston,2026-01-29 20:15:15
CUST02658908,Patricia Ramirez,patricia.ramirez852@example.com,+91-7737888581,Australia,Perth,2025-10-03 20:15:15
CUST52747651,Daniel Chopra,daniel.chopra518@example.com,+91-7412728395,United States,New York,2025-11-08 20:15:15
CUST70009662,Mark Garcia,mark.garcia820@example.com,+91-7429220578,Germany,Cologne,2025-11-25 20:15:15
CUST39207143,Rahul Pillai,rahul.pillai620@example.com,+91-8559922079,United Kingdom,Manchester,2025-09-28 20:15:15
CUST93859643,John Harris,john.harris880@example.com,+91-7911377727,Brazil,Sao Paulo,2025-06-23 20:15:15
CUST60899261,Kiran Gonzalez,kiran.gonzalez735@example.com,+91-7208358255,India,Indore,2025-08-23 20:15:15
CUST91421121,John Khanna,john.khanna649@example.com,+91-8848648068,Germany,Hamburg,2025-12-08 20:15:15
CUST00547569,Jessica Lewis,jessica.lewis407@example.com,+91-9874198410,Singapore,Singapore,2025-04-20 20:15:15
CUST19142793,Tanvi Agarwal,tanvi.agarwal738@example.com,+91-7893774110,India,Chennai,2024-02-27 20:15:15
CUST17722764,James Thomas,james.thomas63@example.com,+91-7193187592,Singapore,Singapore,2024-02-27 20:15:15
CUST06513944,Robert Jackson,robert.jackson863@example.com,+91-8179378955,India,Chennai,2024-02-27 20:15:15
CUST58575640,Linda Hernandez,linda.hernandez209@example.com,+91-9945110675,Japan,Tokyo,2025-09-17 20:15:15
CUST47917327,Meera Thompson,meera.thompson872@example.com,+91-8797549688,Australia,Sydney,2026-02-16 20:15:15
CUST30789003,Arjun Martin,arjun.martin259@example.com,+91-8397023937,Brazil,Sao Paulo,2025-04-15 20:15:15
CUST17128325,Christopher Khanna,christopher.khanna570@example.com,+91-7756572778,Australia,Perth,2025-06-06 20:15:15
CUST99547912,Joseph Thomas,joseph.thomas847@example.com,+91-8358644632,United States,Phoenix,2024-02-27 20:15:15
CUST87539944,Emily Williams,emily.williams927@example.com,+91-8737468250,India,Chennai,2025-11-06 20:15:15
CUST31035397,Raj Agarwal,raj.agarwal805@example.com,+91-8770368091,India,Lucknow,2024-02-27 20:15:15
CUST54785064,Charles Patel,charles.patel545@example.com,+91-7092508903,United States,Phoenix,2026-02-10 20:15:15
CUST33797795,Ashley Chopra,ashley.chopra210@example.com,+91-9434727331,Canada,Montreal,2025-11-10 20:15:15
CUST58143537,Kiran Srivastava,kiran.srivastava754@example.com,+91-8853862827,Singapore,Singapore,2025-04-05 20:15:15
CUST20486389,Siddharth Kapoor,siddharth.kapoor134@example.com,+91-7687488140,Canada,Montreal,2025-07-09 20:15:15
CUST25153270,Zoya Jones,zoya.jones842@example.com,+91-9050250564,Germany,Munich,2026-01-01 20:15:15
CUST14341983,Emily Sanchez,emily.sanchez613@example.com,+91-8961181482,Germany,Munich,2025-11-11 20:15:15
CUST85788311,Charles Robinson,charles.robinson723@example.com,+91-7819652728,Japan,Hiroshima,2026-01-14 20:15:15
CUST89335600,Aditi Taylor,aditi.taylor466@example.com,+91-9692155566,France,Marseille,2024-02-27 20:15:15
CUST77932514,Michael Khanna,michael.khanna933@example.com,+91-8678095291,India,Bangalore,2025-09-04 20:15:15
CUST06501377,Rahul Martin,rahul.martin150@example.com,+91-9050648959,Brazil,Brasilia,2024-10-23 20:15:15
CUST21474729,Patricia Kapoor,patricia.kapoor461@example.com,+91-8928440742,France,Nice,2025-10-28 20:15:15
CUST44984009,Joseph Verma,joseph.verma705@example.com,+91-8076597307,Singapore,Singapore,2025-12-20 20:15:15
CUST41454426,Rahul Iyer,rahul.iyer263@example.com,+91-7134808572,India,Kolkata,2025-09-17 20:15:15
CUST66036392,Thomas Bhatia,thomas.bhatia53@example.com,+91-7421301166,India,Nagpur,2025-03-06 20:15:15
CUST37616027,John Kapoor,john.kapoor379@example.com,+91-8342592363,United States,New York,2024-07-20 20:15:15
CUST21268284,Raj Pillai,raj.pillai239@example.com,+91-8615565785,France,Lyon,2026-01-05 20:15:15
CUST85785258,Sandra Bhatia,sandra.bhatia379@example.com,+91-8488707005,India,Kanpur,2026-01-24 20:15:15
CUST48251060,John Sanchez,john.sanchez821@example.com,+91-9131285285,United States,Chicago,2026-01-15 20:15:15
CUST32411575,Barbara Chopra,barbara.chopra675@example.com,+91-7686417197,United Kingdom,Manchester,2025-12-01 20:15:15
CUST70814766,Matthew Moore,matthew.moore102@example.com,+91-9092335140,France,Lyon,2025-07-19 20:15:15
CUST49231134,Tanvi Patel,tanvi.patel882@example.com,+91-9297243438,Germany,Hamburg,2025-04-07 20:15:15
CUST50904121,John Johnson,john.johnson979@example.com,+91-7193332274,Australia,Adelaide,2025-11-08 20:15:15
CUST06945890,Raj Bhatia,raj.bhatia338@example.com,+91-9908614356,Japan,Hiroshima,2024-06-25 20:15:15
CUST86454317,Pooja Jones,pooja.jones529@example.com,+91-7237977094,Germany,Cologne,2025-09-29 20:15:15
CUST34059627,Emily Bhatia,emily.bhatia804@example.com,+91-9047020304,Japan,Tokyo,2025-09-16 20:15:15
CUST74286453,Karen Reddy,karen.reddy198@example.com,+91-9423858883,Singapore,Singapore,2024-09-15 20:15:15
CUST87008918,Siddharth Moore,siddharth.moore126@example.com,+91-9436114656,Japan,Osaka,2026-02-11 20:15:15
CUST58156656,Ananya Taylor,ananya.taylor113@example.com,+91-7761769113,United States,Chicago,2025-07-13 20:15:15
CUST56537448,Kiran Agarwal,kiran.agarwal977@example.com,+91-8392897293,France,Toulouse,2025-08-11 20:15:15
CUST67999581,Meera Garcia,meera.garcia865@example.com,+91-9711692637,India,Thane,2025-10-25 20:15:15
CUST03195731,Deepa Ramirez,deepa.ramirez846@example.com,+91-7211248083,United States,Los Angeles,2025-10-12 20:15:15
CUST20730725,John Miller,john.miller982@example.com,+91-9053003664,Australia,Melbourne,2025-05-18 20:15:15
CUST30836532,Thomas Srivastava,thomas.srivastava146@example.com,+91-9144657512,Brazil,Brasilia,2025-08-06 20:15:15
CUST32065600,Nikhil Chauhan,nikhil.chauhan353@example.com,+91-8326189838,Canada,Montreal,2025-06-12 20:15:15
CUST15007079,Akash Chopra,akash.chopra565@example.com,+91-7133016834,Singapore,Singapore,2025-10-08 20:15:15
CUST04295360,Michael Ramirez,michael.ramirez619@example.com,+91-7970106156,France,Paris,2025-10-24 20:15:15
CUST64635616,David Miller,david.miller921@example.com,+91-9423698884,Brazil,Sao Paulo,2025-09-01 20:15:15
CUST71963392,Susan Jackson,susan.jackson589@example.com,+91-7589265963,Brazil,Sao Paulo,2025-10-14 20:15:15
CUST02289270,Vivek Khanna,vivek.khanna623@example.com,+91-9461598918,Singapore,Singapore,2024-11-30 20:15:15
CUST08810337,Jennifer Johnson,jennifer.johnson29@example.com,+91-8049371290,United States,Phoenix,2024-10-14 20:15:15
CUST73703658,Varun Nair,varun.nair255@example.com,+91-8536441242,Canada,Vancouver,2026-02-08 20:15:15
CUST49334919,Thomas Khanna,thomas.khanna517@example.com,+91-8127482815,Singapore,Singapore,2026-02-12 20:15:15
CUST16744850,Christopher Perez,christopher.perez634@example.com,+91-7384763196,Germany,Cologne,2025-12-06 20:15:15
CUST46373868,David Jones,david.jones720@example.com,+91-7979737374,United States,Houston,2026-02-05 20:15:15
CUST52281581,Anthony Iyer,anthony.iyer272@example.com,+91-7818485664,India,Mumbai,2025-08-22 20:15:15
CUST28879995,Nikhil Bhatia,nikhil.bhatia313@example.com,+91-7135057794,United States,New York,2026-02-21 20:15:15
CUST83446618,Pooja Harris,pooja.harris969@example.com,+91-8700967033,India,Chennai,2025-02-18 20:15:15
CUST43549699,Richard Iyer,richard.iyer549@example.com,+91-7725538987,Japan,Tokyo,2025-06-17 20:15:15
CUST50867973,Anthony Sharma,anthony.sharma834@example.com,+91-8991086745,United Kingdom,Birmingham,2025-12-31 20:15:15
CUST83341381,Deepa Nair,deepa.nair458@example.com,+91-8560528660,Singapore,Singapore,2025-11-21 20:15:15
CUST60870295,Devika Thompson,devika.thompson473@example.com,+91-7832789866,India,Indore,2025-11-30 20:15:15
CUST99051508,Karen Johnson,karen.johnson738@example.com,+91-7540743749,India,Kanpur,2024-06-14 20:15:15
CUST97909848,Lisa Gonzalez,lisa.gonzalez671@example.com,+91-8121414112,Brazil,Salvador,2024-09-14 20:15:15
CUST65396049,Sandra Taylor,sandra.taylor832@example.com,+91-9254888578,Australia,Adelaide,2025-08-08 20:15:15
CUST68585107,Nidhi Yadav,nidhi.yadav948@example.com,+91-7358913871,India,Hyderabad,2025-11-08 20:15:15
CUST06855846,Aarav Garcia,aarav.garcia928@example.com,+91-9722821180,Canada,Montreal,2025-09-29 20:15:15
CUST85073829,Robert Garcia,robert.garcia802@example.com,+91-8817684756,Canada,Toronto,2025-08-06 20:15:15
CUST86549278,Mark Martinez,mark.martinez406@example.com,+91-7264404431,Japan,Yokohama,2025-09-14 20:15:15
CUST02884316,Aditi Reddy,aditi.reddy643@example.com,+91-8355403167,Australia,Adelaide,2026-02-11 20:15:15
CUST93912976,Michael Taylor,michael.taylor69@example.com,+91-7429443057,Brazil,Brasilia,2025-09-28 20:15:15
CUST16699970,Daniel Thomas,daniel.thomas92@example.com,+91-8562582898,Singapore,Singapore,2024-06-22 20:15:15
CUST13725668,Nancy Robinson,nancy.robinson683@example.com,+91-9598612935,Brazil,Sao Paulo,2025-10-22 20:15:15
CUST33083239,Raj Nair,raj.nair15@example.com,+91-9171096906,Japan,Tokyo,2025-05-09 20:15:15
CUST69939485,Aditi Jackson,aditi.jackson184@example.com,+91-8937135115,United States,Los Angeles,2024-02-27 20:15:15
CUST52336410,Ishaan Ramirez,ishaan.ramirez862@example.com,+91-7199169194,Canada,Toronto,2025-08-15 20:15:15
CUST19093988,Elizabeth Pillai,elizabeth.pillai354@example.com,+91-9590727198,Japan,Tokyo,2025-09-19 20:15:15
CUST80452396,Priya Taylor,priya.taylor960@example.com,+91-9132536703,United States,Houston,2025-12-12 20:15:15
CUST52193170,Betty Harris,betty.harris945@example.com,+91-7364172501,United States,Chicago,2025-12-25 20:15:15
CUST07782437,Sarah Mishra,sarah.mishra472@example.com,+91-9180269505,Germany,Hamburg,2025-08-13 20:15:15
CUST94412492,Betty Taylor,betty.taylor158@example.com,+91-9096070945,United Kingdom,Birmingham,2025-05-28 20:15:15
CUST06781262,Aarav Perez,aarav.perez396@example.com,+91-7151944668,Australia,Sydney,2025-10-14 20:15:15
CUST85158521,Sanya Jain,sanya.jain149@example.com,+91-8195812329,India,Hyderabad,2026-02-26 20:15:15
CUST79623654,David Iyer,david.iyer328@example.com,+91-8787037023,Japan,Hiroshima,2025-08-11 20:15:15
CUST01728885,Pooja Agarwal,pooja.agarwal431@example.com,+91-8648551119,Japan,Tokyo,2025-08-04 20:15:15
CUST13704374,Susan Rodriguez,susan.rodriguez712@example.com,+91-8384252220,United States,Houston,2026-02-08 20:15:15
CUST62325916,Nikhil Singh,nikhil.singh701@example.com,+91-8845224234,Canada,Vancouver,2026-01-31 20:15:15
CUST74197523,Arjun Bhatia,arjun.bhatia229@example.com,+91-7110743154,United Kingdom,Manchester,2025-11-30 20:15:15
CUST27045242,David Chauhan,david.chauhan185@example.com,+91-7408150322,Canada,Vancouver,2025-07-20 20:15:15
CUST12408923,Joseph Anderson,joseph.anderson537@example.com,+91-7585118025,Brazil,Brasilia,2026-01-10 20:15:15
CUST23642228,Barbara Perez,barbara.perez408@example.com,+91-7367354011,France,Nice,2025-11-16 20:15:15
CUST74517431,Ishaan Bhatia,ishaan.bhatia464@example.com,+91-9398225905,United Kingdom,Glasgow,2026-01-19 20:15:15
CUST32506038,Ishaan Walker,ishaan.walker274@example.com,+91-9291123908,France,Nice,2025-11-19 20:15:15
CUST80937909,Lisa Pillai,lisa.pillai24@example.com,+91-8486216734,United Kingdom,Glasgow,2025-04-15 20:15:15
CUST39229353,Mark Chauhan,mark.chauhan231@example.com,+91-9861508431,Singapore,Singapore,2025-11-05 20:15:15
CUST10613154,Varun Smith,varun.smith874@example.com,+91-9662679906,Singapore,Singapore,2025-01-09 20:15:15
CUST62044548,Christopher Miller,christopher.miller186@example.com,+91-8604476692,Canada,Montreal,2024-05-29 20:15:15
CUST71828393,Thomas Thomas,thomas.thomas680@example.com,+91-8159816874,Singapore,Singapore,2025-11-29 20:15:15
CUST70902938,Emily Rodriguez,emily.rodriguez62@example.com,+91-7412686406,United Kingdom,Leeds,2025-07-05 20:15:15
CUST82254163,Meera Thomas,meera.thomas645@example.com,+91-8131884600,United Kingdom,London,2025-12-14 20:15:15
CUST99392767,Barbara Sharma,barbara.sharma147@example.com,+91-7240413694,Japan,Osaka,2025-08-06 20:15:15
CUST54494018,Richard Pillai,richard.pillai648@example.com,+91-9514987009,Brazil,Fortaleza,2026-01-27 20:15:15
CUST32878409,Charles Taylor,charles.taylor514@example.com,+91-9574955299,Brazil,Brasilia,2025-07-17 20:15:15
CUST92589690,Arjun Moore,arjun.moore892@example.com,+91-9284187362,Singapore,Singapore,2026-01-11 20:15:15
CUST33559207,Meera Pillai,meera.pillai809@example.com,+91-9129238344,Canada,Montreal,2025-10-28 20:15:15
CUST72868623,Joseph Rodriguez,joseph.rodriguez444@example.com,+91-9945670237,Brazil,Rio de Janeiro,2025-12-23 20:15:15
CUST39882827,John Lewis,john.lewis721@example.com,+91-9290765379,Germany,Munich,2025-02-05 20:15:15
CUST13476280,Aarav Robinson,aarav.robinson343@example.com,+91-7550308832,United Kingdom,Manchester,2026-01-09 20:15:15
CUST90244802,Siddharth Mishra,siddharth.mishra120@example.com,+91-8833332241,United Kingdom,Leeds,2024-02-27 20:15:15
CUST13410354,Susan Jain,susan.jain222@example.com,+91-9236324461,Singapore,Singapore,2026-01-27 20:15:15
CUST63591726,Mark Walker,mark.walker77@example.com,+91-9663793636,Japan,Kyoto,2025-10-20 20:15:15
CUST94353806,Mark Wilson,mark.wilson637@example.com,+91-9569400994,Australia,Perth,2025-03-08 20:15:15
CUST23860433,Karen Johnson,karen.johnson111@example.com,+91-8012094690,Brazil,Sao Paulo,2026-01-27 20:15:15
CUST68754772,Manish Anderson,manish.anderson105@example.com,+91-8218924050,France,Toulouse,2025-11-27 20:15:15
CUST35502467,Kiran Brown,kiran.brown781@example.com,+91-7118386987,United States,New York,2025-10-03 20:15:15
CUST98355911,Patricia Sanchez,patricia.sanchez217@example.com,+91-7910480729,Germany,Munich,2025-03-14 20:15:15
CUST04254659,Vivek Desai,vivek.desai161@example.com,+91-8762343686,Germany,Berlin,2025-02-15 20:15:15
CUST35122511,David Rodriguez,david.rodriguez357@example.com,+91-8156401943,India,Mumbai,2024-11-13 20:15:15
CUST52334812,Matthew Jain,matthew.jain990@example.com,+91-7442234668,Japan,Tokyo,2025-11-29 20:15:15
CUST03580141,Ashley Thompson,ashley.thompson428@example.com,+91-8976496423,Australia,Sydney,2026-02-23 20:15:15
CUST11829796,Riya Desai,riya.desai253@example.com,+91-7494412247,France,Marseille,2025-04-23 20:15:15
CUST65100193,Charles Mishra,charles.mishra678@example.com,+91-9711574225,Japan,Hiroshima,2026-01-11 20:15:15
CUST33396399,Meera Jackson,meera.jackson889@example.com,+91-8401364874,United States,Chicago,2025-10-29 20:15:15
CUST12514509,Charles Lewis,charles.lewis381@example.com,+91-7671605348,Singapore,Singapore,2025-01-25 20:15:15
CUST03367069,Margaret Jones,margaret.jones723@example.com,+91-7218017802,Australia,Sydney,2025-07-12 20:15:15
CUST29264708,Jennifer Verma,jennifer.verma9@example.com,+91-8386085140,Australia,Sydney,2024-10-11 20:15:15
CUST38039669,Sarah Srivastava,sarah.srivastava46@example.com,+91-9593082183,France,Lyon,2025-06-14 20:15:15
CUST98639477,Patricia Patel,patricia.patel674@example.com,+91-8383829709,United States,New York,2025-11-01 20:15:15
CUST56101430,Vikram Harris,vikram.harris12@example.com,+91-7831052830,Japan,Tokyo,2026-02-18 20:15:15
CUST73186501,Joseph Sharma,joseph.sharma939@example.com,+91-9264484039,Germany,Frankfurt,2026-02-23 20:15:15
CUST26722579,Vikram Khanna,vikram.khanna505@example.com,+91-7633242894,Japan,Hiroshima,2025-12-18 20:15:15
CUST87750725,William Jackson,william.jackson368@example.com,+91-7319142619,Australia,Melbourne,2025-06-18 20:15:15
CUST12504346,John Jain,john.jain472@example.com,+91-9809347484,United States,New York,2025-04-28 20:15:15
CUST43993219,Richard Wilson,richard.wilson737@example.com,+91-7087406133,United Kingdom,Leeds,2025-11-16 20:15:15
CUST38883142,Siddharth Patel,siddharth.patel223@example.com,+91-9244099257,United Kingdom,London,2024-11-29 20:15:15
CUST21546486,Kiran Thompson,kiran.thompson461@example.com,+91-7643338175,France,Toulouse,2024-03-30 20:15:15
CUST43564513,Nikhil Taylor,nikhil.taylor714@example.com,+91-9227078630,France,Nice,2025-12-02 20:15:15
CUST67487451,Riya Taylor,riya.taylor590@example.com,+91-9201485953,Australia,Brisbane,2025-11-13 20:15:15
CUST96674484,David Yadav,david.yadav201@example.com,+91-9861512742,Australia,Melbourne,2025-10-23 20:15:15
CUST61295913,Ananya Thompson,ananya.thompson338@example.com,+91-7895355680,Singapore,Singapore,2025-12-09 20:15:15
CUST87875818,Sandra Yadav,sandra.yadav437@example.com,+91-7484398362,Australia,Adelaide,2025-06-18 20:15:15
CUST06000123,Michael Gupta,michael.gupta591@example.com,+91-8231170232,Canada,Ottawa,2024-07-23 20:15:15
CUST88133245,Susan Jackson,susan.jackson510@example.com,+91-7990038452,Japan,Tokyo,2025-10-14 20:15:15
CUST33532658,Jessica Jain,jessica.jain586@example.com,+91-9398745241,India,Kanpur,2026-01-09 20:15:15
CUST41872126,Priya Clark,priya.clark695@example.com,+91-9522312029,Germany,Berlin,2026-01-05 20:15:15
CUST32595068,Manish Smith,manish.smith394@example.com,+91-9727426678,India,Chennai,2025-04-21 20:15:15
CUST96905222,Riya Sharma,riya.sharma9@example.com,+91-9937408534,Australia,Adelaide,2025-04-10 20:15:15
CUST78614025,Devika Lee,devika.lee264@example.com,+91-7543585854,Canada,Montreal,2025-09-22 20:15:15
CUST34259974,Jessica Khanna,jessica.khanna263@example.com,+91-7055688912,Germany,Frankfurt,2025-03-16 20:15:15
CUST68824547,Vikram Iyer,vikram.iyer648@example.com,+91-9746691335,Australia,Perth,2025-09-06 20:15:15
CUST97065494,Daniel Verma,daniel.verma735@example.com,+91-7602910408,Brazil,Brasilia,2025-11-30 20:15:15
CUST74718907,Deepa Singh,deepa.singh859@example.com,+91-7925033013,India,Indore,2026-01-21 20:15:15
CUST98963558,Tanvi Iyer,tanvi.iyer826@example.com,+91-8029051820,Canada,Ottawa,2025-09-03 20:15:15
CUST00233182,Karen Lee,karen.lee890@example.com,+91-9131959389,Singapore,Singapore,2024-12-14 20:15:15
CUST06255936,Jessica Jones,jessica.jones618@example.com,+91-8817557038,Japan,Tokyo,2024-06-04 20:15:15
CUST86834941,Anthony Gonzalez,anthony.gonzalez950@example.com,+91-7508683475,Germany,Munich,2026-02-11 20:15:15
CUST06097004,Joseph Clark,joseph.clark405@example.com,+91-7093946643,United Kingdom,Manchester,2024-06-27 20:15:15
CUST70473250,Patricia Smith,patricia.smith126@example.com,+91-7983692744,United Kingdom,Manchester,2026-01-10 20:15:15
CUST29704172,Ananya Bhatia,ananya.bhatia879@example.com,+91-9430657076,Australia,Adelaide,2025-07-16 20:15:15
CUST58198138,Meera Brown,meera.brown404@example.com,+91-9499970994,Japan,Kyoto,2025-10-10 20:15:15
CUST73178165,Christopher Lewis,christopher.lewis74@example.com,+91-9650282125,Germany,Hamburg,2025-05-09 20:15:15
CUST37366496,Matthew Brown,matthew.brown892@example.com,+91-7050262830,India,Ahmedabad,2025-08-27 20:15:15
CUST92260119,Riya Martin,riya.martin411@example.com,+91-9539097714,France,Marseille,2025-10-29 20:15:15
CUST35173788,Mary Walker,mary.walker495@example.com,+91-8766679452,Singapore,Singapore,2026-02-09 20:15:15
CUST82467529,Matthew White,matthew.white656@example.com,+91-7993231098,Singapore,Singapore,2026-02-20 20:15:15
CUST41683145,Aarav Garcia,aarav.garcia84@example.com,+91-7809916114,Singapore,Singapore,2025-12-23 20:15:15
CUST61307781,James Khanna,james.khanna529@example.com,+91-8953190322,Germany,Cologne,2025-03-30 20:15:15
CUST73121091,Richard Perez,richard.perez483@example.com,+91-7601565494,Australia,Brisbane,2025-07-07 20:15:15
CUST13402201,Ananya Pillai,ananya.pillai171@example.com,+91-8597810164,Germany,Munich,2025-10-18 20:15:15
CUST44764621,Ananya Perez,ananya.perez883@example.com,+91-8614802128,Germany,Frankfurt,2025-08-24 20:15:15
CUST65181693,Devika Mishra,devika.mishra121@example.com,+91-7141314719,India,Pune,2025-07-24 20:15:15
CUST51725888,Richard Smith,richard.smith650@example.com,+91-8357722191,India,Kanpur,2026-02-09 20:15:15
CUST23782212,Priya Thompson,priya.thompson350@example.com,+91-8347744197,Australia,Sydney,2025-11-24 20:15:15
CUST85821279,John Jones,john.jones251@example.com,+91-8138605600,United States,Houston,2024-09-30 20:15:15
CUST87749775,Nidhi Mishra,nidhi.mishra330@example.com,+91-8740320281,Singapore,Singapore,2025-04-11 20:15:15
CUST66416736,Charles Wilson,charles.wilson19@example.com,+91-7220776923,Germany,Frankfurt,2026-02-05 20:15:15
CUST43558579,Siddharth Martinez,siddharth.martinez168@example.com,+91-9985407746,Japan,Hiroshima,2025-12-10 20:15:15
CUST70556928,Deepa Kumar,deepa.kumar899@example.com,+91-8222147070,Canada,Vancouver,2026-01-03 20:15:15
CUST52306377,Emily Srivastava,emily.srivastava940@example.com,+91-9976300292,India,Thane,2025-11-01 20:15:15
CUST44160375,Rohit Davis,rohit.davis740@example.com,+91-9635141189,India,Hyderabad,2024-02-27 20:15:15
CUST19409189,Ishaan Kapoor,ishaan.kapoor24@example.com,+91-7091993218,Germany,Berlin,2025-08-01 20:15:15
CUST86115605,Sanya Patel,sanya.patel147@example.com,+91-9408276979,Australia,Perth,2026-01-16 20:15:15
CUST09897640,Mark Thompson,mark.thompson120@example.com,+91-9400009998,Australia,Perth,2025-02-17 20:15:15
CUST93575286,Kiran Reddy,kiran.reddy919@example.com,+91-9986374012,France,Nice,2025-07-27 20:15:15
CUST33203652,Lisa Gonzalez,lisa.gonzalez430@example.com,+91-7577293307,Japan,Yokohama,2024-11-02 20:15:15
CUST79533664,William Davis,william.davis664@example.com,+91-7737758870,Australia,Sydney,2025-09-17 20:15:15
CUST72645864,William Singh,william.singh978@example.com,+91-7462296764,France,Marseille,2024-09-06 20:15:15
CUST80902834,Suresh Mishra,suresh.mishra712@example.com,+91-9636640577,Germany,Berlin,2024-11-12 20:15:15
CUST74363320,Varun Robinson,varun.robinson191@example.com,+91-7826203173,India,Ahmedabad,2026-02-11 20:15:15
CUST72712428,Sneha Lee,sneha.lee716@example.com,+91-7145915860,Germany,Cologne,2024-12-30 20:15:15
CUST39601881,Zoya Verma,zoya.verma765@example.com,+91-7580015677,United States,Houston,2026-01-27 20:15:15
CUST06822692,Betty Reddy,betty.reddy710@example.com,+91-8141914308,Singapore,Singapore,2026-01-29 20:15:15
CUST22067840,Mary Moore,mary.moore562@example.com,+91-7873946580,United States,Los Angeles,2026-01-15 20:15:15
CUST57684756,Sneha Sanchez,sneha.sanchez487@example.com,+91-8362104581,Japan,Hiroshima,2024-06-21 20:15:15
CUST12210601,Robert Perez,robert.perez289@example.com,+91-8631872310,Canada,Ottawa,2025-09-13 20:15:15
CUST71474809,Karen Brown,karen.brown462@example.com,+91-7220328781,Japan,Osaka,2025-11-24 20:15:15
CUST82008059,Mark Gupta,mark.gupta476@example.com,+91-7693246570,Singapore,Singapore,2026-02-13 20:15:15
CUST88870775,Matthew Nair,matthew.nair37@example.com,+91-9458702424,France,Lyon,2026-01-27 20:15:15
CUST18059386,Meera White,meera.white406@example.com,+91-7802173903,Brazil,Salvador,2026-01-06 20:15:15
CUST07443481,Sarah Chauhan,sarah.chauhan921@example.com,+91-9650560758,Germany,Hamburg,2026-01-07 20:15:15
CUST59191508,Varun White,varun.white624@example.com,+91-9022751265,India,Ahmedabad,2026-02-06 20:15:15
CUST04119731,Michael Jones,michael.jones346@example.com,+91-8592655721,Germany,Munich,2026-02-06 20:15:15
CUST10123965,Karen Brown,karen.brown265@example.com,+91-9938468109,Brazil,Fortaleza,2025-12-02 20:15:15
CUST39927931,Zoya Martin,zoya.martin502@example.com,+91-8305609781,Singapore,Singapore,2025-08-18 20:15:15
CUST38093782,James Garcia,james.garcia887@example.com,+91-8241764214,Germany,Hamburg,2025-08-03 20:15:15
CUST19175308,Ashley Reddy,ashley.reddy106@example.com,+91-9556164726,Germany,Munich,2025-12-06 20:15:15
CUST33064430,Riya Yadav,riya.yadav437@example.com,+91-8696090523,Germany,Hamburg,2026-02-06 20:15:15
CUST65841877,Riya Gonzalez,riya.gonzalez998@example.com,+91-9226349165,United Kingdom,Manchester,2025-07-13 20:15:15
CUST22377358,Daniel Smith,daniel.smith538@example.com,+91-9300028690,Canada,Toronto,2025-06-12 20:15:15
CUST40983747,Raj Rodriguez,raj.rodriguez589@example.com,+91-7546552513,Singapore,Singapore,2025-05-11 20:15:15
CUST46942587,Barbara Verma,barbara.verma866@example.com,+91-7771381406,United States,Los Angeles,2024-05-28 20:15:15
CUST30058334,Susan Thompson,susan.thompson437@example.com,+91-9990462868,Canada,Montreal,2026-02-17 20:15:15
CUST80004120,Manish Anderson,manish.anderson178@example.com,+91-9657239630,France,Toulouse,2025-12-31 20:15:15
CUST54296279,Priya Iyer,priya.iyer653@example.com,+91-7848151706,United States,Chicago,2025-08-04 20:15:15
CUST39290367,Tanvi Lee,tanvi.lee79@example.com,+91-7130923295,Brazil,Sao Paulo,2026-02-24 20:15:15
CUST16037220,James Walker,james.walker683@example.com,+91-9168518673,Japan,Hiroshima,2026-02-14 20:15:15
CUST83968861,Raj Jones,raj.jones752@example.com,+91-9799001881,Australia,Adelaide,2025-10-28 20:15:15
CUST92002514,Nancy Kumar,nancy.kumar479@example.com,+91-9575493318,United States,New York,2025-08-02 20:15:15
CUST12769991,Thomas Kapoor,thomas.kapoor657@example.com,+91-9265937853,United States,Phoenix,2025-05-23 20:15:15
CUST13589282,Nikhil Lee,nikhil.lee391@example.com,+91-8660290982,Singapore,Singapore,2025-12-19 20:15:15
CUST41618644,Varun Verma,varun.verma284@example.com,+91-8706339073,France,Marseille,2025-07-06 20:15:15
CUST73319141,Richard Jackson,richard.jackson775@example.com,+91-9636790800,United States,Los Angeles,2025-11-06 20:15:15
CUST49435871,Jennifer Hernandez,jennifer.hernandez781@example.com,+91-9058637133,United States,Phoenix,2025-08-13 20:15:15
CUST93669242,Tanvi Smith,tanvi.smith671@example.com,+91-8731778674,France,Nice,2025-06-02 20:15:15
CUST32573731,Mary Johnson,mary.johnson930@example.com,+91-7490934178,United States,New York,2025-12-18 20:15:15
CUST60954067,Betty Kapoor,betty.kapoor247@example.com,+91-9120618645,Australia,Adelaide,2025-11-11 20:15:15
CUST46084734,Robert Kapoor,robert.kapoor354@example.com,+91-8395595564,Australia,Brisbane,2025-08-15 20:15:15
CUST85468833,Zoya Srivastava,zoya.srivastava413@example.com,+91-9745243383,Singapore,Singapore,2025-12-24 20:15:15
