transaction_id,customer_id,transaction_date,amount,quantity,product_category,product_name
TXNE9XMYPY3UP,CUST81456660,2025-08-18 20:15:15,117.98,1,Food & Beverages,Organic Products
TXNH0J8ALF3DT,CUST81456660,2024-12-01 20:15:15,121.39,4,Clothing,Kurta
TXNQ1JVF36CVL,CUST81456660,2024-03-20 20:15:15,162.51,3,Home & Garden,Tools
TXN55XR9ZMWI1,CUST81456660,2025-04-21 20:15:15,141.37,4,Health & Beauty,Makeup
TXNJRF824I3WN,CUST81456660,2025-03-24 20:15:15,124.89,2,Electronics,Smartphone
TXN3783CB0PVN,CUST81456660,2024-09-16 20:15:15,117.76,5,Clothing,Accessories
TXN6EHZZTJ3MC,CUST81456660,2025-05-05 20:15:15,79.44,5,Sports & Outdoors,Yoga Mat
TXNMD0LO9724C,CUST81456660,2025-01-27 20:15:15,131.5,5,Sports & Outdoors,Sportswear
TXNJ8BEV3HLMV,CUST39648376,2025-10-01 20:15:15,162.02,1,Home & Garden,Kitchen Appliances
TXNZCTAOT1DMV,CUST39648376,2025-09-09 20:15:15,200.41,5,Home & Garden,Furniture
TXNU118GWGD2B,CUST39648376,2025-09-02 20:15:15,163.44,3,Electronics,Smart Watch
TXN17675NZVPE,CUST39648376,2025-05-29 20:15:15,259.39,2,Books,Textbook
TXN46JE0BTB0U,CUST39648376,2025-10-10 20:15:15,205.29,3,Books,Fiction
TXN3U9VU9L2RD,CUST39648376,2025-08-30 20:15:15,67.34,5,Clothing,Jacket
TXND3WH2DBYY9,CUST39648376,2025-06-20 20:15:15,162.05,2,Clothing,Dress
TXNQ05RJXMKR2,CUST99460029,2024-03-13 20:15:15,93.2,2,Office Supplies,Electronics
TXNMHTSP5A4VR,CUST99460029,2024-06-12 20:15:15,55.01,1,Sports & Outdoors,Sportswear
TXNUVD0YVUQE1,CUST99460029,2024-04-14 20:15:15,54.4,3,Toys & Games,Board Games
TXN4OLCRCIKOB,CUST51841875,2025-11-29 20:15:15,571.08,4,Food & Beverages,Gourmet Food
TXNTFOPW8URFT,CUST51841875,2025-05-24 20:15:15,267.8,4,Health & Beauty,Makeup
TXNW0UKTBAI7N,CUST51841875,2025-09-06 20:15:15,446.96,2,Food & Beverages,Organic Products
TXN46N08ZYCBQ,CUST51841875,2026-01-01 20:15:15,367.65,3,Home & Garden,Mixer
TXN51F1HXF3F9,CUST51841875,2025-11-24 20:15:15,458.94,5,Toys & Games,Puzzles
TXNKB05QCX7U2,CUST51841875,2025-02-15 20:15:15,314.01,3,Food & Beverages,Gourmet Food
TXNWRY68KSO4B,CUST51841875,2025-07-14 20:15:15,303.74,1,Automotive,Helmet
TXNZM7JO6PZ5F,CUST51841875,2024-10-27 20:15:15,505.98,1,Food & Beverages,Gourmet Food
TXN6BN55Z32K2,CUST51841875,2025-02-16 20:15:15,560.78,4,Toys & Games,Action Figures
TXNGQYI9F43XJ,CUST51841875,2024-09-28 20:15:15,359.2,4,Electronics,Camera
TXNLBES2EK9EK,CUST51841875,2025-05-08 20:15:15,429.21,1,Office Supplies,Electronics
TXNDPS4K8WJ7S,CUST51841875,2024-10-22 20:15:15,475.98,1,Health & Beauty,Ayurveda
TXNQ1DGC47B84,CUST51841875,2025-06-08 20:15:15,402.0,4,Toys & Games,Puzzles
TXNJPYKT1FNX0,CUST51841875,2024-10-24 20:15:15,458.54,5,Toys & Games,Board Games
TXNTDJPBUQ1YL,CUST51841875,2025-09-02 20:15:15,575.31,3,Toys & Games,Video Games
TXNVU7TZNECY0,CUST51841875,2025-06-25 20:15:15,229.74,5,Electronics,Camera
TXNVJG7TYXHIM,CUST51841875,2026-01-29 20:15:15,493.64,1,Automotive,Helmet
TXNGSKKGL10QD,CUST51841875,2025-03-13 20:15:15,623.3,5,Clothing,Jacket
TXN7B18Z8861J,CUST51841875,2025-12-30 20:15:15,501.34,5,Toys & Games,LEGO
TXNZNSGLPZ9Y4,CUST51841875,2025-12-31 20:15:15,238.47,5,Sports & Outdoors,Yoga Mat
TXNLMFPVOA094,CUST51841875,2025-01-05 20:15:15,567.83,1,Sports & Outdoors,Camping Gear
TXNWVGT5WR134,CUST51841875,2025-07-20 20:15:15,377.67,4,Food & Beverages,Snacks
TXNHV1RL7781X,CUST51841875,2024-12-09 20:15:15,447.84,3,Home & Garden,Mixer
TXNB4U3JDKJNF,CUST51841875,2024-11-29 20:15:15,498.05,3,Clothing,Kurta
TXNSR46BPX5WO,CUST51841875,2024-10-16 20:15:15,546.04,2,Home & Garden,Tools
TXNJRHL54UC4D,CUST51841875,2024-10-05 20:15:15,286.29,2,Books,Magazines
TXN9GPQYI1RVU,CUST04536260,2025-05-31 20:15:15,109.58,2,Clothing,Accessories
TXNELEUUBDS0N,CUST35039983,2025-08-29 20:15:15,400.93,2,Sports & Outdoors,Yoga Mat
TXNYCTT1E0AJ0,CUST35039983,2026-01-30 20:15:15,272.97,1,Clothing,Accessories
TXNO24YO1RA8G,CUST35039983,2026-01-30 20:15:15,456.14,3,Health & Beauty,Personal Care
TXN8FJHTZ7HSZ,CUST35039983,2025-09-11 20:15:15,340.61,5,Sports & Outdoors,Camping Gear
TXN3QH2GXW5OE,CUST35039983,2025-11-27 20:15:15,378.6,1,Automotive,Tools
TXN7U0ELG31A3,CUST35039983,2025-08-25 20:15:15,314.81,2,Sports & Outdoors,Sportswear
TXN2AZDIT2E40,CUST35039983,2025-09-16 20:15:15,433.48,4,Health & Beauty,Supplements
TXNQB6M3KHRUJ,CUST35039983,2025-08-08 20:15:15,304.22,3,Health & Beauty,Skincare
TXNGDSQN6VH2N,CUST35039983,2025-07-31 20:15:15,364.85,2,Food & Beverages,Beverages
TXNHOGTNNYUPT,CUST35039983,2025-08-22 20:15:15,370.42,2,Toys & Games,LEGO
TXNXF1K8NK921,CUST35039983,2025-08-09 20:15:15,309.69,5,Food & Beverages,Beverages
TXNJNWJB0C1SA,CUST35039983,2025-12-18 20:15:15,167.38,3,Automotive,Cleaning Supplies
TXNU3JHL6YGPP,CUST35039983,2025-11-09 20:15:15,445.06,4,Office Supplies,Printer
TXNJGD68BRYBQ,CUST35039983,2025-11-06 20:15:15,365.88,5,Sports & Outdoors,Bicycle
TXNCDQYQUF302,CUST35039983,2025-12-21 20:15:15,330.42,1,Electronics,Speaker
TXNMN8SRFA9RJ,CUST35039983,2025-12-25 20:15:15,365.64,4,Home & Garden,Kitchen Appliances
TXNYVRU4BORB2,CUST35039983,2025-08-06 20:15:15,462.18,3,Office Supplies,Desk Accessories
TXN0BID2ENL88,CUST35039983,2026-02-10 20:15:15,607.83,2,Toys & Games,Video Games
TXNWDEW458PL6,CUST35039983,2025-09-22 20:15:15,178.92,4,Automotive,Tools
TXNK5SF96ZYWH,CUST35039983,2025-09-17 20:15:15,416.31,3,Automotive,Car Accessories
TXNRR6Z8KR2PU,CUST35039983,2025-10-04 20:15:15,316.89,5,Automotive,Car Accessories
TXNE0PF6Z7M5U,CUST35039983,2025-08-01 20:15:15,527.48,5,Home & Garden,Tools
TXN064A914ZI9,CUST35039983,2025-12-04 20:15:15,223.5,1,Health & Beauty,Makeup
TXNUYV7UPPXNG,CUST35039983,2025-10-03 20:15:15,379.93,3,Automotive,Tools
TXNYXZBBZL2FX,CUST35039983,2025-08-14 20:15:15,351.81,5,Clothing,Shoes
TXNYHBNE0D19E,CUST35039983,2025-10-15 20:15:15,245.2,2,Health & Beauty,Ayurveda
TXNJ7O383I35W,CUST35039983,2025-09-03 20:15:15,297.15,3,Office Supplies,Electronics
TXNXGCLKXMVK7,CUST35039983,2025-08-09 20:15:15,335.16,4,Automotive,Tools
TXNK8Z7YDTBS1,CUST35039983,2025-10-24 20:15:15,385.86,2,Food & Beverages,Organic Products
TXNU692B219UE,CUST35039983,2025-10-12 20:15:15,104.59,1,Sports & Outdoors,Fitness Equipment
TXNZJ9YKBRGNJ,CUST35039983,2026-01-13 20:15:15,337.86,1,Automotive,Cleaning Supplies
TXN4P7C6IKFDM,CUST35039983,2026-02-03 20:15:15,453.71,3,Office Supplies,Furniture
TXN3R50H3B5XK,CUST35039983,2025-08-27 20:15:15,515.95,1,Health & Beauty,Makeup
TXN6PTFLNPGJ3,CUST35039983,2025-10-30 20:15:15,404.18,3,Electronics,Headphones
TXNI5BVQAY63U,CUST35039983,2025-11-06 20:15:15,429.66,5,Clothing,Jeans
TXND6T8RH6BOX,CUST35039983,2025-10-02 20:15:15,229.16,1,Office Supplies,Printer
TXNUUPOFYAKEA,CUST35039983,2026-01-29 20:15:15,331.62,5,Food & Beverages,Masala
TXNJKQ3XOGD6D,CUST35039983,2025-08-28 20:15:15,231.4,1,Automotive,Tools
TXNPCIYTVC1AI,CUST35039983,2026-01-10 20:15:15,348.48,1,Electronics,Speaker
TXNC0PGA7ZI8R,CUST35039983,2025-11-05 20:15:15,623.33,4,Sports & Outdoors,Yoga Mat
TXNNQEJBSD85V,CUST35039983,2025-08-24 20:15:15,530.98,1,Sports & Outdoors,Sportswear
TXNX6981ET8YF,CUST35039983,2026-02-16 20:15:15,456.79,1,Sports & Outdoors,Camping Gear
TXNDQAM3FR9XD,CUST35039983,2025-10-22 20:15:15,404.32,1,Automotive,Tools
TXN90GN2BE49B,CUST35039983,2025-07-22 20:15:15,341.29,3,Books,Magazines
TXNLHJM45IOKX,CUST72827220,2025-11-30 20:15:15,93.58,5,Toys & Games,LEGO
TXNEX3GCVEFVG,CUST72827220,2025-11-10 20:15:15,64.13,5,Office Supplies,Furniture
TXNOYP10VDR2N,CUST72827220,2025-10-08 20:15:15,129.13,4,Office Supplies,Electronics
TXN8A5PWP7A4N,CUST72827220,2025-09-11 20:15:15,97.77,4,Toys & Games,Action Figures
TXNHVQJ1IDSLW,CUST72827220,2025-12-27 20:15:15,101.04,4,Books,Fiction
TXN0M5NFPV7J5,CUST72827220,2025-10-03 20:15:15,66.69,4,Toys & Games,Puzzles
TXNFTBMODF2G8,CUST72827220,2025-12-11 20:15:15,67.45,3,Food & Beverages,Organic Products
TXN9T0U7KDJO0,CUST72827220,2025-10-23 20:15:15,60.91,5,Sports & Outdoors,Sportswear
TXNVAJBE13JVW,CUST72827220,2025-12-30 20:15:15,48.93,1,Office Supplies,Printer
TXNXKERPES9PP,CUST72827220,2025-10-06 20:15:15,110.95,5,Home & Garden,Tools
TXNSG5EXKQO0W,CUST72827220,2025-10-27 20:15:15,94.34,2,Toys & Games,Video Games
TXNK859CCOYX2,CUST72827220,2025-10-15 20:15:15,68.56,3,Office Supplies,Stationery
TXNUGNUMV4GI1,CUST72827220,2025-10-25 20:15:15,64.12,4,Electronics,Speaker
TXNJSNUJ9U5HQ,CUST72827220,2025-08-09 20:15:15,112.6,3,Automotive,Cleaning Supplies
TXNFJDCP4VX32,CUST72827220,2025-08-24 20:15:15,90.46,4,Automotive,Car Accessories
TXNFNU9X7VJIQ,CUST72827220,2025-11-10 20:15:15,68.35,2,Automotive,Tools
TXNKE1LVY2LDM,CUST72827220,2025-11-22 20:15:15,105.56,2,Electronics,Tablet
TXNUGHKSSQ25M,CUST72827220,2025-08-24 20:15:15,122.97,3,Health & Beauty,Makeup
TXNVDA5PFVALV,CUST72827220,2025-08-28 20:15:15,64.7,2,Books,Educational
TXNNPIM137E4L,CUST72827220,2025-08-07 20:15:15,68.46,5,Clothing,Shoes
TXN7DINIAFYF4,CUST72827220,2025-10-28 20:15:15,73.06,2,Automotive,Cleaning Supplies
TXNIWAM86ZTTD,CUST72131192,2024-10-24 20:15:15,75.12,4,Automotive,Car Accessories
TXNM1FJM8OVPD,CUST72131192,2024-10-12 20:15:15,68.26,5,Toys & Games,Board Games
TXNTB2F4JCQGS,CUST72131192,2024-10-05 20:15:15,38.77,3,Health & Beauty,Makeup
TXNWCZ9Y0NVDT,CUST62613352,2025-11-07 20:15:15,53.74,1,Books,Comics
TXNXNKI23ZWSH,CUST62613352,2025-11-10 20:15:15,76.91,4,Office Supplies,Desk Accessories
TXNC91U5VH0A3,CUST62613352,2025-11-05 20:15:15,107.63,5,Electronics,Laptop
TXNY3EHGL565L,CUST62613352,2025-11-06 20:15:15,78.85,2,Sports & Outdoors,Camping Gear
TXNSFHG14A4ZA,CUST62613352,2025-11-09 20:15:15,94.7,5,Health & Beauty,Ayurveda
TXNS7AHSUBEWP,CUST62613352,2025-11-08 20:15:15,81.68,3,Office Supplies,Furniture
TXNRH7GJXCW4U,CUST73272665,2025-11-13 20:15:15,87.43,2,Sports & Outdoors,Sportswear
TXNCS6850CO5H,CUST73272665,2025-09-03 20:15:15,67.72,2,Office Supplies,Electronics
TXN7ND318ET55,CUST73272665,2026-01-02 20:15:15,102.17,1,Home & Garden,Furniture
TXNSEOZPWD17W,CUST73272665,2025-07-07 20:15:15,125.78,4,Sports & Outdoors,Yoga Mat
TXN8C8UGER4QL,CUST73272665,2026-01-08 20:15:15,56.94,2,Health & Beauty,Supplements
TXN1Q7BHXXIRI,CUST73272665,2025-07-15 20:15:15,107.6,5,Toys & Games,Puzzles
TXNRQ9X8N05US,CUST73272665,2025-09-07 20:15:15,76.49,3,Office Supplies,Stationery
TXNXM1JQPFF65,CUST73272665,2025-09-11 20:15:15,101.55,5,Office Supplies,Printer
TXNAEFGVBZYKD,CUST73272665,2025-07-18 20:15:15,71.43,2,Toys & Games,Puzzles
TXNKREZHXFMCT,CUST73272665,2025-08-19 20:15:15,95.84,1,Health & Beauty,Personal Care
TXND52FT7GNGF,CUST73272665,2025-10-21 20:15:15,65.76,1,Office Supplies,Printer
TXNRB17117KQO,CUST73272665,2025-06-21 20:15:15,118.57,5,Sports & Outdoors,Camping Gear
TXNA80W9VHG46,CUST73272665,2025-07-31 20:15:15,93.37,2,Automotive,Parts
TXNO9YXGQZ8XL,CUST73272665,2025-11-08 20:15:15,141.13,1,Automotive,Cleaning Supplies
TXN20576IYFY6,CUST73281785,2025-01-09 20:15:15,145.51,3,Health & Beauty,Skincare
TXN3XIZNC3C7W,CUST77446248,2026-01-29 20:15:15,345.49,1,Toys & Games,Board Games
TXNHH5M2K5BYX,CUST77446248,2026-02-16 20:15:15,258.11,2,Sports & Outdoors,Yoga Mat
TXNQXMWJ0UEYJ,CUST77446248,2026-02-12 20:15:15,703.55,2,Clothing,Dress
TXN5INZ0BAIUK,CUST77446248,2026-02-04 20:15:15,404.83,2,Office Supplies,Electronics
TXNFKTT2G87CV,CUST77446248,2026-02-02 20:15:15,347.37,3,Health & Beauty,Ayurveda
TXN5MUWM3CLP1,CUST77446248,2026-02-13 20:15:15,692.28,4,Sports & Outdoors,Fitness Equipment
TXNC907Y1W0OI,CUST77446248,2026-01-29 20:15:15,428.94,4,Home & Garden,Furniture
TXNTOL7TML0DB,CUST77446248,2026-02-15 20:15:15,628.39,4,Health & Beauty,Supplements
TXNERXRTT1RG6,CUST77446248,2026-02-12 20:15:15,545.51,5,Office Supplies,Stationery
TXN02UTZIYNU5,CUST77446248,2026-02-04 20:15:15,209.89,1,Clothing,Jeans
TXNRDAGUP2JRP,CUST77446248,2026-02-06 20:15:15,588.06,3,Clothing,Dress
TXNB0W01PGPSY,CUST77446248,2026-02-02 20:15:15,349.35,5,Books,Educational
TXN6877VQ7FVO,CUST77446248,2026-02-15 20:15:15,310.79,3,Toys & Games,Video Games
TXN3LU8U6PN4D,CUST77446248,2026-02-12 20:15:15,165.26,5,Books,Comics
TXN66DSTKYANU,CUST77446248,2026-01-30 20:15:15,322.32,4,Automotive,Helmet
TXNVLYKVLXSEN,CUST77446248,2026-02-13 20:15:15,440.43,1,Food & Beverages,Beverages
TXN7O8EII551R,CUST77446248,2026-02-01 20:15:15,505.05,1,Food & Beverages,Snacks
TXNN0MS9BH3VF,CUST77446248,2026-02-06 20:15:15,515.61,2,Automotive,Tools
TXN1BPULQFSZT,CUST77446248,2026-01-30 20:15:15,623.99,4,Home & Garden,Kitchen Appliances
TXNBH8U9DNLE5,CUST77446248,2026-02-05 20:15:15,241.56,4,Office Supplies,Printer
TXNWJP2YG7XEA,CUST77446248,2026-02-01 20:15:15,185.32,1,Electronics,Headphones
TXNT2M0OVMRUJ,CUST77446248,2026-02-14 20:15:15,860.61,4,Health & Beauty,Personal Care
TXNF6HC33NNDA,CUST53588530,2025-03-02 20:15:15,59.62,1,Home & Garden,Decor
TXNGERFXM037P,CUST11587215,2024-10-19 20:15:15,114.69,1,Home & Garden,Bedding
TXNLNJN6O5SSE,CUST77034310,2025-06-13 20:15:15,101.56,5,Office Supplies,Furniture
TXN7O8RO4GE9V,CUST77034310,2025-05-18 20:15:15,215.28,2,Books,Comics
TXNUV9HT6885A,CUST77034310,2025-05-13 20:15:15,234.94,3,Sports & Outdoors,Yoga Mat
TXNY22BEOB5AU,CUST77034310,2025-08-29 20:15:15,76.35,1,Home & Garden,Bedding
TXNZ64UVKPPS5,CUST77034310,2025-05-19 20:15:15,204.9,4,Books,Comics
TXNEOD34JVV8S,CUST77034310,2025-07-28 20:15:15,203.93,3,Food & Beverages,Snacks
TXNO85G1YTQC8,CUST77034310,2025-07-08 20:15:15,45.01,3,Toys & Games,LEGO
TXNNUUGM3CFW0,CUST77034310,2025-08-08 20:15:15,188.5,3,Home & Garden,Furniture
TXN5XBYFZCTP7,CUST89484768,2025-07-26 20:15:15,49.74,2,Electronics,Tablet
TXNREABNZ0YE0,CUST89484768,2025-08-09 20:15:15,70.39,3,Office Supplies,Desk Accessories
TXN4YV68CZEI0,CUST89484768,2025-09-13 20:15:15,74.8,3,Electronics,Headphones
TXNDLLQT8SCPP,CUST89484768,2025-09-25 20:15:15,70.54,3,Food & Beverages,Masala
TXNZWN3CS99WO,CUST89484768,2025-08-29 20:15:15,56.15,2,Home & Garden,Furniture
TXNTZV0XNQYHD,CUST89484768,2025-11-10 20:15:15,53.81,2,Electronics,Headphones
TXNU9W75X7NR6,CUST89484768,2025-09-27 20:15:15,65.77,2,Health & Beauty,Skincare
TXN50B408YP7P,CUST49029153,2025-10-05 20:15:15,145.11,2,Health & Beauty,Personal Care
TXNCQ8SITDKQ4,CUST49029153,2025-09-24 20:15:15,87.53,4,Health & Beauty,Skincare
TXNKBIF5MLXR8,CUST49029153,2025-10-16 20:15:15,166.48,5,Clothing,Shoes
TXNA3OCKC3FOH,CUST49029153,2025-12-09 20:15:15,148.71,5,Home & Garden,Furniture
TXNBK6UV2S0LY,CUST49029153,2025-10-26 20:15:15,148.63,3,Office Supplies,Furniture
TXN7Q1YZWQ2J4,CUST49029153,2025-10-11 20:15:15,140.47,1,Food & Beverages,Organic Products
TXNWTGIVS4KV3,CUST49029153,2025-11-22 20:15:15,147.97,1,Books,Magazines
TXNB1EUGYXY5I,CUST52502116,2026-01-23 20:15:15,224.68,1,Office Supplies,Printer
TXNXEHJD7SSU3,CUST52502116,2026-01-27 20:15:15,350.95,5,Office Supplies,Furniture
TXNSXC6BZF53T,CUST52502116,2026-01-30 20:15:15,242.67,4,Office Supplies,Electronics
TXNVW5S2I0DY2,CUST52502116,2026-01-28 20:15:15,285.89,5,Home & Garden,Decor
TXNPP0KQDTNLE,CUST52502116,2026-01-24 20:15:15,219.96,5,Toys & Games,Puzzles
TXNO0NE98UEYD,CUST52502116,2026-01-28 20:15:15,187.5,4,Health & Beauty,Supplements
TXNR9HKMPW18I,CUST52502116,2026-01-29 20:15:15,269.66,5,Books,Comics
TXNQRMAUJY49U,CUST52502116,2026-01-24 20:15:15,335.85,1,Electronics,Laptop
TXNW0AX3F3QVQ,CUST52502116,2026-01-27 20:15:15,366.02,1,Books,Educational
TXN3OWZIKPMH1,CUST52502116,2026-01-12 20:15:15,339.1,4,Home & Garden,Furniture
TXNTO1YKZ7OII,CUST52502116,2026-01-17 20:15:15,200.08,3,Sports & Outdoors,Sportswear
TXNQP5V06WDG1,CUST52502116,2026-01-17 20:15:15,283.84,2,Toys & Games,LEGO
TXN9HG1FSX1OA,CUST52502116,2026-02-02 20:15:15,272.16,4,Clothing,T-Shirt
TXNDEVYPRHI4Y,CUST52502116,2026-01-09 20:15:15,340.12,5,Automotive,Cleaning Supplies
TXN8TXPODGZLA,CUST52502116,2026-01-20 20:15:15,321.82,5,Health & Beauty,Supplements
TXN70R1SD0XZ4,CUST52502116,2026-02-02 20:15:15,226.81,5,Clothing,Jacket
TXNEV8DFRLNYU,CUST52502116,2026-01-25 20:15:15,308.31,4,Health & Beauty,Personal Care
TXN2DZ7PHQLS5,CUST52502116,2026-01-10 20:15:15,327.04,3,Clothing,Jacket
TXN05968H5P29,CUST52502116,2026-01-27 20:15:15,306.72,2,Home & Garden,Bedding
TXNVLIRUL4V1P,CUST52502116,2026-01-14 20:15:15,276.13,2,Food & Beverages,Masala
TXNYQCQS1AYRP,CUST52502116,2026-01-31 20:15:15,224.17,5,Home & Garden,Kitchen Appliances
TXNVW9HVQXXU4,CUST52502116,2026-01-20 20:15:15,245.52,2,Electronics,Smart Watch
TXNA0FXJMIDFM,CUST52502116,2026-01-19 20:15:15,460.47,1,Toys & Games,Board Games
TXNY5CUUWOF2I,CUST52502116,2026-01-15 20:15:15,180.01,5,Toys & Games,Video Games
TXNRJ8TZ2Y10T,CUST52502116,2026-02-02 20:15:15,436.82,3,Automotive,Tools
TXNJ8QMAZ926M,CUST95604046,2025-11-11 20:15:15,134.43,2,Home & Garden,Mixer
TXNXRU3AIWH3C,CUST95604046,2025-11-19 20:15:15,52.47,3,Electronics,Tablet
TXN3DFIQGXOT1,CUST95604046,2025-11-22 20:15:15,69.98,1,Health & Beauty,Makeup
TXNX3BYP4VTAI,CUST95604046,2025-11-19 20:15:15,78.1,5,Office Supplies,Printer
TXNZUZP3UWO9O,CUST95604046,2025-11-09 20:15:15,70.15,3,Office Supplies,Printer
TXN6FAREYWLKB,CUST95604046,2025-11-08 20:15:15,70.4,1,Health & Beauty,Supplements
TXN3Q9BEKAAD4,CUST95604046,2025-11-25 20:15:15,104.03,5,Electronics,Camera
TXNOJE1RB9Q5R,CUST30649835,2024-12-16 20:15:15,102.58,5,Books,Fiction
TXNQRKRMG7MAQ,CUST30649835,2024-12-14 20:15:15,110.99,4,Sports & Outdoors,Fitness Equipment
TXNNAQUD1FRRR,CUST52655998,2025-07-27 20:15:15,88.48,1,Sports & Outdoors,Fitness Equipment
TXNKFX9L3LIQK,CUST52655998,2025-05-25 20:15:15,86.54,2,Food & Beverages,Snacks
TXNS6OSFY5OUA,CUST52655998,2025-09-21 20:15:15,71.92,2,Electronics,Laptop
TXND9HS63YWHW,CUST21135406,2025-05-29 20:15:15,152.0,1,Toys & Games,Action Figures
TXNE19CYXFI3F,CUST63763012,2024-03-13 20:15:15,125.35,3,Electronics,Headphones
TXNERP3N6JATL,CUST40793909,2025-11-06 20:15:15,71.11,5,Sports & Outdoors,Yoga Mat
TXNGTH1J2CF3T,CUST40793909,2025-11-11 20:15:15,134.0,4,Toys & Games,Action Figures
TXNJU6KBZFZTS,CUST40793909,2025-06-06 20:15:15,117.38,2,Electronics,Headphones
TXN354VBKS5ZD,CUST99228851,2024-10-09 20:15:15,100.38,4,Toys & Games,Puzzles
TXNRRF428M0ME,CUST99228851,2025-07-31 20:15:15,87.19,3,Toys & Games,Video Games
TXN0I5TAKD4OT,CUST99228851,2025-06-21 20:15:15,140.97,1,Sports & Outdoors,Bicycle
TXNES0VL5LU36,CUST99228851,2025-03-07 20:15:15,129.89,3,Office Supplies,Desk Accessories
TXNJN0QJGZTDF,CUST99228851,2025-01-15 20:15:15,201.82,4,Clothing,Jeans
TXNX2291RCR1L,CUST99228851,2025-04-22 20:15:15,135.67,4,Sports & Outdoors,Yoga Mat
TXN0Y5MUSYU9R,CUST99228851,2025-05-26 20:15:15,128.73,3,Office Supplies,Stationery
TXNT0Y16UQ57B,CUST99228851,2024-04-14 20:15:15,133.34,4,Home & Garden,Bedding
TXNACWMFL1NYX,CUST99228851,2025-03-23 20:15:15,142.89,1,Sports & Outdoors,Sportswear
TXN9Y9TSU3QVC,CUST20069451,2024-07-31 20:15:15,196.39,5,Home & Garden,Decor
TXNZXICGBBCRA,CUST20069451,2024-09-09 20:15:15,239.14,1,Books,Magazines
TXNGDHDVVUTYO,CUST20069451,2025-12-21 20:15:15,114.17,3,Food & Beverages,Snacks
TXNS7V8HOZVD2,CUST20069451,2024-09-09 20:15:15,202.76,5,Home & Garden,Furniture
TXN9TFKQ4QJU0,CUST20069451,2024-07-30 20:15:15,108.46,5,Health & Beauty,Supplements
TXNKC21EXSMPA,CUST20069451,2024-10-11 20:15:15,238.06,3,Sports & Outdoors,Yoga Mat
TXNLO720BPTHS,CUST20069451,2024-06-01 20:15:15,96.68,4,Office Supplies,Printer
TXN97ZM4Q361A,CUST20069451,2025-11-25 20:15:15,247.75,3,Automotive,Tools
TXNQKCA4FTB5Z,CUST20069451,2025-09-27 20:15:15,232.5,5,Toys & Games,Puzzles
TXNQZ8H8O7CG7,CUST20069451,2025-12-24 20:15:15,138.55,3,Office Supplies,Stationery
TXN2AK6G04UVB,CUST06194877,2025-01-12 20:15:15,118.46,4,Toys & Games,Action Figures
TXNBEFEYE4SMJ,CUST02106533,2024-09-14 20:15:15,80.17,5,Office Supplies,Printer
TXN8QZZJ2GSKL,CUST02106533,2024-12-09 20:15:15,87.69,5,Health & Beauty,Skincare
TXNGU3O4N2UY6,CUST02106533,2024-12-09 20:15:15,169.2,2,Books,Fiction
TXNZGKUJSVA83,CUST02106533,2024-12-03 20:15:15,196.58,3,Sports & Outdoors,Camping Gear
TXN9WSQDAYKMS,CUST02106533,2025-05-16 20:15:15,243.91,1,Automotive,Tools
TXN5S0ZO69ZG9,CUST02106533,2024-12-30 20:15:15,170.18,3,Toys & Games,LEGO
TXNX7ZVJI2JUH,CUST02106533,2024-10-05 20:15:15,178.38,4,Food & Beverages,Snacks
TXN4L1BVGJCD2,CUST02106533,2025-01-24 20:15:15,115.8,2,Sports & Outdoors,Camping Gear
TXNI1SMTHZD0Z,CUST02106533,2025-12-06 20:15:15,177.71,5,Books,Fiction
TXN0OQUJLGN7J,CUST40535555,2025-09-18 20:15:15,234.78,1,Clothing,Dress
TXNT455H0UNJ1,CUST40535555,2025-09-04 20:15:15,268.35,1,Automotive,Parts
TXN3U78Q1SM5M,CUST40535555,2026-02-02 20:15:15,224.93,5,Home & Garden,Kitchen Appliances
TXNRUVER0J9ZB,CUST40535555,2025-11-12 20:15:15,292.42,3,Toys & Games,LEGO
TXNQXXX2DMFNH,CUST40535555,2026-02-06 20:15:15,229.6,1,Clothing,Shoes
TXNVDSPAEZQL6,CUST40535555,2026-01-02 20:15:15,218.89,3,Toys & Games,Action Figures
TXN3E5IN2KH2D,CUST40535555,2025-12-04 20:15:15,282.87,2,Office Supplies,Furniture
TXNXSKZFK9YAK,CUST40535555,2025-09-17 20:15:15,283.36,5,Office Supplies,Printer
TXNKOIEC9T26M,CUST40535555,2026-02-05 20:15:15,206.09,4,Health & Beauty,Personal Care
TXNF7Z2OO4JP1,CUST40535555,2025-08-18 20:15:15,351.43,4,Automotive,Parts
TXNM5QU4467KI,CUST40535555,2025-10-17 20:15:15,246.08,2,Clothing,Accessories
TXN63WQ7GF19L,CUST40535555,2026-02-04 20:15:15,235.9,5,Food & Beverages,Beverages
TXN827BGD4PH9,CUST40535555,2025-11-22 20:15:15,206.66,2,Food & Beverages,Snacks
TXNOA9IT8O7Q6,CUST40535555,2025-12-05 20:15:15,258.78,1,Automotive,Tools
TXNYBIBR0C26Q,CUST40535555,2025-12-08 20:15:15,287.79,1,Toys & Games,LEGO
TXNSGOFZ4EO8L,CUST40535555,2026-02-04 20:15:15,234.53,1,Automotive,Tools
TXNJCAKCXBB94,CUST40535555,2025-08-23 20:15:15,243.04,3,Health & Beauty,Personal Care
TXNRXH08DU9OZ,CUST40535555,2025-09-27 20:15:15,151.63,3,Automotive,Cleaning Supplies
TXNR1V3FG7T3T,CUST40535555,2025-10-12 20:15:15,170.83,2,Electronics,Smartphone
TXN896SW17C6Z,CUST40535555,2025-10-03 20:15:15,175.33,3,Electronics,Speaker
TXN7IS2WOKRKS,CUST40535555,2026-01-25 20:15:15,245.06,3,Electronics,Speaker
TXNYD2DZCHPZ3,CUST40535555,2025-08-28 20:15:15,150.68,1,Clothing,Accessories
TXNUY1RJEEC2Q,CUST28286348,2025-10-18 20:15:15,75.21,1,Automotive,Cleaning Supplies
TXNAR7OGQWSXD,CUST28286348,2025-10-15 20:15:15,110.12,2,Electronics,Smart Watch
TXN7GGETLXYD5,CUST28286348,2025-10-16 20:15:15,219.92,1,Food & Beverages,Masala
TXN0WGSWLP34O,CUST28286348,2025-10-17 20:15:15,284.95,5,Office Supplies,Desk Accessories
TXND3VFSFXTGD,CUST28286348,2025-10-18 20:15:15,243.59,3,Sports & Outdoors,Sportswear
TXNU3IQZMBAVL,CUST28286348,2025-10-18 20:15:15,128.07,3,Office Supplies,Printer
TXNB2N5HLQNLS,CUST30230028,2025-10-16 20:15:15,65.69,4,Clothing,Accessories
TXNZ6GY0BOFCH,CUST30230028,2025-12-31 20:15:15,71.71,4,Health & Beauty,Ayurveda
TXNTWKLT8T3SS,CUST30230028,2025-07-16 20:15:15,47.36,1,Books,Textbook
TXND4LK9K9ZDB,CUST30230028,2025-06-08 20:15:15,83.03,1,Health & Beauty,Supplements
TXNNBJBY0GN3Q,CUST30230028,2025-09-30 20:15:15,100.5,1,Books,Educational
TXNTQ5OPMW0AF,CUST30230028,2025-05-21 20:15:15,62.29,2,Automotive,Helmet
TXNEBN9DTNL49,CUST30230028,2025-12-25 20:15:15,56.66,1,Books,Comics
TXNR4T4K3U74U,CUST30230028,2025-06-09 20:15:15,109.07,4,Books,Magazines
TXN8WJ6HDNM9U,CUST30230028,2025-09-09 20:15:15,64.37,3,Office Supplies,Desk Accessories
TXN8ZSENZMDCL,CUST30230028,2025-08-23 20:15:15,67.42,2,Clothing,Jeans
TXNKK3GEZ195N,CUST30230028,2025-11-22 20:15:15,24.88,4,Food & Beverages,Masala
TXNKLGN6LUOYM,CUST45745359,2026-01-12 20:15:15,513.61,3,Health & Beauty,Ayurveda
TXNEJA53MJIEN,CUST45745359,2025-10-05 20:15:15,561.55,3,Food & Beverages,Gourmet Food
TXNX19DFNU0TR,CUST45745359,2025-11-01 20:15:15,363.12,4,Toys & Games,LEGO
TXNWIF3CWPW02,CUST45745359,2025-10-27 20:15:15,394.7,4,Clothing,Jacket
TXNB3QG257HPP,CUST45745359,2025-10-15 20:15:15,460.49,3,Office Supplies,Electronics
TXN8BUFIS5Y05,CUST45745359,2025-10-22 20:15:15,482.32,1,Sports & Outdoors,Fitness Equipment
TXN0PYOGDEZ2P,CUST45745359,2025-12-26 20:15:15,392.89,2,Clothing,Shoes
TXNJAIREPAAAU,CUST45745359,2025-12-22 20:15:15,331.71,3,Books,Comics
TXN1ZR3W80CQP,CUST45745359,2026-01-21 20:15:15,383.27,4,Office Supplies,Stationery
TXNQF5DQLGJ9C,CUST45745359,2026-01-20 20:15:15,355.8,4,Toys & Games,LEGO
TXNDZTO661Q8V,CUST45745359,2025-10-27 20:15:15,431.21,1,Office Supplies,Printer
TXNNYRSYY32OM,CUST45745359,2026-01-12 20:15:15,271.79,3,Health & Beauty,Ayurveda
TXN1S37EVX3B2,CUST45745359,2025-10-19 20:15:15,543.56,2,Health & Beauty,Skincare
TXN6U5CFA0PQV,CUST45745359,2025-11-20 20:15:15,640.68,4,Electronics,Camera
TXNPOUH9QHAT2,CUST45745359,2025-10-13 20:15:15,315.21,5,Food & Beverages,Masala
TXNPYC5T0ETJ9,CUST45745359,2026-02-08 20:15:15,307.85,3,Automotive,Cleaning Supplies
TXN56BSDRE02C,CUST45745359,2025-10-09 20:15:15,299.77,3,Electronics,Speaker
TXNGZ6RLYO0WG,CUST45745359,2025-12-30 20:15:15,345.22,2,Office Supplies,Furniture
TXNRAJSRY1BL3,CUST45745359,2025-09-21 20:15:15,613.16,4,Home & Garden,Furniture
TXNRV54RGXD8B,CUST45745359,2026-01-17 20:15:15,333.07,5,Books,Non-Fiction
TXNUS7OYRT9RC,CUST45745359,2026-01-21 20:15:15,418.06,2,Toys & Games,Video Games
TXNI8NMYPMTRI,CUST45745359,2025-10-20 20:15:15,345.94,1,Food & Beverages,Masala
TXNO93BE5R1C4,CUST45745359,2026-01-17 20:15:15,154.81,1,Toys & Games,LEGO
TXNAVI2P9Y0GV,CUST45745359,2025-10-07 20:15:15,335.47,2,Electronics,Speaker
TXNFN170EVWQT,CUST45745359,2025-09-16 20:15:15,396.89,1,Home & Garden,Bedding
TXNF6QPZQJ1J7,CUST45745359,2025-09-10 20:15:15,586.35,4,Sports & Outdoors,Yoga Mat
TXNI02G10VVL3,CUST45745359,2025-09-17 20:15:15,191.24,3,Sports & Outdoors,Camping Gear
TXNKY6O4F3RCY,CUST45745359,2026-02-09 20:15:15,516.64,3,Sports & Outdoors,Yoga Mat
TXNCNQ5CZAXCX,CUST45745359,2026-02-06 20:15:15,429.84,1,Health & Beauty,Makeup
TXNLOJ1W2YXI6,CUST45745359,2025-12-30 20:15:15,390.31,1,Electronics,Headphones
TXNX7JTZ3XDRS,CUST65136549,2025-10-04 20:15:15,46.64,3,Automotive,Parts
TXNTDACT94O9F,CUST65136549,2025-09-21 20:15:15,92.95,2,Office Supplies,Electronics
TXNJAYEHN05XE,CUST65136549,2025-10-03 20:15:15,74.72,2,Toys & Games,Puzzles
TXNLPQTH037RY,CUST65136549,2025-09-16 20:15:15,66.98,2,Health & Beauty,Skincare
TXNVEKG818SOA,CUST65136549,2025-10-04 20:15:15,65.78,3,Electronics,Smart Watch
TXN1PMP3T62PE,CUST65136549,2025-09-21 20:15:15,86.84,4,Health & Beauty,Personal Care
TXN443LZ6TSOC,CUST65136549,2025-10-08 20:15:15,50.37,1,Books,Magazines
TXNG6B2ZGFOA0,CUST65136549,2025-09-23 20:15:15,96.98,3,Books,Non-Fiction
TXN5DHL0ZX0JT,CUST65136549,2025-09-23 20:15:15,112.61,3,Office Supplies,Printer
TXNXX3HONYUPS,CUST11327518,2025-08-21 20:15:15,202.05,1,Automotive,Parts
TXNBHTXOPXU18,CUST11327518,2025-12-01 20:15:15,308.97,4,Clothing,T-Shirt
TXNB76M77UR08,CUST11327518,2025-12-19 20:15:15,183.32,3,Health & Beauty,Supplements
TXN8SHY4SOEPK,CUST11327518,2025-08-17 20:15:15,146.66,1,Electronics,Smart Watch
TXN5EU43O6EEU,CUST11327518,2025-05-15 20:15:15,183.48,5,Clothing,T-Shirt
TXNHDZU2N8728,CUST11327518,2025-06-05 20:15:15,249.88,1,Office Supplies,Desk Accessories
TXN7MYRWF2778,CUST11327518,2025-10-21 20:15:15,206.35,5,Books,Textbook
TXNN2W77F8Q4D,CUST11327518,2025-08-22 20:15:15,249.37,4,Electronics,Tablet
TXNMKU24GEVWL,CUST11327518,2025-10-21 20:15:15,239.76,5,Home & Garden,Bedding
TXN5XDNP1C7D6,CUST11327518,2025-07-27 20:15:15,193.74,4,Food & Beverages,Masala
TXNVDC78JB3CI,CUST11327518,2025-07-18 20:15:15,140.33,4,Food & Beverages,Gourmet Food
TXNC2PSXRCGF2,CUST11327518,2025-05-14 20:15:15,220.19,3,Automotive,Helmet
TXN9BNIEKBANS,CUST11327518,2025-11-14 20:15:15,130.35,1,Food & Beverages,Gourmet Food
TXN54CS1FA8CB,CUST34882799,2025-10-02 20:15:15,245.07,2,Health & Beauty,Makeup
TXNAHGJR2R1KS,CUST34882799,2025-09-11 20:15:15,264.21,4,Health & Beauty,Makeup
TXN1MWI7W4Q2H,CUST34882799,2025-11-10 20:15:15,71.94,5,Electronics,Tablet
TXNZZYDM9B9MJ,CUST34882799,2025-10-12 20:15:15,331.63,5,Food & Beverages,Masala
TXNHYDP15ELXZ,CUST34882799,2025-09-29 20:15:15,215.64,2,Home & Garden,Furniture
TXNYY120MVB22,CUST34882799,2025-10-04 20:15:15,276.91,5,Sports & Outdoors,Yoga Mat
TXNRL4GEMW9L8,CUST34882799,2025-11-11 20:15:15,193.01,2,Electronics,Tablet
TXNG92SSSRZMQ,CUST34882799,2025-09-05 20:15:15,210.7,4,Electronics,Camera
TXN9FIIEVXLAW,CUST34882799,2025-09-23 20:15:15,356.05,3,Food & Beverages,Gourmet Food
TXNJ0A0EID1P1,CUST34882799,2025-09-14 20:15:15,142.47,5,Clothing,Dress
TXNI88GB7CR2M,CUST34882799,2025-12-27 20:15:15,203.3,5,Automotive,Helmet
TXNN51O6E5EK3,CUST34882799,2025-10-04 20:15:15,243.84,3,Food & Beverages,Organic Products
TXN760USHTQ6C,CUST34882799,2025-10-15 20:15:15,61.98,1,Health & Beauty,Makeup
TXNANPAIQWPLC,CUST34882799,2025-09-27 20:15:15,173.2,5,Electronics,Smartphone
TXNXPXFYN7H21,CUST34882799,2025-12-04 20:15:15,298.92,1,Home & Garden,Furniture
TXNB6PQ1U8APN,CUST34882799,2025-10-27 20:15:15,147.67,4,Electronics,Headphones
TXN0MVLRVLHEK,CUST22019873,2024-10-27 20:15:15,115.01,2,Electronics,Camera
TXN75QX1GIPLQ,CUST86123275,2024-12-25 20:15:15,114.22,3,Health & Beauty,Skincare
TXN5N708VQRLE,CUST86123275,2025-09-12 20:15:15,119.42,4,Health & Beauty,Personal Care
TXNDOGU7WAT3Q,CUST86123275,2025-06-18 20:15:15,70.75,1,Home & Garden,Decor
TXNM40HJ8OC5I,CUST86123275,2025-03-08 20:15:15,108.67,5,Toys & Games,LEGO
TXN1E2E7J8NPE,CUST86123275,2024-12-17 20:15:15,67.19,1,Food & Beverages,Organic Products
TXNGFAAXJMF9Z,CUST86123275,2025-12-12 20:15:15,94.46,2,Automotive,Tools
TXN62LQECSHO5,CUST86123275,2025-02-28 20:15:15,130.72,5,Toys & Games,Action Figures
TXN5E9NTLR43A,CUST86123275,2025-01-09 20:15:15,77.24,2,Health & Beauty,Ayurveda
TXN8R04A0WLR4,CUST86123275,2025-09-18 20:15:15,120.27,5,Sports & Outdoors,Bicycle
TXN0VOFICH0XR,CUST86123275,2025-01-30 20:15:15,101.33,5,Electronics,Smartphone
TXNK1BW2HVJEW,CUST86123275,2025-08-17 20:15:15,127.36,3,Electronics,Smart Watch
TXNA3MDU4MJ0W,CUST86123275,2025-10-02 20:15:15,42.43,3,Electronics,Camera
TXNQ1WFK5UT7I,CUST86123275,2025-11-15 20:15:15,140.41,1,Clothing,Dress
TXNRJOMKNWY5T,CUST86123275,2025-03-11 20:15:15,47.59,3,Books,Educational
TXNBNGGFCY77Z,CUST86123275,2025-12-31 20:15:15,65.51,1,Home & Garden,Kitchen Appliances
TXN0HMF4DN0ND,CUST86123275,2025-04-02 20:15:15,139.37,3,Clothing,Accessories
TXNUFWXVWI84G,CUST86123275,2025-08-13 20:15:15,101.42,4,Electronics,Speaker
TXNLGCZQULJL8,CUST86123275,2025-01-16 20:15:15,89.97,5,Toys & Games,Board Games
TXN5855QBK5L8,CUST86123275,2025-03-13 20:15:15,133.09,2,Electronics,Smart Watch
TXNXRTQKE8XOW,CUST86123275,2025-05-02 20:15:15,99.76,2,Clothing,Dress
TXNEYDZ2I40X1,CUST86123275,2025-09-16 20:15:15,72.89,3,Food & Beverages,Gourmet Food
TXNUZ9D2TJYCA,CUST86123275,2025-07-17 20:15:15,142.61,3,Toys & Games,Board Games
TXNY7FY1AR8OZ,CUST86123275,2025-06-12 20:15:15,111.96,1,Books,Comics
TXNFSUXTXPEI4,CUST86123275,2025-11-11 20:15:15,63.93,3,Books,Fiction
TXNHZ5ZQVPT03,CUST47930125,2025-03-15 20:15:15,110.63,1,Health & Beauty,Personal Care
TXN51WRP5HYL1,CUST72667164,2025-05-27 20:15:15,75.04,2,Automotive,Cleaning Supplies
TXNW57MTFYMJK,CUST72667164,2025-04-12 20:15:15,69.26,3,Books,Comics
TXN4OGV239V96,CUST72667164,2024-03-17 20:15:15,103.02,1,Sports & Outdoors,Sportswear
TXNU2YFT422I3,CUST72667164,2025-12-01 20:15:15,104.94,4,Automotive,Helmet
TXNVMC7304LRQ,CUST72667164,2024-07-22 20:15:15,121.06,2,Food & Beverages,Gourmet Food
TXNLSZPMDU9ZF,CUST72667164,2025-06-20 20:15:15,125.42,2,Food & Beverages,Snacks
TXN1CGWGTVNRZ,CUST72667164,2024-09-03 20:15:15,134.64,3,Home & Garden,Kitchen Appliances
TXNOF967JNYF8,CUST72667164,2024-04-04 20:15:15,140.23,4,Health & Beauty,Supplements
TXNUTYGD93CJ5,CUST72667164,2024-11-25 20:15:15,123.07,1,Home & Garden,Bedding
TXNHV17YUBQHO,CUST52783810,2025-12-07 20:15:15,110.31,1,Automotive,Cleaning Supplies
TXNGC20EMEVNI,CUST52783810,2025-10-14 20:15:15,128.6,2,Food & Beverages,Snacks
TXNFLLCMG7P77,CUST52783810,2025-09-29 20:15:15,112.01,5,Books,Educational
TXNLDN3ORYU68,CUST52783810,2025-11-21 20:15:15,71.17,4,Toys & Games,Board Games
TXNN9VPO4TEVR,CUST52783810,2026-01-10 20:15:15,58.01,5,Electronics,Speaker
TXNLIS91D9E60,CUST52783810,2025-09-03 20:15:15,68.99,1,Automotive,Car Accessories
TXNYYY51W5P4E,CUST52783810,2025-12-18 20:15:15,109.09,4,Sports & Outdoors,Camping Gear
TXNWH48JXZJP8,CUST52783810,2025-10-04 20:15:15,90.52,3,Office Supplies,Printer
TXN9CDSU02ZP5,CUST52783810,2026-01-19 20:15:15,106.45,5,Automotive,Parts
TXNP7R318QX1U,CUST52783810,2025-09-19 20:15:15,91.95,5,Food & Beverages,Snacks
TXN7VK5O2D3M5,CUST52783810,2025-12-14 20:15:15,72.17,2,Office Supplies,Electronics
TXNL62BMXYFF5,CUST52783810,2025-09-02 20:15:15,22.13,4,Food & Beverages,Gourmet Food
TXNHRXG1TCSWU,CUST67678214,2024-11-14 20:15:15,73.76,4,Office Supplies,Furniture
TXNZSDHA8973P,CUST67678214,2024-09-09 20:15:15,177.33,3,Electronics,Headphones
TXNHBY5GCYV0W,CUST67678214,2025-02-11 20:15:15,149.95,3,Clothing,Accessories
TXNP0S7YKV23W,CUST67678214,2024-12-17 20:15:15,90.21,1,Sports & Outdoors,Bicycle
TXN2YA2LRMTT1,CUST67678214,2025-05-10 20:15:15,97.67,2,Home & Garden,Bedding
TXNSJVF9DZWTB,CUST67678214,2025-03-30 20:15:15,98.82,1,Electronics,Laptop
TXNZRCXWQROQW,CUST67678214,2025-09-07 20:15:15,154.4,3,Automotive,Parts
TXN5YLBUMQEWM,CUST67678214,2025-06-23 20:15:15,148.07,5,Toys & Games,Action Figures
TXNQILGHWMC8W,CUST22334326,2025-01-06 20:15:15,75.89,4,Food & Beverages,Organic Products
TXND3094YY32X,CUST22334326,2025-01-11 20:15:15,40.98,3,Sports & Outdoors,Camping Gear
TXNS39XZ9VJKV,CUST22334326,2024-12-25 20:15:15,90.41,2,Health & Beauty,Skincare
TXN22ZPGX1Q34,CUST22334326,2025-01-02 20:15:15,53.74,3,Sports & Outdoors,Sportswear
TXNWVOUBVWEVY,CUST22334326,2024-12-28 20:15:15,73.67,2,Sports & Outdoors,Camping Gear
TXNDDIDZTXMP4,CUST76612693,2025-10-14 20:15:15,137.17,4,Books,Non-Fiction
TXNLN5RWMH5HI,CUST76612693,2025-11-21 20:15:15,61.4,1,Health & Beauty,Ayurveda
TXNN93E8NINEE,CUST76612693,2025-10-01 20:15:15,106.63,1,Home & Garden,Kitchen Appliances
TXNQDDPNMNFOX,CUST76612693,2025-10-25 20:15:15,124.59,1,Electronics,Speaker
TXNXI4TJWPJES,CUST76612693,2025-09-10 20:15:15,94.92,2,Electronics,Speaker
TXNHWPASVDK5T,CUST76612693,2025-10-16 20:15:15,70.1,1,Clothing,Dress
TXNQQ8E4M4ZDE,CUST02329574,2024-03-13 20:15:15,76.42,4,Sports & Outdoors,Yoga Mat
TXNO1XD8WL0FQ,CUST02329574,2024-03-24 20:15:15,123.4,4,Clothing,Jeans
TXNFI9G9V7T0F,CUST02329574,2024-03-14 20:15:15,103.31,3,Food & Beverages,Organic Products
TXNVSX8NWZC14,CUST79194242,2024-05-09 20:15:15,53.44,4,Sports & Outdoors,Camping Gear
TXNOQTA1KKM98,CUST69900946,2025-12-19 20:15:15,161.57,3,Automotive,Cleaning Supplies
TXNB6NPMOCBDW,CUST69900946,2025-10-18 20:15:15,89.67,5,Food & Beverages,Organic Products
TXNYDS60065A7,CUST69900946,2025-12-09 20:15:15,150.53,4,Clothing,Shoes
TXNWB2A3OJMMF,CUST69900946,2026-01-10 20:15:15,63.09,3,Food & Beverages,Gourmet Food
TXN6BKO4LDXB4,CUST69900946,2025-12-23 20:15:15,97.39,5,Electronics,Laptop
TXNAE3QLF6955,CUST69900946,2025-09-29 20:15:15,187.68,5,Automotive,Helmet
TXNFJYP3RKWZB,CUST69900946,2025-10-15 20:15:15,123.99,1,Automotive,Parts
TXNN6GKDEBIV2,CUST69900946,2025-09-27 20:15:15,130.35,3,Health & Beauty,Supplements
TXNB1LVYZM119,CUST69900946,2025-12-28 20:15:15,146.48,3,Health & Beauty,Personal Care
TXND2P4JHC8VX,CUST69900946,2025-11-29 20:15:15,221.11,1,Toys & Games,Action Figures
TXNI6AYK3SS4R,CUST69900946,2025-12-30 20:15:15,10.0,2,Food & Beverages,Organic Products
TXNSMPRMJZV5A,CUST69900946,2025-10-12 20:15:15,108.53,5,Electronics,Tablet
TXNNN18QQ57MI,CUST75829408,2024-10-11 20:15:15,157.7,2,Food & Beverages,Masala
TXNGC9J46VHG6,CUST75829408,2024-10-11 20:15:15,123.88,2,Books,Textbook
TXNL6J0XZLN8Z,CUST75829408,2024-10-12 20:15:15,106.1,3,Health & Beauty,Ayurveda
TXN2LVBOR1SR6,CUST75829408,2024-10-11 20:15:15,98.9,5,Health & Beauty,Makeup
TXNUJZSV59OG8,CUST75829408,2024-10-10 20:15:15,84.69,1,Toys & Games,Video Games
TXN1NI4KC2HIE,CUST21090091,2026-02-02 20:15:15,185.46,2,Clothing,T-Shirt
TXNYUVEA5QYCK,CUST21090091,2026-01-28 20:15:15,276.82,2,Office Supplies,Desk Accessories
TXN9D47N1U8V4,CUST21090091,2025-01-17 20:15:15,305.49,1,Food & Beverages,Masala
TXNO739JJTQ1L,CUST21090091,2026-01-01 20:15:15,427.13,1,Food & Beverages,Organic Products
TXNZZ5Y8QTSDM,CUST21090091,2025-06-26 20:15:15,350.73,1,Office Supplies,Printer
TXN5ZA8E1DHFV,CUST21090091,2025-02-18 20:15:15,323.43,3,Automotive,Helmet
TXNQ3HFM04YK4,CUST21090091,2026-01-28 20:15:15,254.34,5,Books,Textbook
TXN5I6V7C2PMI,CUST21090091,2025-08-28 20:15:15,271.95,5,Health & Beauty,Ayurveda
TXNSZ91JVSMUD,CUST21090091,2025-08-28 20:15:15,149.59,1,Clothing,T-Shirt
TXN8QU4UEG7E1,CUST21090091,2025-01-11 20:15:15,339.15,4,Electronics,Tablet
TXN9YS3WT8UZC,CUST21090091,2025-01-19 20:15:15,198.0,2,Automotive,Helmet
TXN59WJ1PRDBK,CUST21090091,2025-03-27 20:15:15,283.67,3,Health & Beauty,Ayurveda
TXNQJRX1F4SAW,CUST21090091,2025-07-10 20:15:15,415.54,4,Office Supplies,Electronics
TXNFXQMYY1TJ6,CUST21090091,2025-09-09 20:15:15,342.45,3,Books,Textbook
TXNAFRDS5UV2A,CUST21090091,2025-03-12 20:15:15,349.25,2,Office Supplies,Desk Accessories
TXNYBCG69CFQE,CUST21090091,2025-01-16 20:15:15,434.9,4,Books,Educational
TXNT77TH0K2K1,CUST21090091,2025-10-03 20:15:15,382.86,5,Home & Garden,Kitchen Appliances
TXNE5YTDIPLN5,CUST21090091,2025-05-10 20:15:15,304.44,4,Automotive,Parts
TXNSPQF8U7YV3,CUST21090091,2025-11-09 20:15:15,125.54,4,Office Supplies,Desk Accessories
TXNKM3JKXAXO5,CUST21090091,2025-09-05 20:15:15,277.19,3,Books,Textbook
TXN0D3WKAHIG8,CUST21090091,2025-08-26 20:15:15,309.28,5,Automotive,Car Accessories
TXNP8L1DNCDP9,CUST21090091,2025-07-11 20:15:15,318.06,4,Electronics,Tablet
TXNAY8GYMBBQ0,CUST21090091,2025-05-30 20:15:15,162.29,1,Automotive,Cleaning Supplies
TXNL3AAB8LPHH,CUST21090091,2025-11-05 20:15:15,335.58,2,Home & Garden,Bedding
TXNSUZ5I3OJHA,CUST21090091,2025-09-19 20:15:15,388.25,5,Health & Beauty,Personal Care
TXN2OVG0BFF3S,CUST21090091,2026-01-09 20:15:15,281.84,4,Automotive,Parts
TXNM2353VQMFR,CUST21090091,2025-03-28 20:15:15,360.47,4,Automotive,Parts
TXNV5B2BTED0W,CUST21090091,2025-03-28 20:15:15,253.13,4,Books,Fiction
TXNJO23A8RPJ2,CUST21090091,2025-07-17 20:15:15,340.37,4,Sports & Outdoors,Camping Gear
TXNPWT0AIBDOV,CUST21090091,2025-03-07 20:15:15,497.34,5,Food & Beverages,Gourmet Food
TXNIPR9VTR6HJ,CUST21090091,2025-01-24 20:15:15,277.49,3,Toys & Games,Board Games
TXNNB5EWIRULI,CUST21090091,2025-05-26 20:15:15,206.98,4,Office Supplies,Desk Accessories
TXNNYC2QJIHKP,CUST21090091,2025-04-16 20:15:15,388.42,4,Health & Beauty,Supplements
TXNG8DJ0U8TBJ,CUST21090091,2025-06-05 20:15:15,291.13,3,Books,Magazines
TXNZC8TUZVRRI,CUST21090091,2025-10-13 20:15:15,242.29,2,Clothing,Accessories
TXNJOLQY7J4HA,CUST21090091,2025-01-31 20:15:15,245.25,1,Office Supplies,Printer
TXNLG8QDNZ58K,CUST21090091,2025-01-06 20:15:15,340.13,1,Toys & Games,Board Games
TXN9C8DS5RER0,CUST62204166,2025-09-04 20:15:15,123.92,1,Food & Beverages,Gourmet Food
TXN5OGSFULLTH,CUST62204166,2025-02-25 20:15:15,169.86,1,Office Supplies,Stationery
TXN42XT104X2S,CUST62204166,2025-05-17 20:15:15,137.76,1,Electronics,Smartphone
TXNLLD9084SO5,CUST62204166,2025-01-01 20:15:15,157.88,2,Health & Beauty,Supplements
TXNJTET5XQ0HL,CUST62204166,2025-04-09 20:15:15,123.08,4,Toys & Games,Board Games
TXNT0BKXSZO1E,CUST62204166,2025-05-21 20:15:15,140.43,5,Office Supplies,Stationery
TXNBO2YJC8CE5,CUST66696134,2025-06-18 20:15:15,383.5,3,Automotive,Car Accessories
TXNMK72A6NU30,CUST66696134,2025-07-01 20:15:15,602.54,3,Sports & Outdoors,Fitness Equipment
TXNNUW2BB9X9U,CUST66696134,2025-02-04 20:15:15,444.44,3,Health & Beauty,Skincare
TXNIYTMHSUQ3A,CUST66696134,2025-01-28 20:15:15,218.31,1,Health & Beauty,Makeup
TXNP4IA02P4WE,CUST66696134,2025-11-27 20:15:15,367.22,5,Food & Beverages,Organic Products
TXNSZNOYF2TGV,CUST66696134,2026-02-19 20:15:15,416.41,2,Books,Fiction
TXNNVUZJKDC6F,CUST66696134,2025-04-12 20:15:15,387.91,3,Automotive,Tools
TXNS9ZFCNOED6,CUST66696134,2025-11-09 20:15:15,487.77,1,Automotive,Tools
TXNUSBGUG3420,CUST66696134,2025-07-18 20:15:15,332.88,5,Office Supplies,Furniture
TXN9B34TQM18K,CUST66696134,2025-03-08 20:15:15,393.25,1,Books,Non-Fiction
TXNIPY6TI0S2N,CUST66696134,2025-05-14 20:15:15,497.81,3,Home & Garden,Furniture
TXN9IZMOTYD11,CUST66696134,2025-12-19 20:15:15,225.74,3,Toys & Games,Video Games
TXNK3WMN2SWPU,CUST66696134,2025-08-31 20:15:15,278.1,1,Health & Beauty,Ayurveda
TXNY2D1U1TMKE,CUST66696134,2025-09-03 20:15:15,617.46,3,Sports & Outdoors,Sportswear
TXNY1J486NZ50,CUST66696134,2025-10-07 20:15:15,348.09,5,Food & Beverages,Organic Products
TXNG0B8ZHBDSP,CUST66696134,2025-04-12 20:15:15,491.16,3,Home & Garden,Mixer
TXNTX74PHC1VJ,CUST66696134,2025-07-11 20:15:15,518.97,3,Clothing,Kurta
TXN0XECB7XZTJ,CUST66696134,2026-01-22 20:15:15,239.82,4,Home & Garden,Mixer
TXNZWKWAWGKC2,CUST66696134,2025-10-02 20:15:15,291.36,2,Clothing,Shoes
TXN3A095MXIS3,CUST66696134,2026-01-14 20:15:15,393.78,5,Sports & Outdoors,Sportswear
TXNY211DLLZM5,CUST66696134,2025-01-27 20:15:15,313.09,2,Food & Beverages,Beverages
TXN2V2E5H4H15,CUST66696134,2026-01-20 20:15:15,440.09,4,Electronics,Tablet
TXNXRIJKBYZJ6,CUST66696134,2025-01-15 20:15:15,454.81,4,Books,Magazines
TXNULWCQNMX3W,CUST66696134,2025-08-23 20:15:15,416.81,3,Electronics,Headphones
TXNP822BUR1QM,CUST66696134,2025-04-17 20:15:15,386.85,4,Electronics,Smart Watch
TXNK0EICHSG81,CUST66696134,2025-12-05 20:15:15,460.54,5,Toys & Games,Puzzles
TXNGHNPKM97YQ,CUST66696134,2026-01-19 20:15:15,533.29,3,Health & Beauty,Skincare
TXN5DVM5QMAEB,CUST66696134,2025-06-22 20:15:15,546.07,4,Food & Beverages,Gourmet Food
TXNUF6RIFI980,CUST66696134,2025-09-13 20:15:15,424.47,4,Home & Garden,Kitchen Appliances
TXNBTFV5TKH0L,CUST66696134,2025-03-15 20:15:15,289.42,5,Home & Garden,Furniture
TXNQYPHH7O04W,CUST66696134,2025-03-09 20:15:15,372.04,3,Books,Magazines
TXN0LF4XJUN0A,CUST66696134,2025-06-15 20:15:15,472.46,2,Office Supplies,Printer
TXNYGYX6GPNKL,CUST66696134,2025-11-25 20:15:15,522.16,5,Home & Garden,Furniture
TXNRZEW4YTVBG,CUST66696134,2025-11-20 20:15:15,518.35,2,Health & Beauty,Makeup
TXNHX00N4PYBT,CUST66696134,2025-04-13 20:15:15,371.93,4,Toys & Games,Action Figures
TXNWN2YB63Z95,CUST66696134,2025-05-23 20:15:15,419.26,1,Office Supplies,Desk Accessories
TXN3I5GUDRT2W,CUST66696134,2025-01-09 20:15:15,453.96,4,Health & Beauty,Skincare
TXNJ82NU5DNN9,CUST66696134,2025-04-26 20:15:15,564.83,1,Toys & Games,LEGO
TXN4MYRHCVPOT,CUST66696134,2026-01-16 20:15:15,303.7,1,Home & Garden,Furniture
TXN2VUCUJKBVB,CUST66696134,2025-03-12 20:15:15,446.88,3,Books,Comics
TXN6ILKWAQ0SK,CUST66696134,2025-08-16 20:15:15,332.1,4,Sports & Outdoors,Fitness Equipment
TXNPX76DC4376,CUST90247159,2025-09-18 20:15:15,404.41,5,Home & Garden,Kitchen Appliances
TXNP9K9LJPVMF,CUST90247159,2025-12-06 20:15:15,296.51,4,Home & Garden,Kitchen Appliances
TXNY73MDFKX5A,CUST90247159,2025-11-25 20:15:15,320.86,5,Toys & Games,Puzzles
TXNUGSGK9CWWG,CUST90247159,2025-12-06 20:15:15,224.18,5,Books,Comics
TXN2SHUE7NQ33,CUST90247159,2026-01-05 20:15:15,261.01,1,Electronics,Speaker
TXN5VU1S8EYYM,CUST90247159,2025-07-01 20:15:15,477.73,5,Books,Non-Fiction
TXN8IHKHOKR5Y,CUST90247159,2026-01-18 20:15:15,354.72,1,Sports & Outdoors,Fitness Equipment
TXNX4YG43EB2P,CUST90247159,2025-11-19 20:15:15,316.23,3,Office Supplies,Furniture
TXNR1NXV6FBG6,CUST90247159,2026-01-03 20:15:15,422.64,5,Electronics,Smartphone
TXNUU79YSL0XR,CUST90247159,2025-10-29 20:15:15,434.99,2,Clothing,Kurta
TXNDJEAF2IX32,CUST90247159,2025-08-13 20:15:15,295.85,4,Clothing,Kurta
TXNQPB8QZVB51,CUST90247159,2025-10-23 20:15:15,230.85,3,Office Supplies,Desk Accessories
TXN2MMGZCZ97H,CUST90247159,2026-01-01 20:15:15,285.76,3,Sports & Outdoors,Camping Gear
TXNMYU3535X2C,CUST90247159,2025-08-25 20:15:15,267.03,2,Books,Educational
TXN8IRGPILSLC,CUST90247159,2025-07-04 20:15:15,308.55,3,Books,Non-Fiction
TXNFIAKYIF8UT,CUST90247159,2025-12-02 20:15:15,323.9,2,Food & Beverages,Organic Products
TXNP1IVJECWYP,CUST90247159,2025-07-04 20:15:15,526.05,4,Clothing,Shoes
TXNH9OQSK3HZU,CUST90247159,2025-10-30 20:15:15,206.12,1,Automotive,Cleaning Supplies
TXNQ3J5VY46ED,CUST90247159,2025-10-04 20:15:15,181.92,4,Clothing,Jacket
TXNO00Q2XFA4C,CUST80084993,2025-12-18 20:15:15,138.81,5,Health & Beauty,Supplements
TXN5PNO3P7NIJ,CUST80084993,2026-01-03 20:15:15,15.09,4,Automotive,Parts
TXNUZOND1XYQ2,CUST80084993,2025-12-29 20:15:15,72.87,1,Books,Fiction
TXN4U9EK9M9U2,CUST80084993,2025-12-14 20:15:15,101.51,4,Books,Comics
TXNIBTUMHYLVM,CUST80084993,2025-12-04 20:15:15,225.85,3,Electronics,Headphones
TXNGRLBGTH45U,CUST80084993,2025-12-06 20:15:15,100.2,1,Automotive,Helmet
TXN2DYFHLWHQG,CUST80084993,2025-12-16 20:15:15,82.73,2,Automotive,Tools
TXNN2UOQI5P36,CUST80084993,2026-01-15 20:15:15,125.87,2,Sports & Outdoors,Yoga Mat
TXNXQ72H0OYCL,CUST80084993,2025-12-10 20:15:15,188.76,1,Office Supplies,Electronics
TXN34ZEBW29QE,CUST80084993,2025-12-20 20:15:15,142.63,2,Office Supplies,Printer
TXNECZWVSI0CJ,CUST80084993,2026-01-07 20:15:15,151.28,3,Office Supplies,Furniture
TXNH0ZEJF7XC3,CUST80084993,2025-12-19 20:15:15,139.52,2,Food & Beverages,Snacks
TXNXIHN44LXI7,CUST34473436,2025-05-09 20:15:15,71.3,2,Toys & Games,Video Games
TXNFN709JELDP,CUST34473436,2025-09-20 20:15:15,85.49,3,Clothing,Shoes
TXNO6WK6Q9LZ4,CUST34473436,2025-08-19 20:15:15,89.27,4,Automotive,Cleaning Supplies
TXNFEOHFP9QAR,CUST34473436,2025-06-22 20:15:15,140.77,2,Toys & Games,Board Games
TXN5GER13S63M,CUST34473436,2025-08-17 20:15:15,78.53,2,Home & Garden,Kitchen Appliances
TXN51SLXSY828,CUST34473436,2025-04-09 20:15:15,154.48,4,Home & Garden,Tools
TXNNONT0JGZRX,CUST91315755,2025-02-02 20:15:15,171.16,3,Sports & Outdoors,Bicycle
TXN39ECX4FEPX,CUST91315755,2025-02-15 20:15:15,75.38,3,Clothing,Jeans
TXNWLJ15HL9MM,CUST91315755,2025-02-07 20:15:15,158.48,3,Automotive,Helmet
TXNUT0C97YJW4,CUST91315755,2025-02-07 20:15:15,144.4,3,Clothing,Jeans
TXNN3IQA85ZGK,CUST44762398,2025-12-04 20:15:15,292.52,1,Toys & Games,Video Games
TXN8ZP87G2HNX,CUST44762398,2025-11-27 20:15:15,156.78,2,Food & Beverages,Masala
TXN3CWM3JAH8E,CUST44762398,2025-12-26 20:15:15,248.49,1,Books,Textbook
TXNO6P2YOC6H4,CUST44762398,2025-12-19 20:15:15,257.33,5,Office Supplies,Printer
TXN792PL87VKI,CUST44762398,2025-12-03 20:15:15,98.97,5,Books,Textbook
TXN4L2M2LAJ2U,CUST44762398,2025-12-30 20:15:15,289.31,5,Electronics,Camera
TXN8VJWCGF5CJ,CUST44762398,2025-12-05 20:15:15,161.95,3,Electronics,Laptop
TXN20ZMNSUEE5,CUST44762398,2026-01-04 20:15:15,236.96,2,Sports & Outdoors,Fitness Equipment
TXNDJOGTX70YB,CUST44762398,2025-12-08 20:15:15,193.97,4,Toys & Games,Action Figures
TXN4PPHW47NKS,CUST44762398,2025-12-31 20:15:15,195.8,2,Sports & Outdoors,Yoga Mat
TXNHSTGVQN6Q9,CUST44762398,2025-12-13 20:15:15,157.53,4,Automotive,Parts
TXNCZ0KO4OUV6,CUST44762398,2026-01-08 20:15:15,170.75,1,Health & Beauty,Personal Care
TXNWNHR0V8O13,CUST44762398,2026-01-25 20:15:15,235.74,3,Sports & Outdoors,Sportswear
TXNKNYK3IRGLX,CUST44762398,2025-11-29 20:15:15,296.05,2,Office Supplies,Furniture
TXN70ZO4ZEZEF,CUST44762398,2025-12-03 20:15:15,131.84,2,Office Supplies,Stationery
TXNF3VHR4PHA9,CUST44762398,2025-12-16 20:15:15,174.6,1,Health & Beauty,Personal Care
TXNISK2D1GZQ0,CUST44762398,2025-11-30 20:15:15,224.02,5,Home & Garden,Decor
TXNGOVW5B8ZNM,CUST44762398,2025-12-10 20:15:15,220.71,4,Sports & Outdoors,Camping Gear
TXNBOUF0ZJ9GI,CUST44762398,2026-01-09 20:15:15,238.94,2,Automotive,Parts
TXND3XX2O8CZF,CUST44762398,2026-01-06 20:15:15,280.1,5,Toys & Games,Action Figures
TXNZ7AVK3H7F8,CUST44762398,2026-01-03 20:15:15,100.87,2,Sports & Outdoors,Bicycle
TXNV18CQ1TS55,CUST44762398,2026-01-03 20:15:15,172.14,2,Automotive,Helmet
TXN1XRSMOR6GI,CUST44762398,2026-01-06 20:15:15,272.81,3,Automotive,Tools
TXNJHV4SG2OM4,CUST68852144,2024-12-11 20:15:15,133.36,2,Electronics,Laptop
TXNKIV79NHTY6,CUST54645762,2025-10-04 20:15:15,39.31,2,Toys & Games,Video Games
TXNNL7F7ZW9CY,CUST54645762,2025-10-20 20:15:15,37.24,4,Electronics,Camera
TXNPUZ5X0TXXL,CUST54645762,2025-10-26 20:15:15,59.8,1,Home & Garden,Furniture
TXNKH3U8J8JBT,CUST54645762,2025-10-15 20:15:15,52.58,3,Toys & Games,Board Games
TXN6K2AH2APYL,CUST54645762,2025-11-12 20:15:15,98.87,4,Sports & Outdoors,Yoga Mat
TXN16LNP3G16R,CUST54645762,2025-11-05 20:15:15,57.2,5,Toys & Games,Video Games
TXN8LCWH9YBR5,CUST54645762,2025-11-03 20:15:15,46.27,1,Home & Garden,Mixer
TXN8Z4VMNXITT,CUST54645762,2025-10-01 20:15:15,82.51,5,Health & Beauty,Personal Care
TXNJQL1ADWQJ5,CUST91902057,2024-03-09 20:15:15,45.8,1,Health & Beauty,Skincare
TXNJWJ92RJORE,CUST91902057,2024-11-29 20:15:15,57.82,1,Electronics,Smart Watch
TXNB8U3NZQDKZ,CUST74366912,2025-09-06 20:15:15,85.85,3,Electronics,Smartphone
TXN7ZPW8MSHBF,CUST74366912,2025-07-02 20:15:15,79.2,3,Office Supplies,Furniture
TXNWZ2VWJFZPV,CUST74366912,2025-09-17 20:15:15,61.01,2,Electronics,Tablet
TXNIVGP1BM7XX,CUST74366912,2025-10-04 20:15:15,66.84,2,Health & Beauty,Supplements
TXNNMY5LYL3QP,CUST74366912,2025-09-29 20:15:15,77.04,4,Automotive,Parts
TXNRISL49HA29,CUST74366912,2025-07-01 20:15:15,39.13,3,Office Supplies,Desk Accessories
TXNC4DSDOSUBE,CUST74366912,2025-09-12 20:15:15,33.38,2,Home & Garden,Decor
TXNAQEIK2KZBZ,CUST71029244,2026-01-03 20:15:15,593.39,1,Home & Garden,Mixer
TXN8GTZLXAJSO,CUST71029244,2025-11-09 20:15:15,231.05,4,Home & Garden,Furniture
TXN91JOE3QUNO,CUST71029244,2026-01-11 20:15:15,621.64,4,Office Supplies,Electronics
TXN3QMVC6EFU1,CUST71029244,2026-01-10 20:15:15,292.81,3,Food & Beverages,Organic Products
TXNOL6SBF16T9,CUST71029244,2025-11-05 20:15:15,269.71,3,Home & Garden,Decor
TXNNACK1OZFAE,CUST71029244,2025-11-10 20:15:15,457.99,4,Clothing,Jeans
TXNZ9BJDP996F,CUST71029244,2025-12-08 20:15:15,191.72,4,Office Supplies,Desk Accessories
TXNHH2IGIF1JQ,CUST71029244,2025-11-04 20:15:15,655.3,3,Toys & Games,Action Figures
TXN7K4BAX0FWW,CUST71029244,2026-01-13 20:15:15,583.44,1,Automotive,Parts
TXNMMG9NDWVB9,CUST71029244,2025-12-16 20:15:15,540.82,1,Sports & Outdoors,Camping Gear
TXNXWL9SG615H,CUST71029244,2026-01-29 20:15:15,200.63,1,Sports & Outdoors,Sportswear
TXN79AZQ8F5ID,CUST71029244,2026-02-12 20:15:15,513.62,3,Electronics,Smartphone
TXNQWDE2ILRUW,CUST71029244,2026-02-02 20:15:15,501.91,3,Sports & Outdoors,Bicycle
TXNY2TW8CZ675,CUST71029244,2025-12-29 20:15:15,388.36,5,Electronics,Camera
TXNURXVKNKBUF,CUST71029244,2026-02-18 20:15:15,463.27,1,Electronics,Speaker
TXNYP02O9PZPD,CUST71029244,2025-12-02 20:15:15,438.44,3,Books,Fiction
TXNCWYL12MDB8,CUST71029244,2026-02-09 20:15:15,235.49,1,Clothing,Dress
TXNRB8BXXHXGQ,CUST71029244,2026-01-04 20:15:15,321.42,2,Clothing,Dress
TXNKD3G46JVDI,CUST71029244,2026-01-03 20:15:15,336.45,5,Sports & Outdoors,Yoga Mat
TXN7OF3V6WO07,CUST71029244,2025-11-06 20:15:15,201.57,2,Automotive,Cleaning Supplies
TXNLJBXTVQ5VL,CUST71029244,2025-12-12 20:15:15,453.55,3,Sports & Outdoors,Sportswear
TXNE4UCG17VN3,CUST71029244,2025-11-13 20:15:15,495.26,1,Sports & Outdoors,Bicycle
TXNXLC5OXAFRS,CUST71029244,2026-01-03 20:15:15,420.18,4,Books,Fiction
TXNBC9BWADW0W,CUST71029244,2026-02-16 20:15:15,577.84,5,Toys & Games,Action Figures
TXNXISIPMRW9P,CUST71029244,2025-12-16 20:15:15,408.57,2,Home & Garden,Furniture
TXNW6CX3BYULO,CUST71029244,2025-11-08 20:15:15,372.23,3,Health & Beauty,Supplements
TXNVP2C657FC6,CUST71029244,2026-02-20 20:15:15,308.64,3,Automotive,Cleaning Supplies
TXNBDN2CZANYT,CUST71029244,2025-12-22 20:15:15,400.58,1,Automotive,Car Accessories
TXN1TLWYO9W12,CUST71029244,2026-01-08 20:15:15,70.82,4,Food & Beverages,Snacks
TXNVSICILB5DE,CUST71029244,2025-11-28 20:15:15,565.61,2,Home & Garden,Mixer
TXNQ993PYI1YW,CUST71029244,2026-01-23 20:15:15,413.45,1,Health & Beauty,Personal Care
TXNT6ASJI8K9U,CUST71029244,2025-11-15 20:15:15,495.72,5,Electronics,Smartphone
TXN9TMFIVCS1Y,CUST71029244,2025-11-20 20:15:15,497.12,1,Clothing,T-Shirt
TXN278D6IQOJJ,CUST71029244,2026-01-16 20:15:15,451.64,3,Clothing,Jacket
TXNGSO49BSX9Y,CUST71029244,2025-12-22 20:15:15,256.6,2,Food & Beverages,Beverages
TXNLCIMSJIPHX,CUST71029244,2026-01-20 20:15:15,10.0,3,Office Supplies,Printer
TXNA7IG7K0E42,CUST71029244,2025-12-17 20:15:15,612.16,3,Automotive,Car Accessories
TXN77EBSYPS0O,CUST71029244,2026-02-09 20:15:15,371.93,3,Home & Garden,Kitchen Appliances
TXNA78G9S1TIV,CUST71029244,2025-11-20 20:15:15,332.4,2,Automotive,Parts
TXNO0NG37N04F,CUST71029244,2026-01-06 20:15:15,340.64,1,Health & Beauty,Skincare
TXNLRR2DRV7Q9,CUST71029244,2026-01-11 20:15:15,318.69,1,Toys & Games,LEGO
TXNZJ3PS0Y6PS,CUST01095403,2025-06-22 20:15:15,107.09,1,Health & Beauty,Supplements
TXNCG35X3ICBA,CUST01095403,2025-09-20 20:15:15,105.16,5,Food & Beverages,Masala
TXNYZ8NSIWW07,CUST01095403,2025-08-01 20:15:15,111.36,2,Sports & Outdoors,Yoga Mat
TXN2I27A03SXL,CUST01095403,2025-09-24 20:15:15,99.74,3,Health & Beauty,Ayurveda
TXN1Y7MAZC9LA,CUST01095403,2025-08-06 20:15:15,136.27,4,Automotive,Helmet
TXNFUSTFZVISO,CUST01095403,2025-08-20 20:15:15,131.03,1,Electronics,Smartphone
TXNMSX05KN8JH,CUST43395747,2025-12-25 20:15:15,161.97,3,Clothing,Jeans
TXNYTT8LXBRBV,CUST43395747,2025-12-11 20:15:15,204.14,1,Automotive,Parts
TXNXOOL5L6575,CUST43395747,2025-12-18 20:15:15,125.53,5,Automotive,Tools
TXNYZESBNQXCL,CUST43395747,2025-12-10 20:15:15,229.0,1,Clothing,Kurta
TXNFMQBQN39SX,CUST43395747,2025-12-29 20:15:15,290.69,1,Home & Garden,Decor
TXNINEV0PI8W2,CUST43395747,2025-12-19 20:15:15,244.04,1,Toys & Games,Action Figures
TXNWY50KMLWIT,CUST43395747,2025-12-28 20:15:15,188.19,3,Automotive,Tools
TXNCPHT2T0A29,CUST43395747,2025-12-12 20:15:15,136.98,3,Books,Fiction
TXNB9G907MEI4,CUST43395747,2025-12-16 20:15:15,232.53,4,Food & Beverages,Organic Products
TXNP9ZFYHXPOX,CUST43395747,2025-12-11 20:15:15,158.51,2,Office Supplies,Printer
TXNV5IKRZPIQC,CUST43395747,2025-12-22 20:15:15,194.57,3,Food & Beverages,Snacks
TXNH1ZMV4C24I,CUST43395747,2025-12-27 20:15:15,237.28,2,Health & Beauty,Makeup
TXNS6QPUYK3A4,CUST57480698,2025-09-01 20:15:15,75.43,3,Clothing,Shoes
TXNQ7YGTQOTR4,CUST57480698,2025-11-13 20:15:15,102.48,1,Home & Garden,Mixer
TXNZH9BLL8CNR,CUST57480698,2025-08-08 20:15:15,68.42,2,Books,Non-Fiction
TXNVKF403I7ZQ,CUST57480698,2025-08-20 20:15:15,89.72,1,Automotive,Tools
TXNMSHEJMJBSG,CUST57480698,2025-08-17 20:15:15,86.04,2,Electronics,Tablet
TXNA11RYG5CK4,CUST95382046,2025-12-21 20:15:15,385.56,2,Health & Beauty,Personal Care
TXNQPWZ3W28PE,CUST95382046,2025-06-02 20:15:15,300.25,4,Home & Garden,Kitchen Appliances
TXNWT8G2B41KN,CUST95382046,2025-06-05 20:15:15,225.94,4,Automotive,Tools
TXNAVRXKLJ3T9,CUST95382046,2025-04-14 20:15:15,247.26,3,Automotive,Cleaning Supplies
TXNHK26FOT2S8,CUST95382046,2024-10-08 20:15:15,368.78,2,Office Supplies,Printer
TXNH5N4XJ6EEC,CUST95382046,2024-09-28 20:15:15,149.97,5,Home & Garden,Furniture
TXNE1V5Z8BNSH,CUST95382046,2025-02-28 20:15:15,214.0,2,Home & Garden,Bedding
TXNSQ59ODP4U9,CUST95382046,2024-10-10 20:15:15,194.07,3,Office Supplies,Printer
TXNS8JIK78VTB,CUST95382046,2025-07-14 20:15:15,296.81,5,Toys & Games,Action Figures
TXNENZT85QP8A,CUST95382046,2024-11-29 20:15:15,293.33,5,Food & Beverages,Snacks
TXNGA9LT3ZO62,CUST95382046,2025-06-05 20:15:15,270.04,5,Books,Educational
TXNO4UTQ7Y60R,CUST91937873,2024-08-29 20:15:15,114.56,3,Electronics,Smartphone
TXNG0IVKSQ1HT,CUST16914587,2025-12-19 20:15:15,115.88,5,Books,Magazines
TXN2GYYIY6G0R,CUST16914587,2025-11-05 20:15:15,139.45,2,Home & Garden,Tools
TXNJLNE0OC33U,CUST16914587,2025-11-22 20:15:15,227.41,5,Clothing,Jacket
TXN3XB1MQ27J3,CUST16914587,2025-12-14 20:15:15,108.98,4,Clothing,Shoes
TXNE2YHD6PPR9,CUST16914587,2026-01-12 20:15:15,178.13,3,Clothing,Jeans
TXNG3V4K4GDNT,CUST16914587,2025-12-18 20:15:15,249.1,5,Food & Beverages,Beverages
TXNNLMWIM12BI,CUST16914587,2026-01-12 20:15:15,205.86,3,Sports & Outdoors,Bicycle
TXNGKJ1HLN58L,CUST16914587,2025-11-18 20:15:15,153.94,1,Books,Textbook
TXNO6WZN6D4J9,CUST16914587,2026-01-08 20:15:15,235.1,2,Books,Magazines
TXNP8JK1Q4EL8,CUST16914587,2025-12-12 20:15:15,151.64,4,Home & Garden,Bedding
TXNVVQD1OMK09,CUST16914587,2025-10-31 20:15:15,196.63,1,Automotive,Car Accessories
TXNYZMIRJ6MG7,CUST16914587,2025-12-10 20:15:15,148.42,5,Toys & Games,Board Games
TXNI9F6RKQGIS,CUST16914587,2025-12-05 20:15:15,107.35,2,Health & Beauty,Makeup
TXN3S2E1V5NHH,CUST14636087,2024-08-06 20:15:15,117.68,1,Electronics,Laptop
TXN03WHD5P7OM,CUST14636087,2024-11-14 20:15:15,166.24,2,Sports & Outdoors,Sportswear
TXNBR6G1A9BCI,CUST11371335,2025-10-13 20:15:15,221.58,4,Home & Garden,Tools
TXNBUUXT3AASS,CUST11371335,2025-10-16 20:15:15,201.48,2,Food & Beverages,Snacks
TXN7FPGAA9NWI,CUST11371335,2025-10-24 20:15:15,200.59,2,Electronics,Camera
TXNS5UMZPT0LP,CUST11371335,2025-10-21 20:15:15,202.67,4,Electronics,Headphones
TXNFVL11L8J6Z,CUST11371335,2025-11-09 20:15:15,155.05,2,Electronics,Laptop
TXNEAMVVAX0CB,CUST11371335,2025-10-24 20:15:15,103.46,3,Food & Beverages,Organic Products
TXNTMK4YYZEOM,CUST11371335,2025-10-26 20:15:15,173.28,2,Toys & Games,Video Games
TXNHG1X8KS7MQ,CUST11371335,2025-10-14 20:15:15,211.52,1,Books,Fiction
TXNRHSK6J078K,CUST11371335,2025-10-27 20:15:15,207.7,5,Electronics,Smartphone
TXNYL5BRBAQVO,CUST89069118,2024-10-24 20:15:15,114.18,1,Clothing,Jacket
TXNHUQJSYK7UJ,CUST89069118,2025-04-26 20:15:15,117.5,2,Toys & Games,LEGO
TXN29FYV613R0,CUST89069118,2024-12-13 20:15:15,61.9,4,Electronics,Speaker
TXNWOK1MW8WNI,CUST89069118,2025-08-29 20:15:15,156.53,5,Clothing,T-Shirt
TXNEN08YF14JT,CUST89069118,2025-02-26 20:15:15,102.99,2,Home & Garden,Furniture
TXNRPYY1LGZ8Y,CUST89069118,2025-05-30 20:15:15,39.21,1,Sports & Outdoors,Sportswear
TXNAPDGD1H0CK,CUST89069118,2025-05-10 20:15:15,102.25,2,Health & Beauty,Makeup
TXNF7J9H2EQNO,CUST89069118,2025-05-04 20:15:15,109.18,4,Food & Beverages,Organic Products
TXNH9NALKRQE5,CUST89069118,2024-12-21 20:15:15,123.8,5,Sports & Outdoors,Bicycle
TXNF7BOYQW4BH,CUST89069118,2025-03-08 20:15:15,104.31,5,Sports & Outdoors,Sportswear
TXN0VGA8OIICL,CUST46998421,2025-11-29 20:15:15,247.5,4,Sports & Outdoors,Camping Gear
TXNF5G8EX2R6S,CUST46998421,2025-12-19 20:15:15,251.78,3,Automotive,Tools
TXN7JOWVVWJAQ,CUST46998421,2025-07-30 20:15:15,299.49,4,Home & Garden,Furniture
TXN0E6BD05RWR,CUST46998421,2025-08-13 20:15:15,282.92,4,Toys & Games,Board Games
TXNWSJGPCWE1O,CUST46998421,2025-11-01 20:15:15,478.32,1,Clothing,T-Shirt
TXNL87J97216T,CUST46998421,2025-07-04 20:15:15,269.95,5,Office Supplies,Electronics
TXNSP03H1DD3L,CUST46998421,2025-12-31 20:15:15,230.29,3,Home & Garden,Bedding
TXNVEQ7ZMSIO3,CUST46998421,2025-08-14 20:15:15,396.81,5,Automotive,Parts
TXNLE823JGA7E,CUST46998421,2025-07-19 20:15:15,299.51,3,Health & Beauty,Personal Care
TXN8OR427P3EJ,CUST46998421,2026-01-23 20:15:15,381.11,3,Electronics,Tablet
TXN0O4CAP5KRI,CUST46998421,2025-08-24 20:15:15,291.5,3,Books,Educational
TXNSAYQPY4FDF,CUST46998421,2026-01-10 20:15:15,363.7,2,Health & Beauty,Personal Care
TXNPNZ7TNTOY6,CUST46998421,2025-10-25 20:15:15,412.71,1,Clothing,Dress
TXNZL95QJYZ51,CUST46998421,2025-08-29 20:15:15,427.45,4,Toys & Games,Action Figures
TXNSNBTBFDFQX,CUST93861407,2026-01-09 20:15:15,189.83,5,Electronics,Headphones
TXNWP6CDPXYP8,CUST93861407,2026-02-07 20:15:15,58.32,3,Health & Beauty,Skincare
TXNIFOI4BAVJM,CUST93861407,2026-01-08 20:15:15,84.36,5,Home & Garden,Tools
TXN6JILJDYMWS,CUST93861407,2025-12-31 20:15:15,168.51,2,Clothing,Shoes
TXN36S9I2ZBG5,CUST93861407,2026-01-16 20:15:15,86.92,3,Sports & Outdoors,Yoga Mat
TXN495P2UEWJ3,CUST93861407,2026-02-07 20:15:15,104.25,2,Books,Comics
TXN9NJ1Z9W6LV,CUST93861407,2026-02-10 20:15:15,196.21,2,Clothing,Kurta
TXNGR1MW5ZY5F,CUST93861407,2026-01-30 20:15:15,123.75,4,Electronics,Camera
TXNB706BZ86XT,CUST93861407,2026-01-19 20:15:15,128.18,3,Home & Garden,Decor
TXN3KCEDVSN3U,CUST93861407,2026-01-29 20:15:15,136.2,5,Office Supplies,Stationery
TXNF8DKC09EB5,CUST93861407,2025-12-31 20:15:15,210.78,2,Health & Beauty,Personal Care
TXN2D10YCTD64,CUST93861407,2026-01-01 20:15:15,213.06,2,Clothing,Dress
TXNGO0V05YMAT,CUST30954827,2025-12-31 20:15:15,139.29,2,Food & Beverages,Beverages
TXN1KWNBUQ28N,CUST30954827,2026-01-01 20:15:15,102.91,5,Books,Textbook
TXNO1O47JWTRS,CUST30954827,2026-01-01 20:15:15,120.64,1,Home & Garden,Mixer
TXNCBFHJJHXLR,CUST30954827,2025-12-28 20:15:15,64.57,3,Books,Educational
TXNGWUD22MSHX,CUST30954827,2025-12-26 20:15:15,47.28,5,Home & Garden,Kitchen Appliances
TXNWSOZDAQXTN,CUST30954827,2025-12-21 20:15:15,96.76,3,Clothing,Accessories
TXNXBT0EPUPG3,CUST30954827,2025-12-17 20:15:15,77.17,3,Home & Garden,Kitchen Appliances
TXNGP1ZE9QKSN,CUST30954827,2025-12-29 20:15:15,122.87,5,Sports & Outdoors,Bicycle
TXNU6AVQDVIIJ,CUST30954827,2025-12-24 20:15:15,72.47,4,Books,Fiction
TXNPSFEHSQC4T,CUST30954827,2025-12-23 20:15:15,66.83,4,Food & Beverages,Organic Products
TXNMRMYWCVASH,CUST30954827,2026-01-01 20:15:15,74.61,4,Sports & Outdoors,Sportswear
TXNMIENH9JQ0N,CUST30954827,2026-01-02 20:15:15,80.85,2,Electronics,Smart Watch
TXNO2TRCI3921,CUST30954827,2025-12-26 20:15:15,82.68,1,Toys & Games,Action Figures
TXNP6NLQJHU2Z,CUST30954827,2025-12-28 20:15:15,85.58,1,Books,Educational
TXN8KBOY1OPHJ,CUST30954827,2026-01-02 20:15:15,114.97,1,Automotive,Cleaning Supplies
TXNZ14LCCFRM4,CUST30954827,2025-12-23 20:15:15,53.6,2,Automotive,Helmet
TXNQWU5S4I674,CUST72905713,2024-10-24 20:15:15,47.25,1,Health & Beauty,Makeup
TXNQN6S79T7AZ,CUST72905713,2024-10-16 20:15:15,45.17,1,Electronics,Speaker
TXN4V2777BDYS,CUST72905713,2024-10-14 20:15:15,40.91,4,Home & Garden,Tools
TXNHHK20WKTAD,CUST72905713,2024-10-18 20:15:15,42.36,1,Office Supplies,Electronics
TXNQWMNTQCVQA,CUST72905713,2024-10-16 20:15:15,32.32,5,Automotive,Helmet
TXNOH65LUY6SF,CUST06251869,2025-06-12 20:15:15,146.01,1,Toys & Games,Board Games
TXN1BZ5T2615L,CUST06251869,2025-05-18 20:15:15,279.51,4,Toys & Games,LEGO
TXN4NWXTCAT6Z,CUST06251869,2025-07-16 20:15:15,214.94,4,Home & Garden,Decor
TXNXEWD844705,CUST06251869,2025-04-23 20:15:15,294.44,2,Home & Garden,Bedding
TXNPU1F0KJ7QC,CUST06251869,2025-05-15 20:15:15,226.7,3,Health & Beauty,Personal Care
TXN9NTYQEXMTF,CUST06251869,2025-11-15 20:15:15,314.99,5,Electronics,Camera
TXN1TUF7H2HX8,CUST06251869,2025-11-23 20:15:15,330.54,2,Toys & Games,Action Figures
TXNALYOPI1ZVC,CUST06251869,2025-05-29 20:15:15,320.21,3,Clothing,T-Shirt
TXNVFZ4PXOI69,CUST06251869,2025-08-31 20:15:15,345.01,5,Home & Garden,Tools
TXN9W8QXH1CAJ,CUST06251869,2025-12-26 20:15:15,249.73,3,Automotive,Car Accessories
TXN13XLOJMV6K,CUST06251869,2025-06-11 20:15:15,326.06,4,Toys & Games,Video Games
TXNAU7EU6ALS1,CUST06251869,2025-08-02 20:15:15,222.95,3,Toys & Games,Board Games
TXN90VHJR1ILT,CUST06251869,2025-09-29 20:15:15,209.76,5,Sports & Outdoors,Fitness Equipment
TXNVSUUOWRA9A,CUST06251869,2025-12-18 20:15:15,257.0,2,Books,Magazines
TXN1L2HPV8672,CUST06251869,2025-10-02 20:15:15,349.46,1,Sports & Outdoors,Sportswear
TXNLP8APV7NCG,CUST06251869,2025-12-30 20:15:15,235.51,1,Toys & Games,Puzzles
TXNF5ZE5DOGLR,CUST06251869,2025-06-04 20:15:15,318.72,5,Clothing,Jacket
TXNN0YSJBM3XT,CUST06251869,2025-11-07 20:15:15,175.46,3,Books,Textbook
TXN0LWKATHEY9,CUST06251869,2025-09-12 20:15:15,109.71,1,Health & Beauty,Makeup
TXN2JPSDNN3G6,CUST06251869,2025-09-11 20:15:15,214.34,4,Home & Garden,Tools
TXNAIT6ATTKBR,CUST23091670,2025-05-13 20:15:15,168.28,3,Food & Beverages,Snacks
TXN4T4O4NCQP4,CUST23091670,2025-03-08 20:15:15,221.97,1,Sports & Outdoors,Camping Gear
TXN5YMUZ6PJEY,CUST23091670,2025-04-28 20:15:15,159.06,1,Health & Beauty,Supplements
TXNUA6G0P2JXU,CUST23091670,2025-11-01 20:15:15,253.71,3,Books,Educational
TXNAG7JPBFBL1,CUST23091670,2025-03-10 20:15:15,196.62,2,Automotive,Helmet
TXNTQV6LIVPHC,CUST23091670,2025-02-18 20:15:15,158.98,3,Home & Garden,Tools
TXNRD1N76TI6B,CUST23091670,2025-05-28 20:15:15,182.86,2,Clothing,Dress
TXN8BF5GY9WJP,CUST88239204,2025-08-08 20:15:15,91.5,1,Toys & Games,Video Games
TXNDBXGWQ4KKI,CUST88239204,2025-09-21 20:15:15,124.76,2,Clothing,Accessories
TXNGNSGDC98VW,CUST88239204,2025-10-22 20:15:15,126.69,1,Office Supplies,Electronics
TXN87ZYOCWEFW,CUST88239204,2025-10-19 20:15:15,141.61,3,Toys & Games,Action Figures
TXN49QJFNRR8W,CUST17461786,2025-11-05 20:15:15,135.08,1,Books,Textbook
TXN79PCU89SQX,CUST17461786,2025-11-16 20:15:15,168.78,5,Home & Garden,Tools
TXNCE1H3873A7,CUST17461786,2025-10-11 20:15:15,76.66,4,Health & Beauty,Makeup
TXNUQCP8NYC7T,CUST17461786,2025-10-12 20:15:15,197.14,1,Office Supplies,Desk Accessories
TXNOO48KWWVIO,CUST17461786,2025-11-01 20:15:15,147.1,3,Automotive,Car Accessories
TXN4Q4JR26FD9,CUST17461786,2025-10-12 20:15:15,181.99,5,Toys & Games,Puzzles
TXNIDCATIIP28,CUST17461786,2025-10-11 20:15:15,194.32,1,Automotive,Car Accessories
TXNSQF47F1Q2G,CUST17461786,2025-10-24 20:15:15,156.27,2,Automotive,Helmet
TXN8YPZ5UUXMF,CUST17461786,2025-10-06 20:15:15,186.59,4,Toys & Games,Puzzles
TXNAIUGEEJ0NE,CUST17461786,2025-11-04 20:15:15,164.04,4,Electronics,Laptop
TXNJI5YC7A2ZP,CUST90108310,2024-11-15 20:15:15,106.68,4,Electronics,Smart Watch
TXNK3N9I36RE8,CUST03792731,2025-08-13 20:15:15,44.65,1,Food & Beverages,Beverages
TXNEMOH853EV9,CUST03792731,2025-08-24 20:15:15,71.29,4,Automotive,Tools
TXNRBNVZGSGHC,CUST03792731,2025-10-10 20:15:15,54.04,3,Books,Magazines
TXNHB53001L9E,CUST03792731,2025-10-22 20:15:15,74.22,2,Electronics,Smart Watch
TXN7B06UZGG6E,CUST03792731,2025-08-19 20:15:15,34.81,4,Health & Beauty,Ayurveda
TXN0RWFNC0NDU,CUST03792731,2025-11-03 20:15:15,43.01,3,Electronics,Smartphone
TXNZIN2S2GGLO,CUST03792731,2025-08-04 20:15:15,35.02,3,Office Supplies,Desk Accessories
TXNDF5CLXIHDM,CUST03792731,2025-08-09 20:15:15,69.39,1,Health & Beauty,Ayurveda
TXNIS8JFJ0IAK,CUST03792731,2025-09-03 20:15:15,61.7,2,Office Supplies,Stationery
TXNDW3VN2V6ZA,CUST03792731,2025-08-07 20:15:15,28.19,1,Food & Beverages,Snacks
TXNXPI88C7MI3,CUST48236713,2024-04-17 20:15:15,108.51,3,Automotive,Car Accessories
TXNQCEQ02YLDV,CUST32547711,2025-04-08 20:15:15,85.26,1,Food & Beverages,Gourmet Food
TXNJZR2CU4ARI,CUST14127403,2025-07-08 20:15:15,104.34,4,Clothing,T-Shirt
TXND1VJ87UN1Q,CUST14127403,2025-09-11 20:15:15,108.65,2,Office Supplies,Stationery
TXN5YCC3CAJ9A,CUST14127403,2025-07-11 20:15:15,68.54,1,Electronics,Tablet
TXNHDWH6Y6YSO,CUST46991969,2026-01-03 20:15:15,110.65,5,Automotive,Car Accessories
TXN27X0NIBJBI,CUST46991969,2026-01-06 20:15:15,118.35,4,Food & Beverages,Masala
TXNA81GB8KQRT,CUST46991969,2026-01-03 20:15:15,406.38,1,Office Supplies,Desk Accessories
TXNWI0A74ONTR,CUST46991969,2026-01-03 20:15:15,399.8,3,Health & Beauty,Skincare
TXNIBVB5NONGQ,CUST46991969,2026-01-06 20:15:15,428.01,3,Electronics,Smart Watch
TXNRYIDC4X5W3,CUST46991969,2026-01-05 20:15:15,280.78,2,Office Supplies,Electronics
TXN6VP7KHD35I,CUST46991969,2026-01-01 20:15:15,111.72,4,Food & Beverages,Beverages
TXN6184SDD2NJ,CUST46991969,2026-01-08 20:15:15,334.63,3,Food & Beverages,Gourmet Food
TXNPNDRIZ4N3L,CUST46991969,2026-01-08 20:15:15,248.98,1,Health & Beauty,Makeup
TXN9JLPIT30ZN,CUST46991969,2026-01-04 20:15:15,446.68,1,Books,Educational
TXNUP2CP0D201,CUST46991969,2026-01-07 20:15:15,351.72,5,Sports & Outdoors,Yoga Mat
TXNPKC3GXBSCV,CUST46991969,2026-01-04 20:15:15,309.15,3,Office Supplies,Furniture
TXNSL0PQECXDT,CUST46991969,2026-01-06 20:15:15,257.04,3,Toys & Games,Puzzles
TXN3K3J1XX2Y0,CUST35450144,2025-06-27 20:15:15,99.04,2,Food & Beverages,Snacks
TXNZKF4CQ6N44,CUST35450144,2025-06-01 20:15:15,55.44,4,Home & Garden,Tools
TXND23C5205VW,CUST35450144,2025-08-25 20:15:15,41.24,5,Electronics,Laptop
TXN5P7DJBYYA4,CUST35450144,2025-08-05 20:15:15,72.32,1,Books,Fiction
TXNX6U7O1W4HQ,CUST35450144,2025-05-28 20:15:15,93.66,5,Electronics,Headphones
TXNPA0R6I6VQM,CUST35450144,2025-07-22 20:15:15,105.37,2,Health & Beauty,Supplements
TXNJ9P019WUZ8,CUST35450144,2025-09-30 20:15:15,37.24,1,Clothing,Kurta
TXNM8GB53FDG0,CUST35450144,2025-07-02 20:15:15,97.54,2,Sports & Outdoors,Yoga Mat
TXN0LVOZJ3SZD,CUST35450144,2025-06-10 20:15:15,69.29,2,Food & Beverages,Organic Products
TXNOP19MV5WNS,CUST35450144,2025-06-08 20:15:15,87.73,1,Office Supplies,Electronics
TXN5KWB4X38PO,CUST86585866,2024-09-03 20:15:15,84.44,4,Home & Garden,Tools
TXNMOE2VBF3KQ,CUST86585866,2024-10-12 20:15:15,130.69,4,Toys & Games,Video Games
TXN39UCVNWJG9,CUST86585866,2024-07-21 20:15:15,176.42,5,Home & Garden,Furniture
TXN2JRLFK4NXO,CUST86585866,2024-08-25 20:15:15,147.73,4,Toys & Games,Puzzles
TXNAGIBQPISU7,CUST62968103,2025-11-12 20:15:15,348.4,4,Books,Fiction
TXN32J6BHOEVD,CUST62968103,2025-08-02 20:15:15,324.8,1,Electronics,Smart Watch
TXN02UC03RU6W,CUST62968103,2025-09-07 20:15:15,362.15,2,Office Supplies,Desk Accessories
TXNTX1VTE515J,CUST62968103,2025-02-14 20:15:15,363.98,2,Food & Beverages,Masala
TXNBN3L8OQIWK,CUST62968103,2025-10-10 20:15:15,238.85,1,Automotive,Helmet
TXNW0NVKK2XHW,CUST62968103,2025-03-05 20:15:15,301.12,4,Sports & Outdoors,Yoga Mat
TXN81P4GTJZVC,CUST62968103,2025-03-23 20:15:15,425.98,4,Home & Garden,Furniture
TXNSNXIVAQCKI,CUST62968103,2025-10-09 20:15:15,347.25,5,Books,Textbook
TXN6ERGWY4KJ5,CUST62968103,2025-04-13 20:15:15,415.14,5,Automotive,Tools
TXNZTSPH5U33S,CUST62968103,2025-07-02 20:15:15,343.55,4,Clothing,Jacket
TXNLDE84CT26C,CUST62968103,2025-09-01 20:15:15,299.57,1,Sports & Outdoors,Bicycle
TXN6JPCLVQNFL,CUST62968103,2026-02-23 20:15:15,472.52,5,Clothing,T-Shirt
TXNAVH6WU2PB6,CUST62968103,2025-02-14 20:15:15,431.31,5,Home & Garden,Furniture
TXNR33MNUQIE6,CUST62968103,2025-07-10 20:15:15,349.8,5,Toys & Games,Action Figures
TXNI1MYO8ROA8,CUST62968103,2026-02-15 20:15:15,445.66,1,Office Supplies,Stationery
TXNY29EXE96KP,CUST62968103,2026-01-13 20:15:15,428.89,3,Home & Garden,Mixer
TXNK227TCCRBY,CUST62968103,2026-02-01 20:15:15,299.51,2,Home & Garden,Tools
TXNLDOXZXZ4DO,CUST62968103,2026-01-01 20:15:15,379.49,5,Health & Beauty,Ayurveda
TXNHFJ76FS07B,CUST62968103,2026-01-03 20:15:15,402.44,3,Food & Beverages,Beverages
TXNYLQD6R1V67,CUST62968103,2025-03-01 20:15:15,414.51,4,Toys & Games,Action Figures
TXNYAM6WV6YPE,CUST62968103,2025-11-23 20:15:15,552.4,1,Clothing,Accessories
TXNJZX0KGK21E,CUST62968103,2026-01-26 20:15:15,431.48,5,Automotive,Cleaning Supplies
TXNRKQFVH02A6,CUST62968103,2025-10-24 20:15:15,432.85,4,Sports & Outdoors,Camping Gear
TXN48DMORUYVT,CUST62968103,2025-04-01 20:15:15,243.76,5,Office Supplies,Desk Accessories
TXNDGOI8TP3AW,CUST62968103,2025-02-27 20:15:15,649.38,3,Clothing,Kurta
TXNBJ8F1VEEH2,CUST62968103,2025-03-27 20:15:15,221.86,5,Food & Beverages,Snacks
TXNWYSNTX1ME0,CUST62968103,2025-04-11 20:15:15,301.63,3,Clothing,Accessories
TXNYYJ6B63LC6,CUST62968103,2025-12-10 20:15:15,306.27,4,Food & Beverages,Beverages
TXND9E0VJN4GX,CUST62968103,2025-12-20 20:15:15,327.41,5,Books,Educational
TXN0SDK1IYGBW,CUST62968103,2025-04-02 20:15:15,266.42,4,Books,Textbook
TXNR1R9PYEY5N,CUST62968103,2026-01-24 20:15:15,185.8,5,Books,Magazines
TXNDZFAEXQ6QB,CUST62968103,2025-08-21 20:15:15,489.49,3,Automotive,Cleaning Supplies
TXN5BMM9V7R17,CUST62968103,2025-11-19 20:15:15,305.64,3,Office Supplies,Electronics
TXN0DDVD1TW1R,CUST62968103,2025-11-20 20:15:15,131.65,3,Food & Beverages,Gourmet Food
TXNUHYK19RVW4,CUST62968103,2025-12-26 20:15:15,330.56,2,Automotive,Car Accessories
TXNQEWDV669CQ,CUST62968103,2025-03-14 20:15:15,409.77,1,Electronics,Speaker
TXN64FMJYOJAM,CUST62968103,2025-11-07 20:15:15,188.48,5,Electronics,Smart Watch
TXNBQ680FU7CW,CUST62968103,2025-07-22 20:15:15,428.63,1,Home & Garden,Kitchen Appliances
TXN1RB5H8SGJL,CUST62968103,2025-08-27 20:15:15,395.75,2,Health & Beauty,Supplements
TXNHMVBI2ONP3,CUST62968103,2025-05-01 20:15:15,267.14,1,Clothing,Kurta
TXN536M9B16UU,CUST62968103,2025-09-02 20:15:15,392.53,1,Home & Garden,Tools
TXNM5UN89LK8Y,CUST62968103,2025-09-15 20:15:15,537.86,2,Electronics,Smart Watch
TXN44RAH1KIPQ,CUST62968103,2025-05-28 20:15:15,367.64,3,Health & Beauty,Makeup
TXNIRVIGYYO9E,CUST62968103,2025-06-22 20:15:15,307.47,3,Sports & Outdoors,Yoga Mat
TXNN1ASBN2U5O,CUST62968103,2025-05-08 20:15:15,272.29,2,Home & Garden,Bedding
TXNDBPAKY8TO9,CUST51758074,2025-03-21 20:15:15,200.49,5,Automotive,Cleaning Supplies
TXNFSP05N7U44,CUST16128634,2024-04-20 20:15:15,97.92,2,Health & Beauty,Ayurveda
TXNWT96P96J9A,CUST16128634,2024-08-23 20:15:15,97.01,4,Home & Garden,Bedding
TXN80VV1YMKGO,CUST16128634,2025-06-07 20:15:15,132.05,4,Toys & Games,Puzzles
TXNOBWL2VLPF5,CUST16128634,2025-05-12 20:15:15,122.38,1,Clothing,T-Shirt
TXNA7H35KBNM5,CUST16128634,2025-04-01 20:15:15,61.27,1,Electronics,Camera
TXN6QCZ72ANJE,CUST16128634,2024-02-27 20:15:15,110.85,5,Clothing,Accessories
TXNZMDMJ771J0,CUST59571843,2024-11-27 20:15:15,72.96,1,Clothing,Kurta
TXNTTEI3BE64O,CUST65994469,2025-10-07 20:15:15,182.5,5,Automotive,Parts
TXNABLK1K374J,CUST65994469,2025-10-09 20:15:15,88.27,2,Home & Garden,Tools
TXNF8LUEMY0HD,CUST65994469,2025-10-07 20:15:15,166.95,4,Books,Fiction
TXN35NS31LG8I,CUST65994469,2025-10-10 20:15:15,55.5,2,Automotive,Car Accessories
TXNAC9QJ9B9T8,CUST65994469,2025-10-02 20:15:15,161.06,2,Health & Beauty,Supplements
TXN51GK82K81U,CUST65994469,2025-10-11 20:15:15,166.16,5,Sports & Outdoors,Sportswear
TXNFVIQ0P77KK,CUST65994469,2025-10-03 20:15:15,98.42,5,Sports & Outdoors,Bicycle
TXNHUTAVHYHHT,CUST65994469,2025-10-12 20:15:15,169.86,2,Clothing,Jeans
TXNC8B0SEB1UA,CUST95881957,2025-08-31 20:15:15,165.78,4,Books,Textbook
TXN30MPZY7IFF,CUST95881957,2025-09-10 20:15:15,59.22,4,Toys & Games,Action Figures
TXNVLZPFC3W9H,CUST95881957,2025-05-12 20:15:15,187.65,5,Health & Beauty,Skincare
TXNLRJJGTS3UL,CUST95881957,2025-06-20 20:15:15,130.67,4,Electronics,Smart Watch
TXNEM7OQCFMJ7,CUST95881957,2025-07-03 20:15:15,220.36,5,Health & Beauty,Makeup
TXNZ5YCW50QYJ,CUST71142491,2026-01-22 20:15:15,151.49,4,Sports & Outdoors,Bicycle
TXNT4DY3PIJ28,CUST71142491,2026-01-24 20:15:15,95.28,2,Automotive,Parts
TXNYICB6ZLUCR,CUST71142491,2026-01-18 20:15:15,73.21,3,Electronics,Smartphone
TXNUMS59UUWT4,CUST71142491,2026-01-15 20:15:15,107.9,2,Food & Beverages,Masala
TXN84HF1S98SR,CUST71142491,2026-01-24 20:15:15,132.64,5,Electronics,Speaker
TXNMGDL92R28Z,CUST71142491,2026-01-16 20:15:15,88.88,1,Office Supplies,Furniture
TXN88YOMWFV04,CUST71142491,2026-01-15 20:15:15,123.68,3,Books,Comics
TXN2F2LGBIO5A,CUST71142491,2026-01-24 20:15:15,137.97,2,Automotive,Helmet
TXNB3SSOSZMAK,CUST71142491,2026-01-20 20:15:15,145.42,2,Home & Garden,Kitchen Appliances
TXNG8NV34DQDX,CUST71142491,2026-01-23 20:15:15,121.2,4,Automotive,Parts
TXNS896JUEEUK,CUST71142491,2026-01-22 20:15:15,52.52,5,Automotive,Cleaning Supplies
TXNO5URFSF2AT,CUST71142491,2026-01-24 20:15:15,99.1,2,Toys & Games,Puzzles
TXNOEO1ZP9DWU,CUST71142491,2026-01-18 20:15:15,101.89,3,Electronics,Laptop
TXNB3040B4QLI,CUST71142491,2026-01-25 20:15:15,111.61,1,Toys & Games,Puzzles
TXNU1F2R0TKEH,CUST71142491,2026-01-16 20:15:15,24.75,5,Clothing,Shoes
TXNZUQQYSWTYF,CUST71142491,2026-01-23 20:15:15,82.7,3,Toys & Games,Action Figures
TXNP11P3EWE98,CUST71142491,2026-01-22 20:15:15,102.79,1,Electronics,Speaker
TXNST6MPRHCCP,CUST39436997,2025-10-11 20:15:15,79.54,4,Sports & Outdoors,Sportswear
TXNNYUH1L584Z,CUST39436997,2025-11-27 20:15:15,117.83,1,Health & Beauty,Skincare
TXNLZG1C6FIOR,CUST39436997,2025-12-16 20:15:15,84.13,1,Books,Magazines
TXNMW0WXIEQJT,CUST39436997,2025-11-04 20:15:15,49.23,2,Sports & Outdoors,Sportswear
TXNUXZUWLDICM,CUST39436997,2025-10-02 20:15:15,52.73,5,Electronics,Speaker
TXNEOS0U6ILR6,CUST39436997,2025-11-25 20:15:15,55.9,5,Home & Garden,Kitchen Appliances
TXNSPCQODFEX6,CUST86865642,2025-08-02 20:15:15,261.77,5,Automotive,Tools
TXNTZ8CF9LY6U,CUST86865642,2025-07-13 20:15:15,316.72,2,Toys & Games,LEGO
TXNASCF4X0DVQ,CUST86865642,2025-06-19 20:15:15,212.63,3,Toys & Games,Puzzles
TXNXMYUE8QT9B,CUST86865642,2025-10-24 20:15:15,277.14,1,Food & Beverages,Organic Products
TXN87PWYMQYJO,CUST86865642,2026-01-12 20:15:15,278.86,1,Office Supplies,Desk Accessories
TXN8IEI3A3KWV,CUST86865642,2025-07-03 20:15:15,326.7,3,Electronics,Smartphone
TXNEQHL213OUR,CUST86865642,2026-01-13 20:15:15,260.35,5,Electronics,Camera
TXNSETUK68Q8E,CUST86865642,2025-07-12 20:15:15,228.44,3,Books,Magazines
TXN6GB4VSOFK4,CUST86865642,2025-08-10 20:15:15,233.96,5,Health & Beauty,Personal Care
TXNFNLGOBYTDT,CUST86865642,2025-11-06 20:15:15,331.49,4,Home & Garden,Decor
TXNK8LIAUBWKV,CUST86865642,2025-11-19 20:15:15,232.06,5,Home & Garden,Bedding
TXNVN6X33ZC1X,CUST86865642,2025-12-22 20:15:15,358.84,3,Food & Beverages,Gourmet Food
TXND4FHZ55QYE,CUST86865642,2025-11-20 20:15:15,329.22,4,Automotive,Tools
TXNNW1KFPX8RG,CUST86865642,2025-07-20 20:15:15,199.68,3,Home & Garden,Decor
TXNOKUHLHU2QO,CUST86865642,2025-11-07 20:15:15,406.83,1,Sports & Outdoors,Yoga Mat
TXNJU4S2O0VAJ,CUST86865642,2026-01-16 20:15:15,303.71,2,Clothing,Accessories
TXN3H9C59U63C,CUST86865642,2025-07-26 20:15:15,237.33,5,Sports & Outdoors,Sportswear
TXNO8105N2RDM,CUST86865642,2025-09-25 20:15:15,459.43,3,Health & Beauty,Supplements
TXN7TQXY5MYKS,CUST86865642,2025-07-16 20:15:15,295.54,5,Electronics,Smart Watch
TXNEDTT22SYWL,CUST86865642,2025-06-25 20:15:15,328.48,3,Health & Beauty,Makeup
TXNWMGUX8GWTC,CUST82296375,2026-01-05 20:15:15,297.96,3,Food & Beverages,Masala
TXNRG8N44OUT3,CUST82296375,2026-01-26 20:15:15,424.85,3,Office Supplies,Printer
TXNO7X2BZC6EZ,CUST82296375,2026-01-11 20:15:15,455.0,4,Home & Garden,Tools
TXNZTUUS28Q5D,CUST82296375,2026-01-24 20:15:15,319.61,1,Sports & Outdoors,Yoga Mat
TXNNWYQXKBVBQ,CUST82296375,2026-01-03 20:15:15,302.93,5,Automotive,Car Accessories
TXN6VLI7FOXKO,CUST82296375,2026-01-06 20:15:15,379.74,5,Office Supplies,Printer
TXN10UGCDT9Y2,CUST82296375,2026-01-24 20:15:15,253.58,3,Toys & Games,Puzzles
TXNUUKGD5B8RC,CUST82296375,2026-01-06 20:15:15,318.58,5,Books,Non-Fiction
TXNI82F9JKIVW,CUST82296375,2026-01-25 20:15:15,238.59,2,Home & Garden,Decor
TXNRW7AJ22KCS,CUST82296375,2025-12-23 20:15:15,464.96,1,Automotive,Parts
TXNKQPQKMK4K5,CUST82296375,2026-01-15 20:15:15,393.21,2,Automotive,Tools
TXNZLZ77UP0FC,CUST82296375,2026-01-26 20:15:15,455.2,3,Home & Garden,Bedding
TXN3HMP6RK8OC,CUST32688260,2024-11-18 20:15:15,120.63,1,Office Supplies,Desk Accessories
TXNZLWKXVO445,CUST32688260,2024-11-08 20:15:15,180.01,4,Office Supplies,Electronics
TXNYB0IPN2IN4,CUST32688260,2024-11-06 20:15:15,159.43,2,Sports & Outdoors,Fitness Equipment
TXNYW45LF3D93,CUST32688260,2024-11-15 20:15:15,154.43,3,Books,Textbook
TXNFHHIDQ76FT,CUST36661389,2025-08-28 20:15:15,140.07,1,Home & Garden,Furniture
TXN32EDTZXUR3,CUST36661389,2025-08-28 20:15:15,67.97,3,Electronics,Tablet
TXNPDNBPATQRO,CUST36661389,2025-08-31 20:15:15,76.59,2,Home & Garden,Mixer
TXN9QESBZF7EV,CUST36661389,2025-08-31 20:15:15,78.6,4,Electronics,Headphones
TXN3H2PA1Q2Y6,CUST36661389,2025-08-26 20:15:15,53.06,1,Electronics,Speaker
TXNE0R8AUFG2M,CUST36661389,2025-08-27 20:15:15,37.65,4,Toys & Games,Action Figures
TXNX9MMSUTD8C,CUST36661389,2025-08-28 20:15:15,88.82,1,Clothing,T-Shirt
TXN7MY9KOOIMP,CUST36661389,2025-08-26 20:15:15,114.49,1,Sports & Outdoors,Bicycle
TXNI9NSKM39LR,CUST36661389,2025-08-26 20:15:15,87.33,4,Health & Beauty,Makeup
TXN9P5DDNNPGA,CUST28217641,2025-11-25 20:15:15,86.85,2,Automotive,Parts
TXNFKZF1LGVZ4,CUST28217641,2025-11-28 20:15:15,156.99,1,Office Supplies,Desk Accessories
TXNDPINLF6M7F,CUST28217641,2025-12-04 20:15:15,75.9,3,Sports & Outdoors,Sportswear
TXNTSRS7TN94R,CUST28217641,2025-12-23 20:15:15,51.26,1,Home & Garden,Tools
TXNGTFB4C8JJA,CUST28217641,2025-12-17 20:15:15,62.48,4,Food & Beverages,Snacks
TXNUD1KKNHTQD,CUST28217641,2025-10-26 20:15:15,169.05,1,Toys & Games,LEGO
TXNYX1DL7SI4X,CUST28217641,2025-11-21 20:15:15,108.07,2,Toys & Games,Video Games
TXNPYDL05MRQC,CUST28217641,2025-11-30 20:15:15,159.0,5,Sports & Outdoors,Sportswear
TXN0ZZJENS4AX,CUST28217641,2025-11-05 20:15:15,157.2,1,Clothing,Shoes
TXNDEN18DZXH9,CUST86707274,2025-05-18 20:15:15,45.6,2,Office Supplies,Furniture
TXN84F6BWD4CQ,CUST86707274,2025-09-17 20:15:15,110.53,2,Food & Beverages,Organic Products
TXNKTWCG5OW2Q,CUST86707274,2025-01-07 20:15:15,133.67,5,Automotive,Parts
TXNIUJ7E87KTP,CUST86707274,2025-08-17 20:15:15,73.51,5,Electronics,Smart Watch
TXN7VQGNZE44B,CUST86707274,2025-04-16 20:15:15,66.56,3,Electronics,Laptop
TXN0U63IT04JQ,CUST86707274,2025-09-01 20:15:15,124.89,2,Office Supplies,Desk Accessories
TXNX8ANIG8BVF,CUST86707274,2024-09-17 20:15:15,69.58,3,Health & Beauty,Personal Care
TXNVCI7FVNJ14,CUST48369113,2026-01-16 20:15:15,163.8,3,Electronics,Tablet
TXN610QN51KFL,CUST48369113,2025-12-13 20:15:15,184.88,5,Toys & Games,LEGO
TXN55LY100UA5,CUST48369113,2025-12-20 20:15:15,191.0,5,Food & Beverages,Organic Products
TXNYSFM1GK6VP,CUST48369113,2025-12-14 20:15:15,187.32,1,Food & Beverages,Snacks
TXN2PIGM6OWL0,CUST48369113,2025-12-02 20:15:15,208.79,5,Office Supplies,Stationery
TXNCNMFEBOD6D,CUST48369113,2025-12-15 20:15:15,105.24,1,Toys & Games,Video Games
TXNPFUP8LNGDM,CUST48369113,2025-12-17 20:15:15,227.19,4,Books,Magazines
TXNJ7HPZF5K1D,CUST48369113,2025-12-16 20:15:15,127.6,1,Home & Garden,Decor
TXND5ILL6HMBO,CUST48369113,2026-01-16 20:15:15,101.93,1,Office Supplies,Electronics
TXNH4QRVQPP0J,CUST48369113,2025-12-04 20:15:15,199.43,3,Automotive,Cleaning Supplies
TXN0B3SYBT2NN,CUST48369113,2025-12-26 20:15:15,178.89,2,Food & Beverages,Beverages
TXNZYFXCBH7F6,CUST48369113,2026-01-04 20:15:15,73.7,1,Books,Textbook
TXN8Y2JTY1QS1,CUST48369113,2025-12-15 20:15:15,190.34,2,Home & Garden,Furniture
TXNN6TDZLNXY7,CUST48369113,2025-12-05 20:15:15,163.65,4,Food & Beverages,Masala
TXNG6YQ712M8A,CUST48369113,2026-01-13 20:15:15,152.31,2,Food & Beverages,Snacks
TXN7CO99CP74I,CUST48369113,2026-01-04 20:15:15,129.3,4,Clothing,T-Shirt
TXN85UCOGUJBE,CUST48369113,2026-01-11 20:15:15,210.04,3,Toys & Games,Video Games
TXNTBM2LUGPZU,CUST48369113,2025-11-23 20:15:15,222.43,2,Clothing,Jacket
TXN0GGICFZ4N0,CUST48369113,2025-12-18 20:15:15,180.12,5,Home & Garden,Tools
TXNBRD4FNLOIU,CUST48369113,2026-01-12 20:15:15,94.34,1,Sports & Outdoors,Camping Gear
TXNLANROW2OB9,CUST48369113,2025-12-18 20:15:15,95.47,4,Food & Beverages,Snacks
TXNXF37F8WK5Z,CUST48369113,2025-12-19 20:15:15,113.43,5,Electronics,Smartphone
TXN6J9HB8YN8K,CUST86486617,2025-10-06 20:15:15,215.35,5,Home & Garden,Kitchen Appliances
TXNUAOO75NFJG,CUST86486617,2025-09-26 20:15:15,150.86,3,Electronics,Camera
TXN6UAJGNNQFL,CUST86486617,2025-11-07 20:15:15,198.2,4,Health & Beauty,Ayurveda
TXN84CX6NRO8Q,CUST86486617,2025-09-02 20:15:15,137.28,1,Office Supplies,Desk Accessories
TXNTNRHY5HE25,CUST86486617,2025-11-05 20:15:15,237.3,3,Clothing,Kurta
TXN593QR8KRZ4,CUST86486617,2025-11-13 20:15:15,109.25,2,Books,Comics
TXNKYEX8N4HYP,CUST53319128,2025-03-26 20:15:15,61.8,4,Health & Beauty,Makeup
TXNG2ZKW7CYHJ,CUST76850910,2025-04-07 20:15:15,98.77,4,Books,Textbook
TXNDOK720OAZI,CUST76850910,2025-12-06 20:15:15,128.19,5,Clothing,Accessories
TXNHEKS38DJU2,CUST76850910,2025-10-10 20:15:15,117.82,3,Sports & Outdoors,Camping Gear
TXNBXPTELCTA1,CUST76850910,2025-11-23 20:15:15,153.58,3,Food & Beverages,Organic Products
TXNV2UY4AVEPL,CUST76850910,2025-08-02 20:15:15,147.7,3,Food & Beverages,Masala
TXNY95CRWMARK,CUST76850910,2025-05-12 20:15:15,84.0,2,Health & Beauty,Skincare
TXNG2B5VROBCP,CUST76850910,2025-12-29 20:15:15,107.72,5,Office Supplies,Printer
TXNX5WUB17C3F,CUST76850910,2025-10-20 20:15:15,106.08,4,Electronics,Speaker
TXNRIY6MZHYK1,CUST76850910,2025-11-25 20:15:15,89.07,1,Books,Textbook
TXNDMSLVQI59D,CUST76850910,2025-06-21 20:15:15,57.18,5,Books,Textbook
TXNDDINRXWTPI,CUST76850910,2026-01-25 20:15:15,105.68,1,Office Supplies,Electronics
TXNYRWI4XBAHW,CUST76850910,2025-12-09 20:15:15,134.19,1,Books,Textbook
TXN6DKRDTP7RY,CUST76850910,2025-10-10 20:15:15,112.47,3,Food & Beverages,Masala
TXN7S11QBV68T,CUST76850910,2026-01-01 20:15:15,117.1,3,Sports & Outdoors,Sportswear
TXNLNRPWWMBOK,CUST76850910,2025-07-22 20:15:15,152.07,5,Clothing,Shoes
TXNWQSSOFSOJT,CUST76850910,2025-04-01 20:15:15,78.47,3,Health & Beauty,Makeup
TXN0RCB0JO1BM,CUST76850910,2025-03-03 20:15:15,80.97,2,Automotive,Tools
TXNF2G8QN0JJ8,CUST76850910,2025-10-24 20:15:15,92.64,4,Health & Beauty,Skincare
TXNWQCYVPESEK,CUST76850910,2025-08-10 20:15:15,140.71,5,Toys & Games,Board Games
TXNZPWBAI6S2O,CUST76850910,2025-12-11 20:15:15,134.9,5,Sports & Outdoors,Fitness Equipment
TXNN2C4I5C6BW,CUST76850910,2025-12-15 20:15:15,114.77,5,Automotive,Parts
TXNS1UNLPMTNJ,CUST76850910,2025-07-26 20:15:15,151.91,1,Toys & Games,LEGO
TXNCU97ZA7UUD,CUST75786722,2025-06-06 20:15:15,93.12,5,Food & Beverages,Gourmet Food
TXN0YVONWGS80,CUST25443919,2025-12-05 20:15:15,120.79,3,Books,Educational
TXNIKOL3TG7IZ,CUST25443919,2025-10-12 20:15:15,153.4,5,Home & Garden,Mixer
TXNOQ9MOJMVVH,CUST25443919,2025-12-09 20:15:15,129.86,5,Home & Garden,Bedding
TXNV00JQOR9VR,CUST25443919,2025-11-06 20:15:15,173.49,2,Books,Magazines
TXN1UF584NA4C,CUST25443919,2025-10-22 20:15:15,210.04,1,Food & Beverages,Snacks
TXNSAVYA8ZRV2,CUST25443919,2025-12-17 20:15:15,134.51,4,Clothing,Accessories
TXNMTSTGZS7EY,CUST25443919,2025-12-08 20:15:15,155.33,2,Electronics,Headphones
TXNCCZME1DFDR,CUST19634938,2024-10-05 20:15:15,160.63,3,Food & Beverages,Gourmet Food
TXNJVTB5F9BN3,CUST19634938,2024-05-12 20:15:15,154.49,5,Toys & Games,LEGO
TXNGO75KIMELR,CUST19634938,2024-10-02 20:15:15,192.4,5,Sports & Outdoors,Camping Gear
TXN03L7N8RJ40,CUST19634938,2025-08-01 20:15:15,141.36,3,Food & Beverages,Masala
TXNXWDCGVHI8I,CUST83663534,2024-12-07 20:15:15,152.1,2,Clothing,Kurta
TXNHNZJCCJHC2,CUST86462092,2025-11-26 20:15:15,154.07,5,Automotive,Cleaning Supplies
TXNXRRN7PFBLR,CUST86462092,2025-10-27 20:15:15,240.25,3,Sports & Outdoors,Yoga Mat
TXN7RGZ9I6VWW,CUST86462092,2025-11-11 20:15:15,157.52,5,Health & Beauty,Skincare
TXN69UKGPPNIU,CUST86462092,2025-12-28 20:15:15,154.89,2,Health & Beauty,Ayurveda
TXN0DHHDDVCUA,CUST86462092,2025-11-09 20:15:15,244.39,5,Electronics,Tablet
TXNQ60Y8YJF6A,CUST86462092,2025-10-28 20:15:15,195.82,1,Sports & Outdoors,Sportswear
TXNYSZCC74LQH,CUST86462092,2025-12-07 20:15:15,59.55,3,Home & Garden,Bedding
TXNA7PBUXL6RD,CUST86462092,2026-02-02 20:15:15,368.8,4,Books,Comics
TXNBNRVIQOHLQ,CUST86462092,2026-01-27 20:15:15,122.61,2,Clothing,T-Shirt
TXNNMC3Q03LLB,CUST86462092,2025-12-24 20:15:15,200.79,2,Food & Beverages,Snacks
TXNMI410PT81V,CUST86462092,2025-10-22 20:15:15,139.95,2,Books,Textbook
TXNMVIIG2ZXUE,CUST86462092,2025-10-26 20:15:15,200.75,2,Health & Beauty,Skincare
TXNYTARS8ZHX2,CUST86462092,2025-10-10 20:15:15,188.71,2,Books,Textbook
TXNGWG4AQY0YM,CUST86462092,2025-12-08 20:15:15,173.51,5,Toys & Games,Action Figures
TXN1JAS0Z0MPM,CUST86462092,2025-11-22 20:15:15,211.1,4,Electronics,Laptop
TXNU6FUJFMXAK,CUST86462092,2025-11-21 20:15:15,148.11,4,Electronics,Smartphone
TXNA6ZXJFS0H3,CUST86462092,2025-09-01 20:15:15,252.4,1,Electronics,Smart Watch
TXNYTW8OSK24Y,CUST86462092,2025-12-25 20:15:15,245.77,2,Home & Garden,Bedding
TXNG62WOYOGBV,CUST86462092,2026-01-21 20:15:15,221.69,2,Electronics,Headphones
TXN9834IP7QOI,CUST86462092,2025-09-13 20:15:15,252.67,2,Clothing,Jacket
TXNKVPSTUJ65W,CUST86462092,2026-01-08 20:15:15,284.83,3,Health & Beauty,Skincare
TXNRO3DDP89AV,CUST86462092,2025-10-13 20:15:15,125.68,1,Office Supplies,Electronics
TXN5LAKHO5YZA,CUST86462092,2025-09-20 20:15:15,322.27,2,Automotive,Cleaning Supplies
TXNXOREXYP08U,CUST86462092,2025-10-12 20:15:15,326.46,1,Office Supplies,Furniture
TXN08NBDJI5Y8,CUST86462092,2025-11-20 20:15:15,273.4,1,Books,Comics
TXNHF7O1C3WE2,CUST86462092,2025-10-17 20:15:15,196.1,4,Office Supplies,Electronics
TXNXT6EDJIQ6D,CUST86462092,2025-08-21 20:15:15,356.13,4,Toys & Games,Video Games
TXN7UBPWNGQR6,CUST86462092,2025-11-10 20:15:15,290.4,3,Books,Magazines
TXNEL1KJV842G,CUST86462092,2025-09-08 20:15:15,119.85,2,Electronics,Smart Watch
TXN7ANWKXY4PV,CUST86462092,2025-09-19 20:15:15,192.87,4,Home & Garden,Kitchen Appliances
TXN7CUPSWD8UK,CUST86462092,2025-09-21 20:15:15,256.84,5,Toys & Games,LEGO
TXNUGL618WGNW,CUST86462092,2025-12-31 20:15:15,134.71,1,Health & Beauty,Ayurveda
TXNNYD740BBGT,CUST86462092,2026-01-08 20:15:15,289.32,1,Books,Fiction
TXNEQU0YLSZMH,CUST86462092,2025-12-20 20:15:15,204.61,2,Toys & Games,Puzzles
TXN13J4CL350H,CUST86462092,2025-11-30 20:15:15,153.05,3,Clothing,Kurta
TXNJCAESUIAPQ,CUST86462092,2025-11-28 20:15:15,205.92,5,Electronics,Laptop
TXN0VQO9ZS2ZE,CUST86462092,2025-11-12 20:15:15,181.24,3,Home & Garden,Kitchen Appliances
TXN7TNB7TUZOQ,CUST86462092,2025-10-21 20:15:15,105.18,4,Toys & Games,LEGO
TXN61NEBLH3H8,CUST86462092,2025-09-19 20:15:15,214.75,4,Food & Beverages,Gourmet Food
TXNK9PV1FSQUF,CUST86462092,2025-10-14 20:15:15,190.1,2,Toys & Games,LEGO
TXNRXMS5YXZ67,CUST86462092,2025-11-24 20:15:15,224.95,2,Books,Fiction
TXNCJS51RCZ45,CUST86462092,2025-09-09 20:15:15,146.99,1,Books,Fiction
TXN4N8M0PA7W2,CUST86462092,2025-08-09 20:15:15,227.91,5,Office Supplies,Printer
TXN2GXWNFG3N4,CUST86462092,2025-08-22 20:15:15,374.87,2,Books,Fiction
TXNHL6XW58PZU,CUST86462092,2025-09-02 20:15:15,135.91,5,Sports & Outdoors,Bicycle
TXN68Y5ZYFGYO,CUST86462092,2025-12-03 20:15:15,221.64,1,Health & Beauty,Makeup
TXNOFFN2B7S7R,CUST86462092,2025-11-30 20:15:15,238.24,4,Toys & Games,Video Games
TXNV01RU8N6ZT,CUST86462092,2025-11-26 20:15:15,221.7,3,Electronics,Laptop
TXNEEBV4X4FFB,CUST86462092,2025-11-12 20:15:15,215.78,5,Health & Beauty,Supplements
TXNTV0Y6V03JH,CUST86462092,2025-11-29 20:15:15,222.49,4,Home & Garden,Bedding
TXNLRPQEFQ622,CUST11592889,2025-08-25 20:15:15,128.49,4,Toys & Games,Board Games
TXNGRKH4HKTV5,CUST11592889,2025-08-24 20:15:15,221.83,2,Books,Comics
TXNF9559PE1LW,CUST11592889,2025-09-06 20:15:15,165.8,3,Sports & Outdoors,Fitness Equipment
TXN6BUD1B2L1Z,CUST75302075,2025-03-30 20:15:15,48.7,2,Health & Beauty,Supplements
TXNQTN7C2FPU1,CUST71940601,2025-05-01 20:15:15,191.0,4,Electronics,Smartphone
TXNMW5XAPFM05,CUST71940601,2025-09-08 20:15:15,109.68,1,Office Supplies,Desk Accessories
TXNIMYAGQZIEW,CUST71940601,2025-06-13 20:15:15,92.4,2,Sports & Outdoors,Bicycle
TXNKFQU0A2W6A,CUST71940601,2025-04-22 20:15:15,122.4,5,Books,Textbook
TXN129Z0B947L,CUST71940601,2024-11-12 20:15:15,200.39,5,Electronics,Smartphone
TXN7DN2Z0S8BU,CUST71940601,2025-05-27 20:15:15,93.12,3,Office Supplies,Furniture
TXNBO9SJ9RF0E,CUST71940601,2025-08-12 20:15:15,128.07,2,Electronics,Laptop
TXNQVVAJZXBV1,CUST71940601,2025-05-01 20:15:15,115.54,5,Automotive,Parts
TXNEQXLUZ17YG,CUST71940601,2025-03-23 20:15:15,176.1,4,Automotive,Parts
TXNSOF1ALKQCM,CUST71940601,2025-02-26 20:15:15,94.91,2,Books,Educational
TXNZDRL7Q9WSA,CUST90585250,2026-01-21 20:15:15,421.32,3,Food & Beverages,Snacks
TXNR5G4VPRYMS,CUST90585250,2026-01-24 20:15:15,212.52,4,Clothing,Jacket
TXN7KI36S0KCI,CUST90585250,2026-01-18 20:15:15,470.5,4,Sports & Outdoors,Fitness Equipment
TXND59B6L8VVA,CUST90585250,2026-02-05 20:15:15,413.63,2,Home & Garden,Furniture
TXNXQPAOUSBBQ,CUST90585250,2026-01-22 20:15:15,432.3,1,Toys & Games,Video Games
TXNZB3FR1BBDV,CUST90585250,2026-02-08 20:15:15,373.47,3,Sports & Outdoors,Sportswear
TXN6J3U2KG3M3,CUST90585250,2026-01-22 20:15:15,240.99,4,Clothing,Jacket
TXN45UHQ0C9HP,CUST90585250,2026-02-11 20:15:15,438.83,3,Books,Textbook
TXN64NE0028MA,CUST90585250,2026-01-20 20:15:15,416.81,3,Clothing,Kurta
TXNAXKC52VIWC,CUST90585250,2026-01-29 20:15:15,273.3,2,Toys & Games,Puzzles
TXNZZJ8V1EIP5,CUST90585250,2026-02-14 20:15:15,222.75,3,Books,Educational
TXNMCFTZPRSY1,CUST90585250,2026-02-08 20:15:15,361.66,2,Home & Garden,Furniture
TXN0GWGEACL6O,CUST90585250,2026-02-03 20:15:15,370.06,5,Books,Magazines
TXNRPEOIVHX0T,CUST90585250,2026-01-27 20:15:15,431.96,3,Health & Beauty,Makeup
TXN49T2Q4GI88,CUST90585250,2026-01-29 20:15:15,287.83,5,Office Supplies,Electronics
TXNH03E0BSMLA,CUST90585250,2026-01-28 20:15:15,395.26,2,Electronics,Tablet
TXNGWK8NWTGHA,CUST90585250,2026-01-23 20:15:15,458.56,1,Toys & Games,Board Games
TXN3DP6F99XYX,CUST90585250,2026-02-04 20:15:15,133.35,3,Home & Garden,Kitchen Appliances
TXN87C4ZY12PU,CUST90585250,2026-01-28 20:15:15,106.73,2,Food & Beverages,Gourmet Food
TXNHHMD06R7E4,CUST90585250,2026-01-27 20:15:15,373.26,3,Clothing,Jeans
TXNO26TEDZA6P,CUST90585250,2026-02-16 20:15:15,384.6,5,Home & Garden,Mixer
TXNP2I8MT4P51,CUST90585250,2026-02-11 20:15:15,287.35,5,Home & Garden,Kitchen Appliances
TXNZIEBC98CWJ,CUST90585250,2026-01-27 20:15:15,197.06,5,Clothing,Jeans
TXNNRE9HVFI9U,CUST90585250,2026-02-05 20:15:15,547.99,3,Office Supplies,Furniture
TXNOR9FGIZU7X,CUST90585250,2026-01-29 20:15:15,361.41,4,Home & Garden,Tools
TXNTWTRR3OUZ2,CUST90585250,2026-01-22 20:15:15,366.15,2,Clothing,Jacket
TXNF5IXU2TXUK,CUST90585250,2026-02-11 20:15:15,301.29,1,Books,Magazines
TXNH8R480KWCJ,CUST90585250,2026-01-22 20:15:15,338.28,1,Health & Beauty,Personal Care
TXN4B0EOQT3PY,CUST90585250,2026-02-16 20:15:15,325.22,2,Books,Non-Fiction
TXN010Y739B9K,CUST90585250,2026-02-05 20:15:15,500.25,2,Food & Beverages,Beverages
TXNM6SGIII7H9,CUST90585250,2026-01-29 20:15:15,618.19,1,Electronics,Headphones
TXN1IUTTKKN5F,CUST90585250,2026-02-11 20:15:15,270.43,1,Toys & Games,Board Games
TXN1IY90WH7CL,CUST90585250,2026-02-11 20:15:15,470.34,3,Books,Textbook
TXNRUG6BQSQFK,CUST90585250,2026-02-04 20:15:15,525.69,1,Toys & Games,Video Games
TXN25CD3UGUMS,CUST90585250,2026-02-14 20:15:15,266.32,5,Home & Garden,Mixer
TXNDVGPOOUFUS,CUST90585250,2026-01-27 20:15:15,294.58,2,Automotive,Helmet
TXNDKVZI54VJ8,CUST90585250,2026-01-25 20:15:15,227.24,1,Home & Garden,Decor
TXNRVWT1A5QBQ,CUST28095533,2025-05-17 20:15:15,108.79,1,Electronics,Laptop
TXNGUFS37XNH5,CUST28095533,2025-09-25 20:15:15,97.9,1,Health & Beauty,Supplements
TXNFBF0R8GALJ,CUST28095533,2025-06-14 20:15:15,123.6,4,Books,Fiction
TXNSZM7DXVXOZ,CUST28095533,2025-05-15 20:15:15,81.68,5,Sports & Outdoors,Fitness Equipment
TXN8YUQ4LCHT2,CUST28095533,2025-10-18 20:15:15,156.22,4,Electronics,Speaker
TXNF6XR3I9EW8,CUST28095533,2025-03-30 20:15:15,165.77,3,Office Supplies,Printer
TXN2331EDO1M2,CUST28095533,2025-07-01 20:15:15,115.15,1,Food & Beverages,Organic Products
TXNYDHY24GTE6,CUST28095533,2026-01-09 20:15:15,89.84,2,Toys & Games,LEGO
TXNA4KJITZ9HJ,CUST28095533,2025-07-16 20:15:15,140.37,5,Books,Fiction
TXNETRONOBWEB,CUST28095533,2025-04-14 20:15:15,143.07,4,Food & Beverages,Gourmet Food
TXNP1SXUBFC9H,CUST28095533,2025-05-06 20:15:15,104.16,1,Health & Beauty,Personal Care
TXNYS9C9KDY7G,CUST28095533,2025-10-04 20:15:15,115.76,2,Toys & Games,LEGO
TXNB9VSKOL12R,CUST28095533,2025-04-17 20:15:15,113.89,4,Automotive,Helmet
TXNPXVO97YHV7,CUST28095533,2025-06-11 20:15:15,163.84,3,Office Supplies,Desk Accessories
TXNLL08Z43MQR,CUST28095533,2025-07-17 20:15:15,140.14,5,Home & Garden,Mixer
TXNGFABIKX61B,CUST28095533,2025-05-03 20:15:15,59.8,2,Clothing,Dress
TXNTKZ8V57AQF,CUST28095533,2025-12-05 20:15:15,227.15,4,Office Supplies,Stationery
TXN4IBV9Q5GRY,CUST28095533,2025-12-28 20:15:15,115.1,5,Sports & Outdoors,Yoga Mat
TXNZCTMKGTSQ5,CUST28095533,2025-10-05 20:15:15,162.25,5,Sports & Outdoors,Fitness Equipment
TXN79E7VOAYS4,CUST95816420,2024-07-31 20:15:15,76.89,5,Health & Beauty,Personal Care
TXNJWX4P3HRPT,CUST95816420,2024-08-03 20:15:15,64.1,4,Health & Beauty,Personal Care
TXNMOWHI36GFM,CUST95816420,2025-11-12 20:15:15,97.12,2,Health & Beauty,Supplements
TXN9EMNOE0QCG,CUST95816420,2025-04-21 20:15:15,116.36,1,Health & Beauty,Personal Care
TXNVZTVT1KOVT,CUST95816420,2025-04-25 20:15:15,50.13,5,Health & Beauty,Personal Care
TXNEYUL9JH268,CUST95816420,2024-08-23 20:15:15,57.74,5,Clothing,Jeans
TXNYZBB950OW3,CUST95816420,2024-10-26 20:15:15,110.5,4,Health & Beauty,Skincare
TXN1S1B4NUDJG,CUST95816420,2025-10-22 20:15:15,122.33,3,Automotive,Cleaning Supplies
TXNUSXFNSNBQY,CUST95816420,2025-10-26 20:15:15,83.95,3,Food & Beverages,Beverages
TXN6E8OWCUN0N,CUST95816420,2025-11-20 20:15:15,106.03,2,Books,Non-Fiction
TXNZ87AL7BWWO,CUST37875922,2025-10-10 20:15:15,123.46,3,Health & Beauty,Supplements
TXNJI26VYJBPJ,CUST37875922,2025-10-09 20:15:15,71.92,3,Electronics,Laptop
TXNFLBJ2VKR33,CUST37875922,2025-10-10 20:15:15,140.92,5,Health & Beauty,Personal Care
TXNUMZESMK8I0,CUST37875922,2025-09-23 20:15:15,205.54,5,Sports & Outdoors,Fitness Equipment
TXNVN5ZI79SIH,CUST37875922,2025-10-18 20:15:15,112.75,3,Office Supplies,Electronics
TXNDSU93LIRBO,CUST37875922,2025-10-04 20:15:15,213.81,3,Food & Beverages,Masala
TXNMYE1PYDJ4Y,CUST37875922,2025-10-10 20:15:15,197.76,1,Books,Textbook
TXN6CPQW51RAR,CUST37875922,2025-10-13 20:15:15,151.37,2,Sports & Outdoors,Bicycle
TXN16W3LUUWXJ,CUST37875922,2025-10-13 20:15:15,267.82,2,Automotive,Car Accessories
TXNLXPI666E4R,CUST37875922,2025-10-21 20:15:15,137.29,4,Office Supplies,Furniture
TXNAFHGE6Y7YQ,CUST90464943,2025-09-09 20:15:15,96.15,1,Health & Beauty,Ayurveda
TXNAIBUK608Z5,CUST90464943,2025-02-18 20:15:15,142.18,2,Home & Garden,Mixer
TXNJU17VVOUDL,CUST90464943,2025-03-12 20:15:15,175.5,2,Electronics,Camera
TXNRIGWTQ493Q,CUST90464943,2025-09-12 20:15:15,126.14,2,Sports & Outdoors,Yoga Mat
TXNIYTOD39MYF,CUST90464943,2025-04-07 20:15:15,125.2,1,Office Supplies,Desk Accessories
TXNA0UDAHZPS2,CUST90464943,2025-02-28 20:15:15,180.4,4,Electronics,Laptop
TXNR0B7OFASAT,CUST90464943,2025-08-31 20:15:15,198.07,5,Electronics,Camera
TXNAAQI9HDV7J,CUST76464125,2025-08-25 20:15:15,189.65,5,Home & Garden,Decor
TXNDS7HXZUAQQ,CUST76464125,2025-02-04 20:15:15,171.95,1,Toys & Games,Puzzles
TXNJ6LA5ZEG8Q,CUST76464125,2025-05-31 20:15:15,144.38,3,Sports & Outdoors,Bicycle
TXNUQLP7DIVL3,CUST76464125,2025-12-31 20:15:15,136.82,4,Clothing,T-Shirt
TXNNBSSH15SLD,CUST76464125,2025-03-08 20:15:15,160.56,2,Health & Beauty,Skincare
TXNZX6ZPAIJ53,CUST76464125,2025-03-22 20:15:15,108.5,3,Toys & Games,Action Figures
TXNRLXEGKGK6R,CUST76464125,2025-08-16 20:15:15,143.03,1,Automotive,Car Accessories
TXNBQ0U6YO3BM,CUST76464125,2025-12-09 20:15:15,190.23,4,Food & Beverages,Beverages
TXN9E6BKLFX0N,CUST76464125,2025-12-27 20:15:15,113.81,1,Toys & Games,Puzzles
TXNKPQXSBAGFK,CUST76464125,2025-07-25 20:15:15,66.12,1,Toys & Games,Board Games
TXNFDSC6U43Y0,CUST76464125,2025-04-10 20:15:15,149.98,4,Food & Beverages,Organic Products
TXNZNBVULSNLR,CUST50822872,2025-09-28 20:15:15,77.6,4,Books,Fiction
TXNTPZC7A9XUE,CUST50822872,2025-10-24 20:15:15,101.84,2,Books,Educational
TXNF4VLA5JBSW,CUST50822872,2025-09-09 20:15:15,151.91,1,Home & Garden,Tools
TXN16P573FNCC,CUST50822872,2025-05-06 20:15:15,151.63,5,Clothing,Dress
TXNMG37DWNDM3,CUST50822872,2025-11-18 20:15:15,119.04,4,Food & Beverages,Masala
TXN4WC2HB7KKS,CUST50822872,2025-06-26 20:15:15,142.1,1,Books,Non-Fiction
TXNG3ALFM9CH5,CUST42686665,2025-12-22 20:15:15,203.23,2,Automotive,Cleaning Supplies
TXN18BPGWE9H6,CUST42686665,2025-11-18 20:15:15,118.03,4,Books,Magazines
TXN3Z955GFWGP,CUST42686665,2025-12-06 20:15:15,90.61,1,Electronics,Camera
TXNZ20L5M5Z50,CUST42686665,2025-09-20 20:15:15,153.45,2,Food & Beverages,Masala
TXNOPO3BWP3MP,CUST42686665,2025-11-23 20:15:15,108.47,5,Automotive,Cleaning Supplies
TXN9X3JU5822S,CUST42686665,2025-12-15 20:15:15,86.22,2,Health & Beauty,Skincare
TXN3MNGL3QD7Y,CUST42686665,2025-10-02 20:15:15,118.24,3,Home & Garden,Bedding
TXNDKMBXUJ5DU,CUST42686665,2025-12-09 20:15:15,142.87,2,Office Supplies,Printer
TXNQAHK78VMVX,CUST42686665,2025-09-28 20:15:15,141.68,2,Toys & Games,LEGO
TXN81JDQXR27O,CUST42686665,2025-12-03 20:15:15,74.72,4,Automotive,Car Accessories
TXNS3WIN8WWCU,CUST42686665,2025-12-09 20:15:15,144.33,2,Clothing,Shoes
TXN5W4VE04IUF,CUST42686665,2025-10-13 20:15:15,71.79,1,Clothing,Shoes
TXNP9NXGQ2WT1,CUST42686665,2025-12-11 20:15:15,78.27,4,Toys & Games,Video Games
TXNAHVFD3DHLG,CUST42686665,2025-09-26 20:15:15,179.14,3,Automotive,Car Accessories
TXNWXY9S6Z2I0,CUST42686665,2026-01-08 20:15:15,61.8,2,Electronics,Camera
TXNXGZAUBMVCB,CUST42686665,2025-10-20 20:15:15,35.58,4,Food & Beverages,Masala
TXNCN2UVNOZXF,CUST42686665,2025-09-12 20:15:15,144.6,2,Books,Textbook
TXNUZHLGHNBPG,CUST42686665,2025-11-09 20:15:15,104.77,4,Books,Textbook
TXNWCGUCCSACD,CUST42686665,2025-10-27 20:15:15,112.76,2,Electronics,Laptop
TXN0TEI50LC93,CUST42686665,2025-12-20 20:15:15,184.74,1,Automotive,Helmet
TXNTKL4OLXSXL,CUST42821413,2025-11-13 20:15:15,91.41,2,Food & Beverages,Snacks
TXN4MPPHDZQZN,CUST42821413,2025-07-21 20:15:15,88.67,2,Health & Beauty,Skincare
TXNR0QXPMJST6,CUST42821413,2025-07-21 20:15:15,69.84,3,Electronics,Smart Watch
TXNGWX98RZL8O,CUST42821413,2025-11-05 20:15:15,79.91,5,Automotive,Parts
TXNYXGXXNEECP,CUST42821413,2025-10-05 20:15:15,59.19,2,Electronics,Headphones
TXNV7EPNCUZHB,CUST42821413,2025-10-15 20:15:15,56.62,3,Home & Garden,Furniture
TXNE4BO73SQ5W,CUST42821413,2025-08-18 20:15:15,69.14,1,Office Supplies,Electronics
TXN1BMYQATTF7,CUST42821413,2025-08-18 20:15:15,81.86,4,Electronics,Smartphone
TXNVAOSNBE5PW,CUST81379178,2024-12-27 20:15:15,255.3,4,Toys & Games,Board Games
TXNDMZ08WSNC1,CUST81379178,2025-09-23 20:15:15,230.25,4,Clothing,T-Shirt
TXN913C6QLQP1,CUST81379178,2025-08-04 20:15:15,209.3,3,Sports & Outdoors,Yoga Mat
TXN9GO20X151I,CUST81379178,2024-12-30 20:15:15,168.14,3,Food & Beverages,Masala
TXN3U3UP0NNTO,CUST81379178,2025-08-04 20:15:15,160.52,4,Home & Garden,Bedding
TXNYDXIOC4FA0,CUST81379178,2025-09-07 20:15:15,186.14,3,Office Supplies,Desk Accessories
TXNKMH7N92JOQ,CUST81379178,2024-12-07 20:15:15,183.44,4,Office Supplies,Stationery
TXNMA0ZY3KOKU,CUST81379178,2025-09-23 20:15:15,118.27,2,Clothing,Dress
TXN3P481D0SM6,CUST81379178,2025-03-16 20:15:15,154.54,4,Toys & Games,Board Games
TXNGI4FSN5XE9,CUST81379178,2025-03-25 20:15:15,175.67,3,Food & Beverages,Snacks
TXNGR4OLQ4A4R,CUST24252757,2026-01-17 20:15:15,469.04,5,Clothing,Accessories
TXNYO3ORLJJFA,CUST24252757,2025-09-26 20:15:15,385.62,2,Electronics,Smart Watch
TXNBDCF37JCHH,CUST24252757,2025-10-27 20:15:15,620.15,3,Clothing,Jacket
TXNOSXPE9ESGT,CUST24252757,2026-01-26 20:15:15,321.13,5,Sports & Outdoors,Camping Gear
TXNJHFITTHYUX,CUST24252757,2025-11-19 20:15:15,421.95,1,Health & Beauty,Supplements
TXNSK3E9IVNVL,CUST24252757,2026-02-08 20:15:15,378.62,4,Health & Beauty,Ayurveda
TXN3XFKXF4AAD,CUST24252757,2026-02-07 20:15:15,442.05,5,Clothing,Jeans
TXN1SOE3GUN09,CUST24252757,2026-01-20 20:15:15,394.2,1,Toys & Games,LEGO
TXNEPWCM3BFWA,CUST24252757,2025-12-13 20:15:15,356.71,1,Electronics,Laptop
TXN8Z6Y1F7614,CUST24252757,2025-12-16 20:15:15,458.77,5,Food & Beverages,Beverages
TXNIBR9LAJCAR,CUST24252757,2025-11-07 20:15:15,296.66,5,Toys & Games,Puzzles
TXNDSJA487RCB,CUST24252757,2025-10-25 20:15:15,238.15,4,Food & Beverages,Beverages
TXNE9685K84AU,CUST24252757,2025-12-20 20:15:15,506.37,2,Home & Garden,Kitchen Appliances
TXNHONTOJ1KM6,CUST24252757,2026-01-06 20:15:15,395.73,5,Office Supplies,Printer
TXNTUU4LQDU8M,CUST24252757,2025-09-19 20:15:15,570.87,5,Home & Garden,Tools
TXNLG47V9FX9O,CUST24252757,2025-11-15 20:15:15,394.03,1,Home & Garden,Bedding
TXN2905E4W13J,CUST24252757,2025-12-19 20:15:15,221.91,4,Health & Beauty,Skincare
TXNBGCZ714RUK,CUST24252757,2025-11-19 20:15:15,443.0,2,Home & Garden,Decor
TXNRDEWI65A7G,CUST24252757,2026-01-03 20:15:15,181.71,5,Books,Fiction
TXN6MN1NBM5EP,CUST24252757,2025-09-22 20:15:15,203.57,4,Health & Beauty,Supplements
TXN7AWV7LQH2D,CUST24252757,2025-12-09 20:15:15,395.58,1,Food & Beverages,Beverages
TXNK1QGQ33K3O,CUST24252757,2026-01-22 20:15:15,417.07,3,Office Supplies,Stationery
TXNP9ME7SGXSJ,CUST24252757,2026-02-08 20:15:15,408.93,4,Food & Beverages,Masala
TXNHDTETW4C0I,CUST24252757,2025-12-09 20:15:15,303.49,3,Home & Garden,Tools
TXNGNCCBRF2JA,CUST24252757,2025-09-24 20:15:15,299.52,5,Health & Beauty,Skincare
TXN8OK1CXELBB,CUST24252757,2026-01-16 20:15:15,711.31,4,Food & Beverages,Beverages
TXNG3ZD7HMZAI,CUST24252757,2025-12-19 20:15:15,259.99,2,Food & Beverages,Organic Products
TXN7LCJYZ0Q5K,CUST24252757,2026-02-01 20:15:15,298.4,3,Health & Beauty,Skincare
TXNI262KYGM6N,CUST24252757,2025-12-27 20:15:15,564.42,3,Clothing,Kurta
TXNSEVTU18D5S,CUST24252757,2025-11-10 20:15:15,298.29,5,Sports & Outdoors,Fitness Equipment
TXNIIWQZMEMU1,CUST24252757,2026-01-10 20:15:15,362.51,3,Food & Beverages,Gourmet Food
TXN7HFSOG9V9Q,CUST24252757,2025-09-25 20:15:15,398.19,2,Automotive,Car Accessories
TXNDNTNR9S94P,CUST24252757,2025-12-02 20:15:15,352.57,3,Electronics,Laptop
TXNZMLX36RDL7,CUST24252757,2025-12-02 20:15:15,528.7,1,Sports & Outdoors,Yoga Mat
TXNNAQ4X5IZ3D,CUST24252757,2025-11-24 20:15:15,512.6,4,Toys & Games,LEGO
TXNI2R2GT7ATZ,CUST24252757,2025-09-20 20:15:15,484.94,4,Health & Beauty,Ayurveda
TXNJE4LYIY9F8,CUST24252757,2026-01-20 20:15:15,564.89,3,Toys & Games,Puzzles
TXNWTJV01UJI1,CUST24252757,2025-12-22 20:15:15,379.39,2,Health & Beauty,Ayurveda
TXNCZOMDVOF7H,CUST24252757,2025-11-24 20:15:15,542.98,2,Food & Beverages,Masala
TXNR6LA74IT0J,CUST24252757,2025-11-06 20:15:15,448.61,4,Sports & Outdoors,Sportswear
TXNX9UVFT2H8V,CUST37030501,2025-10-18 20:15:15,153.62,2,Automotive,Tools
TXNZZPKX5WQHL,CUST37030501,2025-10-15 20:15:15,242.34,3,Food & Beverages,Beverages
TXNLUVZNAVME5,CUST37030501,2026-01-26 20:15:15,183.33,5,Automotive,Cleaning Supplies
TXNMQB27LOY4D,CUST37030501,2025-09-17 20:15:15,115.57,4,Clothing,Dress
TXNHY7OVBSA1M,CUST37030501,2026-02-05 20:15:15,115.61,5,Automotive,Cleaning Supplies
TXNEYZVGCHZ18,CUST37030501,2025-12-13 20:15:15,150.06,3,Sports & Outdoors,Bicycle
TXNZISJH9L51Q,CUST37030501,2025-11-18 20:15:15,309.99,1,Toys & Games,Video Games
TXN546M67AONJ,CUST37030501,2025-11-09 20:15:15,38.73,2,Home & Garden,Decor
TXNBQJJT7VJOU,CUST37030501,2025-12-19 20:15:15,194.26,4,Health & Beauty,Supplements
TXNG74YP43N6V,CUST37030501,2026-01-23 20:15:15,245.53,4,Sports & Outdoors,Bicycle
TXN1OV5GK2YTJ,CUST37030501,2025-09-27 20:15:15,201.86,2,Clothing,T-Shirt
TXN9YPDFMPU4Y,CUST37030501,2025-11-15 20:15:15,189.12,3,Clothing,Shoes
TXN1BYKGE3E7V,CUST37030501,2025-12-03 20:15:15,159.95,2,Toys & Games,Action Figures
TXNK870C0GB2M,CUST37030501,2025-09-28 20:15:15,304.53,2,Clothing,T-Shirt
TXN3V1JZDIGJE,CUST37030501,2025-12-03 20:15:15,182.45,2,Health & Beauty,Makeup
TXNDCZ7AFE4WX,CUST37030501,2025-09-23 20:15:15,133.33,1,Office Supplies,Printer
TXNAB7AZKMDJ8,CUST37030501,2025-09-22 20:15:15,179.81,2,Sports & Outdoors,Camping Gear
TXN2HBG0EXB9V,CUST37030501,2025-09-26 20:15:15,227.99,5,Food & Beverages,Beverages
TXNI444FIXP7G,CUST37030501,2025-11-12 20:15:15,162.45,4,Books,Comics
TXNM4D1EXW7XK,CUST37030501,2025-11-22 20:15:15,237.17,4,Electronics,Smartphone
TXNLRS898PWQY,CUST62083437,2024-10-02 20:15:15,81.25,2,Toys & Games,Puzzles
TXNRGQXCNVSFP,CUST65858788,2025-10-31 20:15:15,81.3,5,Electronics,Smartphone
TXNM5AG3UUXCN,CUST65858788,2025-10-15 20:15:15,104.05,1,Books,Magazines
TXNFK0S9LEHBM,CUST65858788,2025-10-20 20:15:15,34.03,5,Sports & Outdoors,Yoga Mat
TXNFLA7OPLZYH,CUST65858788,2025-10-20 20:15:15,64.04,1,Office Supplies,Printer
TXNPJIRBI27RH,CUST82490528,2024-10-16 20:15:15,30.91,2,Books,Fiction
TXNZOBWU8AX1B,CUST82490528,2024-10-20 20:15:15,32.98,5,Electronics,Smart Watch
TXN2SFAJDEUXL,CUST29771144,2025-10-13 20:15:15,53.63,3,Sports & Outdoors,Sportswear
TXN1LFD64JO2V,CUST29771144,2025-10-14 20:15:15,51.46,5,Toys & Games,Action Figures
TXNUUNWUY11TJ,CUST29771144,2025-10-12 20:15:15,25.4,2,Home & Garden,Kitchen Appliances
TXNRFXDSKI63D,CUST29771144,2025-10-12 20:15:15,33.07,4,Food & Beverages,Organic Products
TXNEOX5KK149E,CUST29771144,2025-10-12 20:15:15,68.97,3,Home & Garden,Tools
TXNTD2YMLT6WR,CUST83850440,2026-01-26 20:15:15,129.42,3,Electronics,Laptop
TXNZO0O5LB0EB,CUST83850440,2026-02-16 20:15:15,264.69,4,Office Supplies,Stationery
TXNB0ABZJUMWY,CUST83850440,2026-01-16 20:15:15,92.34,2,Clothing,Kurta
TXNH56N19T490,CUST83850440,2026-01-08 20:15:15,112.24,1,Home & Garden,Kitchen Appliances
TXNM58Z018656,CUST83850440,2026-02-10 20:15:15,253.17,1,Toys & Games,Action Figures
TXNGIEE2A1DCY,CUST83850440,2026-01-24 20:15:15,317.69,5,Clothing,Shoes
TXNFYEZ7YOIUL,CUST83850440,2026-01-08 20:15:15,282.83,5,Sports & Outdoors,Sportswear
TXNLUL6JJZW5Z,CUST83850440,2026-02-01 20:15:15,184.98,2,Health & Beauty,Skincare
TXNVB2FXT5DS7,CUST83850440,2026-01-14 20:15:15,169.93,5,Health & Beauty,Makeup
TXNBODVP3EJOI,CUST83850440,2026-02-03 20:15:15,247.42,1,Office Supplies,Printer
TXNENYCW4J013,CUST83850440,2026-01-17 20:15:15,112.02,4,Electronics,Smart Watch
TXNA0FPQF36SC,CUST83850440,2026-02-05 20:15:15,248.54,2,Books,Non-Fiction
TXNOYDWNRUMGI,CUST83850440,2026-01-17 20:15:15,182.73,1,Electronics,Smart Watch
TXN76LHJKQ9RF,CUST83850440,2026-02-01 20:15:15,326.34,3,Electronics,Headphones
TXNQ188DNS5PT,CUST16973909,2026-01-14 20:15:15,195.75,1,Health & Beauty,Supplements
TXNZRC3LSCM6I,CUST16973909,2026-01-14 20:15:15,170.35,5,Automotive,Parts
TXNM11W6OPOO9,CUST16973909,2026-01-25 20:15:15,192.0,3,Home & Garden,Bedding
TXN1RYSILFAG5,CUST16973909,2026-01-14 20:15:15,160.36,5,Health & Beauty,Ayurveda
TXNGM78GUZEST,CUST16973909,2026-01-19 20:15:15,206.47,1,Food & Beverages,Snacks
TXN49TDBC0WFQ,CUST16973909,2026-01-06 20:15:15,132.11,3,Office Supplies,Desk Accessories
TXN1PBZ8YISA8,CUST16973909,2026-01-22 20:15:15,237.69,2,Electronics,Headphones
TXN9JHX5QJDM6,CUST16973909,2026-01-07 20:15:15,160.21,5,Health & Beauty,Skincare
TXN0KQWF2SCH3,CUST16973909,2026-01-08 20:15:15,224.61,2,Home & Garden,Furniture
TXN73Z30IL5C6,CUST16973909,2026-01-13 20:15:15,221.0,4,Clothing,Jacket
TXNQOX4OTC60D,CUST16973909,2026-01-11 20:15:15,187.94,5,Health & Beauty,Ayurveda
TXNB0BJDKJYRU,CUST16973909,2026-01-03 20:15:15,217.05,4,Clothing,T-Shirt
TXN21BK2RPH32,CUST16973909,2026-01-30 20:15:15,155.82,2,Food & Beverages,Masala
TXN0SNEC5O232,CUST16973909,2026-01-19 20:15:15,214.49,5,Food & Beverages,Masala
TXNY9MJSMUB3Z,CUST16973909,2026-01-13 20:15:15,93.34,2,Automotive,Car Accessories
TXN5ZVNUV15DM,CUST16973909,2026-01-25 20:15:15,122.85,1,Automotive,Car Accessories
TXN1J65WYXP5O,CUST16973909,2026-01-30 20:15:15,170.05,2,Home & Garden,Bedding
TXNSCKB3B2Z46,CUST16973909,2026-01-05 20:15:15,77.71,1,Books,Non-Fiction
TXN5E3XX5HD6X,CUST59684696,2026-02-04 20:15:15,78.1,3,Office Supplies,Electronics
TXN4XLJSK16SK,CUST59684696,2026-02-05 20:15:15,124.51,3,Sports & Outdoors,Yoga Mat
TXN7OK6NIISFC,CUST59684696,2026-02-05 20:15:15,59.85,3,Home & Garden,Decor
TXNH1EJ5IMBU3,CUST59684696,2026-02-04 20:15:15,77.11,5,Food & Beverages,Masala
TXNAZJ57VLMQ5,CUST59684696,2026-02-04 20:15:15,54.21,2,Home & Garden,Bedding
TXN0S58N10FW7,CUST59684696,2026-02-04 20:15:15,100.75,1,Health & Beauty,Personal Care
TXNBWMPFHVLHW,CUST59684696,2026-02-04 20:15:15,71.01,1,Clothing,Shoes
TXNY5QVK1V0SL,CUST59684696,2026-02-04 20:15:15,75.79,4,Automotive,Cleaning Supplies
TXNDJEDQNPBTF,CUST59684696,2026-02-04 20:15:15,71.27,3,Books,Non-Fiction
TXNX2BP35H0Y1,CUST59684696,2026-02-05 20:15:15,70.19,5,Clothing,T-Shirt
TXNR3Y5D51W43,CUST59684696,2026-02-03 20:15:15,48.02,3,Food & Beverages,Organic Products
TXN2VYGH1FHGQ,CUST59684696,2026-02-05 20:15:15,80.21,1,Toys & Games,Board Games
TXNT7X38B2JQP,CUST59684696,2026-02-04 20:15:15,70.17,1,Sports & Outdoors,Bicycle
TXNJQ1DHGAGQI,CUST59684696,2026-02-04 20:15:15,42.14,1,Toys & Games,Video Games
TXN9W9UZQV02A,CUST59684696,2026-02-03 20:15:15,34.12,4,Home & Garden,Bedding
TXN4NZ1YTQRL0,CUST48477041,2025-11-10 20:15:15,195.93,3,Home & Garden,Furniture
TXNQPMRUMNICK,CUST48477041,2025-12-17 20:15:15,187.56,1,Books,Non-Fiction
TXNSYQMP2V23J,CUST48477041,2025-12-03 20:15:15,124.72,5,Home & Garden,Furniture
TXNRTZ4QA2G23,CUST48477041,2025-10-27 20:15:15,257.5,2,Food & Beverages,Masala
TXN3JW1XUER00,CUST48477041,2025-11-09 20:15:15,174.0,1,Sports & Outdoors,Bicycle
TXNQICC3MU020,CUST48477041,2025-11-12 20:15:15,240.78,3,Health & Beauty,Personal Care
TXNCE3CB4ZE01,CUST48477041,2025-10-31 20:15:15,154.31,1,Toys & Games,Video Games
TXNZAUR01VJ1W,CUST48477041,2025-11-20 20:15:15,183.01,4,Food & Beverages,Masala
TXNA8IWRBAW9O,CUST48477041,2025-11-18 20:15:15,168.77,4,Automotive,Car Accessories
TXNUZ6W3LW6C1,CUST48477041,2025-12-05 20:15:15,182.58,2,Books,Educational
TXNRTKR9MLQZ9,CUST48477041,2025-10-21 20:15:15,220.12,1,Toys & Games,Video Games
TXNP3356V4TBV,CUST48477041,2025-11-24 20:15:15,189.34,4,Automotive,Parts
TXNPZ0MMYM6Z5,CUST48477041,2025-10-27 20:15:15,244.96,4,Office Supplies,Desk Accessories
TXNQ784K9Y0ZM,CUST48477041,2025-10-22 20:15:15,134.51,4,Toys & Games,Puzzles
TXNDJNW8YY8J4,CUST48477041,2026-01-15 20:15:15,161.41,5,Books,Textbook
TXNZMSQZBE5JR,CUST48477041,2025-12-30 20:15:15,227.25,1,Toys & Games,LEGO
TXN0X36FQDDKL,CUST48477041,2026-01-15 20:15:15,261.94,5,Electronics,Smart Watch
TXNTRN6ZODW7S,CUST48477041,2025-12-25 20:15:15,211.65,2,Food & Beverages,Masala
TXNOXLV6ZW6EE,CUST63681949,2025-12-03 20:15:15,334.02,4,Health & Beauty,Personal Care
TXNBXND1GV118,CUST63681949,2025-12-20 20:15:15,200.03,4,Clothing,Dress
TXN334RBX225K,CUST63681949,2025-12-03 20:15:15,233.22,2,Toys & Games,Action Figures
TXNVJ05442ZO1,CUST63681949,2025-11-07 20:15:15,319.94,4,Food & Beverages,Snacks
TXNQ3ADW6WKVE,CUST63681949,2025-12-30 20:15:15,243.31,2,Health & Beauty,Personal Care
TXND7HBLEQ0YF,CUST63681949,2025-10-26 20:15:15,235.54,4,Office Supplies,Printer
TXNYZ6PQGRUV3,CUST63681949,2025-12-05 20:15:15,241.64,5,Automotive,Tools
TXN06TUXCX1WK,CUST63681949,2025-10-30 20:15:15,173.98,3,Health & Beauty,Supplements
TXNVIJW08ZCH7,CUST63681949,2025-10-20 20:15:15,186.89,2,Home & Garden,Mixer
TXNOCOO65C59K,CUST63681949,2025-10-10 20:15:15,216.53,1,Books,Textbook
TXN4OFZEGPMJZ,CUST63681949,2025-11-24 20:15:15,390.07,3,Clothing,Accessories
TXNMH5QJ3PC3B,CUST63681949,2025-10-12 20:15:15,238.29,1,Books,Comics
TXN61FWT4RN2J,CUST63681949,2025-12-13 20:15:15,244.1,5,Food & Beverages,Masala
TXNTFQK3H1C5L,CUST63681949,2025-12-07 20:15:15,327.52,3,Books,Non-Fiction
TXN6HPGQPIF5S,CUST63681949,2025-10-29 20:15:15,272.53,4,Toys & Games,Puzzles
TXN0V7YL4SIYB,CUST82267095,2025-06-01 20:15:15,66.31,1,Health & Beauty,Supplements
TXN5RWV90GHCI,CUST82267095,2024-04-19 20:15:15,75.43,3,Sports & Outdoors,Fitness Equipment
TXN30U9M902GM,CUST82267095,2025-04-17 20:15:15,56.37,3,Books,Fiction
TXNZVQLIP9KZ5,CUST82267095,2024-03-15 20:15:15,49.63,3,Home & Garden,Mixer
TXNA6RFLZBV81,CUST82267095,2025-06-23 20:15:15,99.92,1,Electronics,Camera
TXNGY8PZBJNIX,CUST82267095,2025-04-09 20:15:15,84.77,5,Clothing,Shoes
TXNN3ZEZVP2A8,CUST82267095,2025-03-13 20:15:15,32.46,4,Automotive,Helmet
TXNQ3L80AXUWR,CUST40634294,2025-03-29 20:15:15,305.25,1,Toys & Games,Board Games
TXNO1PUJGCGOK,CUST40634294,2025-06-05 20:15:15,230.63,1,Clothing,Jeans
TXN3J6ECTYZB6,CUST40634294,2025-02-14 20:15:15,226.9,2,Home & Garden,Decor
TXN0GP9B63WF0,CUST40634294,2025-04-10 20:15:15,314.42,1,Toys & Games,Video Games
TXN6GM8ZESMDJ,CUST40634294,2025-12-04 20:15:15,173.58,1,Toys & Games,Action Figures
TXNT0BO23U243,CUST40634294,2025-01-30 20:15:15,250.24,5,Health & Beauty,Ayurveda
TXNFRVCY2SCRF,CUST40634294,2025-04-23 20:15:15,351.99,4,Home & Garden,Kitchen Appliances
TXNS6WHS4GTQF,CUST40634294,2025-12-12 20:15:15,224.5,2,Books,Comics
TXNFSOP75A447,CUST40634294,2025-09-25 20:15:15,215.07,3,Food & Beverages,Beverages
TXNS2KQ8LZQBB,CUST40634294,2025-03-16 20:15:15,367.68,4,Health & Beauty,Makeup
TXNO0V9ZXW0AN,CUST40634294,2025-08-02 20:15:15,206.06,4,Office Supplies,Stationery
TXNM7OLH83VLM,CUST40634294,2025-02-14 20:15:15,297.23,2,Electronics,Tablet
TXN3897QKLOQD,CUST40634294,2025-02-10 20:15:15,151.56,3,Toys & Games,Board Games
TXNL96C131TVR,CUST40634294,2025-09-02 20:15:15,304.83,1,Office Supplies,Printer
TXN6KVUTDI2QO,CUST40634294,2025-11-23 20:15:15,205.34,1,Toys & Games,LEGO
TXNKGKCHZVD7L,CUST40634294,2025-02-02 20:15:15,313.63,4,Home & Garden,Tools
TXNIK41UOYTJJ,CUST40110410,2025-08-23 20:15:15,72.46,3,Sports & Outdoors,Bicycle
TXNJAM9NO9KT6,CUST40110410,2026-01-01 20:15:15,100.41,4,Sports & Outdoors,Camping Gear
TXNXG2UH41B1M,CUST40110410,2025-08-16 20:15:15,36.65,3,Home & Garden,Bedding
TXNBCK4TED211,CUST40110410,2025-10-18 20:15:15,83.89,2,Toys & Games,Action Figures
TXNA53P7VZQET,CUST40110410,2026-01-15 20:15:15,88.84,2,Books,Magazines
TXNKIS1A53XQR,CUST40110410,2026-01-13 20:15:15,61.06,3,Toys & Games,LEGO
TXNR1HLO7YR3K,CUST40110410,2025-12-28 20:15:15,87.68,4,Office Supplies,Electronics
TXNAOGUIH53QD,CUST40110410,2025-12-22 20:15:15,156.32,3,Sports & Outdoors,Camping Gear
TXNNE4JKKDCXH,CUST40110410,2025-10-22 20:15:15,60.27,4,Sports & Outdoors,Camping Gear
TXNT9ZJYVVLTQ,CUST40110410,2025-11-06 20:15:15,98.56,5,Toys & Games,Action Figures
TXN8281WY4DKO,CUST40110410,2025-12-10 20:15:15,71.38,2,Sports & Outdoors,Camping Gear
TXNOBF1ZM62SX,CUST40110410,2025-10-31 20:15:15,118.14,4,Office Supplies,Desk Accessories
TXNJIG5PD2YON,CUST40110410,2025-12-01 20:15:15,93.65,4,Toys & Games,Board Games
TXN1UBATAT120,CUST40110410,2026-01-23 20:15:15,73.75,5,Toys & Games,Video Games
TXNA4QJPNUK04,CUST40110410,2025-07-29 20:15:15,90.06,2,Toys & Games,Board Games
TXNIDJBMCYA10,CUST40110410,2025-07-28 20:15:15,130.83,4,Toys & Games,LEGO
TXNOYXL2P6GEJ,CUST40110410,2026-01-11 20:15:15,74.32,2,Health & Beauty,Supplements
TXN5M2NWD6VF0,CUST40110410,2025-08-17 20:15:15,109.98,1,Health & Beauty,Ayurveda
TXNZ7PSYDHS5C,CUST40110410,2025-12-05 20:15:15,58.84,4,Home & Garden,Furniture
TXNUR6XA8LMMC,CUST40110410,2025-12-23 20:15:15,97.55,5,Toys & Games,Action Figures
TXNCDF6QL04IR,CUST40110410,2025-11-01 20:15:15,84.31,1,Toys & Games,Action Figures
TXN3KFACOJ3LO,CUST40110410,2025-10-04 20:15:15,117.82,4,Electronics,Headphones
TXNJZ92ELHWWJ,CUST67952764,2026-01-13 20:15:15,156.78,4,Home & Garden,Bedding
TXNEGJ4PN8M0R,CUST67952764,2026-02-05 20:15:15,220.25,5,Office Supplies,Desk Accessories
TXNXB3Z7FPS1S,CUST67952764,2026-01-27 20:15:15,120.94,1,Office Supplies,Printer
TXNRC88ZASZI2,CUST67952764,2026-02-07 20:15:15,102.11,4,Sports & Outdoors,Camping Gear
TXNLMJ6WLXC46,CUST67952764,2026-02-11 20:15:15,113.2,3,Toys & Games,Action Figures
TXND5FBGMHXQN,CUST67952764,2026-02-09 20:15:15,181.74,1,Toys & Games,Video Games
TXNNM88K4I8C2,CUST67952764,2026-02-09 20:15:15,107.73,4,Health & Beauty,Makeup
TXNP7AEKKJXSL,CUST67952764,2026-02-07 20:15:15,52.99,3,Automotive,Helmet
TXN65HPEAO55M,CUST67952764,2026-02-02 20:15:15,143.17,3,Home & Garden,Mixer
TXNV8AJS0TDF0,CUST67952764,2026-01-25 20:15:15,167.09,5,Office Supplies,Furniture
TXNOX8I8QNZXD,CUST67952764,2026-01-12 20:15:15,137.85,1,Health & Beauty,Ayurveda
TXNRBYGNGQD04,CUST67952764,2026-02-01 20:15:15,105.32,1,Books,Magazines
TXNU9C3RW2W4G,CUST67952764,2026-01-20 20:15:15,215.15,4,Automotive,Parts
TXNTHKWZHXSJA,CUST67952764,2026-01-28 20:15:15,198.12,3,Sports & Outdoors,Bicycle
TXN018LU6E1RM,CUST67952764,2026-01-28 20:15:15,175.62,1,Electronics,Smart Watch
TXN1J1JO4B76I,CUST67952764,2026-01-29 20:15:15,221.58,3,Automotive,Helmet
TXN2E9GMYED8T,CUST67952764,2026-01-12 20:15:15,116.28,5,Automotive,Parts
TXNI8PR0O7I1G,CUST67952764,2026-02-10 20:15:15,149.29,4,Home & Garden,Bedding
TXNGDQ2FLFYV6,CUST67952764,2026-01-27 20:15:15,215.34,2,Automotive,Tools
TXNHPLT8XON6K,CUST67952764,2026-01-12 20:15:15,167.1,5,Health & Beauty,Personal Care
TXNALMPMP5CF9,CUST67952764,2026-02-08 20:15:15,240.73,1,Electronics,Laptop
TXNBZ04GMYL79,CUST92469279,2025-05-07 20:15:15,36.68,2,Food & Beverages,Beverages
TXND5B2MZ9JCZ,CUST45608143,2024-11-26 20:15:15,44.32,5,Office Supplies,Electronics
TXNMFE4O14MW5,CUST99295899,2025-07-31 20:15:15,60.96,2,Food & Beverages,Gourmet Food
TXNGLLG3E59HT,CUST99295899,2025-06-20 20:15:15,84.16,2,Automotive,Tools
TXNWFY5AFX9O0,CUST99295899,2025-01-23 20:15:15,86.9,5,Toys & Games,Puzzles
TXNHMX1GWZZFQ,CUST99295899,2025-02-14 20:15:15,66.5,3,Toys & Games,Action Figures
TXNGGXPY0DVRM,CUST99670905,2026-01-02 20:15:15,259.34,5,Books,Educational
TXN0WXIOWB35W,CUST99670905,2025-11-02 20:15:15,222.76,4,Clothing,Shoes
TXNS8KHQCRDJU,CUST99670905,2025-06-13 20:15:15,201.96,3,Clothing,Dress
TXNI3231H8LTA,CUST99670905,2025-11-12 20:15:15,277.11,5,Toys & Games,LEGO
TXN1T5SUFCKYY,CUST99670905,2025-06-29 20:15:15,201.94,2,Books,Fiction
TXN20HSGWUX27,CUST99670905,2025-12-24 20:15:15,154.86,2,Clothing,T-Shirt
TXNKDT5PECJ7C,CUST99670905,2025-08-22 20:15:15,185.11,1,Home & Garden,Furniture
TXNW39IEF0KIA,CUST64815542,2024-11-13 20:15:15,67.43,4,Books,Fiction
TXNBY06WLL75Q,CUST64815542,2024-11-02 20:15:15,91.42,3,Electronics,Speaker
TXNKBO3QU4DPR,CUST89610039,2025-09-20 20:15:15,61.26,1,Automotive,Car Accessories
TXNMJ219UC5FW,CUST89610039,2025-09-14 20:15:15,48.72,4,Clothing,Kurta
TXNE4O303L5YD,CUST89610039,2025-12-04 20:15:15,69.53,1,Books,Textbook
TXNEIMMCR289C,CUST89610039,2025-12-14 20:15:15,44.54,5,Clothing,Kurta
TXN0NYVKY50Z2,CUST89610039,2025-10-27 20:15:15,99.43,1,Toys & Games,Video Games
TXNFDF8R2MYSL,CUST89610039,2025-12-09 20:15:15,96.69,1,Toys & Games,Video Games
TXN08VT720I1P,CUST89610039,2025-10-14 20:15:15,105.94,1,Toys & Games,LEGO
TXN8G2P2SALOQ,CUST89610039,2025-10-10 20:15:15,68.24,2,Automotive,Helmet
TXNEUZNPBI31Z,CUST89610039,2025-09-11 20:15:15,92.22,1,Toys & Games,Board Games
TXN27VG9NTTRH,CUST83002953,2025-03-23 20:15:15,286.72,2,Electronics,Smartphone
TXNR02QOYZ99U,CUST83002953,2026-01-31 20:15:15,361.34,3,Sports & Outdoors,Fitness Equipment
TXN8NOZ54GG42,CUST83002953,2025-06-28 20:15:15,570.09,2,Clothing,Jeans
TXN0F801MXZ01,CUST83002953,2025-05-29 20:15:15,589.63,2,Office Supplies,Desk Accessories
TXNPL2UVF7DUV,CUST83002953,2025-03-15 20:15:15,452.15,5,Electronics,Headphones
TXNGWQ4P543NJ,CUST83002953,2025-12-02 20:15:15,524.75,1,Automotive,Tools
TXNEGJTHSR0BW,CUST83002953,2025-06-29 20:15:15,405.59,3,Home & Garden,Tools
TXNTK8GTK8RSD,CUST83002953,2025-07-05 20:15:15,567.56,4,Automotive,Parts
TXNN9KJRND4FC,CUST83002953,2025-06-24 20:15:15,316.91,4,Sports & Outdoors,Sportswear
TXNKJNODU0ULR,CUST83002953,2025-05-07 20:15:15,451.73,4,Toys & Games,Board Games
TXNDIZLIV0O1N,CUST83002953,2025-04-23 20:15:15,590.87,5,Clothing,T-Shirt
TXNLYZKLS72R9,CUST83002953,2025-10-15 20:15:15,369.82,3,Health & Beauty,Supplements
TXNGVFY5DDYO0,CUST83002953,2025-09-18 20:15:15,434.19,3,Toys & Games,LEGO
TXNVW0BSJ3DCB,CUST83002953,2025-07-28 20:15:15,492.58,1,Toys & Games,Puzzles
TXN23Y3F3IEUD,CUST83002953,2025-04-15 20:15:15,558.88,4,Sports & Outdoors,Bicycle
TXNN3HTAVSVIC,CUST83002953,2025-06-01 20:15:15,339.05,4,Automotive,Cleaning Supplies
TXNATDGQFC9YC,CUST83002953,2025-10-05 20:15:15,485.15,3,Automotive,Helmet
TXNV60TQSPKAK,CUST83002953,2025-10-18 20:15:15,564.09,4,Books,Fiction
TXN42PVN31EQM,CUST83002953,2025-05-06 20:15:15,563.66,4,Toys & Games,LEGO
TXNMPJWZ76YSB,CUST83002953,2025-04-10 20:15:15,430.35,5,Toys & Games,Puzzles
TXNYNC1I9L8K3,CUST56632580,2025-10-17 20:15:15,293.21,3,Sports & Outdoors,Sportswear
TXN5CJIR1JXR4,CUST56632580,2025-08-17 20:15:15,326.19,4,Home & Garden,Decor
TXNHTMXCDMFX1,CUST56632580,2025-11-15 20:15:15,257.95,4,Automotive,Helmet
TXNRDLL4N61JR,CUST56632580,2025-10-23 20:15:15,380.07,5,Office Supplies,Electronics
TXNR3I4LDZ9O0,CUST56632580,2025-12-02 20:15:15,340.63,4,Books,Comics
TXNW2HLXNK3AQ,CUST56632580,2025-03-24 20:15:15,87.56,5,Automotive,Helmet
TXNRG1401NSTQ,CUST56632580,2025-07-06 20:15:15,363.13,3,Health & Beauty,Makeup
TXN7UICUU8CA6,CUST56632580,2025-09-13 20:15:15,279.41,1,Office Supplies,Printer
TXN4WTXXLNVRX,CUST56632580,2025-02-28 20:15:15,343.53,1,Clothing,Kurta
TXN1RQ9M37JTE,CUST56632580,2026-01-26 20:15:15,476.48,4,Books,Fiction
TXNZ5C8M5YCGS,CUST56632580,2025-07-21 20:15:15,237.97,1,Food & Beverages,Masala
TXN9MF7TC8DPP,CUST56632580,2026-01-27 20:15:15,288.61,4,Electronics,Speaker
TXNXIQMYNO2ES,CUST56632580,2026-01-04 20:15:15,304.62,1,Toys & Games,LEGO
TXNV43DZF8G2X,CUST56632580,2025-03-11 20:15:15,199.47,5,Health & Beauty,Supplements
TXNAF341YADXG,CUST56632580,2026-01-28 20:15:15,337.27,3,Electronics,Smart Watch
TXNPCCBO8CYWD,CUST56632580,2025-05-01 20:15:15,370.01,4,Office Supplies,Desk Accessories
TXNPPTBPI1C5R,CUST56632580,2025-12-06 20:15:15,289.63,5,Health & Beauty,Personal Care
TXNKRUM5PYFN9,CUST56632580,2025-09-09 20:15:15,381.57,4,Sports & Outdoors,Fitness Equipment
TXNLG42VOFCB6,CUST56632580,2025-03-27 20:15:15,473.66,2,Food & Beverages,Gourmet Food
TXNFV0UBSE7X5,CUST56632580,2025-10-24 20:15:15,259.63,5,Office Supplies,Printer
TXNKUJSWNIEYW,CUST56632580,2025-04-05 20:15:15,312.42,5,Automotive,Helmet
TXNQJUSDQ12I1,CUST56632580,2025-10-29 20:15:15,298.57,1,Books,Educational
TXNK9YUG9RZPY,CUST56632580,2025-03-14 20:15:15,501.68,4,Food & Beverages,Gourmet Food
TXNNMNIXX4MS5,CUST56632580,2025-06-09 20:15:15,383.67,3,Home & Garden,Kitchen Appliances
TXN2CRHUMVIYP,CUST56632580,2025-07-04 20:15:15,432.59,2,Clothing,Accessories
TXNWQA8FWI2ZT,CUST56632580,2025-05-02 20:15:15,309.01,1,Clothing,Jeans
TXNAXSEDCICXU,CUST56632580,2025-08-19 20:15:15,504.06,4,Clothing,Accessories
TXNSCXZMHFTZN,CUST56632580,2025-11-05 20:15:15,425.98,3,Automotive,Parts
TXN8KEFDD82HI,CUST56632580,2025-10-05 20:15:15,239.51,3,Office Supplies,Printer
TXNCS49F5HO3A,CUST56632580,2025-07-21 20:15:15,210.28,4,Home & Garden,Furniture
TXNBKZ93GG1YN,CUST56632580,2025-08-11 20:15:15,333.03,3,Health & Beauty,Makeup
TXN26XPDACD3X,CUST56632580,2025-05-27 20:15:15,378.88,5,Books,Fiction
TXNJ5BV9XHP8S,CUST56632580,2025-09-23 20:15:15,291.5,5,Clothing,Accessories
TXNRIW0OWD4HB,CUST56632580,2025-09-15 20:15:15,255.38,5,Automotive,Car Accessories
TXNEBD7KYY6NI,CUST56632580,2025-06-08 20:15:15,422.53,2,Toys & Games,Video Games
TXN3F46UUPGDC,CUST56632580,2025-05-11 20:15:15,363.06,5,Food & Beverages,Gourmet Food
TXN1CGW0ZPL1I,CUST45335799,2025-01-03 20:15:15,88.23,5,Books,Fiction
TXNKFSTNPC6PG,CUST45335799,2024-12-20 20:15:15,70.5,5,Home & Garden,Kitchen Appliances
TXN8CN1PLJWHX,CUST41576404,2024-04-24 20:15:15,31.65,3,Sports & Outdoors,Sportswear
TXN9T60WLONXL,CUST41576404,2024-03-27 20:15:15,24.98,3,Home & Garden,Kitchen Appliances
TXNXRWTVFYAQH,CUST41576404,2024-04-12 20:15:15,41.2,2,Electronics,Headphones
TXN7MB8JR146T,CUST55196894,2025-11-17 20:15:15,217.39,3,Health & Beauty,Supplements
TXNCJ3WIW4J0D,CUST55196894,2025-12-01 20:15:15,127.24,5,Health & Beauty,Ayurveda
TXNWCRVG3WZZW,CUST55196894,2025-11-08 20:15:15,128.8,5,Home & Garden,Furniture
TXNQH290HGCNO,CUST55196894,2025-11-13 20:15:15,247.31,4,Books,Non-Fiction
TXNWTODFH66PD,CUST55196894,2025-11-20 20:15:15,220.48,1,Clothing,Dress
TXNGABVF6443X,CUST55196894,2025-11-24 20:15:15,214.62,2,Office Supplies,Desk Accessories
TXNNUCV1K9N05,CUST55196894,2025-11-07 20:15:15,238.53,2,Clothing,Kurta
TXN2XQF4WFW2K,CUST81171312,2025-11-30 20:15:15,203.86,3,Sports & Outdoors,Fitness Equipment
TXNHO4JKPTIN3,CUST81171312,2025-12-20 20:15:15,268.82,2,Books,Non-Fiction
TXNUIWD35LFOI,CUST81171312,2025-12-13 20:15:15,450.83,5,Automotive,Helmet
TXNPKKI0SG0L6,CUST81171312,2025-11-25 20:15:15,418.28,1,Toys & Games,Puzzles
TXNQHZPU3HL89,CUST81171312,2025-12-09 20:15:15,337.88,4,Sports & Outdoors,Yoga Mat
TXN0VUAU6MI4U,CUST81171312,2025-12-19 20:15:15,305.36,4,Health & Beauty,Makeup
TXN7UA7NNLTFP,CUST81171312,2025-12-20 20:15:15,334.99,1,Toys & Games,Video Games
TXNICA634SEDS,CUST81171312,2025-12-20 20:15:15,281.01,2,Toys & Games,Action Figures
TXNR6LNLBDDLY,CUST81171312,2025-12-30 20:15:15,227.35,5,Books,Textbook
TXNSYYWJBG1EO,CUST81171312,2025-12-07 20:15:15,217.65,1,Books,Educational
TXNZZ179EJEUN,CUST81171312,2025-11-29 20:15:15,475.62,5,Home & Garden,Kitchen Appliances
TXN91MG49JC2N,CUST81171312,2025-12-18 20:15:15,236.89,4,Clothing,Dress
TXNBAOWEHBG1J,CUST81171312,2025-12-13 20:15:15,377.51,2,Home & Garden,Bedding
TXNMRJKOP33U3,CUST81171312,2025-11-21 20:15:15,101.57,1,Books,Textbook
TXNOYLY7OOZ1F,CUST81171312,2025-12-03 20:15:15,242.4,3,Health & Beauty,Makeup
TXNNLJ4XWXFI8,CUST81171312,2025-12-11 20:15:15,277.61,3,Books,Textbook
TXNW6GIIYR1JC,CUST81171312,2025-12-31 20:15:15,240.1,1,Office Supplies,Printer
TXN4X80G1HZVU,CUST81171312,2025-12-27 20:15:15,221.0,1,Health & Beauty,Skincare
TXN2WFHI5BZUM,CUST81171312,2025-12-27 20:15:15,368.31,4,Sports & Outdoors,Fitness Equipment
TXNM9HP79QMSZ,CUST25963039,2025-10-28 20:15:15,71.94,2,Sports & Outdoors,Camping Gear
TXN6ME71EX3M9,CUST25963039,2025-07-18 20:15:15,54.49,2,Books,Textbook
TXN1O6BTY2AXL,CUST25963039,2025-02-11 20:15:15,52.76,4,Toys & Games,Puzzles
TXNTBIEYRMHEH,CUST25963039,2025-10-11 20:15:15,38.65,2,Toys & Games,Puzzles
TXN7YGW2HVPTX,CUST25963039,2025-03-25 20:15:15,43.49,5,Automotive,Helmet
TXNUNO2YYJHSV,CUST25963039,2025-09-19 20:15:15,44.32,4,Books,Textbook
TXNUTUEOFF10Y,CUST18517026,2025-09-15 20:15:15,75.94,1,Health & Beauty,Skincare
TXNQK2XJVOBJ5,CUST18517026,2025-09-06 20:15:15,168.46,3,Automotive,Parts
TXN1ENESO15NJ,CUST18517026,2025-09-22 20:15:15,73.31,2,Home & Garden,Tools
TXNZBGFDENODA,CUST18517026,2025-11-25 20:15:15,75.94,5,Automotive,Cleaning Supplies
TXNVNMKBH1XDS,CUST18517026,2026-01-11 20:15:15,73.1,3,Books,Non-Fiction
TXNC2CLUM5B70,CUST18517026,2026-01-23 20:15:15,99.66,5,Books,Comics
TXNNTWVK0T4LA,CUST18517026,2025-10-12 20:15:15,54.15,1,Food & Beverages,Masala
TXNPG3FS4RMSR,CUST18517026,2025-09-22 20:15:15,61.22,3,Home & Garden,Decor
TXNTXZFZHUI07,CUST18517026,2025-12-14 20:15:15,116.59,5,Books,Comics
TXNVIOKDFJTCK,CUST18517026,2025-10-03 20:15:15,94.71,5,Automotive,Car Accessories
TXN158PHH5SMK,CUST18517026,2025-10-13 20:15:15,92.26,4,Automotive,Parts
TXN0642KW8JFI,CUST18517026,2025-09-05 20:15:15,111.15,5,Home & Garden,Tools
TXN6T2OTIYHSZ,CUST65643762,2025-10-25 20:15:15,191.67,4,Food & Beverages,Masala
TXNLDYEI5DH9I,CUST65643762,2025-11-23 20:15:15,121.66,5,Electronics,Smart Watch
TXN9C8DWMKKUS,CUST65643762,2025-12-15 20:15:15,217.52,1,Books,Magazines
TXN3P9UYZ97U3,CUST65643762,2026-02-16 20:15:15,221.44,5,Food & Beverages,Masala
TXNXWDLOLOJRY,CUST65643762,2025-10-02 20:15:15,103.08,2,Toys & Games,LEGO
TXNGYE6R35CJ5,CUST65643762,2025-10-06 20:15:15,206.77,5,Food & Beverages,Gourmet Food
TXNS1PQ6OHY5I,CUST65643762,2025-09-29 20:15:15,226.4,5,Toys & Games,Video Games
TXNWNRQE1TZW3,CUST65643762,2026-01-23 20:15:15,228.94,4,Office Supplies,Printer
TXNVV8CTEJEQG,CUST65643762,2026-01-02 20:15:15,236.96,5,Automotive,Tools
TXN60HIEQKYNQ,CUST65643762,2025-10-31 20:15:15,212.83,5,Toys & Games,LEGO
TXNWUIUIA12KK,CUST65643762,2025-12-14 20:15:15,246.04,3,Toys & Games,Action Figures
TXN84N8T2LTV8,CUST65643762,2025-10-08 20:15:15,132.71,3,Books,Comics
TXNAMYIXEVZ0E,CUST65643762,2025-10-24 20:15:15,277.33,4,Electronics,Smartphone
TXNRC9QW78JYP,CUST65643762,2026-02-16 20:15:15,82.12,4,Clothing,Shoes
TXNMR4PQZUQOO,CUST65643762,2026-02-21 20:15:15,238.21,5,Clothing,Jacket
TXNN0OUZE1ZPK,CUST65643762,2025-11-28 20:15:15,135.17,5,Clothing,Dress
TXN0AWRMX0SII,CUST65643762,2026-02-04 20:15:15,260.23,4,Office Supplies,Furniture
TXN56P0H87FU0,CUST65643762,2026-01-02 20:15:15,230.4,2,Food & Beverages,Organic Products
TXNRV9MO1ATYW,CUST76619788,2025-09-20 20:15:15,164.16,4,Toys & Games,Board Games
TXNRCW32LEA5T,CUST76619788,2025-08-01 20:15:15,180.62,3,Sports & Outdoors,Camping Gear
TXNCEO1XIDWN0,CUST76619788,2025-07-23 20:15:15,170.39,3,Automotive,Helmet
TXNIDVL7KIFA1,CUST76619788,2025-07-12 20:15:15,239.8,3,Electronics,Speaker
TXN7PYTQIUONZ,CUST62432871,2025-04-22 20:15:15,47.62,5,Clothing,Accessories
TXNFDEQGS9XLW,CUST32298341,2025-11-26 20:15:15,120.62,3,Electronics,Smart Watch
TXNPTBXY2CCVF,CUST32298341,2025-08-27 20:15:15,148.59,1,Automotive,Parts
TXNPDFYCT6440,CUST32298341,2025-12-02 20:15:15,55.66,3,Clothing,Kurta
TXNB379IIFO8L,CUST32298341,2025-09-07 20:15:15,79.39,3,Electronics,Headphones
TXNXI08MADZIP,CUST32298341,2025-08-17 20:15:15,176.73,5,Books,Textbook
TXNE2RP0DN0RI,CUST32298341,2025-08-04 20:15:15,56.09,4,Clothing,Jeans
TXNEIV25YDE32,CUST32298341,2025-10-04 20:15:15,92.05,5,Office Supplies,Electronics
TXNY24IU1GPY2,CUST32298341,2025-06-22 20:15:15,193.79,2,Health & Beauty,Skincare
TXNWPRVFX9JX9,CUST32298341,2025-08-29 20:15:15,144.17,1,Office Supplies,Stationery
TXNVES45DV3MR,CUST32298341,2025-11-10 20:15:15,179.95,5,Electronics,Headphones
TXN6E49ESZSHR,CUST32298341,2025-07-20 20:15:15,99.07,3,Home & Garden,Bedding
TXNVGCAFOSA7E,CUST32298341,2025-10-21 20:15:15,75.2,2,Clothing,Jacket
TXNXEAGH9XQKK,CUST64332334,2024-10-11 20:15:15,148.03,4,Toys & Games,Action Figures
TXNWC79DJD6FF,CUST81086078,2024-10-05 20:15:15,39.53,5,Toys & Games,Video Games
TXN853GPR9PXJ,CUST81086078,2024-10-12 20:15:15,17.61,2,Toys & Games,LEGO
TXNBKSE6J5CBT,CUST81086078,2024-10-08 20:15:15,34.95,2,Electronics,Laptop
TXN2HDQILXEW7,CUST81086078,2024-10-11 20:15:15,26.17,5,Books,Textbook
TXNMQO93FKPDJ,CUST91598276,2025-08-05 20:15:15,199.72,5,Food & Beverages,Snacks
TXNVJ7X0UZIHN,CUST91598276,2025-06-20 20:15:15,255.29,1,Food & Beverages,Organic Products
TXN9MOYNM5ZBO,CUST91598276,2025-02-26 20:15:15,179.64,2,Home & Garden,Furniture
TXNXFRISSZZE2,CUST91598276,2025-01-09 20:15:15,265.06,2,Clothing,Shoes
TXNIW77H20XDY,CUST91598276,2025-03-11 20:15:15,182.06,1,Office Supplies,Furniture
TXNGBNAJWGQKZ,CUST91598276,2025-01-27 20:15:15,249.0,3,Home & Garden,Mixer
TXNX96KK9WDB2,CUST91598276,2025-06-30 20:15:15,246.64,4,Electronics,Speaker
TXN8B711R46DO,CUST91598276,2025-07-20 20:15:15,233.43,3,Home & Garden,Furniture
TXNVL7KZFAYER,CUST71762593,2025-01-23 20:15:15,386.01,1,Home & Garden,Kitchen Appliances
TXNUTZYY0415X,CUST71762593,2024-09-05 20:15:15,552.75,5,Sports & Outdoors,Fitness Equipment
TXNSC87M8ARY0,CUST71762593,2024-04-23 20:15:15,385.42,3,Health & Beauty,Makeup
TXN4CUHQQPE2I,CUST71762593,2026-02-01 20:15:15,441.6,2,Food & Beverages,Snacks
TXNRICTH8BFQU,CUST71762593,2024-10-06 20:15:15,202.73,1,Clothing,Kurta
TXNCZH2WPGOIS,CUST71762593,2025-07-27 20:15:15,441.72,3,Home & Garden,Mixer
TXN8DBPTQTCDK,CUST71762593,2025-08-22 20:15:15,472.37,1,Home & Garden,Decor
TXNHJ16AWGFP3,CUST71762593,2025-01-13 20:15:15,319.09,1,Automotive,Helmet
TXNSCQRSKHZF4,CUST71762593,2025-03-13 20:15:15,498.58,5,Automotive,Cleaning Supplies
TXNCE2IGDWIRX,CUST71762593,2024-08-12 20:15:15,254.96,2,Office Supplies,Stationery
TXNQGCG797FSG,CUST71762593,2026-01-10 20:15:15,258.36,5,Clothing,Jeans
TXNXBF6RULTSX,CUST71762593,2024-11-07 20:15:15,405.23,5,Home & Garden,Kitchen Appliances
TXNJQHGC495YK,CUST71762593,2024-10-10 20:15:15,399.1,3,Toys & Games,LEGO
TXNGMHCIU67PD,CUST71762593,2024-06-29 20:15:15,303.34,1,Sports & Outdoors,Sportswear
TXNC73OK4CZRV,CUST71762593,2025-12-16 20:15:15,228.48,2,Office Supplies,Furniture
TXNAFCPLURWYK,CUST71762593,2025-12-07 20:15:15,489.7,4,Office Supplies,Electronics
TXN5EJSGC1LXX,CUST71762593,2025-10-13 20:15:15,190.87,1,Toys & Games,LEGO
TXNLG6IQ5JZS1,CUST71762593,2024-05-14 20:15:15,410.02,2,Health & Beauty,Personal Care
TXNTH4N3ZH8HC,CUST71762593,2025-11-18 20:15:15,270.43,5,Books,Magazines
TXNZDP7VY71JR,CUST71762593,2025-05-07 20:15:15,391.25,4,Sports & Outdoors,Camping Gear
TXNG7RK5RG1F6,CUST71762593,2025-06-05 20:15:15,348.22,4,Office Supplies,Stationery
TXNJFQ6BFDHLY,CUST71762593,2026-02-19 20:15:15,540.81,1,Toys & Games,Board Games
TXNXI9BTG49EG,CUST71762593,2024-09-02 20:15:15,513.28,2,Home & Garden,Furniture
TXNUGU7MCK6G6,CUST71762593,2025-11-25 20:15:15,343.31,1,Clothing,Shoes
TXN6O0U5U91GO,CUST71762593,2024-10-29 20:15:15,488.63,4,Food & Beverages,Gourmet Food
TXNK7R3NJQZZN,CUST71762593,2025-07-01 20:15:15,160.27,4,Health & Beauty,Makeup
TXNXZPE9JL6TV,CUST71762593,2024-09-08 20:15:15,347.25,3,Books,Magazines
TXNWC6RI9PEWC,CUST71762593,2025-01-31 20:15:15,332.44,3,Sports & Outdoors,Yoga Mat
TXNTBBHURY451,CUST71762593,2024-09-09 20:15:15,139.81,1,Home & Garden,Furniture
TXN3HQ7UJL1DZ,CUST71762593,2024-06-24 20:15:15,313.22,3,Sports & Outdoors,Bicycle
TXNTJ0AX562SY,CUST71762593,2024-09-11 20:15:15,488.06,1,Clothing,Accessories
TXNWQXOHB78CG,CUST71762593,2024-07-04 20:15:15,381.78,2,Clothing,Jeans
TXNQ3EAQGPW64,CUST71762593,2024-08-25 20:15:15,419.62,2,Electronics,Laptop
TXNS6JUFR5VYZ,CUST71762593,2025-04-06 20:15:15,243.03,4,Sports & Outdoors,Fitness Equipment
TXN8J7I32YXEQ,CUST71762593,2024-12-21 20:15:15,264.25,5,Home & Garden,Furniture
TXNJFIS0KHX9X,CUST71762593,2025-10-22 20:15:15,348.52,4,Toys & Games,LEGO
TXNGPY7BD9LMF,CUST71762593,2025-04-23 20:15:15,399.95,1,Electronics,Camera
TXNN5WPJRDJB4,CUST71762593,2025-08-05 20:15:15,428.03,3,Toys & Games,LEGO
TXNOH4CX6N0WY,CUST71762593,2025-08-29 20:15:15,365.77,3,Clothing,T-Shirt
TXNEJDAFVFQ01,CUST71762593,2025-12-19 20:15:15,301.02,5,Food & Beverages,Organic Products
TXNDYRZJS9GMT,CUST71762593,2024-04-30 20:15:15,305.72,5,Office Supplies,Stationery
TXNWIBIU8O4TE,CUST71762593,2025-06-13 20:15:15,287.59,2,Clothing,Jeans
TXNJ87Q9WP5EG,CUST71762593,2024-05-07 20:15:15,281.92,3,Toys & Games,Video Games
TXN6YKVSYXFKG,CUST71762593,2025-05-30 20:15:15,268.49,1,Automotive,Parts
TXNNERRZQZ78A,CUST71762593,2025-01-29 20:15:15,420.44,3,Books,Fiction
TXNVKRFSPGDLS,CUST71762593,2025-01-19 20:15:15,367.61,1,Clothing,Kurta
TXNDLTBESGEU7,CUST71762593,2024-12-13 20:15:15,419.57,3,Clothing,Jeans
TXNWNY3Q1DKCI,CUST71762593,2024-04-29 20:15:15,330.19,3,Electronics,Smartphone
TXN6FYN75JGFO,CUST71762593,2026-02-23 20:15:15,352.71,5,Office Supplies,Desk Accessories
TXN778V26UR3K,CUST71762593,2025-10-04 20:15:15,162.17,2,Clothing,Jacket
TXN8N8VY7ZO23,CUST58875726,2024-04-24 20:15:15,115.17,3,Food & Beverages,Beverages
TXN9MMLEL7SDB,CUST58578112,2025-04-16 20:15:15,92.68,2,Health & Beauty,Skincare
TXNUNXI7TC1R5,CUST85209512,2024-11-12 20:15:15,75.02,5,Health & Beauty,Ayurveda
TXNQHJL3TCUJI,CUST11188066,2025-11-27 20:15:15,164.85,4,Toys & Games,LEGO
TXNIJ9JAVZXLO,CUST11188066,2025-12-12 20:15:15,195.32,4,Food & Beverages,Gourmet Food
TXNRBNWHW5GHD,CUST11188066,2025-11-27 20:15:15,98.9,4,Books,Educational
TXN9TXU3AAQ6Q,CUST11188066,2025-12-31 20:15:15,184.23,5,Electronics,Laptop
TXNWB01T6FSQY,CUST11188066,2025-12-10 20:15:15,178.32,4,Office Supplies,Stationery
TXNDV0B13MGM0,CUST11188066,2025-12-08 20:15:15,113.26,5,Clothing,Shoes
TXNYXADEPBHIG,CUST11188066,2025-12-01 20:15:15,86.97,4,Toys & Games,Video Games
TXNW1HR1VRD0V,CUST11188066,2025-11-27 20:15:15,140.22,4,Clothing,Jacket
TXNGBQRGWICQ9,CUST11188066,2025-12-16 20:15:15,173.2,4,Home & Garden,Furniture
TXNVR0HL535PG,CUST11188066,2025-12-07 20:15:15,80.46,2,Sports & Outdoors,Sportswear
TXNGGIBFM5BH9,CUST11188066,2025-11-30 20:15:15,80.93,4,Clothing,Jeans
TXNCIBTB3LGLB,CUST11188066,2025-12-31 20:15:15,152.03,2,Health & Beauty,Ayurveda
TXNF3PUYZAC8O,CUST11188066,2025-12-09 20:15:15,134.67,3,Books,Magazines
TXNVCJNYWUBZ7,CUST11188066,2025-11-25 20:15:15,162.46,3,Toys & Games,Video Games
TXN6T6A43VQHZ,CUST11188066,2025-11-29 20:15:15,140.62,2,Books,Educational
TXNCVZ78WMWEJ,CUST11188066,2026-01-05 20:15:15,143.63,2,Sports & Outdoors,Bicycle
TXNVT0VDX9ZZA,CUST11188066,2026-01-03 20:15:15,135.58,1,Electronics,Camera
TXNWLIT69S8Y7,CUST11188066,2025-11-28 20:15:15,130.86,1,Food & Beverages,Organic Products
TXNVRMBHEE4C9,CUST11188066,2025-11-29 20:15:15,154.78,4,Books,Educational
TXN2OFYYSRIME,CUST11188066,2025-11-24 20:15:15,76.86,2,Food & Beverages,Snacks
TXNIQK0KBAECJ,CUST11188066,2025-12-06 20:15:15,127.54,3,Home & Garden,Kitchen Appliances
TXN4TM386GWOO,CUST11188066,2025-12-27 20:15:15,112.23,4,Books,Textbook
TXNG5UF7TVP5U,CUST11188066,2026-01-04 20:15:15,110.01,2,Office Supplies,Desk Accessories
TXNOIMMOWPR6F,CUST11188066,2025-12-28 20:15:15,153.62,2,Office Supplies,Electronics
TXNUSO23NJMK6,CUST11188066,2025-12-22 20:15:15,160.96,2,Automotive,Car Accessories
TXNE7HXHZGV2Q,CUST74400724,2025-05-14 20:15:15,132.07,2,Sports & Outdoors,Yoga Mat
TXN1GPQV4IQKP,CUST64137484,2026-01-09 20:15:15,603.53,5,Electronics,Smart Watch
TXNJRJ8ZCW40E,CUST64137484,2024-10-28 20:15:15,525.76,3,Books,Educational
TXNJK95NCEXPS,CUST64137484,2026-01-03 20:15:15,277.32,5,Office Supplies,Electronics
TXNTUQLY8BYHN,CUST64137484,2024-12-10 20:15:15,449.09,5,Toys & Games,Action Figures
TXNKDDWURYOYP,CUST64137484,2025-08-12 20:15:15,549.58,5,Home & Garden,Tools
TXNLCPDJAW9Z2,CUST64137484,2025-01-27 20:15:15,507.0,2,Toys & Games,Board Games
TXNZUFJQ99D9H,CUST64137484,2025-05-16 20:15:15,615.09,3,Books,Magazines
TXNY69BV3EH89,CUST64137484,2026-02-06 20:15:15,529.89,5,Home & Garden,Mixer
TXN0EVU5MPPL2,CUST64137484,2024-10-09 20:15:15,499.61,5,Automotive,Cleaning Supplies
TXN3D6H8B44RD,CUST64137484,2025-06-03 20:15:15,369.48,1,Clothing,Shoes
TXN6YDY9JTSAD,CUST64137484,2025-07-18 20:15:15,436.51,1,Automotive,Car Accessories
TXN9G75JUDEXK,CUST64137484,2025-01-16 20:15:15,634.3,2,Food & Beverages,Masala
TXNJPAVS8FB3D,CUST64137484,2024-10-11 20:15:15,440.93,1,Clothing,Jacket
TXNLFZ7FRHG9O,CUST64137484,2025-12-22 20:15:15,601.98,5,Books,Educational
TXNZYXIHUYSNU,CUST64137484,2025-03-19 20:15:15,229.73,1,Books,Textbook
TXNB792SM0GYO,CUST64137484,2026-02-14 20:15:15,364.74,1,Food & Beverages,Gourmet Food
TXN3P3PNEBBER,CUST64137484,2025-04-04 20:15:15,250.42,2,Toys & Games,LEGO
TXNX8FVPCLDX7,CUST64137484,2026-02-06 20:15:15,153.72,1,Books,Magazines
TXNBANZ9MERR0,CUST64137484,2025-11-13 20:15:15,218.99,2,Food & Beverages,Organic Products
TXN4FK71B6LSK,CUST64137484,2024-12-31 20:15:15,461.34,4,Food & Beverages,Gourmet Food
TXN7NHBCY0W9Q,CUST64137484,2025-03-28 20:15:15,696.93,4,Food & Beverages,Gourmet Food
TXNIZSE8LA0PJ,CUST64137484,2025-11-06 20:15:15,251.93,4,Health & Beauty,Skincare
TXNPTS8QH8ULC,CUST64137484,2025-08-21 20:15:15,488.46,2,Toys & Games,Board Games
TXN03XSLNGXVI,CUST64137484,2025-11-25 20:15:15,452.41,1,Clothing,Jeans
TXNHQC4V6P26V,CUST64137484,2025-12-21 20:15:15,492.53,2,Books,Educational
TXNRGUU96WYG7,CUST64137484,2024-12-10 20:15:15,452.78,4,Automotive,Helmet
TXN0A8CLV5JAY,CUST64137484,2025-10-14 20:15:15,386.86,3,Toys & Games,Action Figures
TXNZ7TNTHZYWJ,CUST64137484,2025-04-08 20:15:15,158.84,2,Sports & Outdoors,Bicycle
TXNBVP5E2QX8B,CUST64137484,2025-12-27 20:15:15,567.99,3,Toys & Games,Board Games
TXNXSZ6MS935I,CUST64137484,2025-12-05 20:15:15,634.31,3,Toys & Games,Board Games
TXNPGXTP1QX2K,CUST64137484,2025-03-26 20:15:15,480.85,2,Automotive,Helmet
TXNG7X4O7EZJ9,CUST64137484,2024-10-04 20:15:15,492.82,5,Electronics,Speaker
TXN9LDJRUSUKA,CUST64137484,2025-05-14 20:15:15,287.59,4,Sports & Outdoors,Bicycle
TXNSPJXB5C241,CUST64137484,2025-06-30 20:15:15,412.31,4,Sports & Outdoors,Yoga Mat
TXNTWSA8GH5TO,CUST64137484,2024-12-09 20:15:15,562.45,3,Health & Beauty,Personal Care
TXNPCH8SE8U7K,CUST64137484,2025-11-07 20:15:15,337.77,3,Food & Beverages,Snacks
TXN7NUZO908XF,CUST64137484,2026-01-19 20:15:15,469.13,1,Health & Beauty,Ayurveda
TXNQAC8DK6RV8,CUST64137484,2025-06-30 20:15:15,797.89,3,Food & Beverages,Gourmet Food
TXNN2XYE98CHH,CUST64137484,2025-12-12 20:15:15,516.49,2,Electronics,Laptop
TXNX23KWEPBHY,CUST64137484,2025-11-29 20:15:15,321.21,1,Sports & Outdoors,Camping Gear
TXNKFI6FL9YX8,CUST64137484,2025-09-30 20:15:15,890.97,4,Food & Beverages,Beverages
TXN7VY6R7V4GI,CUST64137484,2025-03-25 20:15:15,539.51,3,Electronics,Smartphone
TXN66XDZKXF4P,CUST64137484,2025-01-17 20:15:15,365.65,5,Toys & Games,Action Figures
TXNBPAKI9PVCB,CUST64137484,2024-12-11 20:15:15,470.63,1,Automotive,Car Accessories
TXNE0924EGXN8,CUST58323624,2024-12-19 20:15:15,58.72,5,Food & Beverages,Organic Products
TXNUAPG4UX7F0,CUST58323624,2024-11-27 20:15:15,90.39,4,Electronics,Headphones
TXNVT827DYA5V,CUST91819131,2025-07-10 20:15:15,338.72,1,Toys & Games,LEGO
TXNCPV2ZI84EV,CUST91819131,2025-05-08 20:15:15,168.88,3,Office Supplies,Electronics
TXNF5A2ET1EKN,CUST91819131,2024-04-14 20:15:15,154.55,2,Automotive,Tools
TXNWTKK6FJPZV,CUST91819131,2025-01-15 20:15:15,344.22,5,Clothing,T-Shirt
TXNGOML475668,CUST91819131,2024-07-03 20:15:15,445.31,1,Health & Beauty,Personal Care
TXNS9NBTIF0I0,CUST91819131,2024-09-01 20:15:15,312.78,4,Books,Non-Fiction
TXNERAYJMOM3U,CUST91819131,2025-05-19 20:15:15,410.86,4,Automotive,Parts
TXNGK115DI3LZ,CUST91819131,2025-08-01 20:15:15,176.0,1,Food & Beverages,Snacks
TXN16EYB3VMV6,CUST91819131,2025-05-01 20:15:15,305.77,2,Sports & Outdoors,Fitness Equipment
TXNVEPJNF52FZ,CUST91819131,2024-06-17 20:15:15,359.39,3,Books,Magazines
TXNAVC7ZU2356,CUST91819131,2024-06-11 20:15:15,227.46,5,Books,Fiction
TXNYZXB6XUFPH,CUST91819131,2025-10-20 20:15:15,191.83,4,Sports & Outdoors,Sportswear
TXNZ3XRJOZI7K,CUST91819131,2024-08-21 20:15:15,259.97,1,Electronics,Smart Watch
TXN9Q16QNSSPB,CUST91819131,2025-02-13 20:15:15,296.78,5,Clothing,T-Shirt
TXNHJKST3JSMC,CUST91819131,2024-12-08 20:15:15,250.14,1,Books,Educational
TXN3S48E2LM55,CUST84837284,2025-12-30 20:15:15,186.67,5,Food & Beverages,Masala
TXNHXO6QCUOZL,CUST84837284,2026-01-16 20:15:15,109.67,5,Clothing,Dress
TXN8HWNEL4WXR,CUST84837284,2026-02-01 20:15:15,191.43,5,Toys & Games,Board Games
TXNAY6WKEU5H6,CUST84837284,2026-01-19 20:15:15,215.64,5,Clothing,Dress
TXNPXC4WJUET9,CUST84837284,2025-12-27 20:15:15,190.24,5,Clothing,T-Shirt
TXNI0XOMQGVNS,CUST84837284,2026-01-27 20:15:15,134.59,4,Health & Beauty,Makeup
TXN3S8TA5O2EW,CUST84837284,2026-01-09 20:15:15,90.67,3,Sports & Outdoors,Yoga Mat
TXNE1B0MO7BFO,CUST84837284,2026-01-21 20:15:15,180.71,2,Health & Beauty,Makeup
TXNHZ7B9FFWLS,CUST84837284,2025-12-28 20:15:15,145.55,5,Office Supplies,Furniture
TXNON24N925DC,CUST84837284,2026-01-16 20:15:15,261.06,1,Toys & Games,Video Games
TXN9RZDHNPO1X,CUST84837284,2025-12-22 20:15:15,250.46,4,Books,Educational
TXNB3SBEHXQMH,CUST84837284,2026-01-19 20:15:15,77.27,4,Toys & Games,Puzzles
TXNY1M2E3ZT6U,CUST84837284,2026-01-27 20:15:15,161.75,4,Books,Textbook
TXN4IN7CRHJD5,CUST84837284,2026-01-26 20:15:15,135.71,5,Sports & Outdoors,Fitness Equipment
TXN3QVZKJQN36,CUST84837284,2026-01-26 20:15:15,113.11,2,Home & Garden,Kitchen Appliances
TXNCPZLGG0Y3O,CUST84837284,2026-01-14 20:15:15,166.77,3,Food & Beverages,Snacks
TXNZSTI85CPSV,CUST84837284,2026-01-14 20:15:15,134.03,4,Toys & Games,Action Figures
TXNOTS7MFHNFE,CUST84837284,2026-01-12 20:15:15,127.54,5,Books,Educational
TXNQHG5XA4J7Y,CUST84837284,2026-01-19 20:15:15,122.05,1,Books,Magazines
TXNEPEF6YFWEI,CUST84837284,2026-01-13 20:15:15,245.61,5,Food & Beverages,Beverages
TXN5SUT89AXCK,CUST85388380,2024-10-17 20:15:15,28.38,1,Automotive,Helmet
TXNAB3L9M7HVI,CUST85388380,2024-10-17 20:15:15,29.61,2,Toys & Games,Board Games
TXNRQ6VYI7NVI,CUST85388380,2024-11-04 20:15:15,41.6,2,Home & Garden,Decor
TXNQMQOPX1910,CUST85388380,2024-10-09 20:15:15,27.31,3,Food & Beverages,Beverages
TXN5GFWCIYCNJ,CUST85388380,2024-10-19 20:15:15,33.08,5,Automotive,Cleaning Supplies
TXNJ7ZJWHZJGW,CUST37810951,2025-06-20 20:15:15,58.86,1,Toys & Games,Board Games
TXN7WT8CTJIAM,CUST37810951,2025-07-07 20:15:15,63.98,2,Automotive,Parts
TXN28N53OBAFX,CUST37810951,2025-11-09 20:15:15,77.93,5,Office Supplies,Stationery
TXNDGG3YAAN0O,CUST37810951,2025-06-12 20:15:15,79.69,3,Electronics,Smartphone
TXNDO3VPPXD5G,CUST37810951,2024-12-20 20:15:15,92.0,1,Food & Beverages,Beverages
TXNJR0YKWS8VP,CUST37810951,2025-04-10 20:15:15,99.34,2,Clothing,Jeans
TXNHMZOJFEH9L,CUST37810951,2025-04-06 20:15:15,73.98,3,Office Supplies,Desk Accessories
TXND1BAMSHBLP,CUST37810951,2025-02-02 20:15:15,99.54,1,Electronics,Speaker
TXN01DWFZ67NY,CUST37810951,2025-09-14 20:15:15,56.62,1,Health & Beauty,Ayurveda
TXNVSGIRRNUKG,CUST37810951,2025-09-14 20:15:15,91.11,2,Sports & Outdoors,Sportswear
TXNATKR404MGQ,CUST37810951,2025-03-06 20:15:15,58.6,5,Health & Beauty,Supplements
TXNK5EZJM2TUM,CUST37810951,2025-02-10 20:15:15,59.38,4,Sports & Outdoors,Bicycle
TXN0X10PLTTNZ,CUST37810951,2025-06-08 20:15:15,98.44,2,Sports & Outdoors,Sportswear
TXNCRX5NZZY0D,CUST37810951,2025-05-17 20:15:15,24.82,2,Automotive,Cleaning Supplies
TXNEBJ8L85LSW,CUST37810951,2025-07-24 20:15:15,90.12,5,Toys & Games,Board Games
TXN38ZK6EUK7T,CUST37810951,2024-10-31 20:15:15,79.66,5,Clothing,Accessories
TXNOJ9K7A5LZX,CUST37810951,2024-12-10 20:15:15,78.98,1,Home & Garden,Mixer
TXNQ6RTR79BI3,CUST37810951,2025-09-05 20:15:15,111.68,3,Office Supplies,Stationery
TXN2UMR9LRHE9,CUST37810951,2025-11-03 20:15:15,50.98,3,Home & Garden,Furniture
TXN3OMCK22WHZ,CUST37810951,2025-12-17 20:15:15,48.64,2,Health & Beauty,Ayurveda
TXN8O4YF3V3AL,CUST37810951,2025-03-11 20:15:15,100.21,1,Books,Textbook
TXN3ZWIR13J7D,CUST37810951,2025-10-30 20:15:15,70.42,2,Clothing,Dress
TXNQAAMYTMNQI,CUST37810951,2024-12-07 20:15:15,102.54,2,Home & Garden,Mixer
TXN73FOM507JF,CUST79653189,2025-10-12 20:15:15,196.86,1,Sports & Outdoors,Sportswear
TXNEPLPFEFORQ,CUST79653189,2025-10-26 20:15:15,180.67,5,Electronics,Camera
TXN3G0IWFLQ96,CUST79653189,2025-11-25 20:15:15,154.11,4,Automotive,Cleaning Supplies
TXNEO5IA79434,CUST79653189,2025-12-01 20:15:15,151.92,4,Health & Beauty,Supplements
TXNYMJ669A3RC,CUST79653189,2025-11-10 20:15:15,262.33,2,Automotive,Helmet
TXN9BO3VKWUTU,CUST79653189,2025-11-09 20:15:15,134.2,5,Sports & Outdoors,Yoga Mat
TXN2HEZOBJ16W,CUST79653189,2025-11-17 20:15:15,215.68,4,Sports & Outdoors,Camping Gear
TXN4ZVMCVXZYF,CUST79653189,2025-10-27 20:15:15,118.87,5,Office Supplies,Printer
TXNWGRZFBAV8Y,CUST79653189,2025-10-14 20:15:15,120.38,3,Toys & Games,LEGO
TXNM9ZAVSNDN0,CUST79653189,2025-10-31 20:15:15,173.38,5,Electronics,Headphones
TXNZO4Y1HTRF5,CUST98152066,2025-09-15 20:15:15,216.26,2,Sports & Outdoors,Yoga Mat
TXN39FRX1ZRXI,CUST98152066,2025-03-30 20:15:15,291.97,2,Office Supplies,Desk Accessories
TXN7R3C0EYCLK,CUST98152066,2025-04-21 20:15:15,207.77,5,Sports & Outdoors,Yoga Mat
TXNM87LSLGEXY,CUST98152066,2025-09-30 20:15:15,191.37,1,Home & Garden,Kitchen Appliances
TXNYPOVOWU67R,CUST98152066,2025-04-29 20:15:15,140.17,4,Office Supplies,Furniture
TXN4BIIJWH3WI,CUST98152066,2025-08-30 20:15:15,385.53,4,Home & Garden,Mixer
TXNRF9RX9VNOY,CUST98152066,2025-06-27 20:15:15,125.92,1,Clothing,Dress
TXNPS8GK9RAIG,CUST98152066,2025-12-30 20:15:15,438.51,2,Home & Garden,Tools
TXN084K54XHG7,CUST98152066,2025-12-05 20:15:15,272.22,2,Sports & Outdoors,Bicycle
TXNZL0XCAY0UR,CUST98152066,2025-10-22 20:15:15,257.24,2,Clothing,Jacket
TXNZOJUJIRWJJ,CUST98152066,2025-09-04 20:15:15,124.18,3,Toys & Games,Video Games
TXNDW4HFG5U9M,CUST98152066,2025-12-16 20:15:15,263.78,2,Office Supplies,Electronics
TXN9QCTZVO3Z2,CUST98152066,2025-05-15 20:15:15,121.12,1,Automotive,Helmet
TXNELNZLXMJUW,CUST98152066,2025-04-27 20:15:15,215.43,1,Office Supplies,Stationery
TXNHS8FHRXM1K,CUST98152066,2025-05-03 20:15:15,301.34,1,Food & Beverages,Masala
TXNSFSK67KQC2,CUST98152066,2025-08-30 20:15:15,128.56,5,Food & Beverages,Gourmet Food
TXNL0GMWN7PRX,CUST98152066,2025-08-27 20:15:15,271.12,4,Home & Garden,Tools
TXNC2HT5B4YKZ,CUST98152066,2025-04-09 20:15:15,202.01,2,Sports & Outdoors,Sportswear
TXNVY8SU7MKUY,CUST98152066,2025-07-16 20:15:15,264.99,5,Food & Beverages,Masala
TXNI44VFXVEBD,CUST98152066,2025-04-16 20:15:15,135.35,3,Home & Garden,Mixer
TXNDLU7DMPRX3,CUST98152066,2025-11-19 20:15:15,316.82,3,Toys & Games,Action Figures
TXNRZZRHMPRIF,CUST98152066,2025-09-17 20:15:15,273.82,4,Sports & Outdoors,Camping Gear
TXN0BLFS8LD9S,CUST98152066,2025-10-29 20:15:15,169.44,3,Office Supplies,Stationery
TXNP669LF8CAE,CUST98152066,2025-11-02 20:15:15,173.8,2,Clothing,Jacket
TXNYZ6PRQE05V,CUST98152066,2025-03-08 20:15:15,313.0,3,Home & Garden,Furniture
TXNIF3HL5JLE9,CUST98152066,2025-12-04 20:15:15,197.6,2,Electronics,Tablet
TXNEJLMH5GD9V,CUST98152066,2025-07-27 20:15:15,169.37,1,Home & Garden,Mixer
TXN3LNAWMVM1A,CUST98152066,2025-08-25 20:15:15,262.1,4,Automotive,Helmet
TXNQITWN50EP2,CUST98152066,2025-11-22 20:15:15,270.42,2,Books,Educational
TXNXOOQI9FDLM,CUST98152066,2025-07-13 20:15:15,188.86,2,Office Supplies,Desk Accessories
TXNK6886251P4,CUST98152066,2025-08-31 20:15:15,324.01,5,Office Supplies,Furniture
TXN4GQ6AFQ2QJ,CUST98152066,2025-08-21 20:15:15,226.52,3,Home & Garden,Kitchen Appliances
TXNU3D98P4LJN,CUST98152066,2025-04-30 20:15:15,288.69,1,Office Supplies,Desk Accessories
TXNR522G9ADWY,CUST98152066,2025-12-15 20:15:15,288.46,1,Health & Beauty,Supplements
TXNIZ6KN0C57M,CUST98152066,2025-05-19 20:15:15,136.64,4,Electronics,Tablet
TXNFNGYGKW0BK,CUST98152066,2025-09-20 20:15:15,305.38,1,Automotive,Car Accessories
TXNJ8DW667OQV,CUST98152066,2025-06-25 20:15:15,296.18,5,Books,Educational
TXNHZHVPCR7AT,CUST98152066,2025-09-23 20:15:15,249.42,4,Electronics,Tablet
TXNVV2MM4FOBG,CUST98152066,2025-07-16 20:15:15,62.67,4,Food & Beverages,Gourmet Food
TXNTRBAN0F764,CUST98152066,2025-07-26 20:15:15,242.57,3,Food & Beverages,Gourmet Food
TXNHIYZU488BD,CUST33581502,2025-02-20 20:15:15,39.24,1,Books,Textbook
TXN98Y7K3UGWM,CUST33581502,2025-02-08 20:15:15,31.86,3,Toys & Games,Video Games
TXNXCH3TUXDJG,CUST33581502,2025-02-12 20:15:15,51.42,3,Office Supplies,Electronics
TXN1JES87TX2E,CUST33581502,2025-02-20 20:15:15,18.67,5,Automotive,Parts
TXNEIUY4VZABW,CUST33581502,2025-02-13 20:15:15,52.27,2,Books,Comics
TXN0FJN6H93KI,CUST52452076,2025-06-06 20:15:15,236.0,4,Clothing,Accessories
TXN6M6RRQL1B6,CUST52452076,2025-07-27 20:15:15,207.03,1,Health & Beauty,Supplements
TXNMHJPJSYSUB,CUST52452076,2025-06-24 20:15:15,240.25,1,Office Supplies,Electronics
TXNNOGFK7A3EE,CUST52452076,2025-06-04 20:15:15,160.79,2,Food & Beverages,Snacks
TXN54YARKAY1H,CUST52452076,2025-07-18 20:15:15,201.91,3,Clothing,Jacket
TXN3FOAUQL0WV,CUST52452076,2025-07-03 20:15:15,119.7,5,Health & Beauty,Skincare
TXNEUVH8PGRG6,CUST11707111,2025-03-07 20:15:15,19.25,3,Clothing,Shoes
TXNOS5NRJJZES,CUST61596097,2024-06-05 20:15:15,62.32,1,Clothing,Dress
TXNJL2GP67DKU,CUST61596097,2024-08-17 20:15:15,72.74,5,Automotive,Car Accessories
TXNXIC6H2XUNH,CUST61596097,2024-07-21 20:15:15,71.61,5,Food & Beverages,Gourmet Food
TXNE73ZO42FQV,CUST45609272,2024-07-19 20:15:15,89.22,5,Sports & Outdoors,Fitness Equipment
TXNHUBUTKCB45,CUST45609272,2024-08-06 20:15:15,62.24,3,Toys & Games,Action Figures
TXNC8FSEV35L1,CUST45609272,2024-08-09 20:15:15,107.1,3,Health & Beauty,Skincare
TXNTAF9RXDET5,CUST45609272,2024-06-18 20:15:15,95.02,5,Toys & Games,Board Games
TXNSK8EMZSHAW,CUST45609272,2024-10-02 20:15:15,45.47,5,Sports & Outdoors,Camping Gear
TXNORKTO06FG8,CUST23260557,2026-02-18 20:15:15,298.59,3,Home & Garden,Furniture
TXN2W8608ZG2S,CUST23260557,2026-02-12 20:15:15,300.0,3,Home & Garden,Bedding
TXNA4TLJHARV8,CUST23260557,2026-01-31 20:15:15,203.67,2,Books,Fiction
TXNDOETZAO0V9,CUST23260557,2026-02-15 20:15:15,229.67,3,Office Supplies,Stationery
TXN1HNSNXBC3A,CUST23260557,2026-02-14 20:15:15,183.16,3,Health & Beauty,Personal Care
TXNMIOVNXZGG5,CUST23260557,2026-01-25 20:15:15,391.56,2,Automotive,Tools
TXNN5JFDQX5LS,CUST23260557,2026-02-08 20:15:15,339.02,4,Clothing,T-Shirt
TXNDMYISZY8FF,CUST23260557,2026-01-24 20:15:15,208.38,2,Sports & Outdoors,Bicycle
TXNUAS8AHMOL4,CUST23260557,2026-02-16 20:15:15,335.32,5,Clothing,Jeans
TXN7M7QF1M6KC,CUST23260557,2026-01-29 20:15:15,197.82,2,Books,Fiction
TXNNYJCUGWRWA,CUST23260557,2026-02-15 20:15:15,293.44,1,Sports & Outdoors,Bicycle
TXNC6DK5YSVNH,CUST23260557,2026-02-06 20:15:15,245.84,3,Automotive,Tools
TXNQG55KBHOJA,CUST23260557,2026-02-14 20:15:15,222.24,5,Electronics,Laptop
TXNIKVRXTUTK7,CUST23260557,2026-02-10 20:15:15,158.5,5,Automotive,Cleaning Supplies
TXNJX7E0RI3HV,CUST23260557,2026-02-03 20:15:15,188.5,5,Health & Beauty,Personal Care
TXNWOAJTH38SQ,CUST23260557,2026-02-03 20:15:15,270.03,1,Clothing,Jeans
TXNTEBBIP8A6D,CUST23260557,2026-01-26 20:15:15,233.08,3,Sports & Outdoors,Yoga Mat
TXNJIDUL4S1LE,CUST23260557,2026-01-24 20:15:15,205.52,2,Clothing,T-Shirt
TXNOBU6ERLIWU,CUST86197938,2025-03-29 20:15:15,148.79,2,Health & Beauty,Makeup
TXN8T0XGVDQML,CUST86197938,2025-10-12 20:15:15,107.59,2,Toys & Games,Action Figures
TXN7D2YK0J9XP,CUST86197938,2024-12-29 20:15:15,103.62,2,Office Supplies,Electronics
TXN5CI7VW4MQQ,CUST86197938,2025-10-12 20:15:15,86.86,4,Office Supplies,Desk Accessories
TXND4YR54SFG1,CUST86197938,2025-12-12 20:15:15,112.75,1,Sports & Outdoors,Yoga Mat
TXNRSYTQS7X5R,CUST86197938,2025-08-31 20:15:15,122.0,2,Books,Fiction
TXNHPEJAC17PR,CUST86197938,2025-02-09 20:15:15,108.15,5,Clothing,Dress
TXN9OT6LD4F7C,CUST86197938,2025-06-05 20:15:15,121.86,4,Home & Garden,Mixer
TXNIPPG3OL4HF,CUST86197938,2025-06-21 20:15:15,83.06,4,Automotive,Parts
TXNTNZNGR6MRT,CUST86197938,2025-09-21 20:15:15,69.91,4,Home & Garden,Tools
TXN1M2BL5WLK6,CUST86197938,2025-11-30 20:15:15,95.54,5,Electronics,Speaker
TXNVWLBLJX087,CUST86197938,2025-03-09 20:15:15,116.81,4,Health & Beauty,Makeup
TXNLQ85W85AFG,CUST86197938,2024-12-18 20:15:15,135.67,2,Food & Beverages,Beverages
TXNYCB245C5DF,CUST86197938,2024-12-25 20:15:15,173.04,3,Health & Beauty,Supplements
TXNKDNNC0OMYC,CUST86197938,2025-01-23 20:15:15,123.61,1,Automotive,Tools
TXNNJRMBODUIV,CUST86197938,2024-12-22 20:15:15,40.51,4,Office Supplies,Furniture
TXNFBGDQ1HMPV,CUST86197938,2025-11-06 20:15:15,139.99,5,Clothing,Kurta
TXN4HCOU8GYTB,CUST86197938,2025-05-09 20:15:15,116.51,3,Automotive,Cleaning Supplies
TXNWJP75QS03X,CUST86197938,2025-10-04 20:15:15,82.06,5,Electronics,Headphones
TXN0QJDAHCKYA,CUST86197938,2025-04-11 20:15:15,129.17,4,Sports & Outdoors,Fitness Equipment
TXN0MHYK7NIQ6,CUST86197938,2025-07-17 20:15:15,116.68,5,Toys & Games,Video Games
TXNIJ3V4EU1Z5,CUST86197938,2025-10-06 20:15:15,88.56,3,Toys & Games,Board Games
TXNB5YEXB1Y3M,CUST86197938,2025-06-03 20:15:15,107.35,4,Clothing,Jacket
TXN83VOGK2ML8,CUST86197938,2025-07-02 20:15:15,75.75,4,Office Supplies,Stationery
TXNOPRQ29ZVU4,CUST35127369,2025-12-05 20:15:15,174.3,5,Toys & Games,Action Figures
TXN0MLKQ5QSNX,CUST35127369,2026-01-27 20:15:15,112.76,1,Sports & Outdoors,Camping Gear
TXN07W7S31BEJ,CUST35127369,2026-01-17 20:15:15,209.04,2,Home & Garden,Mixer
TXNW21TJSAEEE,CUST35127369,2026-01-03 20:15:15,205.97,4,Automotive,Tools
TXNCYX0SURUJZ,CUST35127369,2025-12-03 20:15:15,248.44,2,Toys & Games,Action Figures
TXNDDV0G67AP3,CUST35127369,2025-11-01 20:15:15,241.16,3,Books,Educational
TXN89F0N3CIN6,CUST35127369,2025-11-20 20:15:15,148.69,5,Toys & Games,Video Games
TXNMOLBW290EV,CUST35127369,2026-01-16 20:15:15,206.87,5,Home & Garden,Mixer
TXNP4C8MX0QTX,CUST35127369,2026-01-19 20:15:15,208.78,2,Automotive,Parts
TXN37WHLSQVWC,CUST35127369,2026-01-13 20:15:15,140.9,4,Office Supplies,Furniture
TXNOR06V5ZZYT,CUST35127369,2025-11-23 20:15:15,235.81,2,Electronics,Smart Watch
TXNPKXRDJ0BNF,CUST90396329,2025-12-25 20:15:15,106.6,2,Electronics,Headphones
TXN69HQHP7BPV,CUST90396329,2025-10-31 20:15:15,94.94,4,Office Supplies,Printer
TXNG8MP8OY07O,CUST90396329,2026-01-05 20:15:15,111.83,3,Clothing,Jeans
TXNFMK3UCJHGD,CUST90396329,2025-11-28 20:15:15,58.22,3,Food & Beverages,Masala
TXNIH1FDS12VH,CUST90396329,2025-12-24 20:15:15,55.22,5,Health & Beauty,Ayurveda
TXNQ87R24QPOL,CUST90396329,2025-10-21 20:15:15,138.36,5,Electronics,Smart Watch
TXN1GP1Q5QTHW,CUST90396329,2025-12-20 20:15:15,94.36,2,Automotive,Parts
TXN51TU7LGWD7,CUST90396329,2025-12-27 20:15:15,74.56,1,Home & Garden,Mixer
TXNI586YNEJ7V,CUST90396329,2025-12-02 20:15:15,60.32,3,Food & Beverages,Organic Products
TXNQMFQO2BARC,CUST90396329,2025-10-22 20:15:15,72.87,3,Clothing,Shoes
TXNDJGAI3U3SG,CUST90396329,2025-10-27 20:15:15,90.6,5,Food & Beverages,Gourmet Food
TXNKKZYUV849A,CUST90396329,2025-11-06 20:15:15,47.36,2,Toys & Games,Puzzles
TXN4U8DSJXU1H,CUST90396329,2026-01-04 20:15:15,141.0,1,Food & Beverages,Beverages
TXNGX908YSU29,CUST90396329,2026-01-26 20:15:15,132.43,3,Automotive,Cleaning Supplies
TXNRMI6LWCCHP,CUST90396329,2025-11-03 20:15:15,89.63,3,Automotive,Tools
TXNEP5DVX5WCF,CUST40976516,2025-12-02 20:15:15,77.45,1,Food & Beverages,Masala
TXNF385NJPVK1,CUST40976516,2025-12-21 20:15:15,43.75,4,Sports & Outdoors,Fitness Equipment
TXNKUOHVMG7LU,CUST40976516,2025-10-07 20:15:15,55.01,5,Food & Beverages,Masala
TXNKF3VAAB68B,CUST40976516,2025-10-26 20:15:15,77.88,5,Sports & Outdoors,Sportswear
TXNQF7LEU3V88,CUST40976516,2025-11-21 20:15:15,49.86,4,Electronics,Laptop
TXNWZYKQEADYG,CUST40976516,2025-11-13 20:15:15,69.0,1,Office Supplies,Furniture
TXNLO1Z7TN134,CUST40976516,2025-11-21 20:15:15,67.28,1,Electronics,Laptop
TXN0SI3A7B97O,CUST40976516,2025-12-25 20:15:15,47.52,4,Home & Garden,Bedding
TXNDV0JHJH4D4,CUST49144108,2026-02-23 20:15:15,192.2,3,Electronics,Smartphone
TXNVCW8XATF19,CUST49144108,2026-01-24 20:15:15,123.77,4,Clothing,Kurta
TXNZD9Q6458J3,CUST49144108,2026-02-11 20:15:15,33.75,1,Home & Garden,Bedding
TXNU4N4RBHUWA,CUST49144108,2026-02-02 20:15:15,161.01,4,Sports & Outdoors,Sportswear
TXN90XOWQH1WH,CUST49144108,2026-01-23 20:15:15,224.66,4,Books,Educational
TXNDIIIQ2FVPC,CUST49144108,2026-02-08 20:15:15,132.9,5,Clothing,T-Shirt
TXN48XWVS63EX,CUST49144108,2026-02-10 20:15:15,248.34,4,Clothing,Dress
TXNGVHY9CY8ZM,CUST49144108,2026-02-23 20:15:15,181.68,2,Books,Comics
TXNVTY0U91GR9,CUST49144108,2026-02-19 20:15:15,272.14,1,Office Supplies,Electronics
TXN6ZZG23WYJG,CUST49144108,2026-01-21 20:15:15,142.15,1,Automotive,Car Accessories
TXNRW08Y45C4D,CUST49144108,2026-01-20 20:15:15,206.07,1,Home & Garden,Kitchen Appliances
TXNOOA9EXUJRM,CUST49144108,2026-02-03 20:15:15,133.74,2,Books,Fiction
TXNGLD81MYPHJ,CUST49144108,2026-01-23 20:15:15,89.62,3,Home & Garden,Bedding
TXNELVNLDYCO5,CUST49144108,2026-02-01 20:15:15,193.19,5,Automotive,Helmet
TXN94PIHEF8IE,CUST49144108,2026-02-09 20:15:15,134.25,1,Sports & Outdoors,Fitness Equipment
TXNI89TWK207C,CUST49144108,2026-02-01 20:15:15,205.99,4,Health & Beauty,Supplements
TXNWOEP3PU7BD,CUST49144108,2026-01-21 20:15:15,236.16,5,Office Supplies,Desk Accessories
TXNVCOL4TU7BJ,CUST49144108,2026-01-23 20:15:15,118.19,3,Automotive,Parts
TXNOTBMGLU03Y,CUST49144108,2026-02-22 20:15:15,261.95,3,Sports & Outdoors,Camping Gear
TXNHYGHLBKMQX,CUST49144108,2026-01-28 20:15:15,133.96,4,Electronics,Speaker
TXN5UG8GI5LI8,CUST58624058,2026-01-17 20:15:15,206.5,4,Office Supplies,Stationery
TXNSL4FSBKMLT,CUST58624058,2026-01-24 20:15:15,210.36,4,Home & Garden,Furniture
TXNQF824LI5TV,CUST58624058,2026-01-23 20:15:15,279.83,4,Toys & Games,Board Games
TXNMDSJ3QVPYP,CUST58624058,2026-01-29 20:15:15,307.57,2,Sports & Outdoors,Camping Gear
TXN8Z0A1RQF7T,CUST58624058,2026-01-26 20:15:15,303.92,1,Electronics,Smart Watch
TXNWC9JZTS4NV,CUST58624058,2026-01-18 20:15:15,207.99,4,Office Supplies,Printer
TXNKUQZ8YUB8O,CUST58624058,2026-01-25 20:15:15,304.71,1,Office Supplies,Stationery
TXNALZT7BMP3F,CUST58624058,2026-01-24 20:15:15,330.35,3,Home & Garden,Furniture
TXNJM6IRYQNU4,CUST58624058,2026-01-29 20:15:15,215.83,4,Automotive,Tools
TXNXHBL1Y9CJC,CUST58624058,2026-01-22 20:15:15,139.7,5,Food & Beverages,Snacks
TXNIH8PY14B0U,CUST58624058,2026-01-19 20:15:15,235.92,2,Automotive,Helmet
TXNN9C4D3DQFI,CUST58624058,2026-01-20 20:15:15,352.91,4,Office Supplies,Desk Accessories
TXNRYIXSX1V1J,CUST58624058,2026-01-16 20:15:15,399.61,2,Health & Beauty,Personal Care
TXN7PSQAMP680,CUST58624058,2026-01-21 20:15:15,94.52,4,Clothing,Dress
TXNEXMNF8ZV55,CUST58624058,2026-01-16 20:15:15,283.78,5,Books,Comics
TXN45UD5P5T98,CUST58624058,2026-01-21 20:15:15,291.85,4,Home & Garden,Furniture
TXN7OXTUETZTN,CUST58624058,2026-01-30 20:15:15,378.14,5,Clothing,T-Shirt
TXNBJL6UMR1JI,CUST58624058,2026-01-30 20:15:15,276.01,4,Food & Beverages,Snacks
TXNIUJ5N8VIAL,CUST58624058,2026-01-20 20:15:15,277.44,1,Books,Magazines
TXNSQMIATTP72,CUST13585625,2025-11-03 20:15:15,92.68,5,Sports & Outdoors,Fitness Equipment
TXNBAU88R5CVS,CUST13585625,2025-11-05 20:15:15,74.04,4,Books,Textbook
TXNXSHL724EQX,CUST13585625,2025-11-02 20:15:15,86.1,2,Books,Textbook
TXNNAPMG9TSGH,CUST13585625,2025-12-09 20:15:15,115.93,4,Automotive,Car Accessories
TXN8WBWWWS8XJ,CUST61717614,2026-02-03 20:15:15,180.03,5,Automotive,Parts
TXNZH2ZFGCU3H,CUST61717614,2026-01-29 20:15:15,378.23,5,Electronics,Laptop
TXN1QR6TJVIB4,CUST61717614,2026-02-06 20:15:15,299.73,4,Office Supplies,Desk Accessories
TXN6NJDCYSM0T,CUST61717614,2026-01-23 20:15:15,147.91,3,Home & Garden,Bedding
TXNW5GZQGC9TM,CUST61717614,2026-01-25 20:15:15,299.88,1,Toys & Games,Action Figures
TXNLMO4QZ5EG5,CUST61717614,2026-01-27 20:15:15,230.61,5,Automotive,Cleaning Supplies
TXNBPOCBSB1BF,CUST61717614,2026-01-22 20:15:15,415.85,3,Clothing,Kurta
TXN855QDRQVG8,CUST61717614,2026-01-28 20:15:15,146.06,1,Toys & Games,LEGO
TXNUF8HU5T3HD,CUST61717614,2026-02-08 20:15:15,267.2,3,Food & Beverages,Snacks
TXND21EFTNC48,CUST61717614,2026-02-02 20:15:15,207.6,4,Home & Garden,Mixer
TXNC9N37ZODEQ,CUST61717614,2026-01-22 20:15:15,335.79,5,Home & Garden,Mixer
TXN78O7VA9LJO,CUST61717614,2026-01-28 20:15:15,356.58,4,Home & Garden,Kitchen Appliances
TXNBSDFN4PQLL,CUST61717614,2026-01-28 20:15:15,163.39,3,Office Supplies,Stationery
TXNYJ89YWYVCB,CUST61717614,2026-01-29 20:15:15,291.86,1,Automotive,Car Accessories
TXNP6J6YXNH67,CUST61717614,2026-01-26 20:15:15,420.52,5,Toys & Games,LEGO
TXNVF74P2BAVD,CUST61717614,2026-01-28 20:15:15,350.14,4,Electronics,Smartphone
TXNET731CYNLD,CUST61717614,2026-02-08 20:15:15,407.9,3,Sports & Outdoors,Yoga Mat
TXNEJJIM082CA,CUST61717614,2026-01-23 20:15:15,307.94,5,Office Supplies,Stationery
TXN2QDW0LPOIC,CUST61717614,2026-01-29 20:15:15,163.67,4,Automotive,Tools
TXNBN2P0SRPGO,CUST61717614,2026-01-25 20:15:15,142.91,3,Home & Garden,Bedding
TXNH8T2Z8K0GQ,CUST61717614,2026-02-04 20:15:15,230.73,3,Sports & Outdoors,Camping Gear
TXN3ZIR5D57TI,CUST61717614,2026-02-02 20:15:15,218.9,3,Automotive,Helmet
TXNK91C9C1QJ6,CUST61717614,2026-02-05 20:15:15,420.32,4,Office Supplies,Electronics
TXNVJ8Z5VLLQ7,CUST61717614,2026-01-23 20:15:15,443.6,4,Books,Textbook
TXNXMJU1HDNV3,CUST61717614,2026-01-30 20:15:15,334.18,3,Clothing,Dress
TXNSWJPT5ASSK,CUST20040035,2025-04-29 20:15:15,231.6,1,Office Supplies,Stationery
TXNVKC334TXDG,CUST20040035,2025-07-17 20:15:15,143.0,1,Sports & Outdoors,Bicycle
TXN4D7NIHMRD9,CUST20040035,2025-10-22 20:15:15,224.81,1,Clothing,Jeans
TXNYL8EG2LWRJ,CUST20040035,2025-11-07 20:15:15,111.63,2,Sports & Outdoors,Yoga Mat
TXNA5B9VTG5XR,CUST20040035,2025-12-08 20:15:15,129.72,2,Books,Fiction
TXN7FAR56M6TC,CUST20040035,2025-07-18 20:15:15,282.96,5,Toys & Games,Action Figures
TXN26N3JJ1JVB,CUST20040035,2025-07-21 20:15:15,212.72,3,Automotive,Parts
TXNA1OHWO1HL6,CUST20040035,2025-07-29 20:15:15,236.57,3,Sports & Outdoors,Bicycle
TXN7SYNI22GHR,CUST51272353,2025-08-06 20:15:15,34.91,5,Office Supplies,Furniture
TXNECTMVOBT5F,CUST51272353,2025-08-31 20:15:15,115.3,5,Books,Fiction
TXNSXTRLFU90I,CUST51272353,2025-12-06 20:15:15,112.68,4,Toys & Games,Puzzles
TXNX7TPEMA4PU,CUST51272353,2025-06-24 20:15:15,177.06,4,Health & Beauty,Supplements
TXNDBAOQE16L7,CUST51272353,2025-08-19 20:15:15,171.48,3,Toys & Games,Video Games
TXNZW3L25C50J,CUST51272353,2025-12-12 20:15:15,168.94,1,Books,Educational
TXN9H3E1DHZ8S,CUST51272353,2025-09-06 20:15:15,138.6,4,Toys & Games,Board Games
TXNWJ8G5JDBK4,CUST51272353,2025-12-16 20:15:15,190.01,5,Home & Garden,Tools
TXNF6XNHPO7K5,CUST51272353,2025-08-01 20:15:15,101.59,2,Books,Magazines
TXNY9A4C35SR8,CUST55887927,2024-06-09 20:15:15,108.87,4,Health & Beauty,Makeup
TXN5BR2ZBF39U,CUST55887927,2025-07-09 20:15:15,181.59,3,Sports & Outdoors,Fitness Equipment
TXNCCRTLDDU57,CUST55887927,2025-04-27 20:15:15,122.72,1,Food & Beverages,Organic Products
TXN3UBNNLICM8,CUST55887927,2025-05-05 20:15:15,165.15,2,Automotive,Cleaning Supplies
TXNCT365BXT17,CUST26404982,2026-01-17 20:15:15,229.35,1,Home & Garden,Bedding
TXN82IYQYB4QT,CUST26404982,2025-12-17 20:15:15,275.3,4,Clothing,T-Shirt
TXN6RPQR2VLF5,CUST26404982,2026-01-29 20:15:15,349.45,3,Electronics,Tablet
TXNL7373LKPJ2,CUST26404982,2025-12-14 20:15:15,371.28,5,Automotive,Helmet
TXNFIIW25AWOB,CUST26404982,2025-11-27 20:15:15,258.65,3,Electronics,Tablet
TXNLYB9G2OZLT,CUST26404982,2025-11-29 20:15:15,155.65,5,Books,Non-Fiction
TXNIVSY5BKEJE,CUST26404982,2025-12-24 20:15:15,192.74,1,Clothing,Dress
TXN7SKXOB9S0P,CUST26404982,2026-01-15 20:15:15,234.53,5,Office Supplies,Electronics
TXNN1BBF2CDTQ,CUST26404982,2025-11-18 20:15:15,303.14,1,Home & Garden,Kitchen Appliances
TXNVJ5PZ5N2HU,CUST26404982,2025-12-13 20:15:15,204.4,3,Automotive,Helmet
TXNT7ITD0R2MY,CUST26404982,2025-11-29 20:15:15,302.12,1,Food & Beverages,Organic Products
TXNHVIK73QKQG,CUST26404982,2026-01-21 20:15:15,288.68,3,Office Supplies,Printer
TXNDV9GIH14LY,CUST26404982,2026-02-05 20:15:15,228.62,4,Office Supplies,Electronics
TXNSM5U1GJWQT,CUST26404982,2026-01-11 20:15:15,115.37,5,Electronics,Camera
TXN8Y7N5CJ2K6,CUST26404982,2025-12-22 20:15:15,305.29,2,Health & Beauty,Supplements
TXNFQL2HD692X,CUST26404982,2026-01-26 20:15:15,130.72,3,Home & Garden,Decor
TXN2MYV83YJE7,CUST26404982,2026-01-14 20:15:15,332.7,3,Food & Beverages,Gourmet Food
TXNPBJZNTXHGQ,CUST12305444,2025-05-22 20:15:15,442.2,1,Food & Beverages,Gourmet Food
TXNW3SEOS5NK7,CUST12305444,2025-05-02 20:15:15,270.18,3,Automotive,Parts
TXN31R2264I69,CUST12305444,2025-07-01 20:15:15,227.04,4,Clothing,T-Shirt
TXNC0DOQ149FT,CUST12305444,2025-07-25 20:15:15,390.57,3,Health & Beauty,Personal Care
TXNHFLIS217G6,CUST12305444,2025-09-06 20:15:15,246.37,3,Automotive,Parts
TXNF3BGYI9KHQ,CUST12305444,2025-07-17 20:15:15,289.85,2,Automotive,Parts
TXNXXY2FKS6C1,CUST12305444,2025-12-01 20:15:15,321.95,5,Electronics,Tablet
TXNWRLVW6BINX,CUST12305444,2025-06-03 20:15:15,203.71,4,Office Supplies,Desk Accessories
TXNSVT7UP68IT,CUST12305444,2025-11-13 20:15:15,390.55,3,Automotive,Tools
TXNB6IKSX7XAE,CUST12305444,2025-06-06 20:15:15,359.84,4,Sports & Outdoors,Yoga Mat
TXNC899564W9M,CUST12305444,2025-06-06 20:15:15,448.99,1,Automotive,Parts
TXNFSHTH8NS3J,CUST12305444,2025-08-24 20:15:15,315.02,3,Books,Comics
TXN0Y0HBSJWJU,CUST12305444,2025-07-12 20:15:15,241.44,2,Clothing,Dress
TXND368RAXYES,CUST12305444,2025-12-28 20:15:15,170.16,1,Sports & Outdoors,Bicycle
TXNGI2L2MGZF6,CUST12305444,2025-10-18 20:15:15,278.78,5,Automotive,Helmet
TXNMA4SACDN7F,CUST12305444,2025-09-05 20:15:15,276.62,2,Clothing,Shoes
TXNJ24HGED0OF,CUST12305444,2025-12-02 20:15:15,370.0,3,Automotive,Car Accessories
TXN0T58Q93HMR,CUST12305444,2025-09-08 20:15:15,253.23,5,Food & Beverages,Masala
TXNXQQI9LMUW6,CUST12305444,2025-05-07 20:15:15,210.04,4,Books,Fiction
TXN6WBWL32BX6,CUST12305444,2025-05-17 20:15:15,124.06,3,Electronics,Laptop
TXNO5G3ABZGWC,CUST30734615,2025-12-01 20:15:15,208.61,2,Books,Magazines
TXND3T0ZOYQTF,CUST30734615,2025-12-01 20:15:15,169.13,1,Office Supplies,Furniture
TXNS6W8LF2JK9,CUST30734615,2025-11-26 20:15:15,189.38,3,Toys & Games,Board Games
TXNUNFCGPH7AF,CUST30734615,2025-12-02 20:15:15,201.91,3,Health & Beauty,Makeup
TXN6KZ4GP3ST5,CUST30734615,2025-11-16 20:15:15,221.19,1,Toys & Games,Board Games
TXNK5FN8GNBPT,CUST30734615,2025-12-16 20:15:15,156.29,4,Clothing,Kurta
TXNJOXT5BNQ79,CUST30734615,2025-12-16 20:15:15,170.74,1,Office Supplies,Furniture
TXNVVIZ6RSIWA,CUST30734615,2025-11-22 20:15:15,308.59,4,Home & Garden,Kitchen Appliances
TXN1YJ2QER87L,CUST30734615,2025-11-24 20:15:15,198.19,2,Clothing,Jacket
TXNBQC17NIKO1,CUST30734615,2025-11-16 20:15:15,261.18,1,Toys & Games,LEGO
TXNDPJLVVNUSB,CUST30734615,2025-12-10 20:15:15,190.12,5,Sports & Outdoors,Camping Gear
TXN0A6TYJYSTS,CUST30734615,2025-12-05 20:15:15,198.42,1,Food & Beverages,Beverages
TXNSKTN6AQ352,CUST30734615,2026-01-02 20:15:15,281.01,3,Automotive,Parts
TXNOSZN5FKS1Y,CUST30734615,2025-12-17 20:15:15,180.78,3,Food & Beverages,Beverages
TXNKW1HJRYB15,CUST30734615,2025-11-18 20:15:15,271.24,4,Food & Beverages,Organic Products
TXNIY26LFFD3O,CUST93893026,2025-02-23 20:15:15,38.67,4,Food & Beverages,Beverages
TXN0E43O2G17S,CUST51154080,2024-07-12 20:15:15,104.91,2,Food & Beverages,Beverages
TXNHLIHSUG6WT,CUST51154080,2025-05-11 20:15:15,77.91,4,Toys & Games,LEGO
TXNFI79AXXAI5,CUST51154080,2024-05-17 20:15:15,146.4,5,Home & Garden,Decor
TXNDA9AGOID5Q,CUST51154080,2025-09-17 20:15:15,96.53,3,Food & Beverages,Beverages
TXNN9QN725YWF,CUST51154080,2025-05-14 20:15:15,108.31,4,Office Supplies,Printer
TXNRGL4XLXPY6,CUST51154080,2025-07-12 20:15:15,99.41,2,Office Supplies,Desk Accessories
TXNVBXCGZQFDQ,CUST51154080,2024-10-31 20:15:15,57.44,3,Automotive,Car Accessories
TXNMT70ZXY4DA,CUST51154080,2024-09-01 20:15:15,119.36,4,Books,Fiction
TXNJZZ8QV3XJ1,CUST51154080,2025-02-16 20:15:15,44.04,2,Clothing,Kurta
TXNAJF8MHEGMH,CUST51154080,2024-09-15 20:15:15,140.82,4,Office Supplies,Furniture
TXNXAW6UI7FRE,CUST19001052,2025-11-22 20:15:15,135.86,3,Toys & Games,LEGO
TXNT74VI5C3QK,CUST19001052,2025-11-15 20:15:15,109.88,2,Clothing,Jeans
TXNXB9ZLVIEG8,CUST19001052,2025-12-09 20:15:15,71.64,1,Automotive,Helmet
TXN690DA89YF1,CUST19001052,2025-12-09 20:15:15,132.33,2,Books,Textbook
TXNDKJAIT677X,CUST19001052,2025-12-26 20:15:15,10.0,2,Health & Beauty,Personal Care
TXNMR2SAEP6OG,CUST19001052,2025-12-21 20:15:15,113.32,2,Office Supplies,Printer
TXNV3QX17CO6Z,CUST19001052,2025-11-15 20:15:15,157.76,1,Books,Educational
TXNV5TSPWNGTV,CUST02125095,2025-09-25 20:15:15,76.83,2,Office Supplies,Printer
TXN1FWU4RJFAE,CUST02125095,2025-11-28 20:15:15,56.99,4,Books,Comics
TXNUENTHQCQOW,CUST02125095,2025-09-29 20:15:15,45.17,1,Electronics,Camera
TXNC46BQHIBUX,CUST25241293,2025-12-18 20:15:15,540.23,4,Electronics,Smart Watch
TXN13YWCYXEN0,CUST25241293,2025-06-29 20:15:15,271.52,4,Office Supplies,Stationery
TXNEMRXNX5ZVY,CUST25241293,2025-02-28 20:15:15,290.73,5,Books,Non-Fiction
TXNR7ESSX56V8,CUST25241293,2025-07-17 20:15:15,261.59,2,Automotive,Car Accessories
TXN8OLD2VIGZH,CUST25241293,2025-09-24 20:15:15,221.37,5,Home & Garden,Decor
TXN6UREIIECBQ,CUST25241293,2025-12-04 20:15:15,77.81,5,Automotive,Helmet
TXNPUEAKSG0YT,CUST25241293,2025-12-20 20:15:15,254.51,3,Office Supplies,Electronics
TXNH3YTWCP8H2,CUST25241293,2025-07-15 20:15:15,301.06,5,Office Supplies,Printer
TXNJ7KFF8PJIM,CUST25241293,2025-09-21 20:15:15,213.31,2,Toys & Games,LEGO
TXNK4CF6YV0R9,CUST25241293,2025-09-10 20:15:15,68.85,1,Books,Educational
TXNJLOGG2UJ1J,CUST25241293,2026-02-09 20:15:15,333.26,1,Clothing,Jeans
TXNT99BMXLQF7,CUST25241293,2025-12-11 20:15:15,307.24,4,Home & Garden,Kitchen Appliances
TXNJNIXXO6UEI,CUST25241293,2026-02-08 20:15:15,448.3,1,Automotive,Parts
TXNFZIAC70111,CUST25241293,2025-11-08 20:15:15,297.48,5,Books,Comics
TXNVOLNBN255C,CUST25241293,2025-07-02 20:15:15,129.89,1,Books,Non-Fiction
TXN8F46U3MQNG,CUST25241293,2025-08-02 20:15:15,428.79,4,Sports & Outdoors,Yoga Mat
TXNBPBIVZJ0I9,CUST25241293,2025-06-28 20:15:15,432.2,4,Sports & Outdoors,Yoga Mat
TXNHQPERAUXAI,CUST25241293,2025-08-04 20:15:15,181.51,1,Food & Beverages,Snacks
TXNC904OU0LOR,CUST25241293,2025-07-30 20:15:15,358.78,2,Clothing,T-Shirt
TXNDBBBN2GT0R,CUST25241293,2025-04-24 20:15:15,442.78,5,Health & Beauty,Skincare
TXN6SO8R10OL9,CUST30398663,2025-10-06 20:15:15,197.65,2,Sports & Outdoors,Yoga Mat
TXN18ORNWQSLU,CUST30398663,2025-06-04 20:15:15,185.44,3,Electronics,Smart Watch
TXNI8K9TID9UL,CUST30398663,2025-05-28 20:15:15,144.35,1,Home & Garden,Kitchen Appliances
TXNAO1X3U9EXJ,CUST30398663,2025-07-26 20:15:15,130.14,4,Electronics,Headphones
TXN74A41LJC95,CUST30398663,2025-05-31 20:15:15,108.55,2,Sports & Outdoors,Camping Gear
TXNX2HI2ADSFF,CUST30398663,2025-05-17 20:15:15,106.77,5,Health & Beauty,Makeup
TXNB7ECDPUKSO,CUST98622615,2025-01-15 20:15:15,49.53,4,Automotive,Tools
TXNUWVU5V53CA,CUST92324249,2025-04-11 20:15:15,115.06,3,Clothing,Shoes
TXNEBADEZBYVR,CUST24183269,2025-08-04 20:15:15,98.07,4,Home & Garden,Mixer
TXNE0GX362AL3,CUST24183269,2025-05-27 20:15:15,90.85,4,Clothing,Jacket
TXN7W7JHJOGNJ,CUST24183269,2025-03-08 20:15:15,99.13,3,Automotive,Car Accessories
TXNH86IX6GNMW,CUST24183269,2025-06-23 20:15:15,138.15,1,Office Supplies,Electronics
TXNFGBYGARUU9,CUST24183269,2026-01-11 20:15:15,125.52,5,Books,Non-Fiction
TXNIV8PMLHY6S,CUST24183269,2025-05-13 20:15:15,41.84,3,Automotive,Tools
TXN0H2CME4HVJ,CUST24183269,2026-01-02 20:15:15,179.79,3,Automotive,Parts
TXN30R58RI0X9,CUST24183269,2024-12-28 20:15:15,138.82,5,Health & Beauty,Ayurveda
TXNFF2GMA2D8N,CUST24183269,2025-01-15 20:15:15,88.34,2,Food & Beverages,Gourmet Food
TXNWKRSCKCZKA,CUST24183269,2025-04-09 20:15:15,103.88,5,Electronics,Laptop
TXNQRI6NVUCPW,CUST24183269,2025-06-19 20:15:15,100.32,3,Office Supplies,Desk Accessories
TXN9615D3T907,CUST24183269,2025-05-28 20:15:15,71.42,4,Electronics,Headphones
TXN68DFOZ4X20,CUST24183269,2025-07-22 20:15:15,91.96,3,Electronics,Speaker
TXNM1VHQ2HTNT,CUST24183269,2025-08-15 20:15:15,72.42,3,Sports & Outdoors,Bicycle
TXN70P8POSNSG,CUST24183269,2025-03-17 20:15:15,132.41,2,Food & Beverages,Beverages
TXNR9JW1XYUKV,CUST24183269,2025-09-18 20:15:15,52.07,3,Electronics,Camera
TXNNIJTVAE4QX,CUST09061624,2025-05-17 20:15:15,115.89,3,Electronics,Smartphone
TXN5VP3PJDMV7,CUST23068345,2025-01-01 20:15:15,161.99,3,Clothing,Accessories
TXNVUHXUW5JIE,CUST23068345,2025-10-20 20:15:15,352.95,4,Sports & Outdoors,Bicycle
TXNT3CRRT0XBG,CUST23068345,2025-07-11 20:15:15,285.27,5,Electronics,Camera
TXNS3O8JYGTZZ,CUST23068345,2025-06-05 20:15:15,265.07,2,Clothing,Accessories
TXNRP45JEYFF6,CUST23068345,2024-05-04 20:15:15,306.34,5,Clothing,Dress
TXNLUJIGJOILX,CUST23068345,2025-12-03 20:15:15,233.3,1,Electronics,Laptop
TXN7AXXRUBZQC,CUST23068345,2025-10-05 20:15:15,219.95,2,Clothing,Dress
TXNAFBDAL97BD,CUST23068345,2024-08-12 20:15:15,221.59,3,Home & Garden,Kitchen Appliances
TXN3HWCNTAZPE,CUST23068345,2026-01-14 20:15:15,198.02,2,Clothing,Dress
TXNRHSHROTI88,CUST23068345,2025-02-28 20:15:15,278.37,5,Electronics,Laptop
TXNJHCRSYBNB3,CUST23068345,2025-07-03 20:15:15,296.72,2,Health & Beauty,Makeup
TXNPU0ZT9L2B8,CUST23068345,2025-03-10 20:15:15,277.46,4,Automotive,Cleaning Supplies
TXN4U87VW8IWT,CUST23068345,2025-11-29 20:15:15,199.6,3,Food & Beverages,Snacks
TXN7VCKFOD744,CUST23068345,2024-07-25 20:15:15,191.31,4,Electronics,Laptop
TXNYVAETJ7GNQ,CUST23068345,2025-04-29 20:15:15,384.99,3,Health & Beauty,Skincare
TXN4DRQ3SUGGA,CUST23068345,2024-02-29 20:15:15,205.25,1,Health & Beauty,Skincare
TXNDJ3FU8DOAP,CUST23068345,2024-12-07 20:15:15,327.47,2,Books,Textbook
TXN5KB6J08BK1,CUST23068345,2024-07-26 20:15:15,203.17,3,Home & Garden,Tools
TXNSXTWTYRQ7X,CUST23068345,2025-11-28 20:15:15,204.93,4,Home & Garden,Tools
TXN2N2W4R0442,CUST23068345,2024-04-15 20:15:15,260.34,4,Sports & Outdoors,Camping Gear
TXN65QB1GZU26,CUST23068345,2025-04-09 20:15:15,336.09,5,Office Supplies,Printer
TXNV2BVZXXUIY,CUST68886583,2025-08-04 20:15:15,160.59,1,Automotive,Cleaning Supplies
TXNOCC2W87IV8,CUST68886583,2025-08-14 20:15:15,118.16,5,Electronics,Headphones
TXN84DHYXUR8U,CUST68886583,2025-06-30 20:15:15,247.67,2,Home & Garden,Furniture
TXNN8HAP2SNEG,CUST00558538,2025-07-23 20:15:15,69.56,3,Office Supplies,Printer
TXNL8Q3WVZMPN,CUST00558538,2025-08-22 20:15:15,60.45,2,Clothing,Accessories
TXN064B2O4I6U,CUST00558538,2025-08-25 20:15:15,77.12,2,Food & Beverages,Snacks
TXNAOVV2ZCZZW,CUST00558538,2025-08-27 20:15:15,44.74,3,Books,Comics
TXN8DIZ4VA0FF,CUST00558538,2025-08-19 20:15:15,80.82,2,Electronics,Smart Watch
TXND3XSOQT2R4,CUST82204381,2025-12-25 20:15:15,69.23,5,Clothing,T-Shirt
TXN84AYTNW4RR,CUST82204381,2025-12-23 20:15:15,120.69,2,Office Supplies,Stationery
TXN5ZKFB02X0D,CUST82204381,2025-12-24 20:15:15,148.91,5,Toys & Games,LEGO
TXN282KOLP83L,CUST82204381,2025-12-20 20:15:15,74.09,1,Food & Beverages,Beverages
TXNSCPV0L9H2F,CUST82204381,2025-12-24 20:15:15,104.42,2,Toys & Games,Board Games
TXNF3R4KBO2YS,CUST82204381,2025-12-19 20:15:15,111.46,4,Electronics,Smart Watch
TXNCF492WZ8QQ,CUST71771826,2025-05-12 20:15:15,86.66,4,Electronics,Smart Watch
TXN3IMX7YV0KE,CUST71771826,2025-11-29 20:15:15,77.81,5,Electronics,Camera
TXNO0SEY7F0IG,CUST71771826,2025-07-11 20:15:15,69.14,5,Sports & Outdoors,Camping Gear
TXNYYFMURMJT5,CUST71771826,2025-12-22 20:15:15,94.77,3,Automotive,Helmet
TXN9IKZY8VHR9,CUST12789590,2024-11-09 20:15:15,83.23,4,Automotive,Cleaning Supplies
TXNBOWEL9836I,CUST92586518,2026-01-08 20:15:15,153.16,4,Clothing,Accessories
TXN3DYOIXYI1D,CUST92586518,2025-10-22 20:15:15,127.9,1,Sports & Outdoors,Camping Gear
TXNV9CMROV8LC,CUST92586518,2025-09-07 20:15:15,258.43,5,Home & Garden,Furniture
TXNYJJHQ0KL7M,CUST92586518,2025-12-14 20:15:15,274.24,5,Electronics,Smartphone
TXNKJUIMAPD8D,CUST92586518,2025-09-10 20:15:15,200.62,1,Sports & Outdoors,Yoga Mat
TXNAK9NF6EPP2,CUST92586518,2025-08-17 20:15:15,106.39,4,Home & Garden,Kitchen Appliances
TXNAFB40DI150,CUST92586518,2025-09-01 20:15:15,159.35,1,Clothing,Shoes
TXNG917BX2N55,CUST92586518,2025-08-27 20:15:15,267.64,3,Toys & Games,Board Games
TXNXM0EPBGZVA,CUST92586518,2025-11-05 20:15:15,222.1,5,Clothing,Kurta
TXNDPL5JV80DD,CUST92586518,2026-01-14 20:15:15,104.92,4,Office Supplies,Desk Accessories
TXN840IGR2GK5,CUST92586518,2025-09-11 20:15:15,219.42,5,Electronics,Camera
TXNMYXTIAXQTH,CUST92586518,2025-08-16 20:15:15,187.75,4,Books,Magazines
TXN2GVDBB5FQB,CUST92586518,2025-09-18 20:15:15,241.33,4,Health & Beauty,Supplements
TXNIHLB9Y9QKN,CUST92586518,2025-11-21 20:15:15,165.59,3,Home & Garden,Furniture
TXN8I87E2M4Y6,CUST92586518,2026-01-26 20:15:15,266.68,1,Sports & Outdoors,Yoga Mat
TXN50LFUNG4A8,CUST92586518,2025-12-22 20:15:15,176.45,1,Electronics,Speaker
TXNJ4JO8ZLPCR,CUST92586518,2025-10-13 20:15:15,21.4,5,Health & Beauty,Ayurveda
TXN8028S35HBJ,CUST92586518,2026-01-29 20:15:15,155.13,5,Automotive,Helmet
TXNEC13GYNUIU,CUST92586518,2025-08-04 20:15:15,205.04,4,Electronics,Laptop
TXNLEA8ACGAOZ,CUST92586518,2026-01-28 20:15:15,198.42,2,Books,Comics
TXN20DTZAP10G,CUST92586518,2025-09-04 20:15:15,162.96,5,Electronics,Smart Watch
TXN437G1B628O,CUST92586518,2025-12-06 20:15:15,101.6,2,Toys & Games,Board Games
TXNOGERHM9P2H,CUST92586518,2026-01-21 20:15:15,256.56,3,Health & Beauty,Ayurveda
TXN95OGW4BC5G,CUST92586518,2025-12-23 20:15:15,283.94,2,Books,Comics
TXNKAWEY3ZITZ,CUST92586518,2025-11-28 20:15:15,136.52,4,Books,Fiction
TXNBC9JZTACC0,CUST97940446,2024-09-13 20:15:15,40.56,3,Sports & Outdoors,Camping Gear
TXNIBBOLO869W,CUST08170521,2025-03-23 20:15:15,78.6,4,Health & Beauty,Supplements
TXNUZM4HOWMJ0,CUST08170521,2025-05-07 20:15:15,41.38,4,Home & Garden,Kitchen Appliances
TXNW8HS2VB3G9,CUST08170521,2024-11-22 20:15:15,73.65,4,Toys & Games,Board Games
TXNN6KGMZ7MW5,CUST08170521,2024-11-14 20:15:15,122.79,2,Toys & Games,Board Games
TXN55EIMV9BAR,CUST08170521,2025-02-09 20:15:15,39.93,1,Sports & Outdoors,Fitness Equipment
TXN4STYC94C2O,CUST08170521,2024-12-05 20:15:15,93.1,3,Electronics,Smart Watch
TXNRC6BT9IGJ4,CUST08170521,2024-11-26 20:15:15,65.44,1,Toys & Games,Puzzles
TXNGNVHT75I53,CUST08170521,2024-12-14 20:15:15,60.69,4,Toys & Games,Board Games
TXNEUXWVKQL6N,CUST08170521,2024-10-18 20:15:15,91.51,1,Health & Beauty,Supplements
TXNV0GJNRTR6L,CUST87155935,2025-01-03 20:15:15,89.28,5,Automotive,Car Accessories
TXN2TQCJD4TV7,CUST87155935,2025-10-24 20:15:15,112.77,5,Automotive,Tools
TXNUJXGT55VQT,CUST87155935,2024-04-13 20:15:15,105.52,2,Books,Textbook
TXNG0GHETCLFT,CUST87155935,2024-09-10 20:15:15,77.7,3,Electronics,Speaker
TXN4W5V9VZTY3,CUST87155935,2025-06-26 20:15:15,150.69,2,Books,Textbook
TXNMRSPPKR8T7,CUST87155935,2025-05-07 20:15:15,125.45,5,Automotive,Tools
TXN2NDZXLPGFN,CUST87155935,2024-03-31 20:15:15,184.63,1,Sports & Outdoors,Sportswear
TXNASXYI87LN5,CUST87155935,2025-03-23 20:15:15,114.84,4,Food & Beverages,Snacks
TXNX0NYVMXWEP,CUST87155935,2024-04-12 20:15:15,106.25,3,Clothing,Accessories
TXN4QOKW6C0QV,CUST87155935,2025-08-28 20:15:15,98.9,3,Food & Beverages,Snacks
TXNBORVKP2LIK,CUST87155935,2024-09-27 20:15:15,100.46,3,Health & Beauty,Ayurveda
TXNKHBMHPPQVF,CUST87155935,2024-06-12 20:15:15,159.9,3,Books,Educational
TXN6ADK2J2UJU,CUST87155935,2025-11-12 20:15:15,91.25,4,Electronics,Tablet
TXNSKV4TZX1WY,CUST87155935,2024-11-10 20:15:15,124.87,1,Electronics,Laptop
TXNLEVM0J8E8P,CUST87155935,2024-11-21 20:15:15,98.39,1,Health & Beauty,Skincare
TXNMX9TI2CT8P,CUST87155935,2025-03-21 20:15:15,67.04,1,Toys & Games,Puzzles
TXNN5CVU1PKBR,CUST87155935,2024-06-01 20:15:15,120.55,2,Health & Beauty,Ayurveda
TXNO3KSIDB0KP,CUST87155935,2024-08-20 20:15:15,58.87,1,Health & Beauty,Makeup
TXN8KP1YOZ16U,CUST87155935,2025-05-25 20:15:15,117.96,3,Sports & Outdoors,Bicycle
TXNJ5S5DR7UWD,CUST87155935,2024-09-20 20:15:15,94.81,5,Clothing,T-Shirt
TXN0DVWKLO45P,CUST87155935,2026-01-22 20:15:15,96.93,1,Electronics,Headphones
TXN58RAP30OQB,CUST87155935,2025-08-09 20:15:15,105.67,3,Office Supplies,Furniture
TXNG3T6E9N27S,CUST87155935,2025-08-23 20:15:15,110.57,3,Books,Educational
TXNP7EMTWKL7W,CUST87155935,2025-12-16 20:15:15,103.07,1,Toys & Games,Board Games
TXNM2H8HLE2JT,CUST87155935,2024-04-10 20:15:15,127.1,1,Health & Beauty,Personal Care
TXNSY3AIKNNKS,CUST87155935,2024-12-21 20:15:15,110.05,2,Health & Beauty,Makeup
TXNO2FDVFF8UJ,CUST87155935,2025-12-02 20:15:15,202.2,5,Toys & Games,Board Games
TXNTV1U7KOOZC,CUST87155935,2024-06-17 20:15:15,73.54,5,Health & Beauty,Skincare
TXNBMEUVCYWDO,CUST87155935,2024-09-29 20:15:15,72.75,1,Books,Magazines
TXN852EWURP93,CUST87155935,2025-10-04 20:15:15,97.12,1,Toys & Games,Puzzles
TXNPDFHSZF4WY,CUST87155935,2025-07-09 20:15:15,81.34,5,Books,Non-Fiction
TXN1PE90LZ7MO,CUST87155935,2024-07-09 20:15:15,149.34,2,Toys & Games,LEGO
TXN74CD7T5N8O,CUST87155935,2025-12-15 20:15:15,167.45,1,Sports & Outdoors,Camping Gear
TXNVRGJ5J2V5D,CUST87155935,2024-06-28 20:15:15,96.6,1,Toys & Games,Board Games
TXN6H4AGI2FUI,CUST87155935,2025-03-16 20:15:15,126.78,5,Automotive,Car Accessories
TXN4U5TXOLSRJ,CUST87155935,2025-03-18 20:15:15,123.32,5,Sports & Outdoors,Fitness Equipment
TXNUBQGN0LIP4,CUST87155935,2024-11-23 20:15:15,94.81,1,Health & Beauty,Personal Care
TXNTC498S7IEZ,CUST27705228,2025-06-21 20:15:15,144.67,1,Sports & Outdoors,Fitness Equipment
TXNS56TVND04J,CUST27705228,2025-04-04 20:15:15,152.43,2,Food & Beverages,Beverages
TXNNHDGSJI2VU,CUST27705228,2025-06-10 20:15:15,60.96,3,Home & Garden,Tools
TXN0DDL28SC9S,CUST27705228,2025-11-08 20:15:15,78.84,5,Toys & Games,Video Games
TXNOHJ5A8D1S3,CUST27705228,2025-10-02 20:15:15,111.36,1,Toys & Games,Board Games
TXNGUZEEMXAEB,CUST27705228,2025-12-03 20:15:15,110.31,2,Automotive,Parts
TXNWQ1ICV14TM,CUST27705228,2025-12-06 20:15:15,124.91,4,Automotive,Tools
TXNJCQC3Y214J,CUST27705228,2025-06-15 20:15:15,88.41,3,Clothing,Dress
TXNDK42WYB80P,CUST27705228,2026-02-07 20:15:15,83.97,5,Sports & Outdoors,Bicycle
TXNUBHXIV2HVA,CUST27705228,2025-09-16 20:15:15,108.82,2,Toys & Games,Board Games
TXNOTMCIGT7I5,CUST27705228,2025-05-06 20:15:15,79.31,1,Books,Magazines
TXNU1GEA9YZRR,CUST27705228,2025-05-30 20:15:15,165.83,2,Food & Beverages,Masala
TXNRDGN73HS65,CUST27705228,2025-09-27 20:15:15,160.15,1,Home & Garden,Mixer
TXN4UXBHY40CZ,CUST27705228,2025-12-28 20:15:15,144.4,1,Books,Comics
TXN73A78YEJY0,CUST27705228,2025-11-20 20:15:15,159.39,2,Clothing,Shoes
TXND3GZUCRR2S,CUST27705228,2025-10-01 20:15:15,106.35,4,Toys & Games,Puzzles
TXNU6AX4JTAVB,CUST27705228,2025-08-16 20:15:15,105.99,1,Health & Beauty,Skincare
TXNAHL0VLOZAQ,CUST27705228,2025-07-30 20:15:15,136.77,4,Food & Beverages,Masala
TXNDFV5KE6RHF,CUST27705228,2025-09-18 20:15:15,150.45,2,Food & Beverages,Organic Products
TXN91Q1J7OEMJ,CUST27705228,2025-10-02 20:15:15,135.29,3,Home & Garden,Furniture
TXNC4EFV83OF6,CUST30242090,2025-08-12 20:15:15,233.81,5,Clothing,T-Shirt
TXNORLU3HJSH2,CUST30242090,2025-06-09 20:15:15,237.56,2,Clothing,Kurta
TXNII2XRYCVR1,CUST30242090,2025-07-23 20:15:15,277.68,1,Clothing,Dress
TXNH1YOPO8WU9,CUST30242090,2025-09-03 20:15:15,285.27,5,Sports & Outdoors,Sportswear
TXNWF0IXY21B8,CUST30242090,2026-01-11 20:15:15,199.86,5,Sports & Outdoors,Camping Gear
TXNYCWC5CG7DT,CUST30242090,2025-07-30 20:15:15,255.35,5,Home & Garden,Kitchen Appliances
TXNW0PXEUUZGZ,CUST30242090,2025-07-18 20:15:15,78.35,1,Books,Educational
TXN7D34WAI6LP,CUST30242090,2025-12-23 20:15:15,107.99,5,Sports & Outdoors,Camping Gear
TXNX6YHRHMRZ0,CUST30242090,2025-10-26 20:15:15,192.3,2,Office Supplies,Stationery
TXN1GVGLBI4JS,CUST30242090,2025-12-12 20:15:15,173.87,2,Electronics,Headphones
TXNUWLY1XL86E,CUST30242090,2025-08-10 20:15:15,327.97,5,Office Supplies,Furniture
TXN71KAHF7PEO,CUST30242090,2025-10-21 20:15:15,195.85,4,Food & Beverages,Beverages
TXNVWFTBZM8I7,CUST30242090,2025-11-27 20:15:15,238.9,3,Books,Fiction
TXNBLDLPEC7E4,CUST30242090,2025-11-18 20:15:15,228.53,1,Clothing,Accessories
TXNSJP5CBPKOU,CUST30242090,2025-09-05 20:15:15,124.31,1,Sports & Outdoors,Sportswear
TXNAD4Z42DA9K,CUST30242090,2025-12-18 20:15:15,233.64,3,Toys & Games,Puzzles
TXN5QPBT7FHPM,CUST30242090,2025-05-17 20:15:15,217.08,3,Home & Garden,Kitchen Appliances
TXN1LHSW6M7OI,CUST30242090,2025-12-02 20:15:15,315.85,3,Automotive,Parts
TXNB0PHZ4EPBL,CUST56214468,2026-01-17 20:15:15,72.22,4,Automotive,Helmet
TXNZV545QGEL5,CUST56214468,2025-10-17 20:15:15,102.77,2,Home & Garden,Furniture
TXNGUW3E3F9I8,CUST56214468,2026-01-12 20:15:15,101.66,1,Health & Beauty,Personal Care
TXNYAXP3WPKJ7,CUST56214468,2026-01-17 20:15:15,64.63,5,Books,Educational
TXNFGCH2TUR35,CUST56214468,2025-12-16 20:15:15,25.64,1,Electronics,Tablet
TXNT22BTHT30B,CUST56214468,2025-11-22 20:15:15,87.54,2,Clothing,Dress
TXNC5YMREUDZ4,CUST56214468,2025-11-09 20:15:15,119.01,5,Books,Comics
TXN24CXN3LTO9,CUST56214468,2025-10-10 20:15:15,94.66,2,Sports & Outdoors,Sportswear
TXNJBEBIDXU5R,CUST56214468,2025-10-31 20:15:15,110.35,5,Office Supplies,Furniture
TXN223TQD6NEU,CUST56214468,2026-01-22 20:15:15,70.15,3,Clothing,Jacket
TXNFDJW7LTNMI,CUST56214468,2025-11-28 20:15:15,106.61,3,Office Supplies,Printer
TXN7G491FY6IY,CUST56214468,2026-01-17 20:15:15,39.81,5,Sports & Outdoors,Sportswear
TXNM2DM70CVR7,CUST56214468,2025-10-09 20:15:15,101.63,5,Office Supplies,Stationery
TXNSJB3GLLQZT,CUST56214468,2025-12-28 20:15:15,43.5,4,Health & Beauty,Makeup
TXNNIWKO76E5N,CUST56214468,2025-12-16 20:15:15,102.12,5,Sports & Outdoors,Fitness Equipment
TXN075XAB6TAQ,CUST56214468,2025-11-19 20:15:15,72.07,2,Health & Beauty,Makeup
TXN8RS20BZLGA,CUST56684776,2025-01-10 20:15:15,179.15,4,Automotive,Car Accessories
TXNPUZQ57CJ57,CUST94142166,2025-06-21 20:15:15,82.88,5,Electronics,Tablet
TXNTBMF1QXTT6,CUST94142166,2025-07-12 20:15:15,111.5,4,Toys & Games,Board Games
TXNY46JMC2BFD,CUST94142166,2025-09-18 20:15:15,94.82,1,Home & Garden,Furniture
TXNLI6BFCIBWJ,CUST12212609,2025-02-09 20:15:15,131.83,1,Automotive,Cleaning Supplies
TXNA2W345C8FZ,CUST19353836,2025-08-23 20:15:15,195.34,2,Sports & Outdoors,Sportswear
TXNNQ1NCBUI1Z,CUST19353836,2026-02-15 20:15:15,163.45,4,Health & Beauty,Makeup
TXN0MFLYDKLZK,CUST19353836,2025-10-03 20:15:15,219.26,4,Health & Beauty,Supplements
TXN6ZVZRWANQP,CUST19353836,2025-12-08 20:15:15,142.67,1,Food & Beverages,Masala
TXNGDPV74TSZ1,CUST19353836,2025-09-28 20:15:15,135.02,1,Food & Beverages,Beverages
TXN97CVRGYLRA,CUST19353836,2025-11-14 20:15:15,105.27,2,Clothing,Accessories
TXN5SVVTRGSZS,CUST19353836,2026-01-20 20:15:15,120.04,4,Health & Beauty,Personal Care
TXNENYYF62K6K,CUST19353836,2025-11-01 20:15:15,133.79,3,Toys & Games,Action Figures
TXNCC83LEM8XT,CUST19353836,2025-10-21 20:15:15,114.23,1,Health & Beauty,Makeup
TXN6MJM68HJTF,CUST19353836,2025-11-01 20:15:15,171.71,1,Health & Beauty,Makeup
TXNFARBIX546S,CUST19353836,2025-10-06 20:15:15,89.8,1,Home & Garden,Tools
TXNTUT34JLTG7,CUST19353836,2025-09-04 20:15:15,106.65,4,Books,Textbook
TXNWWISTAVCGD,CUST19353836,2025-11-29 20:15:15,51.9,2,Automotive,Parts
TXN2WQRRNCQOA,CUST19353836,2025-12-01 20:15:15,114.26,5,Clothing,Jeans
TXN8PQ0L5VHJ5,CUST19353836,2025-10-28 20:15:15,196.73,1,Toys & Games,Video Games
TXN2CQ0A552SF,CUST19353836,2025-10-17 20:15:15,121.84,4,Home & Garden,Furniture
TXNE4AT242QO6,CUST19353836,2025-10-19 20:15:15,107.82,3,Books,Fiction
TXNF08JW6LIEM,CUST19353836,2025-11-24 20:15:15,111.86,3,Office Supplies,Furniture
TXN6GVCEKPPXD,CUST19353836,2026-02-05 20:15:15,159.25,4,Automotive,Tools
TXNCEF9L6LL8N,CUST19353836,2025-09-04 20:15:15,199.33,5,Electronics,Speaker
TXNIRUA7KLE6Y,CUST19353836,2025-09-30 20:15:15,181.88,1,Clothing,Accessories
TXNDP35OMXAE2,CUST92325760,2025-08-10 20:15:15,89.93,2,Books,Fiction
TXN60L3Z7JK37,CUST92325760,2024-05-11 20:15:15,211.5,4,Home & Garden,Decor
TXNBVLLIHW64I,CUST92325760,2024-05-09 20:15:15,194.66,4,Automotive,Parts
TXNV30TU077C2,CUST92325760,2025-02-08 20:15:15,170.24,2,Clothing,Jacket
TXNZGZ8I9Q90O,CUST92325760,2024-05-25 20:15:15,98.48,1,Food & Beverages,Organic Products
TXN8K4C9257W2,CUST92325760,2025-10-31 20:15:15,108.71,1,Electronics,Headphones
TXND7PTGJAQB4,CUST92325760,2025-05-06 20:15:15,114.82,1,Automotive,Car Accessories
TXNWQSNIJBRGV,CUST92325760,2024-09-09 20:15:15,125.16,5,Automotive,Tools
TXNL5ATXCNK7R,CUST92325760,2025-01-13 20:15:15,157.75,4,Toys & Games,Video Games
TXNDWV9SY9TXW,CUST92325760,2025-02-25 20:15:15,27.06,4,Home & Garden,Tools
TXNZVPVTW05TQ,CUST92325760,2024-03-08 20:15:15,91.73,1,Books,Non-Fiction
TXN75ZWO2AEBI,CUST92325760,2024-05-20 20:15:15,138.86,3,Health & Beauty,Skincare
TXNKR59PBRK5H,CUST92325760,2025-03-18 20:15:15,193.23,3,Health & Beauty,Ayurveda
TXNJHW8HF5M2H,CUST92325760,2024-08-24 20:15:15,135.43,3,Books,Fiction
TXNVDQF4SJK90,CUST92325760,2024-05-21 20:15:15,157.51,3,Books,Educational
TXNZOY5F1CIYF,CUST92325760,2024-08-04 20:15:15,198.3,4,Food & Beverages,Beverages
TXNGWVWRJ3L18,CUST92325760,2025-09-14 20:15:15,113.49,3,Office Supplies,Printer
TXNKICB3BJGT5,CUST92325760,2025-03-25 20:15:15,104.0,5,Automotive,Cleaning Supplies
TXNPTXOQZQAYX,CUST92325760,2025-06-01 20:15:15,99.68,3,Clothing,Kurta
TXNXLQN9WHFG8,CUST92325760,2025-11-26 20:15:15,136.72,1,Automotive,Tools
TXN57EDLYTQCS,CUST92325760,2024-11-03 20:15:15,119.99,1,Food & Beverages,Organic Products
TXNKK5Z0SHMHC,CUST92325760,2025-04-29 20:15:15,223.47,1,Clothing,Shoes
TXNAIB4EMOYLK,CUST92325760,2025-11-27 20:15:15,160.02,3,Toys & Games,Puzzles
TXNBCZUWRDP0I,CUST92325760,2025-03-22 20:15:15,179.29,1,Health & Beauty,Skincare
TXN7UUVV06CKP,CUST95897578,2024-08-17 20:15:15,84.09,1,Sports & Outdoors,Fitness Equipment
TXNW8W74UP0UA,CUST95897578,2024-03-08 20:15:15,111.42,4,Sports & Outdoors,Fitness Equipment
TXNY5E26EFRR7,CUST95897578,2025-09-23 20:15:15,102.66,3,Home & Garden,Tools
TXN3H0KC5NQ7U,CUST56422514,2024-07-06 20:15:15,54.43,5,Health & Beauty,Ayurveda
TXN5J017XR7L6,CUST22375807,2024-09-20 20:15:15,34.64,1,Automotive,Car Accessories
TXNZ1PGINJ7N8,CUST22375807,2024-07-25 20:15:15,27.78,4,Toys & Games,Action Figures
TXN4GLJ541BJZ,CUST28509815,2025-12-08 20:15:15,203.24,5,Books,Textbook
TXN56OT8WUJ75,CUST28509815,2025-06-20 20:15:15,290.19,5,Books,Non-Fiction
TXNRFJ4FTLVUL,CUST28509815,2026-02-14 20:15:15,157.18,4,Sports & Outdoors,Sportswear
TXNIFYTGSI2AS,CUST28509815,2025-09-30 20:15:15,263.64,2,Toys & Games,Puzzles
TXN6NKLW1RWA5,CUST28509815,2025-06-25 20:15:15,235.69,1,Home & Garden,Furniture
TXNWR8T882OEV,CUST28509815,2025-02-22 20:15:15,265.48,3,Electronics,Headphones
TXNSXDPP1N2CH,CUST28509815,2025-01-14 20:15:15,196.48,2,Sports & Outdoors,Bicycle
TXN2KB0YUAOF0,CUST28509815,2025-04-21 20:15:15,283.98,4,Food & Beverages,Beverages
TXN1FIWVBJMGV,CUST28509815,2025-06-29 20:15:15,175.33,5,Electronics,Tablet
TXNWAUYM18KSK,CUST28509815,2025-03-24 20:15:15,249.36,2,Books,Fiction
TXNMUJ49HDA2F,CUST28509815,2025-08-19 20:15:15,249.15,5,Automotive,Cleaning Supplies
TXNFPG1M5U8DB,CUST28509815,2025-08-04 20:15:15,226.96,2,Food & Beverages,Beverages
TXNRGCXTR7Q37,CUST28509815,2025-08-30 20:15:15,283.52,3,Health & Beauty,Skincare
TXNJKN3CKG9JF,CUST28509815,2026-01-16 20:15:15,288.64,3,Toys & Games,LEGO
TXNYYRX1X3QXY,CUST28509815,2025-11-30 20:15:15,261.27,1,Books,Magazines
TXNQLY8LN0YJD,CUST28509815,2025-12-11 20:15:15,332.29,1,Automotive,Helmet
TXNOAB8GAQ8AM,CUST28509815,2025-01-06 20:15:15,190.73,5,Clothing,Shoes
TXNSQN2RHC8TF,CUST28509815,2025-11-19 20:15:15,199.4,1,Office Supplies,Stationery
TXN70NLX0ZKLV,CUST28509815,2025-04-16 20:15:15,235.37,1,Health & Beauty,Ayurveda
TXNWBY2F3WR7N,CUST28509815,2025-10-08 20:15:15,205.38,1,Office Supplies,Furniture
TXND4CEQQSA37,CUST28509815,2026-01-08 20:15:15,193.07,1,Health & Beauty,Personal Care
TXN4QD2PTMSX2,CUST28509815,2026-01-03 20:15:15,121.46,2,Sports & Outdoors,Sportswear
TXNIU4SLOI2YM,CUST28509815,2025-01-06 20:15:15,267.41,4,Office Supplies,Printer
TXNS2E1F51BTC,CUST28509815,2025-12-19 20:15:15,209.74,4,Electronics,Headphones
TXN36BXMX9M7B,CUST28509815,2025-01-12 20:15:15,213.09,2,Toys & Games,Action Figures
TXNHGKK7Q575U,CUST28509815,2025-03-19 20:15:15,150.58,4,Books,Fiction
TXNO170TN6I7E,CUST28509815,2025-12-17 20:15:15,191.34,4,Sports & Outdoors,Fitness Equipment
TXNUX5BN0LWWO,CUST28509815,2025-09-27 20:15:15,232.19,5,Clothing,Jacket
TXNT998DYVHMR,CUST28509815,2025-10-30 20:15:15,138.42,3,Food & Beverages,Beverages
TXNW9A3Y545IC,CUST28509815,2025-11-23 20:15:15,205.87,1,Home & Garden,Bedding
TXNM12NW8HLLF,CUST28509815,2025-02-19 20:15:15,188.51,2,Home & Garden,Tools
TXNBG41ML963W,CUST28509815,2025-08-05 20:15:15,210.05,4,Sports & Outdoors,Bicycle
TXNM6GAJFXHVC,CUST28509815,2025-04-07 20:15:15,205.08,2,Automotive,Cleaning Supplies
TXNIAM1PBYJGG,CUST28509815,2025-10-12 20:15:15,129.25,4,Health & Beauty,Personal Care
TXN1EIKNBB516,CUST28509815,2025-01-03 20:15:15,271.98,3,Toys & Games,Video Games
TXNBVCRA1Y70G,CUST28509815,2025-10-15 20:15:15,56.49,5,Sports & Outdoors,Camping Gear
TXN7YWH3PSJCX,CUST28509815,2025-10-03 20:15:15,230.71,5,Home & Garden,Furniture
TXN6QEADVMQW7,CUST28509815,2025-01-12 20:15:15,284.42,4,Automotive,Helmet
TXNTKJ0CMIBGV,CUST28509815,2025-06-14 20:15:15,211.32,1,Automotive,Car Accessories
TXN0FSTTDF335,CUST28509815,2025-09-07 20:15:15,127.17,3,Clothing,Dress
TXNHONY3W8V1A,CUST28509815,2025-07-26 20:15:15,268.1,2,Food & Beverages,Snacks
TXN7303BA6SWU,CUST28509815,2025-04-22 20:15:15,111.85,3,Clothing,Dress
TXNU1QBO4UHWO,CUST28509815,2025-11-24 20:15:15,194.88,1,Food & Beverages,Beverages
TXNYDYSEHHQ6G,CUST28509815,2026-01-20 20:15:15,290.77,3,Health & Beauty,Personal Care
TXNACZVFYOM7P,CUST28509815,2025-05-09 20:15:15,209.56,2,Food & Beverages,Masala
TXNV1OSBUO6K9,CUST28509815,2025-12-05 20:15:15,218.15,2,Health & Beauty,Skincare
TXNZT5YVPYAJG,CUST28509815,2025-03-27 20:15:15,296.89,4,Electronics,Headphones
TXNUPFIS0N07M,CUST28509815,2025-06-26 20:15:15,117.98,2,Office Supplies,Furniture
TXNJOZKN4QH7N,CUST28509815,2025-03-14 20:15:15,219.97,1,Food & Beverages,Snacks
TXNZBUU8MAMZL,CUST85854673,2024-11-24 20:15:15,107.48,1,Automotive,Helmet
TXN126GNKJ497,CUST85854673,2025-06-09 20:15:15,82.48,3,Office Supplies,Stationery
TXNPEI7Y6ZGZG,CUST85854673,2025-10-09 20:15:15,87.24,5,Health & Beauty,Makeup
TXNHL6WQ8OKE7,CUST85854673,2025-09-22 20:15:15,139.56,2,Automotive,Cleaning Supplies
TXNBOE0OY35A1,CUST85854673,2025-08-27 20:15:15,47.47,5,Toys & Games,Video Games
TXNBBP9VLZJ6S,CUST85854673,2025-08-16 20:15:15,101.33,2,Office Supplies,Desk Accessories
TXNLUSGSZYS90,CUST85854673,2025-07-14 20:15:15,84.61,5,Electronics,Laptop
TXNFC8VIPZ4K2,CUST85854673,2025-10-06 20:15:15,113.45,3,Clothing,Shoes
TXNUUK7YFG4YM,CUST85854673,2025-07-23 20:15:15,90.3,2,Food & Beverages,Gourmet Food
TXNEF8LMFH9RY,CUST85854673,2025-04-03 20:15:15,112.89,1,Food & Beverages,Snacks
TXNC11E5AQ859,CUST00566258,2025-07-07 20:15:15,134.6,4,Health & Beauty,Makeup
TXNDN5YGYBCCM,CUST00566258,2025-11-04 20:15:15,138.4,5,Food & Beverages,Beverages
TXN9P7FKF7XO3,CUST00566258,2025-06-20 20:15:15,132.6,4,Books,Magazines
TXNIDDYF6YNHX,CUST00566258,2025-06-25 20:15:15,140.89,1,Home & Garden,Kitchen Appliances
TXNZ6HAM7U784,CUST00566258,2025-07-07 20:15:15,145.44,1,Automotive,Car Accessories
TXN3K2Q74Q7XR,CUST00566258,2026-02-05 20:15:15,139.58,4,Books,Educational
TXN64R71OASOG,CUST00566258,2025-11-14 20:15:15,129.16,5,Books,Textbook
TXNIEJKBDPVRC,CUST00566258,2025-11-09 20:15:15,178.45,1,Food & Beverages,Beverages
TXNBYE7ZP189J,CUST00566258,2025-10-06 20:15:15,98.75,1,Health & Beauty,Supplements
TXNRAJCC9GSYH,CUST00566258,2025-09-19 20:15:15,225.95,3,Electronics,Smart Watch
TXNNGSY0ANGUE,CUST00566258,2026-02-06 20:15:15,100.95,2,Office Supplies,Stationery
TXNHGOU17NFNA,CUST00566258,2025-07-04 20:15:15,117.13,3,Automotive,Parts
TXNU3C0BT5M4I,CUST00566258,2026-02-07 20:15:15,61.93,5,Sports & Outdoors,Yoga Mat
TXNJK39LNDU9T,CUST00566258,2025-08-13 20:15:15,124.53,1,Health & Beauty,Makeup
TXNZE2GMYF9FV,CUST00566258,2025-08-02 20:15:15,173.17,4,Books,Educational
TXNCX3EYDJZCH,CUST00566258,2025-11-20 20:15:15,97.48,2,Food & Beverages,Masala
TXNQ41TK321Z2,CUST00566258,2025-07-11 20:15:15,193.1,1,Home & Garden,Mixer
TXNCA2V3QJCT7,CUST00566258,2026-01-04 20:15:15,129.76,3,Office Supplies,Furniture
TXNT63WK3MSDY,CUST00566258,2025-07-17 20:15:15,78.93,1,Office Supplies,Desk Accessories
TXNLP7OIJI641,CUST00566258,2025-06-14 20:15:15,102.7,1,Food & Beverages,Masala
TXNZNF0A6JA7Q,CUST00566258,2026-01-07 20:15:15,156.26,1,Electronics,Smartphone
TXNZ85SC43R80,CUST40840906,2025-03-22 20:15:15,104.32,3,Electronics,Tablet
TXNQNZUZB9LJF,CUST40840906,2024-08-14 20:15:15,184.1,1,Clothing,Shoes
TXNC8LJRW6242,CUST40840906,2025-04-29 20:15:15,98.32,3,Food & Beverages,Masala
TXN1WMQKJR8R0,CUST75436028,2025-01-05 20:15:15,226.76,5,Sports & Outdoors,Bicycle
TXNXDTFW69E2P,CUST75436028,2024-10-18 20:15:15,189.97,2,Food & Beverages,Gourmet Food
TXN7ZJJ8S2TSA,CUST75436028,2025-11-04 20:15:15,299.27,5,Home & Garden,Furniture
TXNUQPF4UPH54,CUST75436028,2025-04-12 20:15:15,129.49,4,Home & Garden,Furniture
TXNB37X672EVC,CUST75436028,2026-02-11 20:15:15,89.51,1,Office Supplies,Electronics
TXNG68DUMYVNF,CUST75436028,2025-11-02 20:15:15,196.74,5,Electronics,Laptop
TXNEHUIS45OFQ,CUST75436028,2025-08-23 20:15:15,219.41,3,Health & Beauty,Personal Care
TXN3LHK1YKWVJ,CUST75436028,2025-10-07 20:15:15,115.36,5,Toys & Games,Puzzles
TXNXOBOYSY7IP,CUST75436028,2024-08-03 20:15:15,264.86,1,Toys & Games,LEGO
TXNVH0MD5F1I8,CUST75436028,2024-09-25 20:15:15,284.44,2,Automotive,Helmet
TXNCI901LQBRN,CUST75436028,2026-01-28 20:15:15,209.75,2,Home & Garden,Decor
TXN7EGNY30AUM,CUST75436028,2024-08-02 20:15:15,186.64,2,Health & Beauty,Personal Care
TXNMFIBYF32QE,CUST75436028,2025-11-18 20:15:15,337.58,5,Books,Textbook
TXN14HP942THI,CUST75436028,2025-04-09 20:15:15,156.31,5,Toys & Games,Action Figures
TXNJ9GMEWL524,CUST75436028,2025-05-13 20:15:15,272.02,1,Food & Beverages,Masala
TXN4OU1W6XL9F,CUST75436028,2025-11-20 20:15:15,201.01,4,Health & Beauty,Supplements
TXN8G7NM2GYXC,CUST75436028,2025-10-12 20:15:15,247.52,4,Electronics,Tablet
TXNS6OH2BFAUG,CUST75436028,2025-01-14 20:15:15,290.17,2,Office Supplies,Desk Accessories
TXNIPRDLBB5V9,CUST19999902,2024-10-01 20:15:15,53.61,2,Electronics,Headphones
TXNBLV78N6PA0,CUST76690258,2024-09-08 20:15:15,87.81,4,Health & Beauty,Ayurveda
TXNRQI6FJ2RRU,CUST76690258,2025-09-03 20:15:15,244.97,5,Office Supplies,Desk Accessories
TXNISW4D28Q9E,CUST76690258,2025-08-17 20:15:15,81.64,3,Automotive,Car Accessories
TXN7DEGMSXX3F,CUST76690258,2025-04-19 20:15:15,230.52,2,Home & Garden,Tools
TXN276I2J9R98,CUST76690258,2024-09-17 20:15:15,218.32,3,Toys & Games,Action Figures
TXN45PEKINQ37,CUST76690258,2024-05-24 20:15:15,175.86,2,Sports & Outdoors,Yoga Mat
TXNBXEN6KE7US,CUST76690258,2025-02-11 20:15:15,218.98,5,Books,Fiction
TXNZ7VLPW13WS,CUST76690258,2025-10-06 20:15:15,128.0,4,Office Supplies,Furniture
TXN9IVLNSXEXE,CUST76690258,2024-07-05 20:15:15,115.33,4,Home & Garden,Decor
TXNZ6YWWFTSM9,CUST76690258,2025-02-20 20:15:15,224.15,3,Sports & Outdoors,Bicycle
TXN8G3LOU251T,CUST76690258,2025-03-10 20:15:15,173.03,1,Toys & Games,LEGO
TXNI3J4QAS09S,CUST76690258,2025-11-15 20:15:15,278.42,3,Sports & Outdoors,Camping Gear
TXNYGSA4YUW94,CUST76690258,2024-12-27 20:15:15,171.36,5,Electronics,Smart Watch
TXNMIR2HFMZSY,CUST76690258,2024-09-10 20:15:15,133.27,3,Food & Beverages,Masala
TXNSHVVENJRK0,CUST76690258,2025-03-06 20:15:15,344.64,5,Home & Garden,Mixer
TXNHVRUH908Y4,CUST76690258,2024-10-10 20:15:15,110.14,3,Books,Non-Fiction
TXNA4U9OYGIKS,CUST76690258,2024-05-19 20:15:15,200.93,3,Health & Beauty,Personal Care
TXNK5IHFGYT9E,CUST76690258,2024-12-18 20:15:15,198.47,2,Automotive,Cleaning Supplies
TXNFC1Q1KLD3M,CUST76690258,2025-12-14 20:15:15,233.43,4,Clothing,Jeans
TXNOWWRJVYMGF,CUST76690258,2025-03-04 20:15:15,172.83,3,Books,Comics
TXNGJL4XYM65B,CUST76690258,2025-09-15 20:15:15,176.49,1,Toys & Games,LEGO
TXNF7MI41D0SM,CUST76690258,2025-05-14 20:15:15,183.67,4,Clothing,Jeans
TXNQZTXRFF3WO,CUST76690258,2025-10-20 20:15:15,296.14,4,Toys & Games,Video Games
TXNAZK1GOXSLE,CUST76690258,2024-07-30 20:15:15,242.2,5,Office Supplies,Furniture
TXNF3J1NJWKSW,CUST79249147,2026-01-22 20:15:15,114.26,5,Books,Educational
TXNKUVC7Z8EDI,CUST79249147,2026-02-14 20:15:15,129.23,2,Toys & Games,Video Games
TXN5GT0V3DJZC,CUST79249147,2026-02-01 20:15:15,147.53,5,Books,Textbook
TXNEXB9J16N9K,CUST79249147,2026-02-17 20:15:15,112.31,2,Electronics,Camera
TXNZ8ZLM8MPWU,CUST79249147,2026-01-07 20:15:15,79.54,3,Home & Garden,Mixer
TXNSHGSYN0RP6,CUST79249147,2026-02-10 20:15:15,122.22,4,Electronics,Smart Watch
TXNB4KL2SLWCW,CUST79249147,2026-02-08 20:15:15,111.6,5,Office Supplies,Furniture
TXN4B0S7ZB6CI,CUST79249147,2025-12-29 20:15:15,226.21,4,Health & Beauty,Personal Care
TXNLIYEK59HLN,CUST79249147,2026-01-15 20:15:15,157.47,5,Toys & Games,Action Figures
TXNJXUQFKXFGU,CUST79249147,2026-02-19 20:15:15,84.51,3,Food & Beverages,Snacks
TXN222EJ8HFAQ,CUST79249147,2026-02-05 20:15:15,139.38,2,Health & Beauty,Makeup
TXNH1IDU98FYH,CUST79249147,2026-01-31 20:15:15,173.79,5,Books,Magazines
TXNJI1IBM1S9K,CUST79249147,2026-02-20 20:15:15,187.32,5,Home & Garden,Mixer
TXNCHZ2GTFP4D,CUST78213817,2024-07-28 20:15:15,125.37,1,Food & Beverages,Masala
TXNCCY7RLJIAG,CUST64326534,2024-04-18 20:15:15,111.68,4,Toys & Games,Video Games
TXN9TNXQRBFD2,CUST64326534,2024-11-12 20:15:15,92.37,3,Health & Beauty,Ayurveda
TXN1FH1O5AUVJ,CUST64326534,2024-10-23 20:15:15,92.44,5,Automotive,Car Accessories
TXNZCSPOYMIBK,CUST61605803,2024-08-15 20:15:15,70.47,3,Toys & Games,Puzzles
TXNZ7EOB4SZF4,CUST74270060,2024-11-12 20:15:15,85.35,2,Toys & Games,Action Figures
TXNZ1E3C5QN9A,CUST71477429,2025-12-03 20:15:15,181.5,3,Food & Beverages,Gourmet Food
TXN88X49P0S4A,CUST71477429,2026-01-26 20:15:15,253.37,2,Sports & Outdoors,Bicycle
TXNG96MEOF86X,CUST71477429,2025-12-28 20:15:15,282.18,5,Food & Beverages,Masala
TXNRGJN6JFBXV,CUST71477429,2025-12-09 20:15:15,154.62,4,Electronics,Camera
TXNZZO9CQV5DQ,CUST71477429,2025-11-23 20:15:15,335.56,3,Toys & Games,Puzzles
TXNMNRM2L13F2,CUST71477429,2026-01-31 20:15:15,238.33,2,Automotive,Cleaning Supplies
TXNPN9FK56SKO,CUST71477429,2025-12-08 20:15:15,89.28,1,Clothing,Kurta
TXN9XBCL7ALTI,CUST71477429,2025-12-25 20:15:15,289.88,1,Health & Beauty,Skincare
TXN4UAVWMSSI0,CUST71477429,2026-01-20 20:15:15,220.61,3,Office Supplies,Printer
TXNRXZX0LYP2J,CUST71477429,2025-11-27 20:15:15,380.42,2,Books,Magazines
TXN7PQMY2ESAQ,CUST71477429,2026-01-19 20:15:15,203.28,3,Electronics,Smartphone
TXNIUWM8W3ON0,CUST71477429,2026-01-13 20:15:15,244.32,5,Books,Non-Fiction
TXNJV3LCAVCHI,CUST71477429,2025-12-15 20:15:15,321.87,3,Sports & Outdoors,Bicycle
TXNZX8LG3J0QX,CUST71477429,2025-12-12 20:15:15,259.39,3,Electronics,Laptop
TXN15J4S4AOVE,CUST71477429,2025-12-25 20:15:15,209.02,4,Food & Beverages,Beverages
TXN37ONKNPK8L,CUST71477429,2025-12-04 20:15:15,208.76,4,Clothing,Jeans
TXNO5RZHRX9ZI,CUST71477429,2025-12-03 20:15:15,396.7,3,Clothing,Jeans
TXNKD220VJPKX,CUST71477429,2025-12-03 20:15:15,244.89,1,Toys & Games,Puzzles
TXNKWG449J1QO,CUST71477429,2026-01-27 20:15:15,186.5,5,Books,Non-Fiction
TXN4BORQ5GQFJ,CUST71477429,2025-11-26 20:15:15,269.64,2,Health & Beauty,Skincare
TXNPBBIG07881,CUST71477429,2025-11-09 20:15:15,278.91,3,Office Supplies,Stationery
TXNKILXTHKL72,CUST71477429,2025-12-29 20:15:15,341.97,3,Food & Beverages,Beverages
TXNNS3XSI523Q,CUST71477429,2026-01-14 20:15:15,179.31,3,Office Supplies,Furniture
TXNLQIABQP28G,CUST71477429,2025-11-26 20:15:15,440.39,1,Health & Beauty,Skincare
TXNJGBMWYCIH2,CUST71477429,2026-01-15 20:15:15,244.29,1,Food & Beverages,Gourmet Food
TXNJ2B2SDQEKO,CUST71477429,2025-12-16 20:15:15,442.8,1,Home & Garden,Bedding
TXNBU6TR613DD,CUST71477429,2025-11-30 20:15:15,309.45,4,Home & Garden,Tools
TXN6PK4UCLRH1,CUST71477429,2025-11-23 20:15:15,341.32,4,Sports & Outdoors,Bicycle
TXN3ERW3VFVR3,CUST71477429,2025-12-24 20:15:15,363.98,5,Automotive,Tools
TXNJ15YR8YPKU,CUST71477429,2025-12-01 20:15:15,255.42,5,Health & Beauty,Personal Care
TXNSS6DIKJGGJ,CUST71477429,2025-12-05 20:15:15,172.98,2,Clothing,Accessories
TXN8TV40FOHMY,CUST71477429,2026-01-06 20:15:15,354.45,1,Office Supplies,Desk Accessories
TXN124CHQS8CF,CUST71477429,2026-01-29 20:15:15,481.54,5,Electronics,Headphones
TXNMSEUJHRFIS,CUST71477429,2026-01-31 20:15:15,292.62,1,Books,Comics
TXNP9EJIK00CC,CUST71477429,2025-11-09 20:15:15,296.65,4,Health & Beauty,Makeup
TXN3W6QEPI0JH,CUST71477429,2025-11-20 20:15:15,320.84,4,Automotive,Tools
TXNDDH0KLQ7GQ,CUST43075304,2025-06-12 20:15:15,79.53,1,Health & Beauty,Ayurveda
TXNNIAJGTZ4TN,CUST93333095,2025-08-14 20:15:15,89.87,2,Automotive,Helmet
TXNF7RAJN9P5M,CUST93333095,2025-08-20 20:15:15,41.68,1,Home & Garden,Tools
TXNIE6NER6R7A,CUST93333095,2025-09-10 20:15:15,96.23,1,Clothing,Shoes
TXNNPAXQLOFSC,CUST93333095,2025-08-27 20:15:15,71.63,1,Clothing,Shoes
TXNIZN75NLIRL,CUST70885504,2025-02-01 20:15:15,227.62,4,Automotive,Car Accessories
TXNPLHCXB2HUV,CUST70885504,2025-01-13 20:15:15,76.43,2,Food & Beverages,Masala
TXN2WYRW77K94,CUST70885504,2024-09-26 20:15:15,207.84,4,Electronics,Headphones
TXNN3T94R3RDL,CUST70885504,2025-04-22 20:15:15,173.8,3,Health & Beauty,Ayurveda
TXNB82H7N88OW,CUST70885504,2025-03-23 20:15:15,152.14,5,Food & Beverages,Organic Products
TXNIOXE9E8O5G,CUST70885504,2025-06-01 20:15:15,221.06,5,Food & Beverages,Snacks
TXN6ZL1VN2UAZ,CUST70885504,2025-07-23 20:15:15,202.86,3,Sports & Outdoors,Bicycle
TXNXEKDOJDKIA,CUST70885504,2025-02-01 20:15:15,173.25,3,Books,Non-Fiction
TXN4Z2ZA87RWS,CUST70885504,2025-06-17 20:15:15,57.65,2,Health & Beauty,Makeup
TXNNJKKXSMC3H,CUST65910975,2025-07-05 20:15:15,125.49,1,Health & Beauty,Skincare
TXNCNQKF016WU,CUST65910975,2025-08-24 20:15:15,176.6,2,Food & Beverages,Gourmet Food
TXN6YGKOSAIQH,CUST65910975,2025-06-01 20:15:15,112.76,4,Home & Garden,Bedding
TXNKD880DCDGA,CUST65910975,2025-09-14 20:15:15,151.5,4,Health & Beauty,Ayurveda
TXN6HNGR857Q7,CUST65910975,2025-07-27 20:15:15,165.97,5,Food & Beverages,Masala
TXNNAZG77IRAT,CUST65910975,2025-06-07 20:15:15,191.25,1,Sports & Outdoors,Bicycle
TXNGYR6JCPGFP,CUST65910975,2025-04-27 20:15:15,148.09,5,Sports & Outdoors,Yoga Mat
TXNDY4ODK4DIV,CUST65910975,2025-05-03 20:15:15,100.46,5,Health & Beauty,Ayurveda
TXNUXDXLKG33C,CUST65910975,2025-02-15 20:15:15,190.39,4,Sports & Outdoors,Yoga Mat
TXN3DYBKCEQ0J,CUST65910975,2025-09-15 20:15:15,128.83,2,Sports & Outdoors,Camping Gear
TXN4JOTDP0JAO,CUST65910975,2025-06-10 20:15:15,160.3,3,Health & Beauty,Ayurveda
TXNHQPQN20FTU,CUST65910975,2025-04-13 20:15:15,112.21,2,Office Supplies,Printer
TXNXRVTS3LNYV,CUST65910975,2025-05-09 20:15:15,84.73,1,Clothing,Kurta
TXNCO646IIG2K,CUST65910975,2025-10-18 20:15:15,86.81,3,Office Supplies,Furniture
TXNZ1MCHYERY4,CUST65910975,2025-08-22 20:15:15,198.05,2,Home & Garden,Decor
TXNJEHL8O9CI2,CUST65910975,2025-05-13 20:15:15,137.19,2,Food & Beverages,Organic Products
TXN8AS8FON95K,CUST65910975,2025-03-06 20:15:15,169.12,1,Home & Garden,Furniture
TXN7SJ3V060WD,CUST65910975,2025-04-24 20:15:15,224.75,5,Electronics,Laptop
TXN1MSB505KWY,CUST04817729,2025-06-22 20:15:15,324.44,3,Books,Magazines
TXNVWARTBT6S6,CUST04817729,2025-05-09 20:15:15,397.62,1,Toys & Games,Video Games
TXN7BGZVIH5X1,CUST04817729,2025-02-16 20:15:15,173.37,1,Office Supplies,Electronics
TXN2GBZ57JNCL,CUST04817729,2025-05-02 20:15:15,253.64,2,Home & Garden,Decor
TXN27ZNDVHMPK,CUST04817729,2026-01-09 20:15:15,185.76,1,Home & Garden,Bedding
TXNA08NZRTOGG,CUST04817729,2025-07-01 20:15:15,172.21,1,Toys & Games,Board Games
TXNZT9UM5UQLZ,CUST04817729,2025-02-27 20:15:15,207.09,2,Sports & Outdoors,Yoga Mat
TXNJO0XGK2SIP,CUST04817729,2026-01-16 20:15:15,196.56,1,Home & Garden,Bedding
TXNENA1L1ZKSL,CUST04817729,2025-04-17 20:15:15,208.7,2,Food & Beverages,Organic Products
TXNCTZQBL46EO,CUST04817729,2025-01-10 20:15:15,259.96,1,Books,Magazines
TXNBF5HEKPIWB,CUST04817729,2025-10-10 20:15:15,277.86,3,Automotive,Cleaning Supplies
TXNF2D9GHN7ZB,CUST04817729,2025-03-27 20:15:15,327.4,4,Food & Beverages,Organic Products
TXNPJR4MS4NEC,CUST04817729,2025-12-17 20:15:15,296.24,3,Toys & Games,Action Figures
TXNKTHA9YUQZO,CUST04817729,2025-11-05 20:15:15,401.84,1,Sports & Outdoors,Camping Gear
TXN5QBKGNGQVA,CUST04817729,2025-09-30 20:15:15,413.85,2,Books,Educational
TXN185DKC8Y6D,CUST04817729,2025-06-27 20:15:15,215.8,2,Health & Beauty,Skincare
TXNYBPRIGJKWH,CUST04817729,2026-01-04 20:15:15,272.56,2,Automotive,Parts
TXNWAQUIYAT1I,CUST04817729,2025-08-10 20:15:15,254.84,5,Home & Garden,Furniture
TXN9VT2UDQLGT,CUST04817729,2025-04-19 20:15:15,175.92,5,Automotive,Cleaning Supplies
TXN8WVZ3PDWF0,CUST64424449,2025-11-01 20:15:15,247.31,1,Toys & Games,Video Games
TXN6DEL1KI2KP,CUST64424449,2025-11-22 20:15:15,242.03,4,Home & Garden,Furniture
TXNLCDH8R0ORI,CUST64424449,2025-12-15 20:15:15,234.94,2,Home & Garden,Kitchen Appliances
TXNVCX5FDQFJA,CUST64424449,2025-10-06 20:15:15,248.55,3,Automotive,Tools
TXNHM2NWLT1IY,CUST64424449,2025-11-16 20:15:15,157.76,1,Health & Beauty,Skincare
TXNW92I7APSK8,CUST64424449,2025-11-07 20:15:15,270.28,3,Automotive,Helmet
TXNYSAWM9E3R8,CUST64424449,2025-09-21 20:15:15,267.33,1,Food & Beverages,Gourmet Food
TXN6570BE60D5,CUST39311977,2026-01-10 20:15:15,41.36,3,Food & Beverages,Snacks
TXN9J9CLUCMES,CUST39311977,2025-11-28 20:15:15,101.25,3,Food & Beverages,Masala
TXNCHUO4FXBTI,CUST39311977,2025-09-27 20:15:15,133.91,1,Office Supplies,Printer
TXNI02HIA1K65,CUST39311977,2026-02-03 20:15:15,216.63,3,Books,Comics
TXNJB5V3NOBLX,CUST39311977,2025-11-29 20:15:15,125.67,1,Electronics,Smart Watch
TXN0S33TVINOP,CUST39311977,2025-10-01 20:15:15,128.33,4,Home & Garden,Decor
TXNIQ0KQLMAFK,CUST39311977,2025-10-11 20:15:15,107.61,1,Home & Garden,Mixer
TXNDXC2LQF0AA,CUST39311977,2025-11-26 20:15:15,113.78,2,Clothing,Jeans
TXNLR2M4NFQ81,CUST39311977,2026-01-19 20:15:15,170.33,2,Clothing,Kurta
TXNAFZR3JA9BL,CUST39311977,2025-10-04 20:15:15,120.36,1,Health & Beauty,Ayurveda
TXN1F676IDIFY,CUST39311977,2025-10-24 20:15:15,168.7,2,Home & Garden,Decor
TXNCFCKSLH3RI,CUST39311977,2025-11-28 20:15:15,109.05,2,Health & Beauty,Skincare
TXNVA406II91H,CUST39311977,2026-01-18 20:15:15,131.01,3,Office Supplies,Electronics
TXN97SJKW3SJQ,CUST39311977,2025-11-23 20:15:15,53.45,5,Automotive,Helmet
TXNHSW6B657SB,CUST39311977,2026-01-07 20:15:15,96.46,3,Books,Comics
TXNV8ZV1XDHKD,CUST39311977,2026-01-24 20:15:15,105.88,1,Home & Garden,Kitchen Appliances
TXNW4QSCR1EH6,CUST39311977,2025-10-21 20:15:15,114.92,3,Books,Textbook
TXNI2MZCLX86L,CUST39311977,2025-10-18 20:15:15,112.77,5,Clothing,Accessories
TXN5XNA9EO6MB,CUST39311977,2025-10-02 20:15:15,111.2,1,Sports & Outdoors,Fitness Equipment
TXNFTYJNPO0XM,CUST39311977,2025-12-11 20:15:15,160.36,1,Toys & Games,LEGO
TXNIAGRORCPRM,CUST39311977,2025-09-29 20:15:15,100.77,5,Health & Beauty,Supplements
TXNRA2G8TNIP3,CUST39311977,2025-10-10 20:15:15,139.28,3,Electronics,Camera
TXN4FBXC7W510,CUST39311977,2026-01-05 20:15:15,118.04,4,Sports & Outdoors,Bicycle
TXNG23Z1VEQDW,CUST39311977,2025-10-28 20:15:15,105.68,1,Automotive,Parts
TXN9DXQ4P3O20,CUST53176263,2024-12-20 20:15:15,127.12,1,Toys & Games,Video Games
TXN5LKT6ETKOU,CUST53176263,2025-04-17 20:15:15,91.85,4,Electronics,Smartphone
TXNXONA7E2RDU,CUST53176263,2025-01-12 20:15:15,74.62,1,Electronics,Tablet
TXNN4ZVBJQ4OD,CUST53176263,2024-04-03 20:15:15,91.92,3,Books,Magazines
TXN5EPIZ6AH63,CUST53176263,2024-02-28 20:15:15,91.01,5,Health & Beauty,Skincare
TXNFICH1H1FIL,CUST53176263,2025-07-04 20:15:15,75.28,4,Home & Garden,Bedding
TXNTSQ76M2C8D,CUST53176263,2024-09-14 20:15:15,54.66,4,Office Supplies,Furniture
TXNW2BG04ZTS8,CUST53176263,2024-08-21 20:15:15,68.55,1,Office Supplies,Desk Accessories
TXNB48XPX8LL6,CUST53176263,2024-08-21 20:15:15,10.0,2,Toys & Games,Video Games
TXNXUW6ZABSGZ,CUST53176263,2025-03-11 20:15:15,62.93,4,Sports & Outdoors,Camping Gear
TXN4E1JSX33NJ,CUST68359114,2025-12-18 20:15:15,298.03,5,Electronics,Tablet
TXN2WAB6EGRL1,CUST68359114,2026-01-20 20:15:15,271.04,2,Books,Magazines
TXNH69FJLJV43,CUST68359114,2026-01-08 20:15:15,228.95,3,Food & Beverages,Masala
TXN5KBWFS387F,CUST68359114,2026-01-11 20:15:15,284.64,4,Books,Magazines
TXNNLU69CB0Q5,CUST68359114,2026-01-05 20:15:15,320.97,2,Automotive,Car Accessories
TXNG1S641Y6UF,CUST68359114,2025-12-22 20:15:15,258.53,3,Automotive,Parts
TXNT98LHD4YS4,CUST68359114,2025-12-25 20:15:15,229.57,3,Home & Garden,Tools
TXN6Q8LOZJ38A,CUST68359114,2026-01-27 20:15:15,231.45,1,Books,Magazines
TXNKHWON0M6NG,CUST68359114,2025-12-19 20:15:15,182.73,5,Books,Educational
TXNQQ5CQ9T2NW,CUST68359114,2026-02-01 20:15:15,309.36,1,Sports & Outdoors,Bicycle
TXNX1A2POO58D,CUST68359114,2026-01-26 20:15:15,403.97,3,Clothing,T-Shirt
TXNUAD3OFOXR5,CUST89782960,2025-03-26 20:15:15,69.73,2,Home & Garden,Kitchen Appliances
TXNGIIS5K30K2,CUST12029619,2024-10-05 20:15:15,32.3,4,Food & Beverages,Organic Products
TXN9W3V4B23ZF,CUST12029619,2024-07-29 20:15:15,42.16,4,Food & Beverages,Beverages
TXNHHV5JQL270,CUST97721633,2024-06-24 20:15:15,108.38,3,Toys & Games,Puzzles
TXNFRZSMA7LC9,CUST61788240,2025-08-06 20:15:15,274.87,2,Office Supplies,Stationery
TXNNGDHHT3XX1,CUST61788240,2025-08-17 20:15:15,171.37,4,Books,Magazines
TXNIDJLEISYHL,CUST61788240,2025-04-05 20:15:15,88.02,1,Toys & Games,Video Games
TXNJ06WUZOYTE,CUST61788240,2025-11-10 20:15:15,296.52,4,Electronics,Smart Watch
TXN62MXQLUAWS,CUST61788240,2025-11-27 20:15:15,284.64,1,Home & Garden,Tools
TXNFXFNYKYKCA,CUST61788240,2025-11-17 20:15:15,290.74,1,Clothing,Accessories
TXNFATE9ITHJ7,CUST61788240,2025-09-22 20:15:15,367.43,3,Office Supplies,Printer
TXNE72TOBSU05,CUST61788240,2025-03-25 20:15:15,198.06,1,Clothing,Dress
TXNN8U5IPCW4E,CUST61788240,2025-12-28 20:15:15,359.93,5,Electronics,Speaker
TXNNY8VVL6ERQ,CUST61788240,2025-05-14 20:15:15,336.8,5,Office Supplies,Furniture
TXNBY6QE40GOX,CUST61788240,2025-10-15 20:15:15,210.78,2,Automotive,Helmet
TXNUYWVRN9FU1,CUST61788240,2025-12-16 20:15:15,150.47,5,Books,Non-Fiction
TXN4PCDLKOLJK,CUST61788240,2025-11-29 20:15:15,163.31,3,Toys & Games,LEGO
TXN8QRN0790D7,CUST61788240,2025-06-11 20:15:15,278.71,1,Clothing,Accessories
TXNATSJHY55I4,CUST61788240,2025-06-08 20:15:15,158.25,1,Automotive,Parts
TXN7B6EIW1RJQ,CUST40210407,2025-08-08 20:15:15,188.93,2,Books,Non-Fiction
TXNUZREIHQ7E9,CUST40210407,2025-12-29 20:15:15,165.15,5,Home & Garden,Bedding
TXNNJ8QJKAIZ5,CUST40210407,2025-11-25 20:15:15,190.42,4,Clothing,Jeans
TXNGCIFS2YAEQ,CUST40210407,2026-01-21 20:15:15,225.24,5,Automotive,Car Accessories
TXN7AYX219JN6,CUST40210407,2025-12-21 20:15:15,198.17,4,Clothing,Dress
TXNXQRTUHALFR,CUST81178405,2024-04-22 20:15:15,60.46,3,Health & Beauty,Makeup
TXNG6G8J9D25J,CUST89080552,2025-05-22 20:15:15,281.02,4,Home & Garden,Mixer
TXNGXKB1XQWDQ,CUST89080552,2025-08-06 20:15:15,75.78,1,Food & Beverages,Gourmet Food
TXNUDIZB4J8EW,CUST89080552,2025-01-13 20:15:15,193.08,4,Office Supplies,Printer
TXNQCQQFN3DYK,CUST89080552,2026-01-07 20:15:15,175.93,2,Health & Beauty,Ayurveda
TXN0FZCJIEOYC,CUST89080552,2025-01-02 20:15:15,178.84,1,Home & Garden,Mixer
TXNJ0QIMQIJN1,CUST89080552,2025-04-12 20:15:15,68.59,3,Office Supplies,Furniture
TXN5534UN40RN,CUST89080552,2025-01-04 20:15:15,189.82,2,Books,Comics
TXN7DS0V7EINO,CUST33126536,2025-12-27 20:15:15,150.09,2,Electronics,Smart Watch
TXNIFCOG00RQ7,CUST33126536,2026-01-01 20:15:15,214.27,3,Health & Beauty,Skincare
TXNYFQ1JL0Z4C,CUST33126536,2025-08-04 20:15:15,313.23,3,Books,Educational
TXNMTII8WPQ57,CUST33126536,2025-10-27 20:15:15,118.5,5,Office Supplies,Furniture
TXN5Z9KHIUJ02,CUST33126536,2025-11-07 20:15:15,196.26,4,Toys & Games,Video Games
TXNGGSXCC9XCS,CUST83819183,2024-12-15 20:15:15,228.61,1,Toys & Games,Action Figures
TXNY07P6WMZDW,CUST83819183,2024-12-31 20:15:15,515.44,1,Clothing,Jeans
TXN5ETQOL36QO,CUST83819183,2024-11-23 20:15:15,634.11,4,Office Supplies,Furniture
TXN8ZRPNLWZF6,CUST83819183,2025-05-19 20:15:15,565.14,5,Automotive,Tools
TXN8YPS61AKGP,CUST83819183,2025-04-12 20:15:15,695.32,2,Books,Magazines
TXNE9QPUXZMXD,CUST83819183,2024-04-10 20:15:15,592.63,1,Clothing,Jacket
TXNJS9BQL9GOG,CUST83819183,2024-03-20 20:15:15,234.94,3,Home & Garden,Bedding
TXN6AYWDL4EKF,CUST83819183,2024-12-05 20:15:15,771.79,4,Automotive,Car Accessories
TXNSVS2ODRE7P,CUST83819183,2024-07-06 20:15:15,274.19,5,Automotive,Car Accessories
TXNH0JEIB6FJ2,CUST83819183,2025-07-30 20:15:15,767.17,5,Sports & Outdoors,Bicycle
TXNS49POSK5DU,CUST83819183,2025-02-22 20:15:15,594.06,5,Office Supplies,Furniture
TXNMLI6TE1P6U,CUST83819183,2025-05-16 20:15:15,547.59,5,Books,Textbook
TXNUSWWV1PZ0Z,CUST83819183,2024-03-27 20:15:15,748.73,3,Clothing,Dress
TXNBOK5FIT40E,CUST83819183,2025-08-09 20:15:15,579.87,3,Books,Comics
TXN5AX8Z9LXJG,CUST83819183,2025-12-24 20:15:15,637.92,2,Office Supplies,Electronics
TXN4YZ1PONF6B,CUST83819183,2024-05-16 20:15:15,522.25,1,Office Supplies,Furniture
TXN7ERSRB98XP,CUST83819183,2024-05-15 20:15:15,400.85,3,Health & Beauty,Makeup
TXNC9N8TG2F0H,CUST83819183,2024-03-24 20:15:15,339.03,3,Electronics,Headphones
TXNI5SD9HBESN,CUST83819183,2025-09-30 20:15:15,805.71,3,Health & Beauty,Supplements
TXN1M1EP0XO6C,CUST83819183,2024-10-27 20:15:15,719.33,2,Office Supplies,Furniture
TXN856K5MPCYN,CUST83819183,2025-02-21 20:15:15,475.0,4,Home & Garden,Kitchen Appliances
TXNIPC39GGGHP,CUST83819183,2025-09-08 20:15:15,401.76,1,Books,Non-Fiction
TXNFNL1UO9FEI,CUST83819183,2024-06-15 20:15:15,731.43,1,Sports & Outdoors,Fitness Equipment
TXN03U3C5T1KA,CUST83819183,2024-05-31 20:15:15,633.84,5,Books,Fiction
TXNURLQ19XVP1,CUST83819183,2024-03-08 20:15:15,653.78,3,Automotive,Parts
TXNBEC1JRDICK,CUST83819183,2025-12-18 20:15:15,689.75,2,Electronics,Speaker
TXN3CLPJVKIP4,CUST83819183,2025-02-05 20:15:15,671.93,4,Office Supplies,Electronics
TXN7IO5SMXAOF,CUST83819183,2024-12-16 20:15:15,784.12,3,Office Supplies,Electronics
TXNFOMDR095OY,CUST83819183,2025-01-07 20:15:15,619.45,5,Health & Beauty,Supplements
TXNFK8QLQY3RU,CUST83819183,2024-04-29 20:15:15,298.26,4,Home & Garden,Furniture
TXNNNWXD05VR1,CUST83819183,2024-08-09 20:15:15,443.92,4,Office Supplies,Printer
TXNRUAGH37GJH,CUST59937136,2025-12-15 20:15:15,138.9,2,Food & Beverages,Organic Products
TXNJ538NTUG8I,CUST59937136,2026-01-10 20:15:15,132.84,1,Food & Beverages,Organic Products
TXNBE6YDE75E8,CUST59937136,2025-10-13 20:15:15,149.95,3,Sports & Outdoors,Yoga Mat
TXNY0HVZV4DA6,CUST59937136,2026-01-11 20:15:15,122.2,3,Electronics,Tablet
TXNR00Y05HYKZ,CUST59937136,2025-10-21 20:15:15,68.19,1,Books,Fiction
TXN95IET7MNA4,CUST59937136,2025-10-23 20:15:15,131.42,3,Clothing,Jeans
TXNPFX7LW433S,CUST59937136,2026-01-12 20:15:15,55.43,5,Books,Magazines
TXN4KGFQ3L88G,CUST59937136,2025-12-09 20:15:15,59.07,3,Home & Garden,Furniture
TXNTP9JKJJFMI,CUST59937136,2025-12-19 20:15:15,139.91,2,Books,Educational
TXNEDGOTUCLZ1,CUST59937136,2025-11-16 20:15:15,87.14,3,Books,Fiction
TXN5CFT4YR0AN,CUST59937136,2025-10-13 20:15:15,105.29,1,Food & Beverages,Beverages
TXN5HA87V5UDL,CUST59937136,2025-11-30 20:15:15,138.65,2,Automotive,Tools
TXNSFTE7TYAVR,CUST59937136,2025-11-06 20:15:15,100.76,5,Health & Beauty,Skincare
TXNY1R984G4UP,CUST59937136,2026-02-07 20:15:15,135.65,5,Health & Beauty,Ayurveda
TXNGM0PLPLJ5E,CUST59937136,2025-12-19 20:15:15,164.02,4,Office Supplies,Printer
TXNHFTSGGL5FB,CUST75328479,2025-07-18 20:15:15,94.24,5,Automotive,Helmet
TXNLPV26U8M33,CUST75328479,2025-12-05 20:15:15,104.96,5,Food & Beverages,Beverages
TXN0TI08JMTA2,CUST75328479,2025-11-29 20:15:15,150.04,4,Health & Beauty,Personal Care
TXNLD01BYKHL7,CUST75328479,2025-11-19 20:15:15,109.57,1,Clothing,Jacket
TXNZJ2HLBOL91,CUST75328479,2025-10-01 20:15:15,149.81,1,Clothing,Accessories
TXNVDY8R7SV60,CUST75328479,2025-10-04 20:15:15,145.49,1,Automotive,Helmet
TXNJP9DKHTMPX,CUST75328479,2025-05-29 20:15:15,113.58,1,Books,Non-Fiction
TXNY198YWYUVP,CUST75328479,2025-07-19 20:15:15,176.23,2,Electronics,Laptop
TXNW0AOZU8TB6,CUST75328479,2025-09-10 20:15:15,80.68,3,Sports & Outdoors,Sportswear
TXN20KSQ8J51W,CUST75328479,2025-11-26 20:15:15,149.12,2,Health & Beauty,Makeup
TXNVSY6DMLXTD,CUST88186214,2025-07-15 20:15:15,31.43,1,Automotive,Cleaning Supplies
TXNBOD1Q4Z3ML,CUST20066696,2025-03-31 20:15:15,72.92,4,Sports & Outdoors,Bicycle
TXN6QYGWWTENU,CUST20066696,2025-03-09 20:15:15,72.22,2,Clothing,Dress
TXNZC23T2AP0L,CUST20066696,2025-03-18 20:15:15,45.28,5,Clothing,Shoes
TXNLAS3PI4SSP,CUST20066696,2025-10-11 20:15:15,103.58,4,Toys & Games,Video Games
TXNH9FR4IKYBL,CUST20066696,2025-06-13 20:15:15,47.6,2,Clothing,Dress
TXN7CU1IFFDOJ,CUST20066696,2025-08-05 20:15:15,63.74,4,Sports & Outdoors,Camping Gear
TXN973IZFPFJY,CUST20066696,2025-03-18 20:15:15,96.05,3,Food & Beverages,Gourmet Food
TXNOIO27QHFDE,CUST54585781,2024-08-12 20:15:15,110.06,2,Office Supplies,Desk Accessories
TXNWU2A6MP6WW,CUST54585781,2024-12-19 20:15:15,91.11,5,Clothing,T-Shirt
TXNCNXBZDQPFN,CUST54585781,2024-06-18 20:15:15,84.56,1,Office Supplies,Stationery
TXNGGOLXWMJVO,CUST75313379,2025-09-04 20:15:15,104.47,2,Automotive,Cleaning Supplies
TXNLHFERMSJHU,CUST75313379,2025-11-02 20:15:15,91.68,5,Automotive,Helmet
TXNMEYHNQWX3I,CUST75313379,2025-10-12 20:15:15,107.42,1,Electronics,Tablet
TXNQZK1IX9UGO,CUST75313379,2025-10-13 20:15:15,83.67,2,Toys & Games,LEGO
TXN1SKP4FO7IC,CUST75313379,2025-09-20 20:15:15,131.43,4,Books,Non-Fiction
TXNBL6CZJI6K3,CUST75380364,2024-10-14 20:15:15,125.33,2,Clothing,Dress
TXNLL9UGXBH1E,CUST75380364,2025-08-27 20:15:15,85.49,4,Automotive,Helmet
TXNDNGX62J28M,CUST75380364,2024-11-02 20:15:15,285.36,3,Office Supplies,Stationery
TXNFW14G5N1XY,CUST75380364,2025-09-03 20:15:15,201.13,5,Clothing,T-Shirt
TXNIGE10HTR8F,CUST68674717,2025-10-26 20:15:15,97.98,5,Automotive,Cleaning Supplies
TXNH571XMFKZ8,CUST68674717,2025-10-09 20:15:15,90.2,5,Clothing,Dress
TXN9919NFU5T1,CUST68674717,2025-09-14 20:15:15,148.08,1,Clothing,Kurta
TXNPG2Y0H9IJS,CUST68674717,2025-10-06 20:15:15,98.98,2,Clothing,Kurta
TXNI33MZUI8VB,CUST68674717,2025-08-08 20:15:15,161.04,1,Office Supplies,Furniture
TXNK2E3LDL9RW,CUST92133165,2025-09-12 20:15:15,201.0,2,Clothing,Dress
TXNCTVOEOUYC8,CUST92133165,2025-10-07 20:15:15,189.07,1,Food & Beverages,Beverages
TXN6SE2DOBSND,CUST92133165,2025-09-16 20:15:15,183.82,5,Books,Comics
TXNGL911HM9D9,CUST92133165,2025-09-04 20:15:15,250.17,2,Toys & Games,Board Games
TXN84T9WZY28F,CUST92133165,2025-09-06 20:15:15,163.47,4,Home & Garden,Bedding
TXNXHM4YLF8E4,CUST92133165,2025-09-06 20:15:15,181.28,2,Health & Beauty,Makeup
TXNF1BT0T798J,CUST92133165,2025-09-29 20:15:15,134.43,3,Home & Garden,Decor
TXNELJJ5M9AV2,CUST14300552,2025-10-16 20:15:15,335.39,3,Health & Beauty,Makeup
TXNNQGU2MI56H,CUST14300552,2025-11-15 20:15:15,210.32,2,Food & Beverages,Beverages
TXNR5IESCQ1HJ,CUST14300552,2025-08-06 20:15:15,387.85,5,Automotive,Parts
TXNI4MLILSFWB,CUST14300552,2025-07-11 20:15:15,396.13,3,Toys & Games,Puzzles
TXNTZ4GIGC6DQ,CUST14300552,2025-11-11 20:15:15,142.37,3,Home & Garden,Bedding
TXNVY4TV7L27U,CUST14300552,2025-05-30 20:15:15,371.26,3,Health & Beauty,Personal Care
TXN0T5692Q57X,CUST14300552,2025-12-18 20:15:15,178.1,5,Toys & Games,LEGO
TXNY1AFAALUPZ,CUST14300552,2025-05-31 20:15:15,247.07,2,Sports & Outdoors,Bicycle
TXNS8KOC7BJ19,CUST14300552,2025-07-04 20:15:15,281.95,3,Clothing,Accessories
TXNBXTPKG8BYL,CUST14300552,2025-07-11 20:15:15,245.44,2,Toys & Games,Action Figures
TXN5RSE0UNNWU,CUST14300552,2025-11-16 20:15:15,253.53,2,Home & Garden,Furniture
TXNBFLPQCAK19,CUST14300552,2025-09-11 20:15:15,352.82,4,Home & Garden,Mixer
TXN7WV4SXYYD6,CUST14300552,2025-07-10 20:15:15,375.02,2,Automotive,Helmet
TXN27GKB3K9P7,CUST14300552,2025-06-22 20:15:15,274.14,5,Sports & Outdoors,Sportswear
TXNFLH5S01CSR,CUST14300552,2025-08-14 20:15:15,283.65,3,Toys & Games,Action Figures
TXNZHU68V3DOZ,CUST14300552,2026-01-08 20:15:15,337.62,2,Electronics,Laptop
TXNWISC0RI57M,CUST69169009,2025-05-14 20:15:15,96.85,4,Toys & Games,Board Games
TXNZHD2XHNZ8A,CUST69169009,2025-11-03 20:15:15,143.16,4,Clothing,Shoes
TXN55JY8WZ6QO,CUST69169009,2025-04-22 20:15:15,132.06,2,Office Supplies,Printer
TXNMBFADCXPET,CUST69169009,2025-05-06 20:15:15,153.53,4,Clothing,Jeans
TXNAQMWGPEM4B,CUST00263826,2025-06-05 20:15:15,63.16,2,Clothing,Kurta
TXNXRQH1B04GO,CUST97214227,2024-05-09 20:15:15,103.55,1,Toys & Games,Video Games
TXNDBT1323RZC,CUST25367531,2025-12-15 20:15:15,236.62,5,Food & Beverages,Organic Products
TXN4S2W455JJ0,CUST25367531,2025-09-16 20:15:15,347.57,1,Automotive,Parts
TXN9I2W28PYEE,CUST25367531,2025-03-13 20:15:15,133.45,3,Clothing,Jacket
TXNTWAXQXVSVF,CUST25367531,2025-11-04 20:15:15,369.5,3,Food & Beverages,Beverages
TXNG2I6FF5V5L,CUST25367531,2025-11-29 20:15:15,343.91,1,Toys & Games,LEGO
TXNNH5IQ9E5CL,CUST25367531,2025-05-02 20:15:15,302.02,4,Home & Garden,Mixer
TXNZZYZKHZBB6,CUST25367531,2025-03-19 20:15:15,185.02,4,Home & Garden,Furniture
TXNLDC3Y4MCDD,CUST25367531,2025-07-09 20:15:15,282.45,4,Health & Beauty,Skincare
TXNX9AAQ8NWMZ,CUST25367531,2025-06-26 20:15:15,105.09,5,Books,Textbook
TXN51O476JMJF,CUST25367531,2025-02-26 20:15:15,84.82,1,Toys & Games,Board Games
TXNHSXZGNMD7X,CUST25367531,2025-01-16 20:15:15,180.37,3,Food & Beverages,Gourmet Food
TXNA5UGJTNN8G,CUST25367531,2025-08-13 20:15:15,154.45,3,Electronics,Smart Watch
TXNTKQ5F3JGWZ,CUST25367531,2025-01-06 20:15:15,89.52,1,Clothing,Accessories
TXNBYURJHYAMV,CUST25367531,2025-04-10 20:15:15,324.06,4,Electronics,Camera
TXNYUXJAI5C9I,CUST25367531,2025-08-16 20:15:15,171.25,1,Toys & Games,Board Games
TXNZSFPUT08XI,CUST25367531,2025-08-28 20:15:15,248.5,2,Toys & Games,Action Figures
TXNJ5YZSII561,CUST25367531,2025-02-16 20:15:15,402.15,2,Food & Beverages,Organic Products
TXNPKMIC9A2E2,CUST25367531,2025-12-15 20:15:15,210.73,2,Office Supplies,Electronics
TXN501RI305PI,CUST25367531,2025-02-25 20:15:15,134.0,1,Toys & Games,Board Games
TXNYJ5VGD02QV,CUST25367531,2025-10-19 20:15:15,340.19,2,Electronics,Laptop
TXNXHDJ7Z6F1Y,CUST25367531,2025-10-29 20:15:15,208.47,4,Clothing,Shoes
TXN6R7RP9DEO8,CUST25367531,2025-03-11 20:15:15,273.59,5,Clothing,Kurta
TXNLUTWIP3LOJ,CUST25367531,2025-04-08 20:15:15,40.11,4,Electronics,Camera
TXNSDU5WD0JCZ,CUST95381817,2026-01-19 20:15:15,58.46,5,Office Supplies,Printer
TXN94AAMY3PRK,CUST95381817,2025-08-19 20:15:15,52.69,3,Automotive,Cleaning Supplies
TXNRE09BK0G24,CUST95381817,2025-11-26 20:15:15,47.77,1,Food & Beverages,Organic Products
TXNAUXBPP33BF,CUST95381817,2025-09-15 20:15:15,69.28,1,Sports & Outdoors,Yoga Mat
TXNWR4AAPQG9Y,CUST29710531,2024-07-11 20:15:15,104.45,1,Toys & Games,LEGO
TXNHFPT2Y9FNW,CUST50446621,2025-09-04 20:15:15,104.46,4,Automotive,Car Accessories
TXNJOLCSSVSIX,CUST50446621,2025-06-30 20:15:15,117.55,4,Home & Garden,Tools
TXN4I1CWIUFEH,CUST50446621,2025-07-05 20:15:15,143.63,5,Electronics,Smartphone
TXNGIP14RPUYH,CUST50446621,2025-11-03 20:15:15,105.51,4,Books,Non-Fiction
TXN4517G5SPQ3,CUST50446621,2024-09-09 20:15:15,108.6,5,Clothing,Accessories
TXN9DZ32X52WQ,CUST50446621,2024-07-31 20:15:15,108.32,3,Books,Educational
TXNJURKLMDIFJ,CUST50446621,2024-12-27 20:15:15,108.13,4,Books,Fiction
TXNWIXZCXBJQ1,CUST50446621,2025-03-27 20:15:15,68.92,3,Home & Garden,Tools
TXNDSKEE63EBH,CUST50446621,2025-02-28 20:15:15,139.91,1,Home & Garden,Tools
TXNLMXWIIQPXZ,CUST63679584,2024-04-02 20:15:15,68.2,5,Automotive,Helmet
TXNZKBQP6VN9U,CUST49171415,2024-06-05 20:15:15,75.87,4,Home & Garden,Tools
TXNV4DDPAFZH3,CUST49171415,2024-10-18 20:15:15,127.99,3,Office Supplies,Electronics
TXNDL7J7N91FB,CUST49171415,2024-10-28 20:15:15,206.83,4,Office Supplies,Furniture
TXNVFXOTMGEG8,CUST09053222,2025-06-21 20:15:15,300.95,3,Toys & Games,Board Games
TXNP3ALXMEPYP,CUST09053222,2024-08-10 20:15:15,263.59,5,Clothing,T-Shirt
TXNA8CG34F1CE,CUST09053222,2025-05-09 20:15:15,194.14,3,Office Supplies,Stationery
TXNZBK9KJL4TM,CUST09053222,2025-11-21 20:15:15,401.79,1,Health & Beauty,Makeup
TXNL7B6LMM0CX,CUST09053222,2024-04-12 20:15:15,230.31,1,Clothing,Jacket
TXN2AHJVPPO9K,CUST09053222,2024-03-20 20:15:15,351.77,3,Books,Fiction
TXN4S132KW8IG,CUST09053222,2024-03-17 20:15:15,459.78,5,Toys & Games,Board Games
TXNYPND4JMV17,CUST09053222,2025-10-03 20:15:15,302.46,4,Clothing,Dress
TXNF9YMER225S,CUST09053222,2025-09-14 20:15:15,416.12,1,Food & Beverages,Beverages
TXNCQHB6S0IB8,CUST09053222,2025-05-12 20:15:15,332.54,1,Books,Non-Fiction
TXNZ2CTOYOUWP,CUST09053222,2024-08-31 20:15:15,380.07,4,Home & Garden,Kitchen Appliances
TXN7UVXH0VVOB,CUST09053222,2025-09-26 20:15:15,269.72,1,Automotive,Car Accessories
TXNH0MGB6SN7R,CUST09053222,2025-03-12 20:15:15,214.68,2,Clothing,Shoes
TXNYMMVEAWFTW,CUST09053222,2024-07-03 20:15:15,251.24,3,Home & Garden,Tools
TXNJ5LC9L2CNC,CUST09053222,2024-03-22 20:15:15,260.62,5,Electronics,Smartphone
TXNPZISLAYHE0,CUST09053222,2025-03-03 20:15:15,315.24,1,Sports & Outdoors,Camping Gear
TXNJ5YVJ8GMGX,CUST09053222,2024-12-03 20:15:15,354.07,4,Clothing,Accessories
TXN1JQN93QZHO,CUST09053222,2025-10-04 20:15:15,156.03,1,Automotive,Parts
TXNN4O6T5PXVG,CUST09053222,2025-12-31 20:15:15,305.76,1,Food & Beverages,Gourmet Food
TXNEXRH6REHI1,CUST09053222,2025-12-24 20:15:15,319.28,2,Books,Non-Fiction
TXNTA4TT4NGQY,CUST09053222,2024-12-18 20:15:15,296.26,4,Food & Beverages,Beverages
TXNLW6IFNQ5AE,CUST09053222,2024-12-30 20:15:15,200.37,5,Office Supplies,Printer
TXNE73KMZLP05,CUST09053222,2025-11-21 20:15:15,327.78,1,Home & Garden,Tools
TXN0KLT4V5V3W,CUST09053222,2025-08-16 20:15:15,324.39,2,Office Supplies,Desk Accessories
TXNLB5UQAOWDJ,CUST25312807,2025-11-04 20:15:15,149.11,3,Books,Educational
TXNIEQOT89CIY,CUST25312807,2025-11-12 20:15:15,111.57,3,Office Supplies,Printer
TXNUXWNAWPCWV,CUST25312807,2025-10-11 20:15:15,130.28,1,Electronics,Smart Watch
TXNIXJ1DPIMRX,CUST25312807,2025-10-11 20:15:15,139.63,5,Health & Beauty,Skincare
TXNHFIBCF2WOY,CUST25312807,2025-10-28 20:15:15,121.17,2,Food & Beverages,Snacks
TXNZVNR1FNQIX,CUST25312807,2026-01-05 20:15:15,71.57,5,Office Supplies,Printer
TXNAH6Z40XNWQ,CUST25312807,2025-12-14 20:15:15,38.23,1,Books,Magazines
TXNTY3DUVIP9Q,CUST25312807,2025-12-11 20:15:15,90.37,4,Automotive,Car Accessories
TXNYH0QGDOTR2,CUST25312807,2025-12-29 20:15:15,58.34,1,Electronics,Camera
TXNLTCV9LK43T,CUST25312807,2025-11-19 20:15:15,128.51,4,Electronics,Headphones
TXN5WLLFUPL9L,CUST14396985,2025-11-02 20:15:15,128.57,2,Books,Educational
TXNLP5FIQUDAG,CUST14396985,2025-10-08 20:15:15,148.89,4,Automotive,Parts
TXNXP25ZFFFIA,CUST14396985,2025-11-25 20:15:15,283.82,1,Food & Beverages,Organic Products
TXNG0PLZ084TY,CUST14396985,2026-01-26 20:15:15,163.41,5,Clothing,Accessories
TXNVCNKUBMY8J,CUST14396985,2026-01-24 20:15:15,251.33,4,Home & Garden,Decor
TXNW30QT8QKZT,CUST14396985,2025-12-26 20:15:15,187.53,3,Home & Garden,Kitchen Appliances
TXNAOIVCC2LK9,CUST14396985,2025-10-31 20:15:15,105.42,2,Electronics,Headphones
TXNBGC0BYGUFC,CUST14396985,2025-12-13 20:15:15,183.04,2,Office Supplies,Printer
TXNSHFNG6JYWR,CUST14396985,2025-12-03 20:15:15,56.43,1,Sports & Outdoors,Bicycle
TXNZKTSHGYNBT,CUST14396985,2025-11-21 20:15:15,197.57,2,Office Supplies,Stationery
TXNDBRXB5Q73M,CUST14396985,2025-11-04 20:15:15,133.36,3,Books,Magazines
TXNVAK25F3VE6,CUST14396985,2026-01-11 20:15:15,184.27,1,Home & Garden,Tools
TXNSQO5PRBFPE,CUST14396985,2025-11-20 20:15:15,148.88,2,Electronics,Tablet
TXNSXFOI98K0Z,CUST14396985,2025-12-18 20:15:15,251.18,1,Health & Beauty,Ayurveda
TXN9ZNMQBQJ08,CUST14396985,2025-11-19 20:15:15,187.73,3,Electronics,Smartphone
TXN3BKFMC6C8C,CUST14396985,2026-01-05 20:15:15,167.89,3,Automotive,Cleaning Supplies
TXN9W1QH36PPG,CUST14396985,2026-01-02 20:15:15,157.9,5,Sports & Outdoors,Bicycle
TXNO3QBA1PAA9,CUST14396985,2025-10-11 20:15:15,197.14,3,Automotive,Cleaning Supplies
TXN2DSDZMNWPT,CUST14396985,2025-09-15 20:15:15,164.39,4,Health & Beauty,Personal Care
TXN5ZCLBAWHI2,CUST14396985,2025-11-17 20:15:15,56.72,1,Toys & Games,LEGO
TXN6WHQ1ZHDNE,CUST14396985,2025-10-11 20:15:15,155.07,5,Office Supplies,Furniture
TXNQLC0ZUIMHN,CUST14396985,2026-01-23 20:15:15,185.51,5,Office Supplies,Printer
TXN8VBP52KQL2,CUST14396985,2025-10-28 20:15:15,143.37,5,Food & Beverages,Beverages
TXNEN9PLR7NPK,CUST14396985,2025-09-21 20:15:15,199.06,3,Office Supplies,Electronics
TXNWFVUDR7S5V,CUST14396985,2025-11-15 20:15:15,191.31,4,Home & Garden,Bedding
TXNYB7M9W704P,CUST14396985,2025-11-30 20:15:15,63.34,2,Automotive,Car Accessories
TXNRBG1TLMPR4,CUST14396985,2025-10-05 20:15:15,145.85,5,Sports & Outdoors,Sportswear
TXNWU3OOLVYKC,CUST14396985,2025-12-03 20:15:15,258.88,2,Health & Beauty,Skincare
TXNMC1JSDSTDH,CUST14396985,2026-01-19 20:15:15,215.08,1,Office Supplies,Printer
TXN47RTXRCJED,CUST14396985,2026-01-24 20:15:15,220.33,2,Health & Beauty,Ayurveda
TXN6WN3K71MZA,CUST14396985,2025-11-05 20:15:15,239.51,3,Books,Textbook
TXNXG946WCF9Z,CUST14396985,2026-01-20 20:15:15,171.71,1,Clothing,T-Shirt
TXNKEYHBJ1WYA,CUST14396985,2025-12-17 20:15:15,154.05,2,Sports & Outdoors,Fitness Equipment
TXN64GEHDJ9C3,CUST14396985,2025-11-14 20:15:15,232.32,1,Books,Comics
TXNCR85QB7PV7,CUST14396985,2025-12-26 20:15:15,247.29,1,Toys & Games,Video Games
TXNKZ3TXXVO4F,CUST14396985,2025-10-15 20:15:15,253.98,5,Home & Garden,Decor
TXNF892PYTGQY,CUST14396985,2025-12-07 20:15:15,149.82,2,Automotive,Parts
TXNA1MMTAGU7T,CUST14396985,2025-11-27 20:15:15,221.87,2,Health & Beauty,Makeup
TXNC648TVY96G,CUST14396985,2025-12-30 20:15:15,178.95,4,Electronics,Headphones
TXNTW2DZVK0T2,CUST14396985,2025-11-24 20:15:15,224.63,3,Office Supplies,Desk Accessories
TXNWRN8IR3R3S,CUST14396985,2026-01-19 20:15:15,180.24,3,Clothing,Jacket
TXN2E6PVAQKNU,CUST14396985,2025-11-18 20:15:15,183.88,2,Toys & Games,Action Figures
TXNMD8D8DMOFD,CUST14396985,2026-01-01 20:15:15,229.74,1,Food & Beverages,Gourmet Food
TXNOYT1TMY2SY,CUST14396985,2026-01-06 20:15:15,167.04,5,Food & Beverages,Organic Products
TXNGJW2L8VM5X,CUST14396985,2025-11-08 20:15:15,164.59,5,Books,Fiction
TXNPOXFNZ4JFC,CUST14396985,2025-12-05 20:15:15,244.37,3,Food & Beverages,Gourmet Food
TXN1VH3XK3ZK9,CUST14396985,2025-11-04 20:15:15,208.19,3,Health & Beauty,Makeup
TXNESB1XH8LI6,CUST49179999,2025-11-03 20:15:15,105.67,2,Toys & Games,LEGO
TXNAGDAU3R8IO,CUST49179999,2025-12-07 20:15:15,202.33,3,Office Supplies,Desk Accessories
TXNZU8A470PXU,CUST49179999,2025-12-16 20:15:15,215.66,1,Electronics,Smartphone
TXNLJZYTM54XA,CUST49179999,2025-09-01 20:15:15,163.42,4,Books,Non-Fiction
TXNYA1YPQKKVK,CUST49179999,2025-09-10 20:15:15,135.63,5,Toys & Games,Board Games
TXNPWOUVCGOET,CUST49179999,2025-12-25 20:15:15,222.63,5,Toys & Games,Video Games
TXNO53CYQLTYT,CUST49179999,2025-09-15 20:15:15,219.65,1,Home & Garden,Mixer
TXN361K483B9Y,CUST49179999,2026-01-12 20:15:15,110.2,4,Office Supplies,Printer
TXNPDR5L4RKC0,CUST49179999,2025-09-25 20:15:15,138.16,3,Toys & Games,LEGO
TXN2N7AML4DP9,CUST49179999,2025-12-31 20:15:15,147.61,1,Electronics,Speaker
TXNS93IG8FB67,CUST49179999,2025-11-02 20:15:15,223.88,2,Toys & Games,Action Figures
TXNR60STDI07Q,CUST49179999,2025-10-24 20:15:15,190.18,5,Sports & Outdoors,Yoga Mat
TXNWTP7JOYYT5,CUST49179999,2025-09-13 20:15:15,135.54,5,Food & Beverages,Snacks
TXNILDL16I8PD,CUST49179999,2026-01-07 20:15:15,149.83,5,Office Supplies,Electronics
TXNN2516HTTX5,CUST49179999,2025-10-09 20:15:15,145.14,5,Toys & Games,LEGO
TXNH986M27O7Z,CUST49179999,2025-08-16 20:15:15,115.73,4,Toys & Games,Puzzles
TXNJ51WDXQFML,CUST49179999,2025-12-19 20:15:15,173.42,2,Clothing,Kurta
TXNILHUBD5UM0,CUST49179999,2025-10-18 20:15:15,170.45,5,Clothing,T-Shirt
TXNWLP3LGUWF2,CUST49179999,2025-12-14 20:15:15,176.69,2,Electronics,Smart Watch
TXNJXIKHX6VXS,CUST89817759,2025-01-19 20:15:15,101.59,2,Clothing,T-Shirt
TXNKTYMH2YNI4,CUST89817759,2025-07-02 20:15:15,64.2,4,Food & Beverages,Beverages
TXNLBHATDEF4K,CUST89817759,2025-08-02 20:15:15,77.08,4,Home & Garden,Bedding
TXNW9YPNG984A,CUST89817759,2025-06-26 20:15:15,97.03,1,Office Supplies,Furniture
TXNV19JISQ12E,CUST89817759,2025-08-13 20:15:15,120.92,2,Health & Beauty,Ayurveda
TXNN4BLFCNM1J,CUST89817759,2024-12-23 20:15:15,103.26,2,Health & Beauty,Supplements
TXN0ERIWG828C,CUST89817759,2024-11-12 20:15:15,60.07,5,Automotive,Car Accessories
TXN2SKVT73LJY,CUST89817759,2025-09-13 20:15:15,37.45,5,Home & Garden,Kitchen Appliances
TXNWSL71NRHMH,CUST57336312,2025-06-02 20:15:15,93.45,4,Books,Comics
TXNC0QVCJH9KT,CUST57336312,2025-06-25 20:15:15,106.14,2,Home & Garden,Mixer
TXNXDOXNEDNIT,CUST57336312,2025-04-10 20:15:15,116.98,2,Automotive,Cleaning Supplies
TXN5RC8RXKLHY,CUST57336312,2025-04-07 20:15:15,144.22,1,Clothing,Jacket
TXNZHZZ32KMXK,CUST57336312,2025-05-12 20:15:15,126.39,5,Home & Garden,Mixer
TXN6FOI8ZMGK9,CUST49407098,2025-06-03 20:15:15,171.91,4,Health & Beauty,Ayurveda
TXNQ6KURSD1Z6,CUST49407098,2025-06-19 20:15:15,121.66,2,Health & Beauty,Skincare
TXNQH5LT8E7SF,CUST49407098,2025-08-20 20:15:15,207.9,4,Automotive,Car Accessories
TXNTU6UX1ZST7,CUST49407098,2026-01-14 20:15:15,97.94,5,Books,Comics
TXN01Q85R28U3,CUST49407098,2026-01-01 20:15:15,192.73,4,Automotive,Helmet
TXNE8N7UXOI2H,CUST49407098,2025-06-04 20:15:15,227.1,5,Automotive,Helmet
TXNZD0ZAMLQY0,CUST49407098,2025-08-06 20:15:15,206.0,3,Clothing,Kurta
TXNF0LSNXBLR8,CUST49407098,2025-11-23 20:15:15,128.14,5,Clothing,Accessories
TXNUUFZYBP1EM,CUST49407098,2025-05-17 20:15:15,73.5,2,Office Supplies,Furniture
TXN8N2OFHENM3,CUST49407098,2025-12-26 20:15:15,112.49,1,Toys & Games,Puzzles
TXN25VHBOWZ2A,CUST49407098,2025-05-03 20:15:15,147.08,5,Home & Garden,Decor
TXNUGDP235270,CUST49407098,2025-12-27 20:15:15,132.94,2,Electronics,Speaker
TXNOW4DPNTOC8,CUST04239983,2025-10-10 20:15:15,130.8,3,Toys & Games,LEGO
TXN4FYP3KZSKI,CUST04239983,2025-10-12 20:15:15,55.64,4,Health & Beauty,Ayurveda
TXN8BJRG0LQNB,CUST04239983,2024-12-29 20:15:15,151.03,1,Books,Educational
TXN9N3CPNC0IE,CUST04239983,2024-10-15 20:15:15,99.19,3,Electronics,Smartphone
TXNKTWIIUY7WN,CUST53961401,2025-07-24 20:15:15,140.11,3,Toys & Games,LEGO
TXNWOPSVYOTAD,CUST12204467,2025-08-21 20:15:15,134.24,3,Home & Garden,Kitchen Appliances
TXNC3N1QSEZ3N,CUST12204467,2025-05-04 20:15:15,191.92,5,Food & Beverages,Masala
TXNIX4WYYLPZH,CUST12204467,2025-06-13 20:15:15,130.07,3,Food & Beverages,Masala
TXNK6MXFFNEW1,CUST12204467,2025-08-21 20:15:15,76.12,4,Office Supplies,Stationery
TXNZLP6FMB70B,CUST12204467,2025-06-26 20:15:15,183.03,2,Automotive,Helmet
TXNYQ7HMACLBR,CUST12204467,2025-09-04 20:15:15,81.89,1,Electronics,Laptop
TXNBZ75YMH2CR,CUST71428444,2026-01-27 20:15:15,303.25,4,Food & Beverages,Organic Products
TXNVKTB1IBW40,CUST71428444,2025-05-20 20:15:15,424.62,3,Toys & Games,LEGO
TXN3C5WFASBI3,CUST71428444,2025-09-02 20:15:15,375.22,4,Food & Beverages,Gourmet Food
TXNOO04568U4F,CUST71428444,2025-04-08 20:15:15,322.71,3,Automotive,Parts
TXN1RQSVC5843,CUST71428444,2025-05-14 20:15:15,326.59,3,Home & Garden,Decor
TXNH6AVB4ZT78,CUST71428444,2025-07-31 20:15:15,219.2,2,Food & Beverages,Masala
TXNWYXVQFTHJT,CUST71428444,2025-09-17 20:15:15,359.31,5,Electronics,Speaker
TXNZ0W537KYH9,CUST71428444,2025-06-21 20:15:15,367.36,3,Books,Comics
TXNH04Y5BWY3Z,CUST71428444,2025-04-16 20:15:15,340.31,3,Toys & Games,Puzzles
TXNC98MOZFCHL,CUST71428444,2025-12-14 20:15:15,320.96,3,Electronics,Camera
TXNHN43UDAUWP,CUST71428444,2026-01-12 20:15:15,306.3,2,Automotive,Parts
TXN0GG9VLJET3,CUST71428444,2026-01-22 20:15:15,395.91,5,Clothing,Accessories
TXNAKL2HJRPJD,CUST71428444,2025-08-17 20:15:15,261.09,5,Sports & Outdoors,Bicycle
TXNRI6AIAH2OE,CUST71428444,2025-09-23 20:15:15,191.13,2,Electronics,Camera
TXN6SNY43NF3V,CUST71428444,2025-10-27 20:15:15,406.87,2,Home & Garden,Kitchen Appliances
TXN98SUT03WVY,CUST71428444,2025-04-05 20:15:15,193.28,1,Food & Beverages,Organic Products
TXNYLU2P2EU7R,CUST71428444,2025-04-14 20:15:15,248.82,3,Books,Textbook
TXNLWNH54491S,CUST71428444,2025-09-27 20:15:15,360.76,1,Home & Garden,Decor
TXNQL9MKSXU3U,CUST71428444,2025-09-11 20:15:15,351.89,2,Automotive,Car Accessories
TXNK335PTKRI6,CUST71428444,2025-04-22 20:15:15,304.41,3,Automotive,Helmet
TXN0HXBEBEKD4,CUST71428444,2025-04-30 20:15:15,455.14,5,Office Supplies,Desk Accessories
TXNKWC9GOOITT,CUST71428444,2025-05-17 20:15:15,413.63,5,Books,Magazines
TXN057C12I0NS,CUST71428444,2025-09-23 20:15:15,309.8,5,Food & Beverages,Masala
TXNPBG221FKPP,CUST71428444,2025-08-22 20:15:15,266.08,2,Books,Magazines
TXNNEBXC59BZB,CUST71428444,2025-09-24 20:15:15,345.54,4,Sports & Outdoors,Yoga Mat
TXNDBVJ18KDCP,CUST71428444,2025-09-19 20:15:15,338.12,2,Toys & Games,Action Figures
TXNS2MM7TJ8TU,CUST71428444,2025-06-13 20:15:15,434.02,1,Books,Textbook
TXNJ3AQZURIZU,CUST71428444,2025-09-10 20:15:15,301.01,5,Home & Garden,Mixer
TXNLVRR92QE26,CUST71428444,2025-06-07 20:15:15,418.49,1,Health & Beauty,Ayurveda
TXN7H6FX71F6W,CUST71428444,2025-06-04 20:15:15,192.11,4,Electronics,Smartphone
TXNZZEZALQHV0,CUST71428444,2025-09-29 20:15:15,353.78,1,Toys & Games,LEGO
TXN6JFCD68D9Y,CUST71428444,2025-08-23 20:15:15,251.97,3,Home & Garden,Bedding
TXNLO5NO0FR1M,CUST71428444,2025-09-09 20:15:15,320.6,5,Toys & Games,Action Figures
TXNVGQB2M0M2W,CUST71428444,2025-06-02 20:15:15,298.93,4,Toys & Games,LEGO
TXN0T5ICE1VZE,CUST71428444,2025-06-30 20:15:15,213.44,3,Home & Garden,Kitchen Appliances
TXNYH4HSAYQGE,CUST71428444,2025-08-02 20:15:15,249.44,2,Clothing,T-Shirt
TXNA1BZ5PCTAR,CUST71428444,2025-09-30 20:15:15,275.55,5,Clothing,T-Shirt
TXN2BC8TQIYNM,CUST71428444,2025-09-29 20:15:15,487.54,3,Food & Beverages,Snacks
TXN2ND9PX80WO,CUST71428444,2025-06-22 20:15:15,268.78,5,Home & Garden,Bedding
TXNNF7XZBKHXY,CUST71428444,2025-04-17 20:15:15,137.96,3,Sports & Outdoors,Fitness Equipment
TXNQ9OZAPPCIB,CUST20218236,2024-04-22 20:15:15,126.75,2,Books,Magazines
TXN1ZN1EXKCE9,CUST20218236,2025-07-03 20:15:15,76.79,1,Clothing,Kurta
TXNHDH2PEJW3V,CUST20218236,2024-06-22 20:15:15,111.9,1,Office Supplies,Printer
TXNGU79BD928B,CUST20218236,2025-01-02 20:15:15,43.79,3,Food & Beverages,Beverages
TXNS6F5KWRUX4,CUST35634113,2024-06-22 20:15:15,51.74,5,Office Supplies,Desk Accessories
TXN85TPNKR7SU,CUST70109019,2025-08-26 20:15:15,80.28,2,Health & Beauty,Personal Care
TXN0TTOG4QEKR,CUST70109019,2025-10-04 20:15:15,63.25,5,Clothing,Dress
TXN1FS3LA29W4,CUST70109019,2025-08-26 20:15:15,64.4,5,Automotive,Cleaning Supplies
TXNGC3JC2FTFG,CUST70109019,2025-10-27 20:15:15,127.48,5,Clothing,Jeans
TXNMM5164C5LA,CUST70109019,2025-10-02 20:15:15,59.14,4,Automotive,Car Accessories
TXN8HJSB4CLW9,CUST70109019,2025-06-12 20:15:15,76.93,4,Electronics,Smartphone
TXNKFZN5BRMSK,CUST70109019,2025-08-10 20:15:15,74.48,3,Toys & Games,LEGO
TXN5OQONU227T,CUST70109019,2025-10-17 20:15:15,77.69,3,Office Supplies,Stationery
TXNU92Z34UZ0K,CUST36213349,2025-05-28 20:15:15,74.05,5,Office Supplies,Electronics
TXNJENDA05RL9,CUST36213349,2025-03-23 20:15:15,111.4,4,Books,Non-Fiction
TXN9KIXMEGKAZ,CUST36213349,2025-04-30 20:15:15,122.85,3,Electronics,Smart Watch
TXNPHCMVHRYG0,CUST60899261,2026-01-15 20:15:15,336.83,3,Electronics,Headphones
TXNR9KMXDV0I0,CUST60899261,2025-12-04 20:15:15,445.74,2,Toys & Games,Puzzles
TXN8E2FY38DRU,CUST60899261,2025-09-06 20:15:15,383.76,4,Home & Garden,Kitchen Appliances
TXNMRYWFIG94N,CUST60899261,2026-01-28 20:15:15,346.84,4,Office Supplies,Furniture
TXNYTZZK9B10C,CUST60899261,2025-10-15 20:15:15,227.65,4,Food & Beverages,Beverages
TXNDLTR2HZXBT,CUST60899261,2026-01-06 20:15:15,318.03,3,Home & Garden,Tools
TXNXTF7S9YL8K,CUST60899261,2025-09-18 20:15:15,428.86,3,Sports & Outdoors,Camping Gear
TXNNY55QCK5Q2,CUST60899261,2025-12-16 20:15:15,291.88,4,Food & Beverages,Snacks
TXNSV0XHSLIDG,CUST60899261,2025-09-12 20:15:15,338.04,5,Books,Textbook
TXN0JXW3TD97R,CUST60899261,2025-10-20 20:15:15,223.67,4,Food & Beverages,Snacks
TXNB3XFZT28WJ,CUST60899261,2025-12-09 20:15:15,367.06,3,Electronics,Laptop
TXNVKE8WCPZYA,CUST60899261,2025-10-13 20:15:15,376.18,4,Clothing,Dress
TXNMB3PVCG6J4,CUST60899261,2025-10-03 20:15:15,562.45,3,Office Supplies,Stationery
TXN9Q8XC76TEM,CUST60899261,2025-10-18 20:15:15,353.32,3,Electronics,Headphones
TXN55Q77R026V,CUST60899261,2025-12-21 20:15:15,360.16,5,Clothing,Jeans
TXN43OGP9AG9D,CUST60899261,2025-12-07 20:15:15,315.03,4,Books,Fiction
TXNEFJWFZM5VR,CUST60899261,2025-12-21 20:15:15,321.68,5,Electronics,Laptop
TXNWYT2GI80DU,CUST60899261,2025-12-09 20:15:15,300.39,1,Office Supplies,Electronics
TXNJHYG77TDIM,CUST60899261,2025-11-23 20:15:15,464.93,2,Books,Fiction
TXNKI8N2N07DL,CUST60899261,2025-10-21 20:15:15,279.15,1,Sports & Outdoors,Yoga Mat
TXN7KCU9PI0K9,CUST60899261,2026-01-01 20:15:15,444.06,5,Electronics,Laptop
TXNSCYTJ7L526,CUST60899261,2026-01-21 20:15:15,321.64,2,Food & Beverages,Gourmet Food
TXNQT8294KNPG,CUST60899261,2026-01-14 20:15:15,247.33,4,Food & Beverages,Organic Products
TXN3P3KYQ49N9,CUST60899261,2026-01-16 20:15:15,274.76,4,Office Supplies,Stationery
TXNTQ97BNEPL3,CUST60899261,2025-11-27 20:15:15,261.8,4,Books,Textbook
TXNR11APFLR2G,CUST60899261,2025-08-27 20:15:15,277.3,5,Sports & Outdoors,Camping Gear
TXN2LVFQRAMOX,CUST60899261,2025-10-06 20:15:15,210.61,5,Food & Beverages,Gourmet Food
TXNZD08XSO4TH,CUST60899261,2025-11-04 20:15:15,256.25,1,Automotive,Tools
TXNV6AJ80A0KA,CUST60899261,2025-11-12 20:15:15,84.61,2,Toys & Games,LEGO
TXNA47EEMDFQL,CUST60899261,2026-01-17 20:15:15,340.73,5,Office Supplies,Electronics
TXND8VDU5S13D,CUST00547569,2025-08-23 20:15:15,53.61,1,Electronics,Camera
TXNDQKVGPRIXF,CUST00547569,2025-07-03 20:15:15,60.16,2,Office Supplies,Printer
TXNB7S9NAE2KW,CUST00547569,2025-09-27 20:15:15,48.52,3,Office Supplies,Desk Accessories
TXN3KG1LZHJYW,CUST00547569,2025-07-13 20:15:15,90.71,4,Books,Educational
TXNVE48ERXKX8,CUST00547569,2025-06-22 20:15:15,28.04,5,Clothing,Accessories
TXNVZXI32RP8P,CUST00547569,2025-11-23 20:15:15,82.52,4,Health & Beauty,Supplements
TXNV0BV7Z7D5Z,CUST00547569,2025-09-09 20:15:15,34.06,3,Clothing,Jeans
TXNCRQZEYDSBT,CUST00547569,2025-09-06 20:15:15,50.07,1,Office Supplies,Stationery
TXNZFM8TQMP6A,CUST00547569,2025-07-01 20:15:15,71.5,3,Toys & Games,Action Figures
TXNL22ZRG81V5,CUST00547569,2025-09-20 20:15:15,102.13,1,Automotive,Tools
TXN6NSK008MRR,CUST19142793,2024-03-29 20:15:15,53.27,5,Electronics,Speaker
TXNN03XUAN7DT,CUST19142793,2024-03-24 20:15:15,10.0,4,Sports & Outdoors,Yoga Mat
TXN2H5SFC9JRK,CUST19142793,2024-04-02 20:15:15,47.69,5,Automotive,Helmet
TXNA3A45XVMTO,CUST17722764,2024-10-04 20:15:15,99.16,2,Office Supplies,Furniture
TXN4O8Z4JWUZA,CUST17722764,2024-10-17 20:15:15,225.06,1,Books,Magazines
TXNOGNAF1UF9O,CUST17722764,2024-06-17 20:15:15,143.09,5,Sports & Outdoors,Camping Gear
TXNUPHU7TVEEM,CUST17722764,2024-07-10 20:15:15,168.32,3,Home & Garden,Tools
TXNWW1QI7ZNUM,CUST17722764,2024-09-27 20:15:15,96.65,2,Sports & Outdoors,Fitness Equipment
TXNVC5B36S6ZE,CUST06513944,2024-08-17 20:15:15,94.55,1,Books,Non-Fiction
TXNW8BELEIMLB,CUST06513944,2024-06-06 20:15:15,129.38,5,Home & Garden,Furniture
TXN7P9QXY9UJZ,CUST06513944,2024-06-20 20:15:15,101.73,2,Home & Garden,Mixer
TXNFBM2YSK1HW,CUST06513944,2024-08-17 20:15:15,144.29,5,Electronics,Tablet
TXN1N3COVJ9GL,CUST17128325,2025-06-21 20:15:15,87.72,3,Books,Fiction
TXN7Y5S203DL5,CUST17128325,2025-08-15 20:15:15,100.5,3,Automotive,Car Accessories
TXN7MU0U3MA3P,CUST17128325,2025-07-04 20:15:15,130.75,1,Office Supplies,Printer
TXNGJVIWACB3R,CUST17128325,2025-06-21 20:15:15,102.27,3,Office Supplies,Printer
TXNTAXWPTACHM,CUST17128325,2025-06-16 20:15:15,93.18,3,Automotive,Helmet
TXNJAJERTMZSD,CUST99547912,2024-10-31 20:15:15,104.33,2,Health & Beauty,Ayurveda
TXN459D6Q4VL9,CUST99547912,2025-07-06 20:15:15,111.59,2,Books,Fiction
TXNAIFUZIE33E,CUST99547912,2024-12-04 20:15:15,160.62,3,Toys & Games,LEGO
TXNMXPSGPXIAA,CUST99547912,2025-03-22 20:15:15,127.02,3,Health & Beauty,Personal Care
TXNAHV4ZPVBNK,CUST99547912,2025-03-08 20:15:15,94.41,5,Books,Non-Fiction
TXN1SKAJXAHGR,CUST99547912,2024-09-08 20:15:15,116.67,5,Food & Beverages,Masala
TXNLQ284ILE86,CUST99547912,2026-01-03 20:15:15,165.51,5,Health & Beauty,Ayurveda
TXNBI9S7Q3SHD,CUST99547912,2024-06-06 20:15:15,119.8,4,Food & Beverages,Organic Products
TXNTLFOFGO62S,CUST99547912,2025-04-27 20:15:15,30.36,4,Automotive,Tools
TXNXVHZS9RDLX,CUST99547912,2024-11-30 20:15:15,168.49,2,Automotive,Car Accessories
TXNBNX1J1I93G,CUST31035397,2024-10-08 20:15:15,43.48,1,Office Supplies,Electronics
TXNUO41O6NHZ0,CUST31035397,2024-04-08 20:15:15,58.11,3,Toys & Games,Action Figures
TXNV0HUTAF5Z8,CUST31035397,2024-05-08 20:15:15,41.18,1,Sports & Outdoors,Camping Gear
TXN7AXWEMUFPM,CUST41454426,2025-09-19 20:15:15,432.45,4,Books,Fiction
TXNI5CMSY2O0Z,CUST41454426,2025-12-25 20:15:15,443.0,1,Automotive,Tools
TXNXVEUEXLZCF,CUST41454426,2025-10-13 20:15:15,294.43,2,Automotive,Parts
TXN91SVKYHW93,CUST41454426,2026-02-06 20:15:15,226.98,1,Toys & Games,Board Games
TXN4LX3YLDPYF,CUST41454426,2026-01-28 20:15:15,248.22,1,Office Supplies,Furniture
TXNG6Z3O246ZI,CUST41454426,2025-10-28 20:15:15,401.15,5,Automotive,Car Accessories
TXNB80UC8BIFK,CUST41454426,2025-09-26 20:15:15,360.84,2,Food & Beverages,Beverages
TXN3HDG67DD2X,CUST41454426,2025-10-02 20:15:15,375.84,2,Books,Non-Fiction
TXNO0AYK9MBLW,CUST41454426,2025-12-12 20:15:15,426.52,5,Health & Beauty,Ayurveda
TXNL7DM6L3WWP,CUST41454426,2025-09-23 20:15:15,341.33,3,Toys & Games,Board Games
TXNAJN96ZOLFM,CUST41454426,2025-11-09 20:15:15,326.67,4,Home & Garden,Bedding
TXNRXL9I96QN7,CUST41454426,2025-11-01 20:15:15,284.56,4,Health & Beauty,Supplements
TXNBPGGRIUNG7,CUST41454426,2026-01-09 20:15:15,420.52,2,Sports & Outdoors,Fitness Equipment
TXNAVJZCFM7SR,CUST41454426,2025-12-25 20:15:15,570.87,4,Books,Educational
TXN4RFN6ZOWIS,CUST41454426,2025-11-24 20:15:15,321.08,1,Health & Beauty,Makeup
TXNZL4Z4UEJWF,CUST41454426,2025-09-25 20:15:15,428.78,5,Office Supplies,Stationery
TXNM8NYSEXHGS,CUST41454426,2025-12-22 20:15:15,527.83,4,Clothing,Accessories
TXN82H1UOE5VF,CUST41454426,2025-12-31 20:15:15,301.4,1,Home & Garden,Mixer
TXNGBD61V3WYP,CUST41454426,2025-11-14 20:15:15,577.16,1,Office Supplies,Stationery
TXN0S7MQ30TV0,CUST41454426,2026-02-13 20:15:15,272.45,4,Food & Beverages,Snacks
TXN6V4EGO57AB,CUST41454426,2025-12-01 20:15:15,440.99,3,Home & Garden,Kitchen Appliances
TXN98MZLQZBVH,CUST37616027,2025-07-24 20:15:15,160.59,1,Books,Magazines
TXNMT0VDXMS86,CUST37616027,2025-04-20 20:15:15,278.83,3,Home & Garden,Kitchen Appliances
TXN1W0WZ2DK5L,CUST37616027,2025-09-30 20:15:15,193.44,2,Sports & Outdoors,Camping Gear
TXNJ0OUVT3Q3N,CUST37616027,2025-09-15 20:15:15,74.27,3,Health & Beauty,Personal Care
TXNPA3FRJAP9C,CUST37616027,2025-05-01 20:15:15,341.64,2,Electronics,Laptop
TXNRWJ2HM5D2K,CUST37616027,2024-12-11 20:15:15,255.8,5,Automotive,Cleaning Supplies
TXNXVW9BK13E3,CUST37616027,2025-11-06 20:15:15,201.95,2,Clothing,Kurta
TXNWA9JRHHUNY,CUST37616027,2025-07-09 20:15:15,223.95,1,Automotive,Helmet
TXNK3D1U33IT2,CUST37616027,2025-01-04 20:15:15,227.0,3,Toys & Games,Video Games
TXN3Y6NZH28UA,CUST37616027,2025-06-19 20:15:15,215.05,1,Home & Garden,Mixer
TXNWQI0A9HV13,CUST37616027,2025-07-14 20:15:15,212.71,5,Toys & Games,Video Games
TXN5SF6RSNJRR,CUST37616027,2025-12-24 20:15:15,230.79,1,Home & Garden,Tools
TXN12CO44XRHY,CUST48251060,2026-02-21 20:15:15,140.99,2,Books,Fiction
TXN2TXIZKMW58,CUST48251060,2026-01-26 20:15:15,27.92,5,Office Supplies,Desk Accessories
TXNNTFIHGP2CI,CUST48251060,2026-01-29 20:15:15,34.97,4,Automotive,Cleaning Supplies
TXN6ZEP29BXJR,CUST48251060,2026-02-09 20:15:15,100.19,2,Health & Beauty,Skincare
TXN6KM0YU23TP,CUST48251060,2026-02-09 20:15:15,19.86,1,Home & Garden,Kitchen Appliances
TXNOE8C198F5Z,CUST48251060,2026-01-19 20:15:15,75.05,3,Office Supplies,Printer
TXNJ93E73BHVQ,CUST48251060,2026-02-21 20:15:15,67.52,2,Food & Beverages,Organic Products
TXNFFM4SW3QWD,CUST48251060,2026-02-14 20:15:15,87.27,1,Toys & Games,Puzzles
TXNHS64FH5IUY,CUST48251060,2026-02-22 20:15:15,71.71,3,Clothing,Dress
TXNXALA047WA1,CUST48251060,2026-01-18 20:15:15,84.38,2,Toys & Games,Video Games
TXN99H4P5N38V,CUST48251060,2026-01-20 20:15:15,67.65,4,Sports & Outdoors,Bicycle
TXNP6QY7KBCME,CUST48251060,2026-02-19 20:15:15,54.99,3,Sports & Outdoors,Yoga Mat
TXNEYIMP9KZ88,CUST48251060,2026-02-02 20:15:15,81.25,5,Books,Comics
TXNICCNPGI7GX,CUST48251060,2026-02-21 20:15:15,101.84,5,Toys & Games,Action Figures
TXNA53NT0MS28,CUST48251060,2026-02-07 20:15:15,104.99,4,Home & Garden,Furniture
TXN40VWJUM1MB,CUST48251060,2026-01-15 20:15:15,93.08,4,Toys & Games,Puzzles
TXN93K5C8AN64,CUST48251060,2026-01-21 20:15:15,122.08,5,Books,Comics
TXNZW9XMDQ25V,CUST48251060,2026-01-22 20:15:15,90.57,3,Books,Fiction
TXNVPFQL9VTF6,CUST48251060,2026-02-14 20:15:15,110.1,5,Food & Beverages,Beverages
TXNO8FFG0VCBJ,CUST48251060,2026-02-02 20:15:15,81.31,5,Sports & Outdoors,Sportswear
TXNL5FJBOIOA1,CUST48251060,2026-01-28 20:15:15,100.41,4,Office Supplies,Desk Accessories
TXNVR8RN3VTOZ,CUST48251060,2026-01-22 20:15:15,140.21,2,Clothing,Jeans
TXNNPVRVI8OC0,CUST48251060,2026-01-30 20:15:15,93.01,2,Toys & Games,Puzzles
TXNX1SB3374Z5,CUST48251060,2026-02-02 20:15:15,120.02,4,Home & Garden,Furniture
TXNLF5IBYU1L9,CUST48251060,2026-02-21 20:15:15,88.57,2,Office Supplies,Furniture
TXNUAP70F7EI1,CUST49231134,2025-05-24 20:15:15,79.38,1,Health & Beauty,Skincare
TXN34VPE0BOM4,CUST49231134,2025-07-24 20:15:15,133.29,5,Automotive,Car Accessories
TXNQJPW2FJD86,CUST49231134,2026-01-12 20:15:15,147.66,2,Home & Garden,Bedding
TXNZXIVYUDBM1,CUST49231134,2025-12-05 20:15:15,159.68,4,Books,Non-Fiction
TXNQHBB4XCC48,CUST49231134,2026-01-10 20:15:15,101.25,4,Electronics,Laptop
TXN4GHL1SZIQF,CUST49231134,2025-05-31 20:15:15,271.04,3,Clothing,Dress
TXNBHT6OWA7V2,CUST49231134,2025-08-03 20:15:15,168.48,5,Office Supplies,Desk Accessories
TXNL96Z0AP40K,CUST49231134,2025-09-07 20:15:15,175.23,1,Automotive,Tools
TXN05WISTGDBD,CUST49231134,2025-11-15 20:15:15,160.84,3,Food & Beverages,Snacks
TXNTILA7TLZR7,CUST49231134,2025-08-05 20:15:15,95.17,4,Office Supplies,Stationery
TXN8D3GQ1K6D6,CUST49231134,2025-10-14 20:15:15,111.28,2,Books,Magazines
TXN9AW47VOV85,CUST49231134,2025-06-19 20:15:15,148.74,3,Sports & Outdoors,Bicycle
TXNB0FOQB9EZ2,CUST49231134,2025-11-09 20:15:15,56.81,2,Sports & Outdoors,Yoga Mat
TXNJVDVT0A6JT,CUST49231134,2025-10-03 20:15:15,109.14,5,Health & Beauty,Personal Care
TXN9NG7YJ5QMJ,CUST49231134,2025-05-17 20:15:15,108.01,1,Toys & Games,Puzzles
TXNIG6D2MBVTR,CUST49231134,2025-04-16 20:15:15,150.4,3,Automotive,Helmet
TXNH6KM6XGKZ4,CUST49231134,2025-12-24 20:15:15,89.34,1,Sports & Outdoors,Yoga Mat
TXNF8RENBOUTO,CUST49231134,2026-01-08 20:15:15,204.02,4,Electronics,Speaker
TXNC692B7MY2D,CUST49231134,2025-04-23 20:15:15,250.39,2,Electronics,Speaker
TXN761GM6DKVK,CUST49231134,2025-08-01 20:15:15,143.8,3,Home & Garden,Tools
TXNXJ8QKTG72T,CUST49231134,2025-07-11 20:15:15,174.75,1,Sports & Outdoors,Fitness Equipment
TXNDEE9T38S50,CUST49231134,2025-09-13 20:15:15,146.21,1,Office Supplies,Electronics
TXNY2EUKFBLZM,CUST49231134,2026-01-07 20:15:15,106.62,1,Home & Garden,Tools
TXN4LUCSZXEBA,CUST49231134,2025-12-17 20:15:15,91.46,4,Sports & Outdoors,Bicycle
TXNSVYA6TMR8U,CUST49231134,2025-05-23 20:15:15,140.34,5,Electronics,Camera
TXNOQID3RF9SK,CUST06945890,2024-07-08 20:15:15,142.61,3,Books,Non-Fiction
TXN0MXWMNIPQ4,CUST06945890,2025-10-18 20:15:15,233.16,4,Toys & Games,LEGO
TXNTJTKXC370H,CUST06945890,2025-06-17 20:15:15,144.3,2,Office Supplies,Stationery
TXNBBRQQD9J15,CUST06945890,2025-05-23 20:15:15,190.63,2,Health & Beauty,Supplements
TXN3XAN0823X2,CUST06945890,2025-08-21 20:15:15,132.82,4,Toys & Games,Video Games
TXN741QT8Q3I5,CUST06945890,2025-12-11 20:15:15,129.16,1,Clothing,Shoes
TXN3KQA26ZTF6,CUST06945890,2025-10-02 20:15:15,256.27,5,Office Supplies,Stationery
TXNOXON233Z7V,CUST06945890,2025-02-07 20:15:15,154.06,4,Office Supplies,Desk Accessories
TXNIWVRGXQ6TZ,CUST06945890,2024-06-28 20:15:15,157.03,5,Automotive,Car Accessories
TXNEUCAPO6LLT,CUST06945890,2024-07-06 20:15:15,144.12,3,Automotive,Cleaning Supplies
TXNPP7IW0MNKI,CUST06945890,2025-10-19 20:15:15,151.85,4,Sports & Outdoors,Yoga Mat
TXNPCNNKHOUIK,CUST06945890,2025-03-18 20:15:15,173.06,3,Home & Garden,Bedding
TXNT2NQ6UFET1,CUST06945890,2025-12-04 20:15:15,70.22,1,Automotive,Helmet
TXNV6WZWHFBN7,CUST06945890,2025-01-13 20:15:15,222.42,5,Clothing,T-Shirt
TXN9Y47TF23OV,CUST06945890,2024-11-06 20:15:15,199.96,2,Home & Garden,Bedding
TXN5KF53GKZOW,CUST06945890,2026-02-04 20:15:15,225.85,3,Toys & Games,Video Games
TXNA8SXQRZ50C,CUST06945890,2025-09-14 20:15:15,248.27,4,Clothing,Accessories
TXNLAFOHDI1E8,CUST06945890,2024-08-28 20:15:15,186.63,4,Automotive,Car Accessories
TXNFR0V8I7TX2,CUST06945890,2025-05-10 20:15:15,184.37,5,Clothing,Jacket
TXNN9T7LLMVV5,CUST06945890,2024-07-11 20:15:15,210.82,3,Office Supplies,Desk Accessories
TXN19OV2AHGKJ,CUST06945890,2024-09-25 20:15:15,108.2,1,Office Supplies,Desk Accessories
TXNOO9KPANVZ2,CUST06945890,2025-11-11 20:15:15,159.59,4,Books,Fiction
TXNZDWMDB1UPN,CUST34059627,2025-10-01 20:15:15,127.09,3,Electronics,Camera
TXNFNIN07SUSR,CUST34059627,2025-10-01 20:15:15,123.69,2,Sports & Outdoors,Yoga Mat
TXNFSVMJK6AVC,CUST34059627,2025-09-17 20:15:15,163.04,4,Toys & Games,Puzzles
TXNAUMVL8XE3M,CUST34059627,2025-10-01 20:15:15,95.99,3,Sports & Outdoors,Fitness Equipment
TXNZ4WXMXH9L6,CUST34059627,2025-09-18 20:15:15,134.09,5,Automotive,Helmet
TXNLOY2EZCFIW,CUST34059627,2025-10-04 20:15:15,96.5,2,Sports & Outdoors,Camping Gear
TXN8W5RLJCBVA,CUST34059627,2025-09-29 20:15:15,65.8,5,Automotive,Cleaning Supplies
TXNHD6KLZICPT,CUST34059627,2025-10-05 20:15:15,103.44,3,Clothing,Dress
TXNCCXR8OJ9ZH,CUST58156656,2026-01-21 20:15:15,195.14,4,Electronics,Smart Watch
TXNBT2OZVUVA6,CUST58156656,2025-12-28 20:15:15,182.49,2,Sports & Outdoors,Fitness Equipment
TXNHP49YYYOHZ,CUST58156656,2025-12-25 20:15:15,141.56,1,Office Supplies,Furniture
TXNF9P3NGYJ5S,CUST58156656,2025-08-15 20:15:15,192.67,2,Automotive,Helmet
TXN5GBNC6CMI1,CUST58156656,2026-01-11 20:15:15,156.28,4,Home & Garden,Mixer
TXNF57R78GJXW,CUST58156656,2025-08-25 20:15:15,333.23,3,Clothing,Kurta
TXNZI58JAMP8T,CUST58156656,2025-09-28 20:15:15,265.72,5,Health & Beauty,Ayurveda
TXNY0R80RSAVM,CUST58156656,2025-10-13 20:15:15,135.66,4,Health & Beauty,Skincare
TXNSMFBKJ9X7V,CUST58156656,2025-12-30 20:15:15,171.48,1,Food & Beverages,Gourmet Food
TXN7ZUUTTNF3E,CUST58156656,2025-08-02 20:15:15,184.13,3,Clothing,Shoes
TXNS43LVJ0REE,CUST58156656,2025-10-24 20:15:15,195.83,1,Home & Garden,Mixer
TXN35MPR39869,CUST58156656,2025-09-01 20:15:15,156.39,5,Clothing,Kurta
TXNDGLLK1T6DM,CUST58156656,2025-08-10 20:15:15,201.95,2,Sports & Outdoors,Bicycle
TXNGEM77VUVW9,CUST58156656,2025-07-23 20:15:15,272.49,5,Books,Fiction
TXN2MOR20A6I1,CUST58156656,2025-11-14 20:15:15,185.76,4,Automotive,Parts
TXN2W66HQMJFM,CUST58156656,2026-02-02 20:15:15,134.19,1,Food & Beverages,Beverages
TXNLKIWM5HR50,CUST58156656,2025-10-17 20:15:15,82.48,1,Automotive,Car Accessories
TXNILGHKN8JY8,CUST58156656,2025-12-15 20:15:15,86.08,2,Sports & Outdoors,Yoga Mat
TXN7IKN4NLZWC,CUST58156656,2025-11-25 20:15:15,226.71,2,Electronics,Tablet
TXN5OT6DZD11F,CUST58156656,2025-10-24 20:15:15,216.81,2,Clothing,T-Shirt
TXNJSR3I6KLC0,CUST58156656,2025-09-05 20:15:15,196.21,3,Automotive,Parts
TXN1BJJGYFRX8,CUST58156656,2025-10-05 20:15:15,172.41,3,Sports & Outdoors,Bicycle
TXN040E3I97BH,CUST58156656,2025-08-29 20:15:15,182.27,5,Automotive,Car Accessories
TXNC51JPM0UOV,CUST58156656,2025-08-04 20:15:15,225.12,3,Food & Beverages,Masala
TXNWGA4ITHJD1,CUST58156656,2025-10-05 20:15:15,171.71,5,Toys & Games,Board Games
TXNQ1K35XKU20,CUST58156656,2025-08-28 20:15:15,211.95,1,Office Supplies,Printer
TXNDRVY8GVWVC,CUST58156656,2025-12-08 20:15:15,193.04,2,Home & Garden,Decor
TXNNRYOZDGM3L,CUST58156656,2025-12-30 20:15:15,215.05,3,Books,Educational
TXNWFTNTY8GMR,CUST58156656,2025-07-22 20:15:15,72.16,1,Toys & Games,Puzzles
TXNFROV1G2X95,CUST58156656,2025-10-17 20:15:15,259.62,4,Clothing,Kurta
TXNMU8REZLP3Y,CUST58156656,2025-12-15 20:15:15,226.3,4,Sports & Outdoors,Sportswear
TXN1VQVCT30I8,CUST58156656,2025-11-06 20:15:15,179.15,3,Food & Beverages,Gourmet Food
TXN5NL4QCIG22,CUST58156656,2025-11-20 20:15:15,189.07,3,Home & Garden,Bedding
TXNE5FAXKGGBF,CUST58156656,2025-09-16 20:15:15,241.91,3,Books,Magazines
TXN868LLIL5EW,CUST58156656,2025-07-28 20:15:15,200.79,5,Books,Comics
TXN08Z9OAV2W6,CUST58156656,2025-08-04 20:15:15,246.81,2,Home & Garden,Mixer
TXNOFULGNWBHL,CUST58156656,2026-01-24 20:15:15,215.97,1,Sports & Outdoors,Camping Gear
TXNBE35XYE004,CUST58156656,2025-07-31 20:15:15,267.19,5,Electronics,Laptop
TXN4RKV10LJMP,CUST58156656,2025-08-15 20:15:15,148.36,5,Books,Comics
TXNJO22FCW37F,CUST58156656,2025-10-20 20:15:15,216.81,4,Books,Comics
TXNUH148AEI2D,CUST58156656,2025-10-25 20:15:15,97.28,1,Clothing,Kurta
TXNJTOIUNJRDF,CUST58156656,2025-11-10 20:15:15,148.41,4,Sports & Outdoors,Fitness Equipment
TXN6ZCMBIAHI2,CUST58156656,2025-09-02 20:15:15,124.03,5,Toys & Games,LEGO
TXNB34SXUDG65,CUST58156656,2025-07-14 20:15:15,198.95,3,Clothing,Shoes
TXND1OI7V71WD,CUST58156656,2026-01-15 20:15:15,187.78,4,Office Supplies,Stationery
TXNJ29KOT38I0,CUST58156656,2025-12-31 20:15:15,170.59,5,Books,Textbook
TXNS78S8ZAHVM,CUST58156656,2025-08-13 20:15:15,125.15,3,Books,Magazines
TXN37Y4K62YJN,CUST58156656,2025-07-19 20:15:15,104.36,4,Food & Beverages,Masala
TXN7JHGQLNF7X,CUST58156656,2025-07-17 20:15:15,137.61,3,Clothing,Dress
TXNLGD5VBCVGM,CUST58156656,2025-07-30 20:15:15,263.47,4,Books,Fiction
TXN8YH3OM44LU,CUST56537448,2025-11-03 20:15:15,102.69,2,Books,Fiction
TXNXOY3ZLO48M,CUST56537448,2025-11-04 20:15:15,73.48,5,Sports & Outdoors,Yoga Mat
TXN60HOT8K4C6,CUST56537448,2025-11-12 20:15:15,98.83,4,Food & Beverages,Snacks
TXNUE6QMBCMKX,CUST56537448,2025-09-09 20:15:15,109.7,2,Books,Fiction
TXNK9UC772NSR,CUST56537448,2025-12-15 20:15:15,104.96,1,Food & Beverages,Masala
TXNKRC7NOKJ3J,CUST56537448,2025-11-28 20:15:15,85.24,3,Home & Garden,Kitchen Appliances
TXNP4RS7GF9VV,CUST56537448,2025-09-09 20:15:15,85.34,4,Food & Beverages,Masala
TXN29LZNAYIJ0,CUST56537448,2025-12-13 20:15:15,87.46,1,Toys & Games,Board Games
TXNIRFW2LAS9G,CUST56537448,2025-12-23 20:15:15,138.73,4,Automotive,Tools
TXN4D9AYPASQ2,CUST56537448,2025-08-25 20:15:15,119.91,5,Home & Garden,Kitchen Appliances
TXNADRHG2HEN8,CUST56537448,2025-12-15 20:15:15,141.2,1,Books,Textbook
TXN7KU2LQS0CI,CUST56537448,2025-09-03 20:15:15,105.37,4,Electronics,Laptop
TXN9RQKSR0DXY,CUST20730725,2025-07-25 20:15:15,102.77,3,Health & Beauty,Supplements
TXNAT5O28D4Y4,CUST20730725,2025-06-14 20:15:15,202.76,4,Toys & Games,Video Games
TXNN9VSCI47TL,CUST20730725,2025-08-09 20:15:15,131.59,5,Toys & Games,Puzzles
TXN2SGA4G3ORV,CUST20730725,2025-07-15 20:15:15,97.23,5,Automotive,Cleaning Supplies
TXNPPT4FDG19O,CUST20730725,2025-10-03 20:15:15,103.68,1,Toys & Games,Video Games
TXN9XPIV6IUO0,CUST20730725,2025-05-21 20:15:15,176.24,3,Food & Beverages,Snacks
TXN259IJR791K,CUST20730725,2025-07-07 20:15:15,152.07,4,Automotive,Tools
TXNVUMHECAAEO,CUST20730725,2025-08-29 20:15:15,114.19,1,Sports & Outdoors,Camping Gear
TXNWG70ATX8TQ,CUST20730725,2025-06-06 20:15:15,113.86,1,Office Supplies,Furniture
TXNB7QMN1BF8Q,CUST64635616,2025-10-17 20:15:15,429.11,2,Health & Beauty,Ayurveda
TXNEWEK2QY1BO,CUST64635616,2025-11-21 20:15:15,268.91,1,Food & Beverages,Beverages
TXNZM5UM3G23K,CUST64635616,2025-10-19 20:15:15,224.06,4,Electronics,Smartphone
TXNWVG678C5T4,CUST64635616,2025-11-16 20:15:15,269.07,2,Home & Garden,Mixer
TXN08G4K0PCSO,CUST64635616,2025-11-03 20:15:15,101.67,3,Electronics,Laptop
TXNFEEN83OYR1,CUST64635616,2025-11-07 20:15:15,168.63,1,Automotive,Tools
TXNCMKCKZG3BS,CUST64635616,2025-12-18 20:15:15,179.21,1,Office Supplies,Desk Accessories
TXNK80YN6WIC5,CUST64635616,2025-11-26 20:15:15,330.73,3,Health & Beauty,Personal Care
TXN3260B73PIB,CUST64635616,2026-01-04 20:15:15,96.23,5,Books,Fiction
TXNXETD3RXKCZ,CUST64635616,2025-09-10 20:15:15,169.75,4,Automotive,Helmet
TXNMOF5ZNM5A4,CUST64635616,2025-09-04 20:15:15,239.95,3,Toys & Games,LEGO
TXNA7FRHOI2U5,CUST64635616,2025-10-06 20:15:15,204.26,2,Sports & Outdoors,Sportswear
TXNAIAZWUZ0L1,CUST64635616,2025-10-04 20:15:15,167.24,4,Office Supplies,Desk Accessories
TXN3MH89FTVXF,CUST64635616,2025-11-15 20:15:15,217.11,3,Electronics,Smart Watch
TXNW85NJHNO6B,CUST64635616,2026-01-01 20:15:15,352.58,2,Toys & Games,Board Games
TXNK4AS56T88R,CUST64635616,2025-12-25 20:15:15,298.46,4,Office Supplies,Printer
TXNNCDNZUOOH8,CUST64635616,2025-12-18 20:15:15,119.35,1,Clothing,Jacket
TXN09TMQBFU9T,CUST64635616,2026-01-22 20:15:15,242.56,3,Office Supplies,Printer
TXNDABKDRAG17,CUST64635616,2025-10-09 20:15:15,111.35,5,Sports & Outdoors,Bicycle
TXNL5L1X6SBSQ,CUST64635616,2025-11-20 20:15:15,256.17,1,Toys & Games,Video Games
TXNC14EAAF7QO,CUST64635616,2026-01-12 20:15:15,302.45,1,Electronics,Speaker
TXNPTAV2ONB8A,CUST64635616,2026-01-09 20:15:15,139.64,4,Toys & Games,Action Figures
TXNXHM4JYKMK1,CUST64635616,2025-11-26 20:15:15,263.79,3,Home & Garden,Tools
TXNFMXLWAGOLA,CUST64635616,2025-09-20 20:15:15,344.81,3,Books,Fiction
TXNINST5ZZED3,CUST64635616,2025-12-14 20:15:15,81.72,2,Electronics,Smartphone
TXNKJWI05QISP,CUST64635616,2025-12-26 20:15:15,244.15,3,Office Supplies,Stationery
TXNN2GFW4HZGD,CUST02289270,2025-08-20 20:15:15,223.32,5,Clothing,Jacket
TXNR7THK9V4BQ,CUST02289270,2025-08-23 20:15:15,207.19,3,Automotive,Cleaning Supplies
TXNZGW2V3LHVF,CUST02289270,2025-02-26 20:15:15,146.22,5,Books,Fiction
TXNAZS28PL2CN,CUST02289270,2025-04-30 20:15:15,232.91,1,Electronics,Camera
TXNAP86JR4J53,CUST02289270,2025-08-02 20:15:15,188.16,1,Food & Beverages,Snacks
TXNUDUTVOWVM8,CUST02289270,2025-01-26 20:15:15,229.72,3,Clothing,T-Shirt
TXNFQV4G9ZK06,CUST02289270,2025-04-30 20:15:15,167.77,5,Sports & Outdoors,Sportswear
TXNQHZX0Q28TD,CUST02289270,2025-02-04 20:15:15,216.12,4,Office Supplies,Stationery
TXNEHLNEUBZZO,CUST02289270,2025-09-24 20:15:15,384.41,1,Books,Magazines
TXNLLY14Y1MWR,CUST02289270,2025-06-25 20:15:15,114.79,5,Clothing,Jacket
TXN322YBZUZ41,CUST02289270,2024-12-23 20:15:15,27.91,5,Sports & Outdoors,Yoga Mat
TXNKTF4R8VBRH,CUST02289270,2025-08-08 20:15:15,222.52,2,Books,Magazines
TXNWGRERGFKUK,CUST02289270,2025-05-21 20:15:15,193.26,3,Sports & Outdoors,Sportswear
TXN8RB86XJD3I,CUST02289270,2025-05-01 20:15:15,201.02,1,Automotive,Cleaning Supplies
TXNCUR5DI40GL,CUST02289270,2025-12-28 20:15:15,147.25,2,Office Supplies,Electronics
TXNUD2Z3OBLLO,CUST02289270,2025-09-24 20:15:15,238.49,3,Office Supplies,Printer
TXNSJCWDL5UBI,CUST02289270,2025-02-25 20:15:15,305.55,1,Home & Garden,Decor
TXNO3YU5G4S4R,CUST02289270,2025-06-11 20:15:15,167.78,1,Clothing,Kurta
TXNC9R3VYRANL,CUST02289270,2025-09-03 20:15:15,276.3,5,Electronics,Smart Watch
TXNU160MT20BH,CUST02289270,2025-05-11 20:15:15,231.83,1,Toys & Games,Puzzles
TXN7BTB8HL8DF,CUST02289270,2025-12-04 20:15:15,240.7,4,Food & Beverages,Snacks
TXNY7VYFO78TX,CUST02289270,2024-12-24 20:15:15,225.01,5,Clothing,Dress
TXNYXO5NEK4IY,CUST02289270,2025-07-06 20:15:15,185.24,2,Electronics,Smartphone
TXNFS83P0ZN3I,CUST02289270,2025-09-21 20:15:15,256.87,3,Food & Beverages,Beverages
TXNLGT5YC00HM,CUST02289270,2025-02-01 20:15:15,178.18,4,Clothing,Kurta
TXN6PCOCLX72D,CUST02289270,2025-01-15 20:15:15,276.94,1,Books,Fiction
TXNJYYP0VY1IF,CUST02289270,2025-06-06 20:15:15,287.13,4,Clothing,Accessories
TXNGXIZCFHA73,CUST02289270,2025-04-14 20:15:15,201.13,4,Toys & Games,Video Games
TXNGSUV3L34LP,CUST02289270,2024-12-15 20:15:15,145.87,1,Home & Garden,Kitchen Appliances
TXN9DGDD5FGH2,CUST02289270,2026-02-13 20:15:15,212.72,3,Sports & Outdoors,Bicycle
TXNISPROTV7YM,CUST02289270,2025-08-10 20:15:15,285.85,1,Sports & Outdoors,Sportswear
TXNFGYRM6MRJ4,CUST02289270,2025-11-14 20:15:15,181.99,5,Sports & Outdoors,Fitness Equipment
TXN5U57LTBLSX,CUST02289270,2025-03-23 20:15:15,222.46,2,Automotive,Tools
TXNFMRO3T8U28,CUST02289270,2025-12-19 20:15:15,198.92,3,Health & Beauty,Makeup
TXNNYWVYEBGRQ,CUST02289270,2025-01-17 20:15:15,189.22,5,Food & Beverages,Gourmet Food
TXN8GVF44CYOW,CUST02289270,2025-10-21 20:15:15,320.05,1,Office Supplies,Electronics
TXN432P02DIF1,CUST02289270,2025-09-09 20:15:15,273.08,5,Office Supplies,Desk Accessories
TXN92AHKK458E,CUST02289270,2025-05-07 20:15:15,163.31,1,Office Supplies,Electronics
TXNSUK6V4E4S4,CUST02289270,2025-09-27 20:15:15,83.57,1,Toys & Games,Video Games
TXNYG0S9JNGU5,CUST02289270,2025-11-26 20:15:15,243.95,5,Toys & Games,Action Figures
TXN6NW3J4Z9CD,CUST02289270,2025-01-07 20:15:15,159.75,5,Health & Beauty,Skincare
TXN0F0RDRZX9Y,CUST02289270,2025-09-05 20:15:15,229.99,4,Electronics,Smartphone
TXNLONCBCERRF,CUST02289270,2025-04-13 20:15:15,199.26,1,Health & Beauty,Supplements
TXN41UOOZD7W2,CUST02289270,2025-09-04 20:15:15,295.96,5,Food & Beverages,Masala
TXNETZTSQU1X1,CUST02289270,2025-12-15 20:15:15,203.35,1,Automotive,Tools
TXNNXOUSGGQFD,CUST02289270,2025-08-04 20:15:15,227.82,5,Electronics,Smartphone
TXNCTHG9KTH3J,CUST02289270,2025-06-02 20:15:15,354.4,3,Health & Beauty,Ayurveda
TXNYNH2ELR8RP,CUST02289270,2025-07-31 20:15:15,289.73,1,Home & Garden,Mixer
TXNGLS1A6VCF8,CUST02289270,2025-02-04 20:15:15,99.87,4,Automotive,Cleaning Supplies
TXNOPNNIYRV5H,CUST85073829,2025-08-09 20:15:15,138.21,2,Toys & Games,Board Games
TXNOLFCHTI3FU,CUST85073829,2025-08-13 20:15:15,126.32,2,Clothing,Accessories
TXN2EUAOOV7AW,CUST85073829,2025-08-20 20:15:15,177.26,3,Toys & Games,LEGO
TXN6226UHZHO5,CUST85073829,2025-08-11 20:15:15,125.41,1,Health & Beauty,Skincare
TXNVL8Z32I1LJ,CUST85073829,2025-08-23 20:15:15,81.05,2,Clothing,Jacket
TXNPLY404AXCY,CUST85073829,2025-08-19 20:15:15,155.96,3,Electronics,Camera
TXNUHE0TTL2KI,CUST85073829,2025-09-01 20:15:15,194.41,3,Health & Beauty,Makeup
TXNKN77KZJT97,CUST85073829,2025-08-16 20:15:15,144.23,3,Automotive,Tools
TXNXW0KJ3MHLW,CUST85073829,2025-08-21 20:15:15,141.07,1,Toys & Games,Video Games
TXNGFU2WYP9IW,CUST85073829,2025-08-24 20:15:15,146.97,2,Toys & Games,Action Figures
TXNW6XWRL4IJD,CUST86549278,2026-01-03 20:15:15,180.45,1,Automotive,Tools
TXN87UUTE5PND,CUST86549278,2025-12-08 20:15:15,217.76,2,Electronics,Headphones
TXNBUQ5ZZ33TJ,CUST86549278,2026-01-10 20:15:15,213.05,1,Toys & Games,Puzzles
TXNMV0GGR13U0,CUST86549278,2025-09-27 20:15:15,276.2,5,Sports & Outdoors,Camping Gear
TXNNS4PHXMB68,CUST86549278,2025-09-27 20:15:15,317.48,2,Clothing,Dress
TXNJEFKGN4CAV,CUST86549278,2026-01-16 20:15:15,286.17,4,Electronics,Camera
TXN0GB6WIG86C,CUST86549278,2025-10-26 20:15:15,203.92,4,Books,Educational
TXNY627JO28O0,CUST86549278,2026-01-01 20:15:15,102.93,4,Books,Comics
TXND0F0X6IJRB,CUST86549278,2026-01-01 20:15:15,217.88,1,Office Supplies,Electronics
TXNZXWE7SLAU2,CUST86549278,2025-11-28 20:15:15,278.85,5,Office Supplies,Stationery
TXNHQ74TO31PH,CUST93912976,2025-11-28 20:15:15,240.47,2,Toys & Games,Puzzles
TXN2HIE5G1U9G,CUST93912976,2025-11-07 20:15:15,173.0,4,Office Supplies,Desk Accessories
TXNP4CNCWJUEJ,CUST93912976,2025-12-29 20:15:15,153.74,4,Automotive,Tools
TXNMMQB9C64WZ,CUST93912976,2025-12-23 20:15:15,118.83,3,Office Supplies,Electronics
TXNDKHL8UQ1KA,CUST93912976,2025-10-03 20:15:15,231.66,2,Food & Beverages,Snacks
TXNDI6I00HOPW,CUST93912976,2025-10-19 20:15:15,100.77,2,Health & Beauty,Skincare
TXNX0LNQA6U2M,CUST93912976,2025-11-01 20:15:15,235.85,4,Books,Fiction
TXN0JGXYRTVC7,CUST93912976,2025-11-26 20:15:15,153.72,3,Sports & Outdoors,Bicycle
TXNXTY9T4L2PL,CUST93912976,2026-01-02 20:15:15,120.93,3,Health & Beauty,Skincare
TXNA1G3C0AO0J,CUST16699970,2024-07-11 20:15:15,186.77,5,Books,Non-Fiction
TXNYSQOMAK3QN,CUST69939485,2024-10-24 20:15:15,54.78,3,Electronics,Smart Watch
TXNGXI0AUED4R,CUST69939485,2024-10-04 20:15:15,49.69,5,Food & Beverages,Gourmet Food
TXN4MNU4BE996,CUST69939485,2024-10-14 20:15:15,139.13,4,Electronics,Headphones
TXNAFRRD373W4,CUST69939485,2024-07-06 20:15:15,102.93,1,Electronics,Speaker
TXNTK902CHWE0,CUST19093988,2025-11-27 20:15:15,197.76,3,Automotive,Cleaning Supplies
TXN8BMG313V6W,CUST19093988,2025-11-29 20:15:15,188.21,5,Books,Textbook
TXNS1858HF9SN,CUST19093988,2025-12-01 20:15:15,140.37,1,Food & Beverages,Organic Products
TXNQHGTVYU60G,CUST19093988,2025-11-18 20:15:15,149.77,4,Office Supplies,Printer
TXNZLY8DOTUOP,CUST19093988,2025-11-20 20:15:15,268.08,4,Toys & Games,Action Figures
TXN24S0AS4KYX,CUST19093988,2025-12-06 20:15:15,171.53,1,Home & Garden,Bedding
TXN3Q4V0ZASMJ,CUST19093988,2025-09-26 20:15:15,141.4,2,Health & Beauty,Skincare
TXNGEWSYVULT8,CUST07782437,2025-08-31 20:15:15,395.26,3,Electronics,Smart Watch
TXNBWINUJUW1T,CUST07782437,2026-01-04 20:15:15,218.92,3,Automotive,Tools
TXNIY8XU3DQVG,CUST07782437,2026-01-31 20:15:15,321.8,5,Health & Beauty,Skincare
TXNXT4PNC2ZNW,CUST07782437,2025-11-02 20:15:15,399.04,5,Toys & Games,Video Games
TXNVF9205K8I7,CUST07782437,2025-09-07 20:15:15,266.57,5,Electronics,Laptop
TXN0UD3TF7RH1,CUST07782437,2025-12-16 20:15:15,97.58,4,Food & Beverages,Snacks
TXNIERN6XVT6U,CUST07782437,2025-08-31 20:15:15,356.79,4,Office Supplies,Furniture
TXNVHK60JFAQD,CUST07782437,2026-01-24 20:15:15,390.27,4,Food & Beverages,Gourmet Food
TXNRPD7EJW74D,CUST07782437,2026-01-17 20:15:15,283.86,1,Books,Textbook
TXN5W30KWD97H,CUST07782437,2025-10-05 20:15:15,263.6,3,Food & Beverages,Masala
TXN953KZCKR5K,CUST07782437,2026-01-06 20:15:15,280.64,2,Books,Magazines
TXNVY5NYS88AN,CUST07782437,2026-01-13 20:15:15,289.89,2,Automotive,Helmet
TXN2DT7HOARE8,CUST07782437,2025-12-17 20:15:15,252.87,3,Automotive,Helmet
TXNC43MQ48DXD,CUST07782437,2025-12-28 20:15:15,430.95,3,Toys & Games,Board Games
TXNRK567YIQ0A,CUST07782437,2025-11-01 20:15:15,299.09,1,Electronics,Smart Watch
TXNELKHO825GI,CUST07782437,2026-02-18 20:15:15,283.7,4,Food & Beverages,Gourmet Food
TXN4T9N6U5WKF,CUST07782437,2025-12-07 20:15:15,348.06,3,Books,Magazines
TXN8HZD2RT4G4,CUST94412492,2026-01-07 20:15:15,152.53,5,Sports & Outdoors,Bicycle
TXNNPFBQYY2UO,CUST94412492,2025-12-30 20:15:15,161.72,1,Food & Beverages,Organic Products
TXNP5AUCX6109,CUST94412492,2025-10-11 20:15:15,200.72,1,Food & Beverages,Organic Products
TXNY6T95XZQQD,CUST94412492,2025-11-21 20:15:15,172.45,3,Books,Fiction
TXNASNQGIE4LZ,CUST94412492,2025-07-11 20:15:15,213.81,1,Clothing,Jacket
TXNW4SFCRB3HZ,CUST94412492,2025-11-30 20:15:15,158.24,4,Electronics,Camera
TXN6LK3BEBA9P,CUST94412492,2025-09-18 20:15:15,196.28,3,Automotive,Tools
TXNNI4MHD126T,CUST94412492,2025-11-11 20:15:15,216.73,3,Electronics,Smartphone
TXN4DSX92BSHO,CUST94412492,2025-08-29 20:15:15,227.84,4,Food & Beverages,Masala
TXNSOJRYH3RE2,CUST94412492,2025-06-17 20:15:15,70.71,2,Sports & Outdoors,Bicycle
TXN30BAURVBJJ,CUST94412492,2025-09-15 20:15:15,190.22,4,Health & Beauty,Supplements
TXNUU27EF1L5U,CUST06781262,2026-01-04 20:15:15,228.88,2,Toys & Games,Board Games
TXNMD87OT0CXX,CUST06781262,2025-12-11 20:15:15,129.85,4,Office Supplies,Printer
TXN6EJSGB40I6,CUST06781262,2025-10-25 20:15:15,241.57,1,Health & Beauty,Makeup
TXNNWXJGBGQ2P,CUST06781262,2025-10-22 20:15:15,194.14,2,Clothing,T-Shirt
TXNJ57GE2IPCW,CUST06781262,2026-01-15 20:15:15,158.91,2,Clothing,Dress
TXNNWP9P3PL01,CUST06781262,2025-11-16 20:15:15,206.02,5,Home & Garden,Furniture
TXNVW0XH9HECK,CUST06781262,2026-01-31 20:15:15,227.71,5,Sports & Outdoors,Yoga Mat
TXN07S6VHZW4Q,CUST06781262,2025-11-06 20:15:15,64.61,1,Food & Beverages,Masala
TXN4OS7M30076,CUST06781262,2026-01-09 20:15:15,271.31,1,Health & Beauty,Makeup
TXNTZHMVXJATV,CUST06781262,2025-11-01 20:15:15,75.83,5,Food & Beverages,Beverages
TXN64H7VBL4Y1,CUST06781262,2025-12-25 20:15:15,122.13,2,Electronics,Smart Watch
TXN6ESX5Q3FEG,CUST06781262,2026-01-18 20:15:15,260.72,4,Office Supplies,Desk Accessories
TXN22F8OBQTJ6,CUST06781262,2025-11-10 20:15:15,233.24,1,Electronics,Laptop
TXN24DCK2HQWY,CUST06781262,2026-02-12 20:15:15,157.92,2,Toys & Games,LEGO
TXNMSXMOG76F7,CUST06781262,2026-01-10 20:15:15,238.98,4,Toys & Games,LEGO
TXN9YOPTZJ09F,CUST06781262,2026-01-31 20:15:15,201.38,2,Sports & Outdoors,Camping Gear
TXNONMQQP1GS5,CUST06781262,2026-02-10 20:15:15,195.48,2,Toys & Games,LEGO
TXNWNV56Y5ATX,CUST06781262,2026-02-01 20:15:15,24.41,5,Food & Beverages,Snacks
TXNQQ9LZF3S4G,CUST06781262,2025-12-31 20:15:15,126.22,5,Clothing,Jacket
TXN9IS406SBLV,CUST06781262,2025-12-07 20:15:15,162.48,1,Health & Beauty,Personal Care
TXNWRDTB8V9CL,CUST06781262,2025-11-02 20:15:15,53.64,5,Sports & Outdoors,Sportswear
TXNQD6UL02BRY,CUST06781262,2026-01-27 20:15:15,225.04,1,Electronics,Headphones
TXNQOZMRUL1SL,CUST06781262,2026-01-29 20:15:15,179.36,2,Food & Beverages,Snacks
TXN7LPP10Q1BC,CUST06781262,2025-12-25 20:15:15,254.92,4,Electronics,Camera
TXNZRYKQ6FIR4,CUST06781262,2025-12-03 20:15:15,154.42,2,Food & Beverages,Masala
TXNB4QRF0HEZE,CUST06781262,2026-01-20 20:15:15,105.3,2,Books,Comics
TXNODC3ND9QSZ,CUST06781262,2025-12-20 20:15:15,128.41,1,Toys & Games,Puzzles
TXNZVTU3NN71J,CUST06781262,2026-01-30 20:15:15,199.38,2,Automotive,Helmet
TXNKNC3DCK4HX,CUST06781262,2025-11-30 20:15:15,243.08,1,Electronics,Tablet
TXNGYF9XDUHAR,CUST06781262,2025-11-26 20:15:15,184.0,5,Health & Beauty,Supplements
TXNLB8SK30URB,CUST06781262,2026-01-16 20:15:15,236.94,5,Books,Textbook
TXNGIWQI8KHVQ,CUST06781262,2025-12-17 20:15:15,182.18,2,Food & Beverages,Beverages
TXNCL23G3P8GC,CUST06781262,2025-12-17 20:15:15,217.18,4,Clothing,Jacket
TXNORVBM3K8R1,CUST06781262,2025-11-19 20:15:15,276.78,2,Clothing,Jeans
TXNWW6J6N4HVQ,CUST06781262,2025-10-30 20:15:15,212.57,1,Food & Beverages,Organic Products
TXN2I90H965RT,CUST06781262,2026-02-06 20:15:15,142.49,2,Food & Beverages,Gourmet Food
TXNYI7RDC9S7D,CUST06781262,2025-11-25 20:15:15,197.16,5,Clothing,Kurta
TXNFC2R0GIZYS,CUST06781262,2025-11-04 20:15:15,188.15,5,Home & Garden,Decor
TXNZH9QG8PRP5,CUST06781262,2026-01-04 20:15:15,162.88,3,Automotive,Helmet
TXN9VCLKJAJNA,CUST06781262,2026-02-10 20:15:15,138.88,4,Electronics,Tablet
TXNNQD83UQ4VK,CUST06781262,2025-10-14 20:15:15,304.91,1,Food & Beverages,Snacks
TXNKCMIZSM0UH,CUST06781262,2026-01-14 20:15:15,168.16,1,Toys & Games,Video Games
TXN0UV6FV06HS,CUST06781262,2026-01-15 20:15:15,54.42,3,Clothing,Jacket
TXNLLH4LA8H03,CUST06781262,2026-01-09 20:15:15,147.8,1,Health & Beauty,Supplements
TXNAYXLXOXP0K,CUST06781262,2026-01-11 20:15:15,140.47,1,Toys & Games,Action Figures
TXN6EDN28S526,CUST06781262,2025-10-16 20:15:15,169.01,1,Toys & Games,Action Figures
TXNAQSQAV1D6E,CUST06781262,2025-11-30 20:15:15,100.51,3,Home & Garden,Bedding
TXN5AH2RL3X1V,CUST06781262,2025-12-27 20:15:15,152.57,4,Food & Beverages,Snacks
TXNRC0C647VBW,CUST06781262,2026-02-10 20:15:15,196.39,1,Books,Comics
TXNAB8E5S4VZA,CUST12408923,2026-01-11 20:15:15,45.33,3,Health & Beauty,Ayurveda
TXNXBDLOHSADM,CUST12408923,2026-01-11 20:15:15,102.46,1,Books,Magazines
TXN0KETYDYTN7,CUST12408923,2026-01-11 20:15:15,76.76,5,Books,Fiction
TXNRCDX01BQ0M,CUST12408923,2026-01-10 20:15:15,79.67,2,Toys & Games,LEGO
TXNOY8FG935I8,CUST12408923,2026-01-10 20:15:15,66.71,5,Sports & Outdoors,Sportswear
TXNZXCITET7GC,CUST12408923,2026-01-11 20:15:15,80.87,1,Office Supplies,Stationery
TXNUXI92TYPFS,CUST12408923,2026-01-11 20:15:15,93.24,3,Sports & Outdoors,Bicycle
TXN56RTBZQH5F,CUST12408923,2026-01-10 20:15:15,81.22,5,Automotive,Helmet
TXNGVSIIELUUD,CUST12408923,2026-01-10 20:15:15,101.54,5,Clothing,Accessories
TXN23IY0252K3,CUST12408923,2026-01-11 20:15:15,78.99,4,Sports & Outdoors,Fitness Equipment
TXNXMK9YC2QYI,CUST12408923,2026-01-11 20:15:15,94.84,5,Automotive,Car Accessories
TXNK64YF9U531,CUST12408923,2026-01-10 20:15:15,85.46,2,Automotive,Parts
TXNTL9P1S3WQZ,CUST12408923,2026-01-10 20:15:15,28.41,3,Sports & Outdoors,Fitness Equipment
TXNQWD4GDWV4K,CUST12408923,2026-01-11 20:15:15,55.73,1,Electronics,Headphones
TXNE786KGC895,CUST12408923,2026-01-11 20:15:15,57.02,5,Toys & Games,Puzzles
TXNENPOXMLK7F,CUST12408923,2026-01-10 20:15:15,57.62,3,Health & Beauty,Ayurveda
TXNRUVAUUM97X,CUST12408923,2026-01-10 20:15:15,51.29,3,Toys & Games,Puzzles
TXN3E9M2I98SC,CUST12408923,2026-01-11 20:15:15,101.53,5,Food & Beverages,Snacks
TXNVUUUZUOIFB,CUST12408923,2026-01-11 20:15:15,110.2,4,Books,Fiction
TXND5DA8CB80J,CUST12408923,2026-01-11 20:15:15,38.47,2,Home & Garden,Bedding
TXN0OW5MU9Q51,CUST12408923,2026-01-10 20:15:15,93.79,5,Electronics,Smartphone
TXNYZZQ4G8273,CUST12408923,2026-01-11 20:15:15,89.36,3,Automotive,Helmet
TXN0E4383FPV0,CUST12408923,2026-01-11 20:15:15,126.36,1,Automotive,Helmet
TXNMRW0HI12GL,CUST23642228,2025-12-15 20:15:15,200.07,4,Sports & Outdoors,Fitness Equipment
TXNWCP08AMGQE,CUST23642228,2025-12-27 20:15:15,109.81,3,Sports & Outdoors,Yoga Mat
TXNNEM9KE883X,CUST23642228,2025-12-01 20:15:15,109.56,1,Food & Beverages,Gourmet Food
TXNRXQQ7YGHUW,CUST23642228,2026-01-26 20:15:15,273.48,5,Office Supplies,Electronics
TXN9JNDQZZ467,CUST23642228,2025-11-29 20:15:15,152.65,1,Books,Fiction
TXN7BWVGM1R0Q,CUST23642228,2025-12-17 20:15:15,249.06,2,Office Supplies,Furniture
TXN2BG4247397,CUST23642228,2025-11-26 20:15:15,203.13,3,Health & Beauty,Ayurveda
TXNV5MOW6YER0,CUST23642228,2025-12-08 20:15:15,259.38,1,Home & Garden,Decor
TXNHL1KEKJTV6,CUST23642228,2026-01-06 20:15:15,109.69,3,Office Supplies,Electronics
TXN0T2FDX1HER,CUST23642228,2025-12-22 20:15:15,209.01,3,Health & Beauty,Personal Care
TXN5IW4QLQNLS,CUST23642228,2025-11-30 20:15:15,253.21,4,Toys & Games,Video Games
TXN4IHDHHY95Y,CUST23642228,2026-01-28 20:15:15,247.27,4,Sports & Outdoors,Sportswear
TXNA0WZGHIHY3,CUST23642228,2026-01-22 20:15:15,263.98,5,Books,Non-Fiction
TXNOT7T28DTGH,CUST23642228,2026-01-04 20:15:15,101.47,1,Food & Beverages,Gourmet Food
TXNU80RELQXDC,CUST23642228,2026-01-02 20:15:15,197.71,2,Clothing,Accessories
TXNN2W76DA9I9,CUST23642228,2026-01-15 20:15:15,203.12,2,Health & Beauty,Makeup
TXN0FBTY8JHMU,CUST80937909,2025-07-01 20:15:15,62.38,5,Electronics,Smart Watch
TXNIW1GHCYAVK,CUST39229353,2025-11-25 20:15:15,424.37,4,Electronics,Speaker
TXN7G2UTE9DBO,CUST39229353,2026-01-19 20:15:15,333.09,2,Home & Garden,Bedding
TXNA69ZANVQBE,CUST39229353,2026-01-28 20:15:15,295.3,2,Electronics,Smart Watch
TXNAGK9A9X1OA,CUST39229353,2025-12-07 20:15:15,264.0,2,Toys & Games,Puzzles
TXN8G50R6WN6H,CUST39229353,2026-01-06 20:15:15,235.02,4,Home & Garden,Bedding
TXNMNB5V5N8ZR,CUST39229353,2025-12-05 20:15:15,320.98,2,Food & Beverages,Snacks
TXND17DY53OIT,CUST39229353,2025-11-25 20:15:15,246.73,4,Electronics,Camera
TXNIKSVWDMTFP,CUST39229353,2025-12-05 20:15:15,199.7,3,Books,Fiction
TXN95X9SZ22QO,CUST39229353,2026-01-29 20:15:15,228.42,4,Sports & Outdoors,Camping Gear
TXNJJ0LXSYZLP,CUST39229353,2026-01-28 20:15:15,184.03,1,Clothing,Kurta
TXNXJ664CGBBE,CUST39229353,2025-11-09 20:15:15,102.99,1,Electronics,Laptop
TXNSFQ5960R6P,CUST39229353,2026-01-11 20:15:15,113.24,3,Sports & Outdoors,Yoga Mat
TXNO79IW9UEKD,CUST39229353,2025-12-11 20:15:15,235.75,1,Food & Beverages,Gourmet Food
TXN54J5L6QJY4,CUST39229353,2026-01-14 20:15:15,89.7,4,Books,Educational
TXNP0ELXT8VP0,CUST39229353,2025-11-07 20:15:15,152.08,2,Home & Garden,Tools
TXN4NR0GMUCVN,CUST39229353,2026-01-12 20:15:15,265.41,2,Health & Beauty,Supplements
TXNU6G6CDVUWY,CUST39229353,2026-01-26 20:15:15,180.36,4,Automotive,Tools
TXNUH0KVMQHXC,CUST39229353,2025-12-10 20:15:15,146.82,2,Electronics,Camera
TXNCGO7RD9Z4Z,CUST39229353,2026-01-13 20:15:15,154.77,2,Books,Fiction
TXN6C212NT12Z,CUST39229353,2025-12-11 20:15:15,316.09,3,Home & Garden,Bedding
TXN52TXG16LL0,CUST39229353,2026-01-28 20:15:15,290.51,2,Home & Garden,Furniture
TXN8TY6IEA9A8,CUST39229353,2025-11-12 20:15:15,174.5,4,Automotive,Tools
TXN9QWYCL62B7,CUST39229353,2025-12-28 20:15:15,267.03,4,Clothing,Dress
TXNBZHPE56BQI,CUST39229353,2025-11-22 20:15:15,240.12,3,Toys & Games,LEGO
TXNMG8WU1B4NH,CUST39229353,2026-01-18 20:15:15,290.11,3,Sports & Outdoors,Yoga Mat
TXNT75FYT7135,CUST62044548,2024-07-09 20:15:15,185.88,3,Electronics,Smartphone
TXNF8O6C3C2MG,CUST62044548,2024-07-01 20:15:15,64.78,2,Books,Educational
TXNF9ADFYJT9E,CUST62044548,2024-07-10 20:15:15,151.32,2,Clothing,Shoes
TXNESOY8WJDAV,CUST39882827,2025-07-05 20:15:15,111.04,3,Clothing,Shoes
TXN7C2DR8ECM3,CUST39882827,2025-08-16 20:15:15,145.89,5,Automotive,Tools
TXN1R8JU0NAFG,CUST39882827,2025-09-22 20:15:15,53.16,5,Health & Beauty,Skincare
TXN2M9PZP401L,CUST39882827,2025-03-09 20:15:15,67.49,5,Health & Beauty,Ayurveda
TXNRNKJUS26QL,CUST39882827,2025-04-01 20:15:15,112.94,3,Home & Garden,Tools
TXN640L2WUY4O,CUST90244802,2024-11-15 20:15:15,32.47,3,Electronics,Smart Watch
TXNZDVJ6394KY,CUST90244802,2024-06-08 20:15:15,39.13,2,Toys & Games,Video Games
TXN5RY9APSK8E,CUST63591726,2025-10-25 20:15:15,58.56,5,Automotive,Cleaning Supplies
TXNKS2WF95PGI,CUST63591726,2025-10-26 20:15:15,156.6,4,Automotive,Helmet
TXN58DV2ITX3Y,CUST63591726,2025-11-02 20:15:15,121.57,3,Health & Beauty,Makeup
TXNX6IRS3EBT0,CUST63591726,2025-10-30 20:15:15,121.55,2,Electronics,Headphones
TXNT8RJZJOL8K,CUST63591726,2025-10-22 20:15:15,110.2,4,Clothing,Jacket
TXN51GEFBUW4P,CUST63591726,2025-10-25 20:15:15,75.56,2,Books,Educational
TXN8NVJX4Y46P,CUST63591726,2025-10-25 20:15:15,88.43,2,Clothing,Kurta
TXNALXE2AF2AX,CUST63591726,2025-10-22 20:15:15,172.04,5,Electronics,Smartphone
TXNDHFNLHVOE5,CUST94353806,2025-07-14 20:15:15,131.37,1,Health & Beauty,Ayurveda
TXNLHHXHBTGUF,CUST94353806,2025-07-10 20:15:15,128.8,2,Automotive,Parts
TXNN92ONSJTG8,CUST94353806,2025-11-21 20:15:15,161.4,4,Electronics,Speaker
TXNMAXRXFQRT7,CUST94353806,2025-10-23 20:15:15,98.11,5,Food & Beverages,Masala
TXNBPLG2CTROV,CUST94353806,2025-08-13 20:15:15,145.05,4,Office Supplies,Printer
TXN8YWSSO03PC,CUST94353806,2026-01-04 20:15:15,134.37,5,Food & Beverages,Snacks
TXNVJGFHIXI4T,CUST94353806,2025-06-24 20:15:15,117.61,2,Automotive,Tools
TXNIH1NNKFTW4,CUST94353806,2025-07-10 20:15:15,109.73,4,Sports & Outdoors,Yoga Mat
TXNRF3KOR35FO,CUST94353806,2025-03-11 20:15:15,154.04,4,Office Supplies,Printer
TXNWQJJW6GVAP,CUST94353806,2025-05-20 20:15:15,149.86,1,Food & Beverages,Masala
TXNY2Z623P2QN,CUST94353806,2026-01-03 20:15:15,99.25,4,Electronics,Smartphone
TXNWOECM5S70L,CUST94353806,2025-09-02 20:15:15,146.61,4,Health & Beauty,Ayurveda
TXN5QW0A3BT4Z,CUST94353806,2025-11-22 20:15:15,85.14,1,Office Supplies,Stationery
TXNBT2G1P3PJY,CUST94353806,2025-08-12 20:15:15,101.79,2,Books,Magazines
TXNA18Q3OD7NH,CUST94353806,2025-05-01 20:15:15,143.1,1,Clothing,Dress
TXNGTBNLQUBC0,CUST94353806,2025-03-23 20:15:15,138.32,3,Clothing,Kurta
TXN6PRPMOHY0C,CUST94353806,2025-04-08 20:15:15,86.82,2,Food & Beverages,Snacks
TXNT2OI75E1OO,CUST94353806,2025-10-17 20:15:15,142.16,1,Toys & Games,LEGO
TXNFN6XIIIVTK,CUST94353806,2025-03-29 20:15:15,121.35,3,Office Supplies,Stationery
TXNF8HAZFP85D,CUST94353806,2025-04-19 20:15:15,169.42,2,Health & Beauty,Supplements
TXNL0IK2QVA7H,CUST94353806,2025-03-25 20:15:15,144.66,4,Clothing,T-Shirt
TXNK5KC89DHJ4,CUST94353806,2025-10-07 20:15:15,84.78,2,Sports & Outdoors,Camping Gear
TXNW4PHGTKKB3,CUST94353806,2025-05-10 20:15:15,135.53,3,Sports & Outdoors,Camping Gear
TXN3T4K1DFUT1,CUST94353806,2025-06-17 20:15:15,98.89,4,Sports & Outdoors,Yoga Mat
TXNXBPTJ58TFE,CUST94353806,2025-07-25 20:15:15,131.45,5,Books,Educational
TXNW3OLUPURIK,CUST94353806,2025-10-31 20:15:15,143.47,4,Toys & Games,Puzzles
TXNNY6L0853U1,CUST98355911,2025-03-15 20:15:15,54.38,1,Automotive,Helmet
TXNFVRQ62V72K,CUST35122511,2025-03-23 20:15:15,68.62,1,Toys & Games,LEGO
TXNEQ6BQI86YI,CUST65100193,2026-01-29 20:15:15,351.81,2,Home & Garden,Furniture
TXNQ0ES530F88,CUST65100193,2026-01-11 20:15:15,436.53,1,Toys & Games,Action Figures
TXNINKCWPK0CH,CUST65100193,2026-01-27 20:15:15,373.78,5,Toys & Games,Video Games
TXN5Q3VI6BN58,CUST65100193,2026-01-27 20:15:15,376.41,3,Office Supplies,Stationery
TXN0LTKE2MIL0,CUST65100193,2026-01-31 20:15:15,292.52,1,Health & Beauty,Skincare
TXNHB96NJO976,CUST65100193,2026-01-27 20:15:15,479.02,5,Electronics,Tablet
TXNZQCIVICDIY,CUST65100193,2026-01-22 20:15:15,346.54,2,Books,Fiction
TXNDW4GKKKLIZ,CUST65100193,2026-01-26 20:15:15,388.65,5,Office Supplies,Desk Accessories
TXN9PCKF9EBOJ,CUST65100193,2026-01-24 20:15:15,435.94,5,Automotive,Parts
TXNQC36S5B8NU,CUST65100193,2026-01-11 20:15:15,106.79,2,Clothing,Jeans
TXNGMJ43CX6D6,CUST65100193,2026-01-21 20:15:15,223.87,1,Home & Garden,Kitchen Appliances
TXNGGGSG4ZCF9,CUST65100193,2026-01-22 20:15:15,635.61,5,Clothing,Dress
TXNIIAW6QVP0X,CUST65100193,2026-01-16 20:15:15,229.37,4,Office Supplies,Electronics
TXN500UU4DRZK,CUST65100193,2026-01-12 20:15:15,549.5,4,Electronics,Smartphone
TXNJ39J6ENIAV,CUST65100193,2026-01-19 20:15:15,545.25,1,Home & Garden,Tools
TXNLQCGVEEU2N,CUST65100193,2026-01-25 20:15:15,428.26,4,Home & Garden,Mixer
TXNLPLXUVG7D3,CUST65100193,2026-02-01 20:15:15,623.33,1,Sports & Outdoors,Sportswear
TXNH3NNCPWSEI,CUST65100193,2026-01-28 20:15:15,536.79,2,Office Supplies,Printer
TXNNWJHFI9500,CUST65100193,2026-01-26 20:15:15,456.08,1,Toys & Games,Board Games
TXNW7Q7Z6FNLD,CUST65100193,2026-01-23 20:15:15,480.87,3,Home & Garden,Kitchen Appliances
TXNAJP2HUQFCE,CUST65100193,2026-01-20 20:15:15,553.8,2,Home & Garden,Mixer
TXNYT6Y665FBU,CUST65100193,2026-01-15 20:15:15,481.92,5,Food & Beverages,Gourmet Food
TXNBOVP58HPTK,CUST65100193,2026-02-01 20:15:15,540.8,3,Books,Fiction
TXNG2MVMVG7SY,CUST65100193,2026-01-30 20:15:15,638.45,2,Sports & Outdoors,Camping Gear
TXNIAV1J5PP7U,CUST65100193,2026-01-31 20:15:15,592.71,5,Electronics,Smart Watch
TXNSPPUZDZZZ6,CUST65100193,2026-01-12 20:15:15,390.45,4,Automotive,Parts
TXNZLE70K5TPP,CUST65100193,2026-01-22 20:15:15,320.53,4,Automotive,Parts
TXNHSHZ01U5B2,CUST65100193,2026-01-24 20:15:15,436.72,3,Health & Beauty,Personal Care
TXNW1GBA8LJ8G,CUST65100193,2026-01-11 20:15:15,698.72,5,Sports & Outdoors,Fitness Equipment
TXNF8OUDBLTAQ,CUST65100193,2026-01-30 20:15:15,278.49,5,Automotive,Car Accessories
TXN5CT89RAE0M,CUST65100193,2026-01-27 20:15:15,402.97,4,Office Supplies,Printer
TXNSP4NTLFTT6,CUST65100193,2026-01-16 20:15:15,413.14,1,Toys & Games,Video Games
TXNG8C3YM9STV,CUST65100193,2026-01-22 20:15:15,321.03,3,Health & Beauty,Ayurveda
TXN8ZHOT7X7EL,CUST65100193,2026-01-30 20:15:15,446.01,3,Home & Garden,Decor
TXNO8A69HI3XC,CUST65100193,2026-01-30 20:15:15,356.66,2,Toys & Games,Board Games
TXNLLV7TQXR83,CUST65100193,2026-01-29 20:15:15,423.89,3,Sports & Outdoors,Fitness Equipment
TXN5INW54EBDR,CUST65100193,2026-01-16 20:15:15,408.93,2,Automotive,Car Accessories
TXNYI7MZMK9D9,CUST65100193,2026-01-12 20:15:15,434.94,5,Food & Beverages,Snacks
TXN64SQNGQNNZ,CUST65100193,2026-01-23 20:15:15,306.23,3,Electronics,Speaker
TXN9G902ZF9FI,CUST65100193,2026-01-12 20:15:15,364.95,3,Books,Magazines
TXN8Y3WXZ7OOT,CUST65100193,2026-01-21 20:15:15,410.17,2,Health & Beauty,Ayurveda
TXN3051D4VVL7,CUST65100193,2026-01-11 20:15:15,426.21,4,Toys & Games,Board Games
TXNJ1LUH54NI1,CUST65100193,2026-01-13 20:15:15,431.65,4,Electronics,Speaker
TXNKAHCUJOBQI,CUST65100193,2026-01-22 20:15:15,507.0,4,Home & Garden,Mixer
TXNO4SUO6PK18,CUST65100193,2026-01-28 20:15:15,288.79,1,Food & Beverages,Gourmet Food
TXN5JMZDM381K,CUST65100193,2026-01-22 20:15:15,396.1,5,Toys & Games,Action Figures
TXNRKU3Z7S1OI,CUST65100193,2026-01-18 20:15:15,310.57,3,Home & Garden,Furniture
TXNX6C6AWZ4D3,CUST65100193,2026-01-17 20:15:15,297.26,2,Clothing,Accessories
TXNSZMB1W7WG4,CUST65100193,2026-01-30 20:15:15,475.74,2,Toys & Games,Video Games
TXN37TTEW2BQZ,CUST12514509,2025-08-10 20:15:15,194.33,3,Sports & Outdoors,Fitness Equipment
TXN2LMLQZEN68,CUST12514509,2025-12-19 20:15:15,158.9,4,Books,Textbook
TXNYGIH4HWVDO,CUST12514509,2025-02-02 20:15:15,156.02,1,Clothing,T-Shirt
TXNYVXIIUYUZQ,CUST12514509,2026-01-22 20:15:15,115.26,5,Office Supplies,Desk Accessories
TXN1HGHFIT65G,CUST12514509,2025-10-13 20:15:15,249.63,5,Food & Beverages,Snacks
TXN0J4R4TXWKB,CUST12514509,2025-06-01 20:15:15,181.94,1,Sports & Outdoors,Fitness Equipment
TXNYDYGUMV3I3,CUST12514509,2025-05-13 20:15:15,97.7,3,Clothing,Accessories
TXN0TAM15RJ8G,CUST12514509,2025-05-26 20:15:15,193.74,5,Books,Fiction
TXNOCAZMIRNTX,CUST12514509,2025-07-09 20:15:15,146.41,4,Books,Comics
TXNDU5BV4PR9B,CUST12514509,2025-06-11 20:15:15,155.38,2,Health & Beauty,Personal Care
TXNXL7S9ZFN75,CUST12514509,2025-06-24 20:15:15,246.02,5,Health & Beauty,Personal Care
TXN0HIDKINV1S,CUST12514509,2025-07-01 20:15:15,176.09,1,Automotive,Car Accessories
TXNGGB581F0O0,CUST12514509,2025-09-20 20:15:15,284.37,1,Electronics,Speaker
TXN80LYFYZAF4,CUST12514509,2025-06-20 20:15:15,360.69,5,Toys & Games,Video Games
TXNY63X803MJE,CUST12514509,2025-08-09 20:15:15,267.97,5,Automotive,Tools
TXN9L7S68C1BP,CUST12514509,2025-07-17 20:15:15,129.53,2,Clothing,Jacket
TXNZOZDT4AG5S,CUST12514509,2025-08-25 20:15:15,269.74,5,Office Supplies,Furniture
TXNHKKTY0D9JR,CUST12514509,2025-02-21 20:15:15,157.12,5,Office Supplies,Furniture
TXNI6FWFN7KYL,CUST12514509,2025-04-04 20:15:15,218.19,3,Sports & Outdoors,Sportswear
TXNFZ9K2AUMFT,CUST12514509,2025-03-14 20:15:15,268.48,3,Clothing,Accessories
TXN0S3E2ESCLI,CUST12514509,2025-05-07 20:15:15,125.96,2,Automotive,Car Accessories
TXNBBMP6MIPWE,CUST12514509,2025-08-29 20:15:15,196.65,1,Sports & Outdoors,Yoga Mat
TXNYVZZYPXO0K,CUST12514509,2025-11-24 20:15:15,196.45,1,Sports & Outdoors,Yoga Mat
TXNJ6DK85ASOS,CUST12514509,2025-10-05 20:15:15,140.14,5,Clothing,Accessories
TXN7Z56SHCF8L,CUST12514509,2025-12-13 20:15:15,86.49,5,Food & Beverages,Beverages
TXNJN19425E12,CUST12514509,2025-04-22 20:15:15,230.56,1,Health & Beauty,Skincare
TXNTWEZYPGPJ5,CUST12514509,2025-03-08 20:15:15,109.23,3,Food & Beverages,Snacks
TXNDMYCLBP60D,CUST12514509,2025-12-10 20:15:15,226.83,2,Electronics,Headphones
TXNQF5TXIJS8L,CUST12514509,2025-04-27 20:15:15,178.85,3,Toys & Games,LEGO
TXNLU8A95H75P,CUST12514509,2025-02-25 20:15:15,266.03,4,Food & Beverages,Beverages
TXNC7CTCM5Z3Y,CUST12514509,2025-10-21 20:15:15,125.39,4,Food & Beverages,Beverages
TXNZ47VGNDQUC,CUST12514509,2025-05-21 20:15:15,185.46,3,Automotive,Car Accessories
TXNXVNIFWVVDG,CUST12514509,2025-11-12 20:15:15,309.04,1,Food & Beverages,Beverages
TXNLSDUQ2H0TM,CUST12514509,2025-04-16 20:15:15,149.39,3,Office Supplies,Electronics
TXNLKIMFU8DCJ,CUST12514509,2025-07-27 20:15:15,283.09,2,Automotive,Car Accessories
TXN2OV8BQ2B76,CUST03367069,2025-09-11 20:15:15,135.58,3,Books,Non-Fiction
TXN8OR7B5ITZB,CUST03367069,2025-10-08 20:15:15,185.8,3,Food & Beverages,Beverages
TXNCTN7SNW1IK,CUST03367069,2025-07-22 20:15:15,131.91,3,Health & Beauty,Makeup
TXNFDPVM7MCLJ,CUST03367069,2025-07-29 20:15:15,204.9,1,Home & Garden,Furniture
TXNXY6JAYNBQE,CUST03367069,2025-10-07 20:15:15,110.09,4,Home & Garden,Kitchen Appliances
TXNFE96GA1X0L,CUST03367069,2025-08-05 20:15:15,148.7,4,Toys & Games,LEGO
TXNRMLJUMUBD1,CUST03367069,2025-10-14 20:15:15,150.33,5,Automotive,Car Accessories
TXNMNSEPJWFC8,CUST03367069,2025-10-25 20:15:15,139.31,4,Automotive,Cleaning Supplies
TXNWQMX60JZTV,CUST29264708,2025-12-02 20:15:15,256.0,5,Automotive,Parts
TXNLGX99EO5OQ,CUST29264708,2025-01-08 20:15:15,136.59,1,Office Supplies,Electronics
TXN66I0BS8XT6,CUST29264708,2025-10-25 20:15:15,184.2,5,Books,Fiction
TXNHZTOQPUFVQ,CUST29264708,2024-11-21 20:15:15,276.65,5,Food & Beverages,Masala
TXNGBKAGN4URZ,CUST29264708,2025-01-29 20:15:15,190.98,4,Health & Beauty,Makeup
TXNUUVY34EG41,CUST29264708,2024-12-28 20:15:15,45.18,4,Food & Beverages,Organic Products
TXNDXL2H23XSD,CUST29264708,2025-07-25 20:15:15,285.79,4,Electronics,Smartphone
TXN18UANH5SOM,CUST29264708,2026-01-19 20:15:15,237.17,3,Food & Beverages,Beverages
TXNFHXYR0JGFT,CUST29264708,2025-05-19 20:15:15,246.37,5,Books,Fiction
TXNIO4UV39AUQ,CUST29264708,2026-01-31 20:15:15,249.36,4,Home & Garden,Bedding
TXNDWUIXKK2VW,CUST29264708,2025-08-06 20:15:15,172.64,4,Electronics,Headphones
TXNKKS5ZKOFGV,CUST29264708,2025-10-07 20:15:15,99.23,5,Office Supplies,Desk Accessories
TXNCOD65BZNQW,CUST29264708,2025-11-23 20:15:15,230.26,1,Automotive,Cleaning Supplies
TXN9VH37MEC8Y,CUST29264708,2025-07-11 20:15:15,86.89,1,Clothing,Accessories
TXNP5KSFOTEYH,CUST29264708,2025-10-08 20:15:15,101.45,1,Health & Beauty,Ayurveda
TXNCYN2IH0KM0,CUST29264708,2024-11-02 20:15:15,177.27,2,Sports & Outdoors,Camping Gear
TXN0XWNUST1BG,CUST29264708,2025-01-23 20:15:15,232.99,1,Electronics,Camera
TXNCP2VTB1WYQ,CUST29264708,2025-11-28 20:15:15,141.44,1,Home & Garden,Mixer
TXN8AFH99PDG7,CUST29264708,2025-12-18 20:15:15,145.27,1,Clothing,T-Shirt
TXNCFXK5KNTVC,CUST29264708,2025-08-16 20:15:15,313.79,4,Books,Educational
TXNBW0PUIR953,CUST29264708,2025-01-30 20:15:15,227.19,3,Electronics,Laptop
TXNNW275C3IXS,CUST29264708,2025-06-15 20:15:15,201.63,5,Sports & Outdoors,Yoga Mat
TXNQ2ZK5C2FYY,CUST29264708,2025-10-21 20:15:15,256.64,1,Electronics,Tablet
TXN73RG7IGCC9,CUST29264708,2025-01-09 20:15:15,209.92,3,Clothing,Dress
TXNO5LS95357Y,CUST12504346,2025-06-14 20:15:15,48.93,5,Books,Educational
TXNKCS18A8VZA,CUST38883142,2025-03-16 20:15:15,37.54,3,Clothing,Accessories
TXN8S1FINYF0W,CUST38883142,2024-12-05 20:15:15,56.15,4,Home & Garden,Furniture
TXNJDUMA6VLMD,CUST38883142,2025-09-27 20:15:15,53.85,2,Office Supplies,Stationery
TXN4J56J2WD13,CUST38883142,2024-12-22 20:15:15,95.98,1,Electronics,Smart Watch
TXN4TLSOKSXGW,CUST38883142,2025-05-22 20:15:15,56.79,4,Electronics,Smartphone
TXN5JPS6OWBLF,CUST38883142,2025-10-20 20:15:15,89.65,1,Toys & Games,LEGO
TXNRKT6A6F4ZJ,CUST38883142,2025-02-18 20:15:15,65.49,2,Health & Beauty,Skincare
TXNP5QV9HEU2H,CUST38883142,2025-03-30 20:15:15,73.43,3,Health & Beauty,Skincare
TXNG8FI157B1I,CUST21546486,2024-07-17 20:15:15,17.33,5,Clothing,Jeans
TXN8CXZNDBB0K,CUST21546486,2025-07-18 20:15:15,255.64,3,Automotive,Car Accessories
TXNZ12XP3ASNB,CUST21546486,2024-10-30 20:15:15,115.58,5,Food & Beverages,Masala
TXNFBA3W45M7Z,CUST96674484,2026-01-21 20:15:15,202.57,1,Office Supplies,Printer
TXNJRNDYGN8RK,CUST96674484,2025-10-27 20:15:15,79.94,5,Books,Non-Fiction
TXNU2HQ88OQFH,CUST96674484,2026-02-06 20:15:15,227.57,2,Home & Garden,Bedding
TXNSNTN89DS4Y,CUST96674484,2026-02-11 20:15:15,80.65,3,Automotive,Cleaning Supplies
TXNHPBJLTWWZP,CUST96674484,2025-12-01 20:15:15,107.01,5,Books,Textbook
TXNL071JQYA1I,CUST96674484,2025-11-24 20:15:15,130.96,4,Automotive,Car Accessories
TXNNVXB0RJZ9K,CUST96674484,2025-12-09 20:15:15,134.19,3,Electronics,Headphones
TXNFVRX6G08EW,CUST96674484,2025-11-02 20:15:15,136.69,1,Toys & Games,Video Games
TXN7AT75N2GYX,CUST96674484,2026-02-14 20:15:15,169.06,5,Automotive,Car Accessories
TXNSH2Z51TMRN,CUST96674484,2025-12-12 20:15:15,102.92,1,Sports & Outdoors,Fitness Equipment
TXN9SM0S2PKG9,CUST96674484,2025-12-05 20:15:15,166.8,2,Clothing,Dress
TXN70FFL2K9QY,CUST96674484,2026-02-13 20:15:15,230.13,4,Automotive,Tools
TXN4ER66WO9Y3,CUST96674484,2026-02-03 20:15:15,103.22,3,Clothing,Kurta
TXNFXIWXYOPJY,CUST96674484,2025-11-28 20:15:15,147.03,1,Sports & Outdoors,Camping Gear
TXNWQSNT72Q0A,CUST96674484,2026-01-24 20:15:15,190.58,1,Health & Beauty,Skincare
TXNLSITQNM498,CUST96674484,2025-11-27 20:15:15,73.75,3,Clothing,Jacket
TXN0FYP385W4R,CUST96674484,2026-02-02 20:15:15,92.85,5,Automotive,Helmet
TXNO8HI8G61P7,CUST96674484,2025-11-03 20:15:15,176.31,1,Home & Garden,Furniture
TXNYZO9GOMRVE,CUST06000123,2024-08-01 20:15:15,83.3,5,Toys & Games,Board Games
TXNW8227H9QQ9,CUST06000123,2024-07-27 20:15:15,98.92,5,Sports & Outdoors,Bicycle
TXNPE1XM1IPM5,CUST96905222,2025-08-07 20:15:15,488.85,2,Home & Garden,Furniture
TXNJBDTWPQS14,CUST96905222,2026-01-11 20:15:15,216.69,1,Clothing,T-Shirt
TXNIDJCT7QCPA,CUST96905222,2025-12-06 20:15:15,662.07,2,Automotive,Tools
TXN0D31XHXD7W,CUST96905222,2025-10-23 20:15:15,421.0,1,Toys & Games,Action Figures
TXN2ER406OO6J,CUST96905222,2025-12-10 20:15:15,425.7,1,Toys & Games,Puzzles
TXN9SCIWYOB69,CUST96905222,2025-10-16 20:15:15,409.91,4,Electronics,Headphones
TXNDCBW8YILPB,CUST96905222,2025-05-07 20:15:15,507.09,3,Health & Beauty,Ayurveda
TXNR06KSK26E0,CUST96905222,2025-09-04 20:15:15,533.31,3,Food & Beverages,Organic Products
TXNZTI0713JAH,CUST96905222,2025-08-29 20:15:15,53.57,4,Office Supplies,Electronics
TXNYWGFMPWH18,CUST96905222,2025-12-23 20:15:15,539.43,3,Clothing,Accessories
TXNF7P7AEWH3T,CUST96905222,2025-07-12 20:15:15,269.05,3,Health & Beauty,Personal Care
TXNI0NXXYA7O4,CUST96905222,2025-06-20 20:15:15,365.49,4,Electronics,Camera
TXNWT6Q8GZEJ7,CUST96905222,2026-01-19 20:15:15,294.09,2,Sports & Outdoors,Fitness Equipment
TXN2IEU39VEGG,CUST96905222,2025-06-20 20:15:15,361.95,5,Health & Beauty,Personal Care
TXNZ8708IZTTD,CUST96905222,2025-09-26 20:15:15,387.73,3,Home & Garden,Decor
TXNHE5WISYWB0,CUST96905222,2025-04-28 20:15:15,404.85,4,Clothing,Shoes
TXNZVTWEX9Y74,CUST96905222,2025-08-08 20:15:15,217.35,1,Clothing,Jacket
TXNXF0HOY1J0L,CUST96905222,2025-12-12 20:15:15,435.61,1,Books,Non-Fiction
TXN6OTGZA2U31,CUST96905222,2025-11-11 20:15:15,494.62,4,Automotive,Helmet
TXNX9IJXD2PD7,CUST96905222,2025-07-17 20:15:15,422.37,1,Health & Beauty,Ayurveda
TXN3HF58JP13U,CUST96905222,2025-12-10 20:15:15,358.99,5,Sports & Outdoors,Camping Gear
TXNVMXXZ22NJM,CUST96905222,2025-08-08 20:15:15,311.0,3,Health & Beauty,Ayurveda
TXNHPUIR0A4DO,CUST96905222,2025-11-12 20:15:15,82.42,2,Office Supplies,Printer
TXNW7L8DN0WC0,CUST96905222,2025-12-22 20:15:15,498.99,2,Health & Beauty,Supplements
TXNM5LUB1AS8X,CUST96905222,2025-09-30 20:15:15,468.54,1,Automotive,Car Accessories
TXNHJRCDNQG7M,CUST96905222,2026-01-15 20:15:15,379.5,1,Toys & Games,Puzzles
TXNDOZ3XNO1G0,CUST96905222,2025-06-27 20:15:15,214.84,1,Food & Beverages,Masala
TXNJJRENX1AN4,CUST96905222,2025-05-05 20:15:15,407.8,5,Food & Beverages,Snacks
TXNLTFWS595XL,CUST96905222,2025-06-30 20:15:15,359.04,3,Clothing,Accessories
TXN30HRMPKBO0,CUST96905222,2025-11-03 20:15:15,608.79,4,Home & Garden,Mixer
TXNSXE7VKLWBH,CUST96905222,2025-07-31 20:15:15,580.57,3,Toys & Games,Video Games
TXNPK9F3YGLUY,CUST96905222,2025-09-29 20:15:15,330.13,2,Toys & Games,Board Games
TXNBAD1HJYEXY,CUST96905222,2025-07-29 20:15:15,530.2,5,Office Supplies,Electronics
TXNDZQ2LCKDD8,CUST96905222,2025-11-24 20:15:15,289.13,2,Electronics,Headphones
TXN4DPG266NKL,CUST96905222,2025-08-27 20:15:15,600.21,1,Automotive,Tools
TXNT5S237X34I,CUST96905222,2025-09-18 20:15:15,458.46,5,Office Supplies,Printer
TXNPTKLCQH4AA,CUST96905222,2025-05-27 20:15:15,705.68,3,Books,Textbook
TXNJ060GACPIY,CUST68824547,2025-09-21 20:15:15,127.42,2,Sports & Outdoors,Bicycle
TXNRQ24NEQIPU,CUST68824547,2025-09-07 20:15:15,221.86,5,Toys & Games,LEGO
TXNMOQN982A9X,CUST68824547,2025-09-08 20:15:15,232.39,3,Health & Beauty,Personal Care
TXNYPXXA7OVU7,CUST68824547,2025-09-09 20:15:15,138.85,5,Toys & Games,Puzzles
TXN46QQPGT1RW,CUST68824547,2025-09-19 20:15:15,94.98,2,Automotive,Car Accessories
TXNZSVJKZSKD3,CUST74718907,2026-02-04 20:15:15,299.28,4,Clothing,Shoes
TXNUMRQBU51FN,CUST74718907,2026-01-22 20:15:15,171.45,1,Books,Educational
TXN9FAR12BGFA,CUST74718907,2026-02-02 20:15:15,218.34,2,Home & Garden,Bedding
TXNTWW0IDZEC8,CUST74718907,2026-02-02 20:15:15,184.25,4,Electronics,Smartphone
TXNFBRRBR6IVL,CUST74718907,2026-01-25 20:15:15,383.66,5,Office Supplies,Electronics
TXNIB8AMHUL0H,CUST74718907,2026-01-29 20:15:15,247.73,5,Electronics,Camera
TXNW9B1E34KDT,CUST74718907,2026-02-03 20:15:15,269.47,4,Food & Beverages,Beverages
TXNNOGZW3ABRM,CUST74718907,2026-01-25 20:15:15,244.1,1,Toys & Games,Puzzles
TXNEIV07OQ61O,CUST74718907,2026-01-22 20:15:15,187.85,1,Toys & Games,Puzzles
TXNYS9S7WD8CL,CUST74718907,2026-01-25 20:15:15,287.65,3,Health & Beauty,Ayurveda
TXNC1NZLLUPCS,CUST74718907,2026-02-01 20:15:15,311.81,5,Food & Beverages,Snacks
TXNF07CJY9O1L,CUST74718907,2026-01-27 20:15:15,198.33,5,Food & Beverages,Organic Products
TXNU4FOATHK68,CUST74718907,2026-01-23 20:15:15,250.62,4,Health & Beauty,Skincare
TXNZDX472UWNO,CUST74718907,2026-01-24 20:15:15,321.02,5,Books,Textbook
TXNS7ZSEKWTC5,CUST74718907,2026-02-03 20:15:15,157.91,3,Sports & Outdoors,Camping Gear
TXNQNG6LPUQC5,CUST74718907,2026-01-22 20:15:15,232.0,2,Office Supplies,Furniture
TXNMV0O8FO24H,CUST74718907,2026-01-26 20:15:15,304.45,2,Clothing,Jacket
TXNECISRXOO2D,CUST74718907,2026-01-27 20:15:15,169.41,3,Food & Beverages,Beverages
TXNQVQU36SZHL,CUST74718907,2026-02-02 20:15:15,253.53,4,Health & Beauty,Ayurveda
TXNW2NGMKRZX0,CUST74718907,2026-01-24 20:15:15,204.79,1,Sports & Outdoors,Yoga Mat
TXN83ETEFZP5C,CUST74718907,2026-01-27 20:15:15,192.19,4,Automotive,Tools
TXNWDJUXMCQ5Q,CUST74718907,2026-02-02 20:15:15,193.05,2,Toys & Games,Action Figures
TXN44QIY7OE1H,CUST74718907,2026-02-04 20:15:15,145.87,2,Automotive,Tools
TXNOPMWSCUF6M,CUST00233182,2024-12-24 20:15:15,13.98,2,Food & Beverages,Beverages
TXNDV0X6OEDQY,CUST06255936,2024-07-23 20:15:15,113.76,5,Health & Beauty,Skincare
TXN8PAAE4N7YH,CUST06255936,2024-06-27 20:15:15,179.42,5,Toys & Games,Video Games
TXNG2C9HHOX7F,CUST06255936,2024-06-10 20:15:15,112.65,5,Toys & Games,Puzzles
TXNFLECSG649P,CUST06255936,2025-02-17 20:15:15,138.05,4,Electronics,Headphones
TXNO05RY5UV8W,CUST06255936,2025-11-27 20:15:15,93.66,3,Sports & Outdoors,Fitness Equipment
TXN7GP0H8WAWO,CUST06255936,2024-10-14 20:15:15,166.35,2,Automotive,Parts
TXNZDK83YGVXB,CUST06255936,2024-10-15 20:15:15,243.0,4,Books,Fiction
TXNF01DM4O54A,CUST06255936,2025-12-15 20:15:15,186.77,1,Office Supplies,Electronics
TXNSGJ9IZUYBD,CUST06255936,2024-12-30 20:15:15,147.28,2,Clothing,Dress
TXNDKPVFRTKYP,CUST06255936,2025-11-07 20:15:15,179.42,5,Food & Beverages,Beverages
TXNUT3B36BBAC,CUST06255936,2024-06-22 20:15:15,216.35,4,Food & Beverages,Snacks
TXNERPNQ8J0SC,CUST06255936,2024-12-04 20:15:15,207.8,3,Sports & Outdoors,Yoga Mat
TXN75XPLTFO1I,CUST06255936,2025-10-28 20:15:15,213.76,3,Sports & Outdoors,Fitness Equipment
TXNSKE4QM9LLF,CUST06255936,2025-10-29 20:15:15,171.37,3,Sports & Outdoors,Yoga Mat
TXNG019KW6KI2,CUST06255936,2025-10-23 20:15:15,245.3,2,Clothing,T-Shirt
TXNWU0IXG7PSK,CUST06255936,2024-08-14 20:15:15,142.78,3,Clothing,Dress
TXN7M4BZFEZX8,CUST06255936,2024-07-09 20:15:15,229.14,1,Office Supplies,Furniture
TXN1KNRCJSXN5,CUST06255936,2025-04-07 20:15:15,193.82,3,Electronics,Smart Watch
TXN6MIHC4NLG0,CUST06255936,2025-01-23 20:15:15,128.55,3,Toys & Games,Video Games
TXNONEC9C9W01,CUST06255936,2025-11-10 20:15:15,76.89,4,Food & Beverages,Beverages
TXNX423BZLX1A,CUST06097004,2024-07-09 20:15:15,125.66,1,Food & Beverages,Masala
TXN5S9NYZQBDM,CUST58198138,2025-10-17 20:15:15,99.03,5,Sports & Outdoors,Sportswear
TXN2WHRBPOZKG,CUST58198138,2025-10-13 20:15:15,205.13,5,Automotive,Helmet
TXN40ZS6T3RTL,CUST58198138,2025-10-12 20:15:15,136.4,2,Office Supplies,Printer
TXNQ30NKFGWFM,CUST58198138,2025-10-11 20:15:15,238.96,5,Books,Comics
TXN642JY0ZWHJ,CUST58198138,2025-10-16 20:15:15,115.74,4,Food & Beverages,Gourmet Food
TXN7N4V7L80ZM,CUST35173788,2026-02-16 20:15:15,328.01,1,Sports & Outdoors,Camping Gear
TXNDTKSPZMOKP,CUST35173788,2026-02-10 20:15:15,225.36,4,Sports & Outdoors,Yoga Mat
TXN8JZW6S0R83,CUST35173788,2026-02-10 20:15:15,100.68,1,Books,Educational
TXN609L8MELHQ,CUST35173788,2026-02-09 20:15:15,256.71,1,Food & Beverages,Masala
TXNTYKTOLAPV1,CUST35173788,2026-02-11 20:15:15,107.83,2,Toys & Games,LEGO
TXN8JHT2MB74X,CUST35173788,2026-02-16 20:15:15,245.1,2,Office Supplies,Furniture
TXNBBGRREYB7I,CUST35173788,2026-02-17 20:15:15,157.26,1,Home & Garden,Tools
TXNT2DS59CKX3,CUST35173788,2026-02-15 20:15:15,350.11,3,Food & Beverages,Snacks
TXNEWQSJ6TT89,CUST35173788,2026-02-12 20:15:15,204.05,3,Electronics,Laptop
TXN24CJSKZ7N7,CUST35173788,2026-02-14 20:15:15,73.4,1,Food & Beverages,Snacks
TXN4ECF0F1PJ7,CUST35173788,2026-02-13 20:15:15,196.97,1,Automotive,Car Accessories
TXNC5WS2BHDUY,CUST35173788,2026-02-12 20:15:15,146.27,5,Food & Beverages,Gourmet Food
TXNN8EDJGT04Y,CUST35173788,2026-02-13 20:15:15,299.39,5,Electronics,Smart Watch
TXNR2BOST4GEI,CUST35173788,2026-02-09 20:15:15,228.25,3,Electronics,Smartphone
TXNDZLVAQ8ORU,CUST35173788,2026-02-17 20:15:15,181.72,2,Toys & Games,LEGO
TXN8STAOT17JJ,CUST35173788,2026-02-17 20:15:15,234.62,4,Toys & Games,Puzzles
TXNHZU3LFNZPJ,CUST35173788,2026-02-16 20:15:15,262.43,3,Toys & Games,Video Games
TXNRLZMWJFUR7,CUST35173788,2026-02-09 20:15:15,257.86,3,Automotive,Parts
TXNOKTJLJXK0K,CUST35173788,2026-02-13 20:15:15,68.54,1,Food & Beverages,Gourmet Food
TXNIDGE1OJQKR,CUST65181693,2026-01-25 20:15:15,206.84,2,Toys & Games,Puzzles
TXNI2S8KAMUCQ,CUST65181693,2025-10-19 20:15:15,66.38,2,Toys & Games,Board Games
TXNJIGA5I4X7N,CUST65181693,2025-12-24 20:15:15,194.7,5,Office Supplies,Printer
TXNYSW4DKIJFR,CUST65181693,2025-12-18 20:15:15,120.36,4,Home & Garden,Tools
TXNBVW024Q4ZA,CUST65181693,2025-08-16 20:15:15,131.73,1,Automotive,Helmet
TXN2ID0DWDEVX,CUST65181693,2026-01-10 20:15:15,134.17,5,Home & Garden,Decor
TXN8ZTL0LXSY0,CUST65181693,2025-09-14 20:15:15,151.17,5,Health & Beauty,Personal Care
TXNYKNAK3O8TD,CUST65181693,2025-11-01 20:15:15,202.39,5,Books,Magazines
TXNGYCB1J7P5K,CUST65181693,2025-11-18 20:15:15,203.95,4,Food & Beverages,Organic Products
TXNTL896LBALE,CUST65181693,2025-10-01 20:15:15,155.1,5,Books,Textbook
TXNSF2UF1MHMV,CUST65181693,2025-09-05 20:15:15,183.47,1,Sports & Outdoors,Bicycle
TXN9DMYLCFW6G,CUST65181693,2025-09-21 20:15:15,136.73,3,Automotive,Tools
TXNG0B18MYF6O,CUST65181693,2025-10-09 20:15:15,131.3,1,Health & Beauty,Personal Care
TXNLY27GILP1A,CUST65181693,2025-09-13 20:15:15,184.83,1,Electronics,Smartphone
TXN6PPU59YW7W,CUST65181693,2025-12-31 20:15:15,192.55,3,Food & Beverages,Organic Products
TXN4OT7BG59VE,CUST65181693,2025-09-03 20:15:15,120.74,3,Office Supplies,Furniture
TXN0Q6S3MW5FZ,CUST65181693,2025-08-29 20:15:15,218.52,5,Automotive,Parts
TXNXSPYIJYFLT,CUST65181693,2025-11-20 20:15:15,204.97,2,Automotive,Tools
TXNL1BJWG2A5G,CUST65181693,2025-12-22 20:15:15,68.95,4,Food & Beverages,Beverages
TXN34NCP4VIU5,CUST65181693,2026-01-27 20:15:15,109.6,3,Office Supplies,Desk Accessories
TXN1CCW3LD7B7,CUST65181693,2026-01-09 20:15:15,118.8,1,Home & Garden,Bedding
TXNP8B34ZTBOJ,CUST65181693,2025-09-30 20:15:15,130.64,4,Books,Magazines
TXNXTF0TDMNKW,CUST65181693,2025-08-02 20:15:15,98.89,1,Toys & Games,Video Games
TXNS7KLS2UQZL,CUST65181693,2026-01-06 20:15:15,139.82,3,Home & Garden,Furniture
TXNBO5GTVB3D4,CUST65181693,2026-01-16 20:15:15,155.97,5,Office Supplies,Desk Accessories
TXNWD1TDL7GX8,CUST65181693,2025-09-02 20:15:15,222.81,3,Sports & Outdoors,Sportswear
TXN8LAAVWD3TY,CUST65181693,2025-11-20 20:15:15,194.14,1,Health & Beauty,Personal Care
TXNTH53FR72Y6,CUST65181693,2026-01-20 20:15:15,251.26,3,Food & Beverages,Masala
TXNC4ENOLEYWB,CUST65181693,2025-12-12 20:15:15,89.68,1,Toys & Games,Puzzles
TXNX917HTP7VK,CUST65181693,2025-11-01 20:15:15,152.5,4,Sports & Outdoors,Sportswear
TXN9IYA2OP4UL,CUST65181693,2025-11-22 20:15:15,140.5,3,Health & Beauty,Ayurveda
TXN80E1FGCKTX,CUST65181693,2025-10-07 20:15:15,141.22,2,Toys & Games,Action Figures
TXNPDZZMSQYCV,CUST65181693,2025-09-20 20:15:15,121.43,5,Toys & Games,Action Figures
TXN4AHGCJFETJ,CUST65181693,2025-09-16 20:15:15,127.19,4,Office Supplies,Stationery
TXNRURE16O8TR,CUST65181693,2025-09-08 20:15:15,129.25,3,Toys & Games,Video Games
TXNJMX9AYBL4W,CUST65181693,2025-12-19 20:15:15,179.04,1,Health & Beauty,Ayurveda
TXNN5C3A06UEN,CUST65181693,2025-10-10 20:15:15,161.23,5,Home & Garden,Kitchen Appliances
TXNNK92CX1QDK,CUST65181693,2025-07-27 20:15:15,116.98,4,Toys & Games,LEGO
TXNC53G8JRIGU,CUST65181693,2025-08-13 20:15:15,188.12,1,Home & Garden,Furniture
TXNZ7LHNPXBWW,CUST65181693,2025-10-02 20:15:15,78.36,4,Food & Beverages,Organic Products
TXN9TSMUW0KPE,CUST65181693,2025-08-14 20:15:15,182.55,5,Food & Beverages,Beverages
TXNX42EMHSB0N,CUST65181693,2026-01-24 20:15:15,168.65,2,Office Supplies,Furniture
TXNSMWV7CX0A1,CUST65181693,2025-09-05 20:15:15,102.28,2,Books,Non-Fiction
TXND10IIYX67X,CUST87749775,2025-06-10 20:15:15,110.28,2,Electronics,Camera
TXNPK20G0T7A5,CUST87749775,2025-06-19 20:15:15,70.68,1,Sports & Outdoors,Yoga Mat
TXN541TLPFCNQ,CUST87749775,2025-08-24 20:15:15,117.64,5,Health & Beauty,Supplements
TXNRXWDEGRCQ8,CUST52306377,2025-11-30 20:15:15,76.21,3,Sports & Outdoors,Camping Gear
TXN2R8JMUUFGA,CUST52306377,2025-11-26 20:15:15,166.64,1,Health & Beauty,Skincare
TXN6XWITLGW3J,CUST52306377,2025-11-19 20:15:15,53.97,2,Electronics,Headphones
TXN41R13QE24D,CUST52306377,2025-11-19 20:15:15,166.7,2,Books,Non-Fiction
TXNBSKRZEZ7TK,CUST52306377,2025-11-03 20:15:15,93.14,2,Automotive,Tools
TXNSCC23KKVTM,CUST52306377,2025-11-22 20:15:15,154.91,3,Health & Beauty,Personal Care
TXNYX6U0OQ5ZX,CUST52306377,2025-12-27 20:15:15,188.86,3,Health & Beauty,Personal Care
TXNQ27NRUV95T,CUST52306377,2025-12-09 20:15:15,93.85,5,Books,Magazines
TXN4S099Q9JLT,CUST52306377,2025-12-23 20:15:15,31.57,2,Toys & Games,Board Games
TXNQGKQTSER5W,CUST52306377,2025-12-11 20:15:15,83.55,1,Electronics,Smart Watch
TXNS8HTMFPPNI,CUST52306377,2025-12-25 20:15:15,123.51,1,Health & Beauty,Supplements
TXN0M8080YPPQ,CUST52306377,2025-11-03 20:15:15,92.55,3,Clothing,Jacket
TXNHLCHP4JROZ,CUST52306377,2025-11-04 20:15:15,64.05,3,Home & Garden,Kitchen Appliances
TXNCMGM4U794W,CUST52306377,2025-12-24 20:15:15,97.25,1,Clothing,Jacket
TXN9L9DUPQGTU,CUST52306377,2025-11-05 20:15:15,196.9,4,Books,Comics
TXNOHB13VXFEX,CUST52306377,2025-11-05 20:15:15,209.68,2,Home & Garden,Bedding
TXNKBTKB00WCP,CUST52306377,2025-12-23 20:15:15,82.37,1,Automotive,Cleaning Supplies
TXNQ9EILHZOB6,CUST52306377,2026-01-08 20:15:15,168.26,3,Office Supplies,Electronics
TXN46Q4S2OBJS,CUST52306377,2025-12-22 20:15:15,164.88,2,Electronics,Camera
TXNOMM52XHH5E,CUST44160375,2024-02-28 20:15:15,47.71,2,Home & Garden,Furniture
TXNHAINAKAUL7,CUST19409189,2025-09-06 20:15:15,142.34,2,Health & Beauty,Supplements
TXNU3PRMY2E1E,CUST19409189,2025-08-01 20:15:15,80.16,1,Health & Beauty,Supplements
TXNUVJCOE8RHN,CUST19409189,2025-08-07 20:15:15,85.9,4,Clothing,Kurta
TXNEDPUFERA6E,CUST19409189,2025-10-20 20:15:15,38.4,4,Health & Beauty,Ayurveda
TXNKGF3M5BOK3,CUST09897640,2025-10-11 20:15:15,111.74,5,Home & Garden,Furniture
TXN3F8H0H5XPL,CUST09897640,2025-07-26 20:15:15,42.37,1,Automotive,Car Accessories
TXNYTKXRGC1TP,CUST09897640,2025-12-26 20:15:15,100.09,4,Food & Beverages,Organic Products
TXNGT99CXPGGG,CUST09897640,2025-06-14 20:15:15,79.28,4,Sports & Outdoors,Sportswear
TXN6A0B66AEIN,CUST09897640,2026-01-03 20:15:15,75.44,2,Clothing,Dress
TXNXX8DXP7CIQ,CUST09897640,2025-10-12 20:15:15,75.02,3,Office Supplies,Stationery
TXN0IACBLFW1P,CUST09897640,2025-09-19 20:15:15,134.84,2,Automotive,Car Accessories
TXN77S9O9SBVQ,CUST09897640,2025-05-27 20:15:15,122.03,1,Office Supplies,Printer
TXNJYUHQR9L2W,CUST09897640,2025-03-10 20:15:15,119.2,1,Toys & Games,Puzzles
TXNNE3FH8RHFN,CUST09897640,2025-12-28 20:15:15,93.39,1,Office Supplies,Stationery
TXN8JB3KW23OJ,CUST09897640,2025-08-18 20:15:15,68.5,5,Clothing,Jacket
TXNF76JQH9AKK,CUST09897640,2025-09-15 20:15:15,78.32,3,Food & Beverages,Organic Products
TXNPY3X2QQ8ZP,CUST09897640,2025-12-20 20:15:15,75.64,4,Health & Beauty,Skincare
TXNTI21JLOFAA,CUST09897640,2025-03-21 20:15:15,104.63,1,Automotive,Tools
TXNFZKK3CI34U,CUST09897640,2025-05-21 20:15:15,104.33,2,Health & Beauty,Personal Care
TXN8HZ5DD5AF4,CUST09897640,2025-04-06 20:15:15,95.65,2,Food & Beverages,Masala
TXNWRGLN462LS,CUST09897640,2025-03-18 20:15:15,122.21,4,Sports & Outdoors,Bicycle
TXNQT1L4PS3G2,CUST33203652,2025-12-27 20:15:15,71.25,1,Food & Beverages,Gourmet Food
TXNDKYFCTD4U6,CUST33203652,2025-07-04 20:15:15,88.7,4,Automotive,Tools
TXNH2QKZ9DG27,CUST33203652,2025-01-18 20:15:15,48.26,3,Clothing,Kurta
TXN7USSUAHPXI,CUST33203652,2024-11-15 20:15:15,122.73,2,Sports & Outdoors,Bicycle
TXNPR46LKXRD6,CUST33203652,2025-10-01 20:15:15,100.31,3,Sports & Outdoors,Camping Gear
TXNY08U5MC2DB,CUST33203652,2025-01-27 20:15:15,59.27,1,Health & Beauty,Personal Care
TXNGOI0M30PNN,CUST33203652,2025-09-02 20:15:15,98.4,2,Health & Beauty,Personal Care
TXN0WURHCML3O,CUST33203652,2025-02-05 20:15:15,97.28,2,Home & Garden,Decor
TXN2UTYOUWYDW,CUST33203652,2024-12-24 20:15:15,38.44,1,Food & Beverages,Snacks
TXNS5MB6CVXF0,CUST33203652,2024-12-13 20:15:15,101.27,3,Electronics,Smartphone
TXNRHOVGT3KK4,CUST79533664,2025-11-02 20:15:15,59.13,4,Clothing,Kurta
TXNIU8KOM922V,CUST79533664,2025-10-24 20:15:15,102.39,3,Clothing,Accessories
TXNLK2GFHDPQV,CUST79533664,2025-09-24 20:15:15,132.66,5,Health & Beauty,Personal Care
TXNS6EKKK7XYV,CUST79533664,2025-09-21 20:15:15,95.98,3,Office Supplies,Electronics
TXNJFW8TGLRWL,CUST79533664,2025-10-02 20:15:15,166.02,5,Toys & Games,LEGO
TXNL09RUD3WDU,CUST79533664,2025-11-23 20:15:15,107.74,4,Automotive,Cleaning Supplies
TXNWUK9AEYR6W,CUST79533664,2025-10-22 20:15:15,83.71,5,Electronics,Speaker
TXN71MZJLRVX9,CUST79533664,2025-11-24 20:15:15,82.56,2,Office Supplies,Stationery
TXN8OC5SYBHH4,CUST79533664,2025-10-10 20:15:15,96.96,1,Office Supplies,Stationery
TXNWH8SZRDHQV,CUST72645864,2025-08-29 20:15:15,110.77,2,Health & Beauty,Ayurveda
TXNZUG56FBI15,CUST72645864,2025-06-17 20:15:15,54.68,1,Office Supplies,Desk Accessories
TXNVUC0ZQ4W78,CUST72645864,2024-12-13 20:15:15,99.52,4,Sports & Outdoors,Sportswear
TXNABHZ9XLA3R,CUST72645864,2025-05-16 20:15:15,85.18,5,Toys & Games,LEGO
TXNTV7TUX7XCP,CUST72645864,2025-11-02 20:15:15,139.63,2,Health & Beauty,Supplements
TXNYFA15SYQHG,CUST72645864,2024-11-16 20:15:15,87.33,5,Home & Garden,Mixer
TXNK2PP55M8LH,CUST72645864,2025-07-24 20:15:15,126.52,5,Health & Beauty,Ayurveda
TXNHMDPAL7RSM,CUST72645864,2025-11-05 20:15:15,116.32,1,Home & Garden,Decor
TXN1EK5VPW8A7,CUST72645864,2025-06-05 20:15:15,101.88,2,Office Supplies,Desk Accessories
TXNCOFVRQOTT3,CUST72645864,2025-03-01 20:15:15,90.49,5,Toys & Games,Action Figures
TXNP1YL3YAN3T,CUST80902834,2024-11-20 20:15:15,140.38,4,Automotive,Helmet
TXN0ENUGVPVM8,CUST80902834,2024-11-25 20:15:15,139.6,4,Automotive,Parts
TXNHFJHHCCWJ1,CUST80902834,2024-11-21 20:15:15,105.26,3,Electronics,Headphones
TXNILMNNUTN5Y,CUST57684756,2025-01-27 20:15:15,178.33,5,Food & Beverages,Masala
TXNBX3PTBT8DQ,CUST57684756,2025-11-25 20:15:15,176.48,5,Health & Beauty,Supplements
TXNWVR0ZS244Q,CUST57684756,2024-09-30 20:15:15,221.4,5,Automotive,Tools
TXNTN9M4OIAJ5,CUST57684756,2024-06-29 20:15:15,194.76,5,Health & Beauty,Makeup
TXNN6A0GRFIGE,CUST57684756,2025-03-12 20:15:15,206.18,5,Toys & Games,LEGO
TXN8GVP592NL8,CUST57684756,2024-12-23 20:15:15,198.85,2,Electronics,Smartphone
TXNKAN53L89QI,CUST57684756,2025-03-15 20:15:15,171.99,3,Books,Educational
TXN7J1IVP6WL3,CUST57684756,2024-09-05 20:15:15,162.89,5,Books,Comics
TXNCHMB3M95MV,CUST57684756,2025-04-01 20:15:15,266.58,3,Health & Beauty,Personal Care
TXNVAQH0W7MPE,CUST57684756,2025-10-07 20:15:15,147.24,5,Home & Garden,Bedding
TXN6EJ2CNYWUI,CUST88870775,2026-02-01 20:15:15,617.8,3,Automotive,Tools
TXNSTSOQCIBT2,CUST88870775,2026-02-05 20:15:15,621.06,5,Electronics,Speaker
TXNG5RSHSFIXV,CUST88870775,2026-02-03 20:15:15,329.59,1,Toys & Games,Action Figures
TXNRS6HL35IK7,CUST88870775,2026-02-12 20:15:15,482.4,1,Toys & Games,Puzzles
TXN23408GWK7I,CUST88870775,2026-02-17 20:15:15,480.17,5,Clothing,Jacket
TXND73N57Z7G7,CUST88870775,2026-02-14 20:15:15,504.48,2,Electronics,Smart Watch
TXN1D0WJ946E0,CUST88870775,2026-02-07 20:15:15,464.35,1,Office Supplies,Electronics
TXN25AP3F531I,CUST88870775,2026-02-07 20:15:15,292.13,5,Health & Beauty,Ayurveda
TXNO0S9BRNU4L,CUST88870775,2026-02-13 20:15:15,592.03,4,Food & Beverages,Snacks
TXNA48W0KKFID,CUST88870775,2026-02-01 20:15:15,618.95,1,Health & Beauty,Skincare
TXNWZ24JSWLD2,CUST88870775,2026-02-04 20:15:15,345.81,4,Toys & Games,Video Games
TXNHGAKRFPEK9,CUST88870775,2026-02-16 20:15:15,320.02,2,Clothing,Shoes
TXNLF3BJY9MKL,CUST88870775,2026-02-16 20:15:15,161.32,1,Books,Non-Fiction
TXN77F5E3HO3J,CUST88870775,2026-02-11 20:15:15,471.19,5,Sports & Outdoors,Fitness Equipment
TXNGN4G9OQFP7,CUST88870775,2026-02-07 20:15:15,381.57,5,Health & Beauty,Supplements
TXNBDWR7AAVCR,CUST88870775,2026-02-09 20:15:15,266.44,3,Sports & Outdoors,Sportswear
TXNBO25BGM3ZA,CUST88870775,2026-02-11 20:15:15,431.47,4,Sports & Outdoors,Camping Gear
TXN8ZNBWF1RGB,CUST88870775,2026-01-29 20:15:15,308.95,4,Books,Textbook
TXN9F280GN38E,CUST88870775,2026-02-09 20:15:15,466.08,1,Food & Beverages,Organic Products
TXNJH796WP41Z,CUST88870775,2026-02-16 20:15:15,326.46,5,Health & Beauty,Ayurveda
TXNVR2SMO82LN,CUST88870775,2026-02-15 20:15:15,311.77,5,Clothing,Dress
TXNBPDDWKLNYD,CUST88870775,2026-02-14 20:15:15,422.55,4,Automotive,Car Accessories
TXNMGVSR3QCY2,CUST88870775,2026-02-02 20:15:15,365.77,4,Sports & Outdoors,Camping Gear
TXNI0EH8WJULB,CUST88870775,2026-02-15 20:15:15,232.71,5,Clothing,Shoes
TXNK5ZJ1L6Z5Q,CUST88870775,2026-02-10 20:15:15,555.98,1,Sports & Outdoors,Bicycle
TXNUO0FCA2QUF,CUST88870775,2026-02-15 20:15:15,364.56,1,Office Supplies,Electronics
TXNS4QMRJOC91,CUST88870775,2026-01-30 20:15:15,517.55,1,Electronics,Smart Watch
TXNYVZAGZQYEI,CUST88870775,2026-02-03 20:15:15,446.47,5,Electronics,Headphones
TXNK8QCI7SH4P,CUST88870775,2026-02-05 20:15:15,178.88,3,Food & Beverages,Gourmet Food
TXNFUSA9TKAKE,CUST88870775,2026-02-05 20:15:15,475.8,4,Toys & Games,Video Games
TXN4UF22GSCPY,CUST88870775,2026-02-01 20:15:15,363.8,4,Toys & Games,Action Figures
TXN2YND62HI3T,CUST88870775,2026-01-29 20:15:15,383.16,4,Health & Beauty,Personal Care
TXNGW4M65HTWT,CUST88870775,2026-02-08 20:15:15,682.71,4,Electronics,Headphones
TXNG4CY3SUCXC,CUST88870775,2026-01-29 20:15:15,470.53,4,Clothing,Shoes
TXNW6AWFGFYOB,CUST88870775,2026-02-07 20:15:15,393.39,5,Health & Beauty,Makeup
TXNJDA0CKIPY1,CUST88870775,2026-02-12 20:15:15,359.07,3,Home & Garden,Decor
TXN16DIHU84VO,CUST88870775,2026-02-12 20:15:15,652.88,2,Clothing,Shoes
TXN5HCFL8JSCZ,CUST88870775,2026-02-03 20:15:15,410.34,1,Food & Beverages,Organic Products
TXNH79EOBU4V7,CUST88870775,2026-02-13 20:15:15,537.71,5,Health & Beauty,Supplements
TXNDVQVMNHWZC,CUST88870775,2026-02-02 20:15:15,453.85,2,Automotive,Parts
TXNWKF31US5CT,CUST88870775,2026-02-06 20:15:15,431.26,1,Automotive,Cleaning Supplies
TXNOUEH5AAH41,CUST88870775,2026-02-03 20:15:15,537.61,2,Sports & Outdoors,Fitness Equipment
TXNEF21DTCBSQ,CUST88870775,2026-01-30 20:15:15,441.56,2,Electronics,Smart Watch
TXN3VJGGPGE5W,CUST88870775,2026-02-01 20:15:15,409.09,4,Toys & Games,Action Figures
TXN21BK302B31,CUST88870775,2026-02-06 20:15:15,475.48,5,Electronics,Tablet
TXNFV06DYNXG5,CUST88870775,2026-02-04 20:15:15,270.32,2,Clothing,Jacket
TXNA96COM1ACV,CUST88870775,2026-02-09 20:15:15,468.29,2,Sports & Outdoors,Bicycle
TXN3VSISOOMK9,CUST88870775,2026-01-29 20:15:15,426.35,3,Toys & Games,Board Games
TXNOVOVPAJHD1,CUST39927931,2025-10-22 20:15:15,50.53,5,Home & Garden,Furniture
TXNHWFVFH4XA8,CUST39927931,2025-09-12 20:15:15,65.74,4,Electronics,Smartphone
TXNYLSA5F961H,CUST39927931,2025-11-30 20:15:15,48.25,1,Toys & Games,Video Games
TXNN7EYLCQNE9,CUST39927931,2025-11-27 20:15:15,44.27,1,Health & Beauty,Ayurveda
TXNW8ECXTL3F2,CUST39927931,2025-08-25 20:15:15,79.81,3,Electronics,Smartphone
TXNJXSW5MQASE,CUST39927931,2026-01-05 20:15:15,73.95,2,Health & Beauty,Supplements
TXNN6H25MMZZ7,CUST38093782,2025-09-29 20:15:15,181.12,5,Clothing,Shoes
TXN7U2MCSHVY0,CUST38093782,2025-08-21 20:15:15,200.92,5,Home & Garden,Mixer
TXNICLUNTP570,CUST38093782,2025-12-10 20:15:15,175.77,1,Health & Beauty,Makeup
TXNKW09BLNKHC,CUST38093782,2025-11-22 20:15:15,78.12,5,Clothing,Jacket
TXNA0FA8VIZWF,CUST38093782,2025-08-25 20:15:15,187.65,3,Health & Beauty,Supplements
TXNPTHJJZ05RQ,CUST38093782,2025-11-18 20:15:15,127.65,3,Office Supplies,Furniture
TXNLDYBZYE12H,CUST38093782,2025-12-19 20:15:15,122.59,4,Toys & Games,Action Figures
TXNND30SI93XL,CUST46942587,2025-03-14 20:15:15,94.49,5,Health & Beauty,Makeup
TXNIET7DB15QH,CUST46942587,2025-12-01 20:15:15,104.32,4,Office Supplies,Desk Accessories
TXNI45A28FG8P,CUST46942587,2025-12-05 20:15:15,91.81,4,Toys & Games,LEGO
TXN5RAK4E9Y9J,CUST46942587,2025-08-04 20:15:15,76.27,1,Health & Beauty,Supplements
TXNULNQ7FQMFT,CUST46942587,2025-10-04 20:15:15,101.71,1,Home & Garden,Bedding
TXNNNLSM05HNO,CUST46942587,2024-11-11 20:15:15,85.93,3,Electronics,Smart Watch
TXNP0DJ4IA8W5,CUST46942587,2025-07-25 20:15:15,89.91,3,Home & Garden,Mixer
TXN5EB6V1X1XC,CUST80004120,2026-01-20 20:15:15,53.73,2,Clothing,Shoes
TXNSG26981U36,CUST80004120,2026-01-12 20:15:15,47.21,1,Health & Beauty,Ayurveda
TXN7LUC2IAYCB,CUST80004120,2026-01-23 20:15:15,69.14,1,Books,Educational
TXNJDJAHYGWMW,CUST80004120,2026-01-13 20:15:15,53.97,3,Clothing,Jeans
TXNAJPJRM7IBZ,CUST80004120,2026-02-01 20:15:15,107.84,1,Books,Comics
TXNBJD7LD5TZO,CUST80004120,2026-02-05 20:15:15,42.8,4,Sports & Outdoors,Sportswear
TXN1D0T3IW32B,CUST80004120,2026-01-04 20:15:15,60.46,2,Food & Beverages,Snacks
TXNHNUBU1YWZC,CUST80004120,2026-01-23 20:15:15,36.93,1,Electronics,Camera
TXNS4FZB82A84,CUST80004120,2026-01-06 20:15:15,85.9,4,Health & Beauty,Personal Care
TXN274Z356F4Q,CUST80004120,2026-02-03 20:15:15,62.22,1,Books,Educational
TXNAGJKIR15R9,CUST54296279,2025-09-22 20:15:15,208.6,2,Health & Beauty,Ayurveda
TXNP15TZ5Y25I,CUST54296279,2025-09-21 20:15:15,154.9,2,Toys & Games,LEGO
TXN1YJIOB0V61,CUST54296279,2025-09-10 20:15:15,127.0,3,Books,Educational
TXNPVOCP8OJ9W,CUST54296279,2025-09-09 20:15:15,149.34,3,Office Supplies,Furniture
TXNS3JXL92UMS,CUST16037220,2026-02-15 20:15:15,136.19,5,Automotive,Car Accessories
TXN1P2N12DMPR,CUST16037220,2026-02-14 20:15:15,148.74,3,Health & Beauty,Makeup
TXNLMYS0T7Y5Q,CUST16037220,2026-02-15 20:15:15,156.3,2,Health & Beauty,Supplements
TXNCKS3ONBFAT,CUST16037220,2026-02-15 20:15:15,106.33,1,Automotive,Cleaning Supplies
TXNYT0QTFB0LZ,CUST16037220,2026-02-16 20:15:15,89.48,5,Electronics,Laptop
TXN1MQUAHOS8I,CUST16037220,2026-02-15 20:15:15,133.95,2,Sports & Outdoors,Fitness Equipment
TXNU0I7R3NBO6,CUST16037220,2026-02-16 20:15:15,182.31,3,Clothing,Shoes
TXNXTHR0DL2K5,CUST16037220,2026-02-15 20:15:15,166.15,5,Health & Beauty,Ayurveda
TXNOILBRGM6LL,CUST16037220,2026-02-14 20:15:15,189.05,5,Clothing,Jacket
TXNO1HPCGBZS7,CUST16037220,2026-02-16 20:15:15,178.82,5,Sports & Outdoors,Sportswear
TXN29DK1WSQEP,CUST16037220,2026-02-15 20:15:15,78.91,2,Books,Educational
TXN5BJURX2V3K,CUST16037220,2026-02-14 20:15:15,118.85,1,Food & Beverages,Organic Products
TXNT772RIYA2X,CUST16037220,2026-02-16 20:15:15,116.09,2,Office Supplies,Furniture
TXNEN4MGMBHH2,CUST16037220,2026-02-14 20:15:15,124.41,4,Office Supplies,Furniture
TXNSU27AJ46IJ,CUST16037220,2026-02-16 20:15:15,126.83,5,Toys & Games,Puzzles
TXNWJJQMTYB0F,CUST16037220,2026-02-14 20:15:15,159.78,2,Clothing,Accessories
TXNKBGVNA2MCI,CUST16037220,2026-02-15 20:15:15,58.56,3,Sports & Outdoors,Yoga Mat
TXNZOE51BK3SI,CUST16037220,2026-02-15 20:15:15,149.02,4,Electronics,Camera
TXN9YHVITSNF9,CUST16037220,2026-02-14 20:15:15,141.71,3,Sports & Outdoors,Bicycle
TXNFWXE99QHEY,CUST16037220,2026-02-14 20:15:15,141.92,5,Health & Beauty,Personal Care
TXNR4MNNQZ7PG,CUST16037220,2026-02-16 20:15:15,98.73,5,Clothing,Dress
TXNEL9AJ09E2T,CUST16037220,2026-02-14 20:15:15,142.18,4,Electronics,Smartphone
TXNT8KWOKEZED,CUST16037220,2026-02-16 20:15:15,101.76,2,Office Supplies,Electronics
TXN387WQQI2PN,CUST16037220,2026-02-16 20:15:15,129.83,1,Office Supplies,Printer
TXNM8K6DEUQ1W,CUST16037220,2026-02-16 20:15:15,114.52,3,Home & Garden,Tools
TXNTO5AFCXCGJ,CUST16037220,2026-02-14 20:15:15,93.53,5,Electronics,Smart Watch
TXN3826IUGYYP,CUST16037220,2026-02-16 20:15:15,60.76,3,Health & Beauty,Ayurveda
TXN009CYTXYA8,CUST16037220,2026-02-16 20:15:15,151.25,4,Books,Non-Fiction
TXNKZX2FLZD13,CUST16037220,2026-02-16 20:15:15,103.3,5,Toys & Games,Action Figures
TXNO9UF3ZFNDT,CUST16037220,2026-02-15 20:15:15,112.5,2,Sports & Outdoors,Yoga Mat
TXNBM44JF1ZHI,CUST16037220,2026-02-15 20:15:15,136.5,3,Home & Garden,Bedding
TXN2UK0ZY0YLR,CUST16037220,2026-02-16 20:15:15,75.48,3,Automotive,Helmet
TXNS6CQXYSOCG,CUST16037220,2026-02-14 20:15:15,142.57,1,Toys & Games,Board Games
TXNT74LO0HI4X,CUST16037220,2026-02-16 20:15:15,130.18,3,Food & Beverages,Beverages
TXNZ88AT5MO1L,CUST16037220,2026-02-15 20:15:15,72.44,4,Books,Comics
TXNB2Q7738QER,CUST16037220,2026-02-15 20:15:15,97.54,4,Food & Beverages,Gourmet Food
TXNCTPQDZYBDK,CUST16037220,2026-02-15 20:15:15,154.41,3,Office Supplies,Printer
TXNN2CYVL4YTB,CUST16037220,2026-02-15 20:15:15,163.43,5,Toys & Games,Action Figures
TXN9JR0Q8H2DA,CUST16037220,2026-02-16 20:15:15,153.29,2,Toys & Games,LEGO
TXN7YPQU66CZL,CUST16037220,2026-02-16 20:15:15,92.68,2,Home & Garden,Mixer
TXNILQC3D43RP,CUST16037220,2026-02-15 20:15:15,99.61,2,Office Supplies,Desk Accessories
TXNNCHKFOGI3A,CUST16037220,2026-02-15 20:15:15,79.66,4,Office Supplies,Electronics
TXN26P235O3G9,CUST16037220,2026-02-16 20:15:15,146.75,4,Health & Beauty,Makeup
TXN72ZMUK1Y9R,CUST16037220,2026-02-14 20:15:15,75.1,4,Toys & Games,Puzzles
TXN7CTWP7EBC0,CUST16037220,2026-02-16 20:15:15,183.09,5,Automotive,Parts
TXNCHFW72I2VB,CUST16037220,2026-02-15 20:15:15,118.04,1,Home & Garden,Mixer
TXN4O8WFHFFU6,CUST16037220,2026-02-16 20:15:15,109.54,3,Sports & Outdoors,Camping Gear
TXNC5694LE7TB,CUST16037220,2026-02-16 20:15:15,102.96,1,Health & Beauty,Supplements
TXN95PD862YLD,CUST92002514,2025-08-07 20:15:15,107.89,5,Food & Beverages,Beverages
TXNLN1XNTF8IP,CUST92002514,2025-10-21 20:15:15,135.22,5,Toys & Games,LEGO
TXNLL2FZS7DIG,CUST92002514,2025-11-19 20:15:15,98.45,1,Sports & Outdoors,Sportswear
TXN3ZJM5R44XI,CUST12769991,2025-09-30 20:15:15,116.86,3,Home & Garden,Tools
TXNYZWLZRIZBL,CUST12769991,2025-10-04 20:15:15,113.02,2,Clothing,Dress
TXNFI24FP50F7,CUST12769991,2025-10-14 20:15:15,96.18,3,Automotive,Tools
TXN74PH66CZUY,CUST12769991,2025-12-20 20:15:15,113.29,4,Toys & Games,LEGO
TXNA9SFX6SEZM,CUST12769991,2025-07-12 20:15:15,67.34,1,Home & Garden,Decor
TXN4OE5NTWR5D,CUST12769991,2025-11-20 20:15:15,60.08,4,Home & Garden,Mixer
TXNF7YICZHXMC,CUST12769991,2025-09-23 20:15:15,102.91,1,Home & Garden,Mixer
TXNW07OBB89HW,CUST12769991,2025-05-31 20:15:15,86.62,2,Sports & Outdoors,Fitness Equipment
TXNA2SYWHCC7G,CUST12769991,2025-10-23 20:15:15,92.28,2,Home & Garden,Decor
TXNGSI3QGYSLX,CUST73319141,2025-12-10 20:15:15,182.38,1,Toys & Games,Board Games
TXNXY1HQGFDF9,CUST73319141,2025-11-23 20:15:15,268.99,3,Clothing,T-Shirt
TXN9DHNQOWVK6,CUST73319141,2026-01-03 20:15:15,174.67,5,Books,Educational
TXNW0S880E5QP,CUST73319141,2025-12-23 20:15:15,350.84,3,Home & Garden,Bedding
TXN5GQ9SQWY79,CUST73319141,2025-12-24 20:15:15,261.09,4,Toys & Games,Board Games
TXNPMH2IQ65KJ,CUST73319141,2025-11-26 20:15:15,376.2,3,Health & Beauty,Ayurveda
TXNYPZL26NMDV,CUST73319141,2025-11-16 20:15:15,278.87,5,Health & Beauty,Skincare
TXNO9H64E62G0,CUST73319141,2025-12-16 20:15:15,205.16,2,Automotive,Car Accessories
TXN103MOAK9BP,CUST73319141,2025-11-22 20:15:15,327.06,3,Clothing,Jeans
TXNIW1FB08X67,CUST73319141,2025-12-25 20:15:15,174.82,4,Food & Beverages,Organic Products
TXNNDXKXY8NXE,CUST73319141,2025-12-11 20:15:15,241.4,3,Health & Beauty,Ayurveda
TXN734H30L5DX,CUST73319141,2025-11-24 20:15:15,251.33,2,Sports & Outdoors,Fitness Equipment
TXNG2IHDD3QZ9,CUST73319141,2025-11-30 20:15:15,84.23,3,Clothing,Shoes
TXN0CPHQRZZAE,CUST73319141,2025-12-30 20:15:15,380.8,5,Sports & Outdoors,Sportswear
TXNU2460D2FUP,CUST73319141,2025-11-19 20:15:15,307.83,2,Food & Beverages,Masala
TXNP9XPQN67A7,CUST73319141,2025-11-12 20:15:15,151.52,2,Clothing,Kurta
TXN0S0FWEMYOB,CUST73319141,2025-11-16 20:15:15,290.38,1,Books,Comics
TXNDFU3ZWF9DV,CUST49435871,2025-11-13 20:15:15,47.46,4,Automotive,Car Accessories
TXNZY3C6WF3VI,CUST49435871,2025-10-17 20:15:15,78.27,1,Home & Garden,Tools
TXN6LRF8D72EF,CUST49435871,2025-10-05 20:15:15,51.85,2,Automotive,Car Accessories
TXN94QXU4XTHO,CUST49435871,2025-11-24 20:15:15,73.06,3,Books,Textbook
TXN9N8BBAOP52,CUST49435871,2025-12-05 20:15:15,80.2,3,Food & Beverages,Gourmet Food
TXNYTPWCV4ZQF,CUST93669242,2025-08-02 20:15:15,201.8,1,Automotive,Cleaning Supplies
TXNFXIY5SCXDJ,CUST93669242,2025-11-05 20:15:15,169.53,5,Books,Comics
TXNI5SK83V0D8,CUST93669242,2025-09-10 20:15:15,150.08,5,Sports & Outdoors,Fitness Equipment
TXN0N4L7CQ35Q,CUST93669242,2025-08-28 20:15:15,172.0,2,Health & Beauty,Supplements
TXNAHI8CCCK29,CUST93669242,2025-07-05 20:15:15,244.43,3,Food & Beverages,Organic Products
TXNMLH6CXR3HZ,CUST93669242,2025-12-30 20:15:15,214.29,4,Home & Garden,Bedding
TXNLHWU1GIKNA,CUST93669242,2025-12-31 20:15:15,230.43,2,Home & Garden,Bedding
TXNAGLWWLNE7G,CUST93669242,2025-11-22 20:15:15,185.73,5,Electronics,Camera
TXN0WI3UW7CS8,CUST93669242,2025-06-12 20:15:15,244.92,1,Home & Garden,Bedding
TXN5BVVJB239V,CUST93669242,2025-07-01 20:15:15,271.2,4,Home & Garden,Decor
TXN0PKQ0HAHMZ,CUST93669242,2025-10-21 20:15:15,111.03,5,Books,Textbook
TXNLEJI291BLT,CUST93669242,2025-08-13 20:15:15,127.95,4,Home & Garden,Kitchen Appliances
TXNDIED4ULC8W,CUST93669242,2025-11-12 20:15:15,248.17,3,Clothing,Kurta
TXNX8KR9OFOW7,CUST93669242,2025-08-23 20:15:15,284.48,5,Automotive,Parts
TXNGV2V4JH4IW,CUST93669242,2025-08-27 20:15:15,125.18,2,Clothing,Kurta
TXNGPTYSAIJP6,CUST93669242,2025-08-09 20:15:15,110.94,2,Books,Magazines
TXNBPWN33ZLVQ,CUST93669242,2025-10-15 20:15:15,144.87,4,Home & Garden,Decor
TXNSCJIK3L3J1,CUST85468833,2025-12-26 20:15:15,136.11,5,Home & Garden,Kitchen Appliances
TXNA11NEGXIN2,CUST85468833,2025-12-24 20:15:15,166.67,1,Electronics,Tablet
TXNYS2GG0QHOA,CUST85468833,2025-12-28 20:15:15,196.43,1,Clothing,Jacket
TXN6EEVM1JCNE,CUST85468833,2025-12-26 20:15:15,150.61,2,Home & Garden,Kitchen Appliances
TXN8ORPMDO5YS,CUST85468833,2025-12-28 20:15:15,242.16,5,Electronics,Laptop
