transaction_id,customer_id,transaction_date,amount,quantity,product_category,product_name
TXNGK0EEYYLH9,CUST93008687,2025-11-24 20:15:08,1507.89,4,Toys & Games,Board Games
TXN11BD2SCEJC,CUST93008687,2025-09-28 20:15:08,2137.47,1,Electronics,Speaker
TXN7H6GMD478M,CUST93008687,2025-10-01 20:15:08,1757.63,2,Clothing,Kurta
TXNIUDUAHGK6T,CUST93008687,2025-11-22 20:15:08,1130.97,1,Office Supplies,Desk Accessories
TXN4RZGYD49PS,CUST93008687,2026-01-14 20:15:08,999.05,4,Automotive,Car Accessories
TXNEDE1ZUBLEK,CUST93008687,2025-12-25 20:15:08,1569.51,5,Toys & Games,Puzzles
TXNIO9P4627NA,CUST93008687,2025-12-15 20:15:08,825.98,4,Food & Beverages,Snacks
TXNSYEOZ906GN,CUST93008687,2025-11-08 20:15:08,2119.12,2,Food & Beverages,Gourmet Food
TXN4OIPR11V12,CUST93008687,2025-10-14 20:15:08,1851.6,4,Office Supplies,Electronics
TXN89SFQERI7B,CUST93008687,2025-11-18 20:15:08,1175.17,1,Office Supplies,Stationery
TXN8NYFWDC112,CUST93008687,2025-11-21 20:15:08,664.77,2,Electronics,Tablet
TXNRJM4T8BP6N,CUST93008687,2025-12-12 20:15:08,1923.17,3,Food & Beverages,Organic Products
TXNLBB4M0A6MD,CUST21077975,2025-12-29 20:15:08,1677.05,3,Books,Educational
TXNCIILDY5EGT,CUST21077975,2026-01-13 20:15:08,2381.65,1,Toys & Games,Video Games
TXNSPAQALULDR,CUST21077975,2026-01-16 20:15:08,906.0,2,Office Supplies,Electronics
TXN3YFK8HW9C4,CUST21077975,2026-02-04 20:15:08,1424.44,2,Automotive,Cleaning Supplies
TXNKU2W8ZUVJU,CUST21077975,2025-12-06 20:15:08,1739.46,5,Electronics,Headphones
TXNMC3SKXLOJS,CUST21077975,2026-01-17 20:15:08,1761.21,5,Sports & Outdoors,Camping Gear
TXN5UH80Q7TW1,CUST21077975,2025-10-04 20:15:08,1502.24,4,Automotive,Helmet
TXNHQI014O46W,CUST21077975,2025-10-15 20:15:08,2061.24,4,Automotive,Cleaning Supplies
TXNJVOEGI3QUP,CUST21077975,2025-12-12 20:15:08,1180.48,1,Home & Garden,Decor
TXNEJ2XG48RA4,CUST21077975,2025-11-09 20:15:08,1662.55,1,Books,Educational
TXN6ONXD70FE0,CUST21077975,2025-12-15 20:15:08,1799.4,1,Clothing,Shoes
TXNRDV1L30307,CUST21077975,2026-02-11 20:15:08,2004.76,2,Books,Non-Fiction
TXNHJO5CTZETR,CUST21077975,2025-10-27 20:15:08,2107.49,2,Home & Garden,Kitchen Appliances
TXNRNLX6B02B7,CUST21077975,2025-11-06 20:15:08,1150.77,2,Toys & Games,Puzzles
TXNXZ6YTIPA87,CUST21077975,2026-01-06 20:15:08,937.43,3,Books,Educational
TXNK4FPL3X2JC,CUST21077975,2025-10-23 20:15:08,2402.42,4,Sports & Outdoors,Bicycle
TXNZ533ZSMV30,CUST21077975,2026-01-13 20:15:08,1909.87,4,Toys & Games,Board Games
TXNW2EOWLCFS8,CUST21077975,2025-10-13 20:15:08,1346.75,2,Home & Garden,Tools
TXN32HOG585I8,CUST50789516,2025-05-25 20:15:08,939.44,5,Office Supplies,Printer
TXN9HZGOPJDN8,CUST50789516,2025-06-23 20:15:08,663.35,1,Clothing,T-Shirt
TXN173RIH83J0,CUST50789516,2025-11-22 20:15:08,867.92,4,Health & Beauty,Makeup
TXNV9KYPOFKJW,CUST50789516,2025-10-04 20:15:08,654.09,2,Sports & Outdoors,Sportswear
TXNAELYYZZ0JD,CUST50789516,2025-10-18 20:15:08,1037.45,1,Clothing,T-Shirt
TXNQMVY2Z3ASN,CUST50789516,2025-08-15 20:15:08,978.71,4,Sports & Outdoors,Sportswear
TXNBGGRMQDZPJ,CUST50789516,2025-05-04 20:15:08,593.22,3,Automotive,Car Accessories
TXN5407K5W1JL,CUST50789516,2025-05-02 20:15:08,827.97,2,Food & Beverages,Gourmet Food
TXNP97BMZRR45,CUST48066078,2026-02-13 20:15:08,1031.64,1,Food & Beverages,Gourmet Food
TXN5GGSJ6VV8S,CUST48066078,2026-02-03 20:15:08,1219.17,5,Sports & Outdoors,Camping Gear
TXNIRDLK9EN7D,CUST48066078,2026-02-08 20:15:08,614.1,3,Clothing,Jeans
TXNQZRWJXLBWQ,CUST48066078,2026-02-02 20:15:08,1042.18,5,Clothing,Jeans
TXN2K20TVDJI1,CUST48066078,2026-02-05 20:15:08,1138.73,4,Electronics,Laptop
TXNX8FK2076VM,CUST42294850,2026-01-25 20:15:08,428.61,1,Books,Educational
TXNR5RUP13WPP,CUST42294850,2026-01-29 20:15:08,585.26,1,Sports & Outdoors,Yoga Mat
TXNYXZ7SXDQC2,CUST42294850,2026-01-23 20:15:08,352.26,3,Food & Beverages,Beverages
TXN4SKBCBDPDX,CUST42294850,2026-01-17 20:15:08,834.02,5,Books,Educational
TXNV1A0Q24BOZ,CUST42294850,2026-01-24 20:15:08,1102.67,3,Books,Magazines
TXNWJ85GG0V5D,CUST42294850,2026-01-27 20:15:08,1316.3,5,Food & Beverages,Snacks
TXNEGRY58VRW9,CUST42294850,2026-01-13 20:15:08,927.52,3,Health & Beauty,Personal Care
TXNEAEA84HXXP,CUST42294850,2026-01-22 20:15:08,1350.67,5,Clothing,Jeans
TXN1FPE60QRAQ,CUST42294850,2026-01-15 20:15:08,531.68,2,Books,Non-Fiction
TXN3OMD4PORU0,CUST42294850,2026-01-22 20:15:08,443.68,3,Office Supplies,Stationery
TXNRVWY3RZTPL,CUST42294850,2026-01-28 20:15:08,892.23,1,Health & Beauty,Supplements
TXNEWXQPF0QPS,CUST42294850,2026-01-26 20:15:08,1011.9,5,Food & Beverages,Gourmet Food
TXNEKZ83Y0224,CUST42294850,2026-02-01 20:15:08,898.45,5,Food & Beverages,Beverages
TXNYEHVDO9KHB,CUST42294850,2026-01-22 20:15:08,344.58,1,Clothing,Dress
TXNYG4S3MEIUR,CUST42294850,2026-01-21 20:15:08,883.09,3,Toys & Games,Puzzles
TXNJFYSYZ7PQ4,CUST42294850,2026-01-14 20:15:08,552.27,1,Automotive,Car Accessories
TXN0DXME4PO1I,CUST26321649,2026-01-06 20:15:08,1380.79,4,Food & Beverages,Gourmet Food
TXNGJZOWI1T2E,CUST26321649,2025-12-09 20:15:08,1276.25,4,Automotive,Parts
TXN8SY7P1ZSCM,CUST26321649,2025-12-25 20:15:08,825.6,4,Food & Beverages,Beverages
TXNOB7FU99259,CUST26321649,2025-12-28 20:15:08,972.54,4,Electronics,Headphones
TXN6AKT7ZQHT2,CUST26321649,2025-12-11 20:15:08,784.43,4,Toys & Games,Puzzles
TXN5DTOZ5STHS,CUST26321649,2025-12-24 20:15:08,1128.18,3,Sports & Outdoors,Yoga Mat
TXNA6TJ3KPS04,CUST26321649,2025-12-16 20:15:08,1479.26,3,Home & Garden,Mixer
TXNE17QUAMI0U,CUST26321649,2026-01-06 20:15:08,809.78,5,Toys & Games,LEGO
TXNKY3UFN0DSG,CUST26321649,2025-12-02 20:15:08,1323.66,3,Toys & Games,Video Games
TXNPEHCYOU25V,CUST55130224,2026-02-09 20:15:08,1088.26,4,Electronics,Headphones
TXN0PFSRQ8STZ,CUST55130224,2026-02-19 20:15:08,986.3,4,Food & Beverages,Organic Products
TXN7N8VOEUBFN,CUST55130224,2026-02-08 20:15:08,1252.57,3,Home & Garden,Kitchen Appliances
TXNBF2P7KKG0A,CUST55130224,2026-02-12 20:15:08,892.21,5,Food & Beverages,Gourmet Food
TXNPUU62RZV1S,CUST55130224,2026-02-09 20:15:08,1079.18,4,Electronics,Speaker
TXNF0DWWN6MBY,CUST55130224,2026-02-15 20:15:08,829.06,4,Food & Beverages,Gourmet Food
TXN5ZU2ZUEUGW,CUST55130224,2026-02-18 20:15:08,2056.91,5,Clothing,Kurta
TXNS1SAXT8JH3,CUST55130224,2026-02-08 20:15:08,1307.82,5,Office Supplies,Furniture
TXNVOB5APO4LJ,CUST55130224,2026-02-09 20:15:08,1022.47,1,Automotive,Car Accessories
TXNKG1F8YC8GZ,CUST55130224,2026-02-16 20:15:08,1377.2,3,Home & Garden,Bedding
TXNF6J76BIVIS,CUST55130224,2026-02-09 20:15:08,1250.52,5,Toys & Games,Video Games
TXN8YIT2KODWH,CUST75400895,2025-12-31 20:15:08,698.64,2,Automotive,Cleaning Supplies
TXN2TP6QAQ3K8,CUST75400895,2026-01-17 20:15:08,886.1,1,Home & Garden,Furniture
TXNV4NMWVSB0U,CUST75400895,2026-01-13 20:15:08,918.28,3,Books,Fiction
TXNHS258W9ZJX,CUST13878822,2025-08-31 20:15:08,587.16,3,Health & Beauty,Supplements
TXN8L6E7VAAGU,CUST13878822,2025-08-29 20:15:08,577.67,4,Food & Beverages,Organic Products
TXNSGG0YVGV0E,CUST16888728,2025-10-19 20:15:08,1367.25,5,Office Supplies,Desk Accessories
TXNGY9YTJUQ7X,CUST16888728,2025-12-20 20:15:08,461.11,1,Books,Educational
TXNJYQN15IKPQ,CUST16888728,2025-11-27 20:15:08,812.83,1,Health & Beauty,Personal Care
TXNCUA09PCIFL,CUST16888728,2025-09-27 20:15:08,2101.3,1,Toys & Games,Board Games
TXN3VWMJDIMBM,CUST16888728,2025-12-09 20:15:08,2225.62,2,Health & Beauty,Skincare
TXNPDQE97N6Y2,CUST16888728,2026-01-09 20:15:08,1378.88,1,Office Supplies,Furniture
TXNVPDCB4OWO5,CUST16888728,2025-08-23 20:15:08,1747.97,5,Books,Fiction
TXNQPWDXYASVD,CUST16888728,2025-12-03 20:15:08,1629.36,1,Health & Beauty,Ayurveda
TXN2GUWJP0QI2,CUST16888728,2025-08-26 20:15:08,2866.67,1,Office Supplies,Desk Accessories
TXNP81L51FLMN,CUST16888728,2025-10-27 20:15:08,1990.74,1,Office Supplies,Printer
TXNCS44PHH62M,CUST16888728,2026-01-06 20:15:08,1433.03,4,Home & Garden,Mixer
TXNY4UMKLD56R,CUST16888728,2025-12-06 20:15:08,1063.03,1,Office Supplies,Desk Accessories
TXNWI08L0HG9N,CUST16888728,2025-10-06 20:15:08,772.03,1,Food & Beverages,Gourmet Food
TXNEKGV1BBHG5,CUST16888728,2025-08-16 20:15:08,1581.18,2,Automotive,Cleaning Supplies
TXNGA46AYN2D7,CUST16888728,2025-12-28 20:15:08,1152.08,3,Sports & Outdoors,Bicycle
TXN3X79955CF7,CUST16888728,2025-10-09 20:15:08,854.38,2,Toys & Games,Action Figures
TXNYLPW71V4KF,CUST16888728,2025-12-23 20:15:08,1201.16,2,Health & Beauty,Skincare
TXN5485HCQXCS,CUST16888728,2026-01-17 20:15:08,1006.69,5,Books,Educational
TXNQLNZZRJO7V,CUST16888728,2025-12-14 20:15:08,2244.48,1,Automotive,Tools
TXNQIHPNF4JD1,CUST16888728,2025-10-04 20:15:08,1884.37,3,Sports & Outdoors,Bicycle
TXNIBSMQPNRJA,CUST16888728,2025-12-19 20:15:08,1486.65,4,Toys & Games,Action Figures
TXNMC4SX27DCB,CUST16888728,2025-10-15 20:15:08,2151.85,2,Clothing,Dress
TXNJ014GVE4ZT,CUST16888728,2025-09-28 20:15:08,1524.8,3,Toys & Games,Board Games
TXN32OOUXQS1F,CUST16888728,2025-10-24 20:15:08,1105.17,4,Books,Non-Fiction
TXNRS210Q2LG1,CUST16888728,2025-10-06 20:15:08,2171.15,4,Sports & Outdoors,Camping Gear
TXN4BF5L0RXMI,CUST16888728,2025-11-29 20:15:08,1731.14,4,Food & Beverages,Organic Products
TXNLA27F8LWVV,CUST16888728,2025-12-24 20:15:08,1026.5,4,Books,Comics
TXNCNRL8XKGYG,CUST16888728,2025-09-30 20:15:08,1405.12,5,Health & Beauty,Personal Care
TXNH6NHKSQNAL,CUST16888728,2025-08-15 20:15:08,1098.76,4,Home & Garden,Bedding
TXNEP0O6H5L3X,CUST16888728,2025-09-18 20:15:08,872.01,2,Clothing,Shoes
TXN3S65QU0K5Q,CUST23512670,2025-11-29 20:15:08,2062.88,3,Office Supplies,Furniture
TXNOGWPNXZDZB,CUST23512670,2025-12-26 20:15:08,2539.06,2,Home & Garden,Kitchen Appliances
TXNK6Z0HR9T9C,CUST23512670,2026-01-29 20:15:08,937.0,1,Automotive,Helmet
TXNOFHBAWYQMO,CUST23512670,2026-01-15 20:15:08,1886.97,2,Toys & Games,Video Games
TXNJZEYQQCXZP,CUST23512670,2025-10-13 20:15:08,1299.22,4,Electronics,Speaker
TXNGADKTOC1YF,CUST23512670,2025-11-13 20:15:08,1378.41,3,Home & Garden,Decor
TXN6TPBWSXXDY,CUST23512670,2025-11-05 20:15:08,1327.43,4,Electronics,Laptop
TXNBNHI6HABA3,CUST23512670,2025-12-24 20:15:08,1195.9,1,Electronics,Smartphone
TXN23GGODLUGH,CUST23512670,2026-01-29 20:15:08,1637.83,5,Clothing,Jacket
TXNIDLAXAHHXK,CUST23512670,2025-12-02 20:15:08,1211.9,5,Clothing,Dress
TXN5O1R9Z27UJ,CUST23512670,2025-10-14 20:15:08,1745.31,1,Clothing,Shoes
TXNY9YLW5L4RM,CUST23512670,2025-11-19 20:15:08,1590.0,5,Health & Beauty,Ayurveda
TXNS0SZAA1EIP,CUST23512670,2025-12-05 20:15:08,1498.61,2,Health & Beauty,Ayurveda
TXNERHNXI09P5,CUST23512670,2025-10-19 20:15:08,1174.8,2,Electronics,Tablet
TXNCGWFHDV37I,CUST67167189,2026-01-21 20:15:08,384.88,1,Food & Beverages,Organic Products
TXNLZIGIKQWJ2,CUST67167189,2026-01-26 20:15:08,570.89,1,Food & Beverages,Gourmet Food
TXNGPS0132AN4,CUST67167189,2026-01-24 20:15:08,535.36,3,Health & Beauty,Ayurveda
TXNLKURLZH6A5,CUST91582636,2025-11-10 20:15:08,449.47,3,Food & Beverages,Organic Products
TXN78NRXVOB7N,CUST91582636,2025-11-11 20:15:08,654.94,5,Health & Beauty,Makeup
TXN811MZWNCNP,CUST91582636,2025-10-29 20:15:08,779.35,2,Health & Beauty,Makeup
TXN7NZBXFV7FI,CUST91582636,2025-11-16 20:15:08,317.47,5,Electronics,Smart Watch
TXNEDZNZ9C65F,CUST91582636,2025-10-27 20:15:08,739.66,4,Electronics,Tablet
TXN8XNLO50DW1,CUST91582636,2025-11-05 20:15:08,509.56,3,Automotive,Tools
TXNG8Q3GCG1J6,CUST70263545,2025-06-07 20:15:08,613.32,4,Food & Beverages,Organic Products
TXNDWCDECBIR1,CUST70263545,2026-01-12 20:15:08,403.77,1,Office Supplies,Stationery
TXNX2BH2NS8JR,CUST70263545,2025-07-12 20:15:08,240.13,3,Electronics,Camera
TXNN6937XNCML,CUST70263545,2025-10-03 20:15:08,267.99,1,Toys & Games,Board Games
TXN05EV5KZ3NW,CUST70263545,2025-10-17 20:15:08,531.23,4,Health & Beauty,Ayurveda
TXNAW7LW580YI,CUST70263545,2025-09-25 20:15:08,564.48,4,Sports & Outdoors,Bicycle
TXNM77RXZDNVZ,CUST70263545,2026-01-05 20:15:08,381.61,5,Clothing,Shoes
TXNE2KYT5GQEX,CUST70263545,2025-11-11 20:15:08,624.01,2,Electronics,Smartphone
TXN1XDPZF761H,CUST70263545,2025-06-14 20:15:08,262.65,3,Home & Garden,Mixer
TXNX7WR2LIU7C,CUST70263545,2025-10-27 20:15:08,513.3,3,Clothing,Jacket
TXNUELN0LVGNP,CUST85441094,2025-07-15 20:15:08,450.96,3,Clothing,Kurta
TXNSVHOTQF74R,CUST85441094,2025-11-17 20:15:08,569.78,4,Home & Garden,Decor
TXNFX2ZVL9E9Z,CUST85441094,2025-10-28 20:15:08,718.36,4,Books,Textbook
TXNRZN9L3H03Z,CUST85441094,2025-12-26 20:15:08,525.46,1,Sports & Outdoors,Camping Gear
TXN0K36FAOPRM,CUST85441094,2026-01-02 20:15:08,626.57,4,Food & Beverages,Organic Products
TXN0K7ZTDL25B,CUST85441094,2025-06-15 20:15:08,922.11,3,Automotive,Parts
TXN2HXN4D24N9,CUST54489366,2025-05-05 20:15:08,53.69,2,Sports & Outdoors,Fitness Equipment
TXNXV8WOBIRY8,CUST61100452,2026-02-16 20:15:08,644.81,4,Automotive,Car Accessories
TXNJXNECRYSAU,CUST61100452,2026-02-22 20:15:08,340.83,5,Health & Beauty,Personal Care
TXN2GRXPUDC62,CUST61100452,2026-02-19 20:15:08,597.5,2,Clothing,Jacket
TXNUT3RSVZ2E1,CUST61100452,2026-02-15 20:15:08,738.52,1,Health & Beauty,Makeup
TXNT2EEHFU4B9,CUST61100452,2026-02-17 20:15:08,133.28,5,Electronics,Tablet
TXNG9XIB86KTF,CUST61100452,2026-02-20 20:15:08,392.31,4,Automotive,Cleaning Supplies
TXNTHD3IGK38V,CUST61100452,2026-02-20 20:15:08,604.81,2,Office Supplies,Printer
TXNEWCJN6OCJP,CUST61100452,2026-02-20 20:15:08,484.15,2,Books,Magazines
TXNWJWXZUXSF3,CUST61100452,2026-02-18 20:15:08,572.96,3,Clothing,Kurta
TXNAVCEDTCXNM,CUST61100452,2026-02-21 20:15:08,422.14,3,Health & Beauty,Makeup
TXNAN8ND7G0L3,CUST61100452,2026-02-18 20:15:08,528.95,4,Books,Fiction
TXN5TV6G8OM08,CUST61100452,2026-02-20 20:15:08,491.48,5,Office Supplies,Printer
TXNK8SZ7IWDL1,CUST17880840,2025-09-24 20:15:08,418.42,1,Automotive,Car Accessories
TXN8FC0TR58PS,CUST17880840,2025-08-05 20:15:08,333.51,2,Sports & Outdoors,Bicycle
TXNYYTEAG3APT,CUST17880840,2025-09-28 20:15:08,341.25,3,Automotive,Tools
TXNYBQG716GNE,CUST17880840,2025-10-29 20:15:08,271.58,3,Automotive,Car Accessories
TXNNNE6IT1EKK,CUST17880840,2025-09-19 20:15:08,264.54,2,Food & Beverages,Snacks
TXNAPHT6O6A1J,CUST73989238,2025-10-03 20:15:08,356.65,4,Toys & Games,Video Games
TXNN6TJ9XPF0A,CUST73989238,2025-09-29 20:15:08,458.33,2,Books,Fiction
TXN889ERRYE12,CUST74614936,2025-05-22 20:15:08,120.68,4,Sports & Outdoors,Yoga Mat
TXNS1IYM90PKR,CUST12030342,2026-02-04 20:15:08,1360.03,4,Toys & Games,Action Figures
TXNGKEJZXPR2D,CUST12030342,2026-02-04 20:15:08,2030.31,5,Automotive,Helmet
TXN9VWIEB97PW,CUST12030342,2026-02-05 20:15:08,1578.26,1,Sports & Outdoors,Fitness Equipment
TXNSZ9HPCPBDN,CUST12030342,2026-02-12 20:15:08,1128.87,3,Health & Beauty,Personal Care
TXN6GAXLKKVPJ,CUST12030342,2026-02-07 20:15:08,1702.16,4,Toys & Games,Puzzles
TXNEYY1EM30VV,CUST12030342,2026-02-10 20:15:08,1098.07,2,Books,Textbook
TXNGQD7WKR1TF,CUST50992964,2026-01-19 20:15:08,172.69,2,Sports & Outdoors,Camping Gear
TXNZ614UMNWEP,CUST50992964,2025-11-20 20:15:08,310.02,4,Automotive,Parts
TXN2GJ8K8C9G3,CUST50992964,2025-12-17 20:15:08,195.0,4,Automotive,Helmet
TXNF1N2OJGFHZ,CUST50992964,2025-12-14 20:15:08,397.56,5,Clothing,Jacket
TXNJ4KJEITKX7,CUST50992964,2025-12-11 20:15:08,446.88,3,Automotive,Tools
TXNXI3TAMVNCZ,CUST50992964,2025-10-13 20:15:08,667.94,5,Electronics,Tablet
TXN6K9WAM0KJA,CUST50992964,2025-09-08 20:15:08,488.01,5,Health & Beauty,Skincare
TXN5WT3HJU31F,CUST50992964,2025-11-10 20:15:08,415.21,2,Books,Textbook
TXNFRRQ3GU7GK,CUST50992964,2025-11-24 20:15:08,555.01,3,Toys & Games,Action Figures
TXNYGFPQXO0E1,CUST50992964,2025-09-19 20:15:08,149.62,1,Health & Beauty,Ayurveda
TXNNDA37E1J7V,CUST50992964,2025-08-30 20:15:08,475.84,1,Health & Beauty,Skincare
TXN4DF163LRIT,CUST50992964,2025-12-21 20:15:08,547.2,3,Toys & Games,LEGO
TXN3DKS4F6APF,CUST50992964,2025-09-05 20:15:08,247.29,3,Electronics,Smartphone
TXNR9I8KCMM7D,CUST50992964,2025-11-11 20:15:08,596.92,1,Clothing,Shoes
TXNFYK3MD6X73,CUST33260830,2025-10-23 20:15:08,1031.69,1,Health & Beauty,Skincare
TXN2FFQ293EP0,CUST33260830,2026-01-18 20:15:08,819.89,2,Home & Garden,Furniture
TXNGNLPYO2M2X,CUST33260830,2025-11-10 20:15:08,1114.37,2,Home & Garden,Bedding
TXNRTT3NUPUY0,CUST33260830,2025-11-22 20:15:08,1574.58,1,Automotive,Tools
TXNH4NRED6M42,CUST33260830,2025-11-15 20:15:08,987.68,2,Electronics,Tablet
TXN4T7PHI0EZF,CUST33260830,2025-11-27 20:15:08,1006.32,1,Home & Garden,Mixer
TXNBDURVFFFIA,CUST33260830,2025-11-23 20:15:08,807.51,4,Toys & Games,Action Figures
TXNQFS8Q0PXAE,CUST33260830,2026-01-05 20:15:08,697.79,1,Home & Garden,Mixer
TXN1SA3Y5T37S,CUST33260830,2025-10-04 20:15:08,1169.88,2,Office Supplies,Furniture
TXN9S9EHWHG0U,CUST33260830,2025-10-20 20:15:08,696.04,1,Books,Textbook
TXNLX3F2XHDCV,CUST33260830,2025-11-28 20:15:08,956.68,3,Food & Beverages,Snacks
TXNA6GH7IDUB9,CUST92763666,2025-11-14 20:15:08,813.77,4,Office Supplies,Stationery
TXNDL918SLOME,CUST92763666,2025-10-03 20:15:08,1086.37,1,Toys & Games,Puzzles
TXND3FVNV4KFQ,CUST92763666,2026-01-03 20:15:08,1044.96,1,Automotive,Tools
TXN1F8S0X7M2M,CUST92763666,2025-11-15 20:15:08,1245.54,3,Home & Garden,Tools
TXN61NHVCFWR2,CUST92763666,2026-01-09 20:15:08,804.54,2,Electronics,Speaker
TXN526RQGKCUM,CUST92763666,2025-12-09 20:15:08,872.98,1,Automotive,Tools
TXN991P778RNK,CUST92763666,2026-01-16 20:15:08,670.97,4,Books,Magazines
TXNA4KFOCNQDQ,CUST98799837,2026-01-06 20:15:08,195.53,5,Automotive,Parts
TXNGD8OPOCMVH,CUST98799837,2026-01-04 20:15:08,251.14,4,Clothing,T-Shirt
TXNBFQXLBVN7N,CUST98799837,2026-01-07 20:15:08,276.84,4,Food & Beverages,Organic Products
TXNHA1PJGFJC5,CUST98799837,2026-01-06 20:15:08,163.19,4,Electronics,Speaker
TXNH6GB6P8KH7,CUST98799837,2026-01-09 20:15:08,284.46,4,Automotive,Parts
TXN8P6U3U6H0U,CUST98799837,2026-01-11 20:15:08,317.36,2,Home & Garden,Kitchen Appliances
TXNA67RL2YJ09,CUST98799837,2026-01-13 20:15:08,253.59,2,Toys & Games,Video Games
TXNVHHGY8NNKL,CUST08934193,2026-01-14 20:15:08,1257.01,1,Home & Garden,Mixer
TXNOM3P9M7QNT,CUST08934193,2025-11-04 20:15:08,617.52,2,Food & Beverages,Masala
TXNKXYWZ76DD4,CUST08934193,2025-10-19 20:15:08,503.92,1,Health & Beauty,Skincare
TXND0WTWS3Y4H,CUST08934193,2025-12-04 20:15:08,375.07,4,Health & Beauty,Ayurveda
TXNHQE86O3Z0A,CUST08934193,2025-10-05 20:15:08,1165.15,3,Clothing,Kurta
TXNK5J42OI6OA,CUST08934193,2025-08-26 20:15:08,962.09,2,Automotive,Cleaning Supplies
TXNLGUPUOWOB7,CUST08934193,2025-11-09 20:15:08,790.8,4,Office Supplies,Desk Accessories
TXN9G6SPD2SW2,CUST08934193,2025-12-09 20:15:08,871.76,3,Health & Beauty,Ayurveda
TXNA1FWT9UA09,CUST46794714,2025-11-03 20:15:08,360.66,3,Health & Beauty,Makeup
TXNKTI221XJ7W,CUST46794714,2025-11-30 20:15:08,944.04,5,Sports & Outdoors,Fitness Equipment
TXN7EFJGC46HD,CUST46794714,2025-11-14 20:15:08,565.62,1,Food & Beverages,Organic Products
TXN8CYNL63GAG,CUST46794714,2025-11-09 20:15:08,562.39,5,Food & Beverages,Masala
TXNEMM9VASJEV,CUST46794714,2026-02-17 20:15:08,663.07,5,Electronics,Laptop
TXN1HN6BEDYEJ,CUST46794714,2026-01-05 20:15:08,623.09,2,Automotive,Car Accessories
TXNXQ3P87JH4Z,CUST46794714,2025-12-14 20:15:08,581.09,4,Automotive,Car Accessories
TXNL28R5P03WV,CUST46794714,2026-01-13 20:15:08,415.39,4,Office Supplies,Desk Accessories
TXNNWCGBSVK3X,CUST46794714,2026-01-11 20:15:08,621.53,5,Toys & Games,Puzzles
TXNE3PGIHNFLA,CUST46794714,2025-12-20 20:15:08,851.95,1,Electronics,Smart Watch
TXN9PEGLNUKX4,CUST26539546,2025-08-08 20:15:08,322.55,1,Electronics,Headphones
TXN4O67BXCD20,CUST26539546,2025-07-12 20:15:08,339.63,3,Home & Garden,Kitchen Appliances
TXNOULWOZQ48E,CUST26539546,2025-09-10 20:15:08,194.55,3,Toys & Games,LEGO
TXN950ID033TA,CUST42344046,2025-12-28 20:15:08,251.3,1,Clothing,Dress
TXNBKJY2NZ7VE,CUST42344046,2025-12-16 20:15:08,343.91,3,Clothing,Kurta
TXN58OQESUX9L,CUST42344046,2025-12-29 20:15:08,363.38,4,Office Supplies,Desk Accessories
TXN1ZM4IX4ZCR,CUST42344046,2025-12-22 20:15:08,474.72,2,Books,Fiction
TXN3GDHVS41LQ,CUST42344046,2026-01-07 20:15:08,175.93,2,Food & Beverages,Masala
TXNHN95S2GKFL,CUST42344046,2025-12-24 20:15:08,521.4,5,Home & Garden,Mixer
TXNQDDAQJRTME,CUST42344046,2025-12-24 20:15:08,340.46,5,Home & Garden,Furniture
TXNHOPMPNBN7G,CUST42344046,2026-01-25 20:15:08,311.63,2,Health & Beauty,Personal Care
TXNE6UITJ5ZOO,CUST67879635,2025-10-05 20:15:08,423.88,2,Sports & Outdoors,Sportswear
TXNGHWZKAG6W0,CUST67879635,2025-10-29 20:15:08,306.5,2,Sports & Outdoors,Camping Gear
TXNFARMGJCY4V,CUST18375889,2025-11-01 20:15:08,374.07,4,Food & Beverages,Masala
TXN5RBAYKIS11,CUST18375889,2025-09-05 20:15:08,306.59,1,Food & Beverages,Gourmet Food
TXNE2U2MDA7FY,CUST51396359,2025-10-31 20:15:08,335.75,5,Office Supplies,Electronics
TXNXKK2ABKVBL,CUST51396359,2025-10-17 20:15:08,334.91,4,Automotive,Cleaning Supplies
TXNIYNO667VGP,CUST77541168,2025-12-07 20:15:08,336.76,3,Toys & Games,LEGO
TXNJOHKK7QG24,CUST77541168,2025-06-19 20:15:08,561.99,1,Sports & Outdoors,Camping Gear
TXNPPOAU8P1WK,CUST88272914,2025-10-08 20:15:08,357.74,2,Toys & Games,LEGO
TXNETUK1OOA35,CUST88272914,2025-10-14 20:15:08,213.01,4,Toys & Games,Board Games
TXNJ9DV3UY5EV,CUST88272914,2025-08-20 20:15:08,359.36,5,Electronics,Smart Watch
TXNSU8E6XFWZ7,CUST88272914,2025-08-16 20:15:08,356.21,4,Sports & Outdoors,Yoga Mat
TXNCF5SIDASO7,CUST88272914,2025-09-04 20:15:08,74.07,3,Clothing,Jacket
TXN34T3Y4WPWG,CUST88272914,2025-10-10 20:15:08,381.64,2,Home & Garden,Decor
TXNHRKDVNJN2Q,CUST88272914,2025-10-14 20:15:08,361.08,4,Automotive,Tools
TXNKX6WB68Q0J,CUST00529309,2025-10-28 20:15:08,967.47,2,Office Supplies,Electronics
TXNH6SSGFXUQ4,CUST00529309,2025-12-30 20:15:08,1244.24,2,Automotive,Cleaning Supplies
TXN7C4R8VGZSX,CUST00529309,2026-02-04 20:15:08,1070.8,3,Books,Non-Fiction
TXNVUV3CB0IXR,CUST00529309,2026-01-24 20:15:08,735.76,4,Toys & Games,Puzzles
TXN930I6G61PC,CUST00529309,2026-02-01 20:15:08,534.65,5,Sports & Outdoors,Sportswear
TXN4C1V47LZN9,CUST00529309,2025-11-10 20:15:08,1418.17,5,Electronics,Camera
TXNJPKHF33GUW,CUST00529309,2025-11-21 20:15:08,814.53,1,Sports & Outdoors,Camping Gear
TXN6MOTCG06XR,CUST00529309,2025-10-31 20:15:08,803.66,2,Home & Garden,Tools
TXNSM642PW5UE,CUST00529309,2026-02-09 20:15:08,794.52,5,Food & Beverages,Gourmet Food
TXNRBTA3K3OM5,CUST00529309,2025-11-08 20:15:08,847.88,2,Clothing,Dress
TXNU47SOCZDQ7,CUST00529309,2025-11-05 20:15:08,765.66,3,Automotive,Car Accessories
TXNPH5CH3L16C,CUST00529309,2025-10-31 20:15:08,662.58,4,Toys & Games,Board Games
TXN6Z1B98VWCT,CUST00529309,2026-02-07 20:15:08,669.02,2,Office Supplies,Electronics
TXNDRIMR25I7A,CUST00529309,2026-01-27 20:15:08,792.45,2,Electronics,Camera
TXNY0TB1ZPPEP,CUST00529309,2026-01-12 20:15:08,669.84,5,Health & Beauty,Supplements
TXNM7IDAO13TB,CUST00529309,2025-12-11 20:15:08,629.17,1,Sports & Outdoors,Camping Gear
TXNCEGBMXIKVR,CUST00529309,2026-02-08 20:15:08,825.87,1,Electronics,Smart Watch
TXNJTR0M6HZ72,CUST00529309,2025-11-05 20:15:08,739.1,3,Clothing,Kurta
TXNSJZSB6ZWKH,CUST00529309,2026-01-18 20:15:08,1161.42,2,Sports & Outdoors,Yoga Mat
TXN0HN3F9ZXQE,CUST00529309,2025-11-25 20:15:08,163.83,4,Books,Fiction
TXNVK8C4NANPI,CUST00529309,2025-11-30 20:15:08,1062.38,4,Books,Non-Fiction
TXNTXB1761M3J,CUST00529309,2026-01-19 20:15:08,1099.49,5,Health & Beauty,Makeup
TXNM3PP00CDNZ,CUST00529309,2026-01-31 20:15:08,302.51,3,Electronics,Speaker
TXNPZ1J8Q9I6K,CUST00529309,2026-01-03 20:15:08,718.04,3,Food & Beverages,Snacks
TXNALX44PAABM,CUST72126608,2025-10-15 20:15:08,1247.76,5,Office Supplies,Desk Accessories
TXNUC6T8PJ2JR,CUST72126608,2025-11-24 20:15:08,811.29,2,Electronics,Smart Watch
TXN5XIXGSPLTI,CUST72126608,2025-09-25 20:15:08,1076.57,3,Home & Garden,Kitchen Appliances
TXNTBIDSECHU3,CUST72126608,2025-08-16 20:15:08,936.38,4,Toys & Games,Board Games
TXN5FL2MOXQ9W,CUST72126608,2026-01-23 20:15:08,2142.42,2,Health & Beauty,Supplements
TXN76AV3S2SUM,CUST72126608,2025-08-23 20:15:08,1798.41,2,Books,Comics
TXNXF1X889U9W,CUST72126608,2026-01-08 20:15:08,1939.91,4,Electronics,Camera
TXN2VXSLHU6L2,CUST72126608,2025-09-12 20:15:08,1708.26,3,Automotive,Tools
TXN0EI05NMS6X,CUST72126608,2025-12-06 20:15:08,928.6,5,Toys & Games,Action Figures
TXNI397I6YXV2,CUST72126608,2025-12-04 20:15:08,1183.27,3,Health & Beauty,Supplements
TXNOSFR5HGQGP,CUST72126608,2025-09-11 20:15:08,1610.4,5,Clothing,Accessories
TXNEBPY9E576M,CUST72126608,2025-12-10 20:15:08,889.39,4,Clothing,Accessories
TXNZE66VW9B0M,CUST72126608,2026-01-01 20:15:08,1704.6,4,Sports & Outdoors,Bicycle
TXN0P1Z00V3SF,CUST72126608,2026-01-20 20:15:08,1303.0,1,Food & Beverages,Masala
TXNYQLG0K1IRB,CUST72126608,2026-01-10 20:15:08,1246.34,5,Toys & Games,LEGO
TXN4PLLGF309H,CUST72126608,2026-01-07 20:15:08,1703.74,5,Automotive,Cleaning Supplies
TXNLMFKRIG7JV,CUST72126608,2026-01-06 20:15:08,1591.39,1,Office Supplies,Desk Accessories
TXNFH41A68T2A,CUST72126608,2026-01-29 20:15:08,1252.17,1,Books,Educational
TXNPPJ590EMC2,CUST80337302,2025-11-30 20:15:08,636.58,1,Clothing,Dress
TXNMQ0YCY6BDZ,CUST80337302,2025-07-10 20:15:08,319.13,5,Automotive,Cleaning Supplies
TXNX5BWAEN7YJ,CUST80337302,2025-07-18 20:15:08,559.58,2,Automotive,Parts
TXN0KH5840ACU,CUST80337302,2025-12-25 20:15:08,556.35,2,Home & Garden,Mixer
TXNPJNVWRXGKI,CUST80337302,2025-07-15 20:15:08,428.45,3,Electronics,Smart Watch
TXN2OMRDE51K8,CUST80337302,2025-10-02 20:15:08,518.52,3,Food & Beverages,Beverages
TXNEQLEZZ1R2R,CUST80337302,2025-11-16 20:15:08,295.04,4,Health & Beauty,Makeup
TXNJH4OULYO3P,CUST80337302,2025-06-07 20:15:08,603.24,3,Books,Fiction
TXNOUFHW8WLVA,CUST05817466,2025-12-13 20:15:08,312.99,1,Food & Beverages,Organic Products
TXN61TXSNHFT4,CUST05817466,2025-11-29 20:15:08,279.4,2,Toys & Games,Puzzles
TXN6LH07BA7DO,CUST05817466,2026-01-14 20:15:08,435.65,4,Home & Garden,Furniture
TXNKI1IJE2XE0,CUST05817466,2025-12-04 20:15:08,261.35,3,Books,Fiction
TXNSZ0A0T7DVO,CUST05817466,2025-11-28 20:15:08,191.35,5,Clothing,Kurta
TXNP0KQD8UNPI,CUST05817466,2025-12-13 20:15:08,176.62,4,Toys & Games,LEGO
TXNKZSN9081ZQ,CUST05817466,2025-12-11 20:15:08,391.61,5,Food & Beverages,Snacks
TXNXL39DG5RIF,CUST27833384,2025-09-15 20:15:08,288.38,5,Clothing,Kurta
TXN0UI1JLMFLU,CUST27833384,2025-09-09 20:15:08,714.76,4,Automotive,Car Accessories
TXN12TLXLZS49,CUST27833384,2025-08-27 20:15:08,175.79,1,Sports & Outdoors,Fitness Equipment
TXN0FP8BPG2R0,CUST78313878,2025-07-07 20:15:08,641.92,5,Automotive,Parts
TXNKPK7YSWNXF,CUST78313878,2025-09-06 20:15:08,452.34,5,Electronics,Smart Watch
TXNJQ77Z4ES3A,CUST95870685,2026-01-27 20:15:08,1400.54,4,Office Supplies,Desk Accessories
TXNC9LGYTLCQF,CUST95870685,2026-01-15 20:15:08,1206.6,3,Food & Beverages,Masala
TXNW7J35VLWOJ,CUST95870685,2026-01-18 20:15:08,1615.11,5,Toys & Games,Action Figures
TXNF0KJD2V1L1,CUST95870685,2026-01-13 20:15:08,1426.11,5,Office Supplies,Printer
TXNYRG29D2FF5,CUST95870685,2026-01-19 20:15:08,1919.81,3,Office Supplies,Stationery
TXNSPXLSEUNNR,CUST95870685,2026-01-12 20:15:08,1491.82,3,Home & Garden,Tools
TXNCVHFWJFPPZ,CUST95870685,2026-01-21 20:15:08,1507.43,3,Automotive,Car Accessories
TXNXG541MPW57,CUST95870685,2026-01-28 20:15:08,1285.05,2,Health & Beauty,Personal Care
TXN79HMHVL66S,CUST95870685,2026-01-22 20:15:08,1417.75,1,Home & Garden,Tools
TXNXXO9ZJCUBZ,CUST95870685,2026-01-19 20:15:08,1575.59,4,Electronics,Camera
TXNRR513BB6F0,CUST95870685,2026-01-31 20:15:08,702.37,2,Food & Beverages,Snacks
TXNCWCDT9GWA4,CUST95870685,2026-01-24 20:15:08,859.01,3,Clothing,Accessories
TXNZNAXOYCG1F,CUST95870685,2026-01-16 20:15:08,1764.02,3,Office Supplies,Stationery
TXNBVYOW47LUE,CUST95870685,2026-01-16 20:15:08,1516.33,4,Food & Beverages,Masala
TXNV812HNC0I4,CUST63869167,2026-01-31 20:15:08,490.35,2,Toys & Games,Action Figures
TXNNKKUO4JH9J,CUST63869167,2026-02-04 20:15:08,521.87,4,Electronics,Tablet
TXNMN1S3YG8VF,CUST63869167,2026-01-28 20:15:08,573.12,5,Food & Beverages,Beverages
TXNM32HZS32D1,CUST63869167,2026-02-17 20:15:08,434.96,3,Health & Beauty,Makeup
TXNBEXGFVNNVB,CUST63869167,2026-02-09 20:15:08,397.82,1,Books,Textbook
TXNFRM6GMFT1P,CUST63869167,2026-02-06 20:15:08,549.49,5,Electronics,Headphones
TXNROB7I77DPJ,CUST90159177,2025-10-18 20:15:08,244.55,5,Toys & Games,Video Games
TXNFFKVZS8UFX,CUST90159177,2025-10-17 20:15:08,388.55,1,Electronics,Laptop
TXN2QFAF5KCIH,CUST90159177,2025-09-11 20:15:08,169.35,1,Home & Garden,Mixer
TXNY4NRMQYZ6Y,CUST90159177,2025-09-03 20:15:08,453.03,4,Home & Garden,Mixer
TXNNL7OLKY5VT,CUST90159177,2025-09-03 20:15:08,395.23,3,Clothing,Jacket
TXNHV1NM3V16X,CUST90159177,2025-10-17 20:15:08,372.74,2,Electronics,Headphones
TXNHPMXPKN3B8,CUST90159177,2025-08-27 20:15:08,448.2,4,Electronics,Smartphone
TXNY4QCYD52AL,CUST90159177,2025-08-23 20:15:08,519.11,5,Health & Beauty,Ayurveda
TXNKJWV2QNRMT,CUST10179899,2025-08-25 20:15:08,269.93,3,Electronics,Laptop
TXN9TNYFM7VH3,CUST10179899,2025-10-10 20:15:08,92.66,4,Home & Garden,Bedding
TXNKERN6YJMK3,CUST10179899,2025-07-08 20:15:08,127.51,5,Food & Beverages,Gourmet Food
TXNMALWVMB0ID,CUST10179899,2025-07-24 20:15:08,168.16,1,Books,Non-Fiction
TXNWPJ8YI340S,CUST10179899,2025-10-03 20:15:08,208.57,4,Home & Garden,Furniture
TXNR1P02JYV6Y,CUST43183933,2026-01-12 20:15:08,781.25,3,Office Supplies,Stationery
TXNAOEJV9LHAL,CUST43183933,2026-01-13 20:15:08,529.0,1,Sports & Outdoors,Yoga Mat
TXN3VWLO7AMMP,CUST43183933,2026-01-12 20:15:08,714.12,4,Office Supplies,Furniture
TXNZYJB48WUMH,CUST43183933,2026-01-11 20:15:08,522.99,5,Automotive,Cleaning Supplies
TXN1QQFVWUO11,CUST43183933,2026-01-12 20:15:08,552.18,3,Books,Magazines
TXN9NTN8EOHDK,CUST43183933,2026-01-15 20:15:08,390.86,2,Food & Beverages,Organic Products
TXNMH6K1WXYWW,CUST43183933,2026-01-14 20:15:08,488.94,5,Health & Beauty,Ayurveda
TXNIO1K7F5OA3,CUST43183933,2026-01-14 20:15:08,402.02,4,Health & Beauty,Makeup
TXNSCUOAVFWY8,CUST04864584,2026-02-11 20:15:08,737.4,1,Office Supplies,Printer
TXNT54FN5G77L,CUST04864584,2026-02-13 20:15:08,1372.23,3,Health & Beauty,Skincare
TXNUQYPIGQX24,CUST04864584,2026-01-04 20:15:08,745.68,2,Sports & Outdoors,Camping Gear
TXNABY595CPJZ,CUST04864584,2026-02-01 20:15:08,1866.05,1,Clothing,Accessories
TXNZP3C330BO7,CUST04864584,2026-02-10 20:15:08,1196.96,4,Automotive,Parts
TXNA5UZLZUKZY,CUST97216398,2025-12-20 20:15:08,693.21,2,Books,Textbook
TXNV4JI4UFANS,CUST97216398,2025-12-08 20:15:08,487.66,5,Home & Garden,Bedding
TXNG6A8MLIK22,CUST98419369,2025-09-23 20:15:08,914.41,2,Food & Beverages,Gourmet Food
TXNUWA03260NB,CUST98419369,2025-09-16 20:15:08,625.16,1,Food & Beverages,Gourmet Food
TXNJ84TC2QSI2,CUST98419369,2025-09-18 20:15:08,783.31,2,Clothing,Accessories
TXNIZG9JJ0076,CUST98419369,2025-10-25 20:15:08,1336.01,2,Sports & Outdoors,Yoga Mat
TXNHI1RD5B2CR,CUST98419369,2025-07-28 20:15:08,733.87,4,Electronics,Laptop
TXNDVVKAP6ZPX,CUST98419369,2025-09-10 20:15:08,1016.18,5,Sports & Outdoors,Yoga Mat
TXN9JOJWLRKXJ,CUST98419369,2025-11-21 20:15:08,596.24,5,Food & Beverages,Beverages
TXNYSWE1GA6SR,CUST98419369,2025-08-07 20:15:08,747.72,2,Books,Fiction
TXNK1QY7HYLGO,CUST11421775,2026-01-15 20:15:08,1861.1,2,Automotive,Tools
TXN89X22J7Q4K,CUST11421775,2025-12-27 20:15:08,986.81,2,Toys & Games,Puzzles
TXN3LLU1A7BOX,CUST11421775,2026-01-18 20:15:08,1876.29,2,Toys & Games,Video Games
TXN3HXJ3APNU0,CUST11421775,2026-01-11 20:15:08,1473.49,2,Electronics,Camera
TXN4DILRZQ8BX,CUST11421775,2026-02-09 20:15:08,1010.33,4,Food & Beverages,Beverages
TXNVCCMTPKQ5C,CUST11421775,2026-01-11 20:15:08,1446.02,4,Office Supplies,Desk Accessories
TXN6Q5GQQLYZJ,CUST51846748,2026-01-29 20:15:08,3457.82,1,Toys & Games,Action Figures
TXNP323C9NU98,CUST51846748,2026-01-25 20:15:08,3176.15,3,Health & Beauty,Ayurveda
TXNUW0U92T24D,CUST51846748,2026-01-31 20:15:08,1415.85,4,Books,Magazines
TXN11PJQ50XCX,CUST51846748,2026-02-03 20:15:08,2092.89,3,Sports & Outdoors,Bicycle
TXN6OKWOALF4V,CUST51846748,2026-02-01 20:15:08,2478.04,3,Health & Beauty,Ayurveda
TXN1UM55F1HGA,CUST51846748,2026-01-31 20:15:08,2617.04,5,Sports & Outdoors,Fitness Equipment
TXNMC57XHF9I7,CUST51846748,2026-01-26 20:15:08,3175.24,3,Automotive,Car Accessories
TXNE8A54HBPH1,CUST51846748,2026-01-26 20:15:08,2819.52,5,Food & Beverages,Snacks
TXNSUSFH70M9O,CUST51846748,2026-01-25 20:15:08,1604.47,2,Home & Garden,Furniture
TXNRS8ANP8DML,CUST51846748,2026-02-01 20:15:08,2982.13,1,Toys & Games,Video Games
TXNIZX35A806B,CUST51846748,2026-02-03 20:15:08,3167.14,2,Books,Non-Fiction
TXNEFZ1C25XNO,CUST51846748,2026-02-02 20:15:08,3126.35,2,Electronics,Headphones
TXNN72BHON4WB,CUST55630202,2026-01-02 20:15:08,1931.21,1,Home & Garden,Kitchen Appliances
TXNB56BNVSFA6,CUST55630202,2025-09-24 20:15:08,1823.21,1,Food & Beverages,Organic Products
TXN8QO6P43AR6,CUST55630202,2025-09-29 20:15:08,1659.26,3,Clothing,Jeans
TXNNWZR04HHE7,CUST55630202,2025-11-01 20:15:08,1427.66,2,Automotive,Car Accessories
TXNZKWIJ0KZQV,CUST55630202,2025-12-25 20:15:08,731.68,5,Clothing,Shoes
TXNLNF0402W29,CUST55630202,2025-10-25 20:15:08,1646.32,1,Home & Garden,Decor
TXN4IOAR4G58O,CUST55630202,2025-12-11 20:15:08,1549.23,2,Electronics,Headphones
TXNTEK17M6J3R,CUST55630202,2025-12-09 20:15:08,1577.18,5,Books,Comics
TXNYMSCNX8EIQ,CUST55630202,2025-12-14 20:15:08,899.77,1,Clothing,T-Shirt
TXNEMQT788G35,CUST55630202,2025-11-30 20:15:08,985.39,5,Books,Non-Fiction
TXN1H0S2UTBTT,CUST55630202,2025-10-09 20:15:08,1919.12,5,Sports & Outdoors,Camping Gear
TXNDFWW41F7V4,CUST55630202,2025-11-07 20:15:08,1441.05,3,Home & Garden,Furniture
TXNOSPRLZKCZY,CUST55630202,2025-11-11 20:15:08,1756.52,2,Books,Textbook
TXNHFJLWSS1VI,CUST95578289,2025-12-18 20:15:08,451.97,4,Home & Garden,Kitchen Appliances
TXN0QC96MJ9N6,CUST95578289,2025-08-22 20:15:08,452.17,1,Automotive,Parts
TXNGZ5RKSD085,CUST95578289,2025-11-08 20:15:08,574.32,2,Office Supplies,Furniture
TXNCD1406XLYJ,CUST95578289,2025-11-09 20:15:08,378.78,3,Health & Beauty,Skincare
TXNZRVHPJ93RV,CUST95578289,2025-07-25 20:15:08,461.09,5,Clothing,Jacket
TXN5YBD4XDD8I,CUST95578289,2025-12-24 20:15:08,386.01,5,Automotive,Helmet
TXNZBXPQ5BO20,CUST95578289,2025-11-06 20:15:08,389.75,4,Health & Beauty,Skincare
TXNGWLKOBQ6MY,CUST95578289,2025-09-15 20:15:08,406.6,3,Office Supplies,Desk Accessories
TXN2LZW1FU5X0,CUST95578289,2025-09-30 20:15:08,478.03,3,Food & Beverages,Beverages
TXNMW04I3DZXL,CUST95578289,2025-11-26 20:15:08,383.8,4,Clothing,Accessories
TXNH4RMPNFGAG,CUST95578289,2025-09-07 20:15:08,617.0,3,Health & Beauty,Ayurveda
TXNO7D835KUC9,CUST17779673,2025-10-29 20:15:08,210.31,4,Toys & Games,Board Games
TXNF9AIZH5P3F,CUST17779673,2025-10-19 20:15:08,271.34,3,Automotive,Tools
TXNRPU9GGSOU6,CUST17779673,2025-10-12 20:15:08,249.54,4,Office Supplies,Electronics
TXNPN7ITCYL3Z,CUST17779673,2025-10-23 20:15:08,412.24,5,Books,Magazines
TXNRZCM8JJ6AV,CUST54075256,2025-10-21 20:15:08,588.03,4,Toys & Games,Action Figures
TXNXLZKI2SO19,CUST54075256,2026-01-16 20:15:08,727.18,5,Sports & Outdoors,Sportswear
TXNB1V1CCOFH9,CUST54075256,2025-10-08 20:15:08,307.81,2,Office Supplies,Desk Accessories
TXN0LDOZY2NR4,CUST54075256,2025-10-14 20:15:08,599.77,2,Food & Beverages,Snacks
TXNGPJDJHMXCQ,CUST54075256,2025-12-25 20:15:08,703.49,1,Toys & Games,LEGO
TXN5CUYDA9ALL,CUST54075256,2025-12-11 20:15:08,569.0,5,Electronics,Camera
TXN8GWGHM56VU,CUST54075256,2026-01-10 20:15:08,732.78,4,Clothing,Accessories
TXNF3BBT873LK,CUST54075256,2025-11-21 20:15:08,469.11,3,Automotive,Tools
TXNRV9777TNQE,CUST54075256,2025-11-18 20:15:08,790.07,5,Clothing,T-Shirt
TXNNI3GOM6736,CUST54075256,2026-01-01 20:15:08,938.25,5,Sports & Outdoors,Fitness Equipment
TXN6UZS1XKE1K,CUST54075256,2025-10-30 20:15:08,494.84,4,Toys & Games,Video Games
TXNCADUVL911Z,CUST54075256,2026-01-26 20:15:08,481.07,5,Health & Beauty,Skincare
TXNLV6TX0TBKG,CUST54075256,2025-11-24 20:15:08,797.4,5,Clothing,T-Shirt
TXNSGNZ6D86ZC,CUST54075256,2026-01-26 20:15:08,818.42,2,Automotive,Parts
TXNXA7HY7AI33,CUST54075256,2025-11-28 20:15:08,468.19,2,Office Supplies,Furniture
TXNYZ6L7X6OA3,CUST96043467,2025-08-07 20:15:08,1745.16,4,Health & Beauty,Supplements
TXNJAYB1EYCEF,CUST96043467,2025-07-03 20:15:08,1828.07,4,Food & Beverages,Snacks
TXNL7JY7OTKUD,CUST96043467,2025-06-29 20:15:08,1191.47,1,Automotive,Parts
TXNTRE9QDI3G1,CUST96043467,2025-07-09 20:15:08,1446.55,1,Clothing,Jeans
TXNN0P1XS910B,CUST96043467,2025-11-06 20:15:08,1395.33,1,Office Supplies,Desk Accessories
TXN7MHXOFKCGG,CUST96043467,2025-09-18 20:15:08,1536.92,4,Books,Fiction
TXN4VKFTLECSA,CUST96043467,2025-11-08 20:15:08,1976.1,2,Clothing,Accessories
TXNB6YAACNU41,CUST96043467,2025-09-08 20:15:08,2137.19,1,Toys & Games,LEGO
TXNA3RUNYN6IR,CUST96043467,2026-01-01 20:15:08,2925.73,3,Clothing,Dress
TXN7FTMFWG895,CUST96043467,2025-11-15 20:15:08,1398.8,3,Food & Beverages,Snacks
TXNFQZTIO4M7P,CUST96043467,2025-11-04 20:15:08,2586.55,4,Books,Comics
TXN8QMXETIZU8,CUST96043467,2025-11-14 20:15:08,1868.69,5,Food & Beverages,Gourmet Food
TXN52NLOQTQ68,CUST96043467,2025-11-20 20:15:08,1967.25,5,Automotive,Parts
TXNHTFNSGPYNY,CUST96043467,2025-04-23 20:15:08,2401.14,3,Sports & Outdoors,Yoga Mat
TXNDA5B4L6HFH,CUST48379370,2025-06-06 20:15:08,376.29,1,Clothing,Dress
TXN6QMGK2F5FE,CUST48379370,2025-09-26 20:15:08,632.49,5,Office Supplies,Furniture
TXNTQ9Y69XFQ1,CUST48379370,2025-07-08 20:15:08,595.73,2,Automotive,Parts
TXNR1V9NPUQAR,CUST48379370,2025-12-16 20:15:08,651.22,5,Health & Beauty,Supplements
TXN5CEKOF92Y8,CUST48379370,2025-10-08 20:15:08,616.62,3,Clothing,Dress
TXNV2A6PG4GKS,CUST48379370,2025-05-30 20:15:08,985.33,1,Toys & Games,Video Games
TXNBILQPB01QC,CUST48379370,2025-09-28 20:15:08,458.84,5,Home & Garden,Furniture
TXNAUKHQNZJNN,CUST48379370,2025-06-23 20:15:08,477.01,5,Office Supplies,Furniture
TXNGKCQY2656A,CUST94660677,2025-08-21 20:15:08,227.17,2,Automotive,Car Accessories
TXNGCUIDC00M6,CUST94660677,2025-08-17 20:15:08,232.84,1,Clothing,Jeans
TXN2DEZH0CD8A,CUST94660677,2025-10-11 20:15:08,225.98,2,Toys & Games,Action Figures
TXNNWG3ZRZQ0V,CUST94660677,2025-06-28 20:15:08,379.07,1,Clothing,Jacket
TXN5UGE1G41IO,CUST33094710,2026-01-29 20:15:08,564.0,5,Home & Garden,Kitchen Appliances
TXNSKP30TX8J1,CUST33094710,2026-02-09 20:15:08,327.76,1,Health & Beauty,Skincare
TXNM0W3C1ZA0D,CUST33094710,2026-01-23 20:15:08,296.72,5,Food & Beverages,Gourmet Food
TXNYCJ4Q0RR1L,CUST33094710,2026-02-12 20:15:08,451.4,2,Office Supplies,Desk Accessories
TXNBMQQ749Q6Q,CUST33094710,2026-02-08 20:15:08,329.95,2,Home & Garden,Mixer
TXN8HARJHRF34,CUST64103838,2025-11-24 20:15:08,548.09,3,Office Supplies,Desk Accessories
TXNVRP4RXMD8Z,CUST64103838,2025-11-26 20:15:08,488.67,5,Food & Beverages,Gourmet Food
TXNR8WMLWWVTM,CUST39239926,2025-12-10 20:15:08,780.84,3,Health & Beauty,Makeup
TXN8CQPHLI5L6,CUST39239926,2025-12-20 20:15:08,2096.82,4,Office Supplies,Electronics
TXNULGELW8IVI,CUST39239926,2026-01-01 20:15:08,2203.52,2,Toys & Games,Video Games
TXN6L5NFLTQ68,CUST39239926,2026-01-02 20:15:08,1168.75,3,Food & Beverages,Snacks
TXN12JF4CIWL3,CUST39239926,2025-12-25 20:15:08,1265.45,4,Health & Beauty,Ayurveda
TXN8RL5H3G7VK,CUST39239926,2025-12-06 20:15:08,1554.81,1,Books,Textbook
TXN2K2P3AJFAX,CUST39239926,2025-12-09 20:15:08,1575.69,4,Automotive,Car Accessories
TXN19QNFPL7QH,CUST39239926,2025-12-20 20:15:08,1714.92,5,Food & Beverages,Organic Products
TXNVLABLRF3NA,CUST39239926,2025-12-15 20:15:08,2295.59,4,Home & Garden,Mixer
TXNGW1XL1BS0Z,CUST39239926,2025-12-17 20:15:08,1355.99,4,Health & Beauty,Skincare
TXNFS7I19MO1R,CUST39239926,2025-12-01 20:15:08,1089.06,5,Home & Garden,Furniture
TXNXOF33QE6JI,CUST39239926,2025-12-30 20:15:08,839.45,5,Health & Beauty,Skincare
TXNRB188ELNWO,CUST39239926,2025-11-30 20:15:08,1118.0,5,Sports & Outdoors,Sportswear
TXNUN6FHT60KU,CUST45559840,2025-11-20 20:15:08,1937.4,5,Clothing,Jacket
TXN1JH6OXQQ8Y,CUST45559840,2025-08-15 20:15:08,3010.35,4,Sports & Outdoors,Camping Gear
TXNB205HU03Y5,CUST45559840,2025-08-28 20:15:08,1652.98,3,Clothing,Dress
TXNXI64HAA34H,CUST45559840,2026-01-18 20:15:08,2088.22,4,Electronics,Smart Watch
TXN9VFRUK94IW,CUST45559840,2025-11-09 20:15:08,1947.21,1,Food & Beverages,Snacks
TXN87KNUFBHGP,CUST45559840,2025-06-20 20:15:08,2654.5,3,Electronics,Laptop
TXNXKBEFQ796E,CUST45559840,2025-10-16 20:15:08,3440.29,1,Health & Beauty,Personal Care
TXNE0Q5ZJAUCY,CUST45559840,2025-08-23 20:15:08,1645.2,2,Electronics,Laptop
TXNBR3O9UBC1K,CUST45559840,2025-12-15 20:15:08,1669.52,3,Health & Beauty,Personal Care
TXNAJ5IQAX54P,CUST45559840,2025-09-06 20:15:08,2569.83,4,Books,Non-Fiction
TXNNVQRFXNTF0,CUST45559840,2025-06-19 20:15:08,2357.16,3,Books,Comics
TXNOQMK31RTMP,CUST45559840,2025-08-23 20:15:08,3040.97,5,Office Supplies,Electronics
TXN7XQTY6M79F,CUST45559840,2025-08-04 20:15:08,2299.65,3,Toys & Games,LEGO
TXNF3HYCPESBD,CUST45559840,2025-08-15 20:15:08,1745.92,1,Office Supplies,Electronics
TXNY2RL4N7S3H,CUST45559840,2025-08-18 20:15:08,2303.59,3,Sports & Outdoors,Bicycle
TXNXQ46GA2SDF,CUST45559840,2025-07-19 20:15:08,2607.72,1,Sports & Outdoors,Sportswear
TXNKHW8GAKH3Y,CUST45559840,2025-09-26 20:15:08,2438.52,1,Health & Beauty,Supplements
TXNZKNHPVRWBR,CUST76360963,2025-09-02 20:15:08,522.11,1,Electronics,Headphones
TXNBZ5NTDYWM8,CUST76360963,2025-08-11 20:15:08,598.16,4,Toys & Games,Board Games
TXNTC0Z7Q0I9B,CUST02756234,2025-12-27 20:15:08,885.35,3,Books,Magazines
TXNWDYVYBSCGJ,CUST02756234,2025-12-24 20:15:08,927.2,5,Sports & Outdoors,Bicycle
TXNJESGQ4BVPY,CUST02756234,2026-01-04 20:15:08,782.98,1,Electronics,Smartphone
TXNIN0XGNKI5V,CUST02756234,2025-12-28 20:15:08,622.57,4,Food & Beverages,Beverages
TXNDF08UPNZAS,CUST02756234,2025-12-23 20:15:08,684.28,3,Clothing,Accessories
TXN5XRSI7EADG,CUST44633818,2026-01-05 20:15:08,617.45,2,Books,Comics
TXNNJC2GOUIFE,CUST44633818,2026-01-10 20:15:08,342.25,4,Automotive,Car Accessories
TXNSASJTK3LIR,CUST44633818,2026-01-07 20:15:08,503.49,2,Electronics,Smartphone
TXNRHGTW4CY4F,CUST44633818,2026-01-10 20:15:08,399.86,1,Food & Beverages,Organic Products
TXNUI14NIJCP5,CUST44633818,2026-01-09 20:15:08,457.26,4,Clothing,T-Shirt
TXNOV50EW25X1,CUST44633818,2026-01-06 20:15:08,627.23,2,Toys & Games,Action Figures
TXNK1PBCD6FXN,CUST44633818,2026-01-09 20:15:08,479.34,4,Automotive,Cleaning Supplies
TXNV74QR14VUY,CUST11592416,2025-10-11 20:15:08,803.04,5,Automotive,Helmet
TXNMY9TWCW75V,CUST11592416,2025-09-30 20:15:08,468.9,2,Food & Beverages,Gourmet Food
TXNUML3SOJPX1,CUST11592416,2025-10-12 20:15:08,969.32,2,Sports & Outdoors,Sportswear
TXNZTHQSE0KIV,CUST11592416,2025-10-04 20:15:08,945.38,3,Toys & Games,Action Figures
TXNIRJUTFVJ83,CUST11592416,2025-10-23 20:15:08,1306.0,4,Toys & Games,Board Games
TXN3JR7T3SPJ9,CUST11592416,2025-09-26 20:15:08,718.88,4,Sports & Outdoors,Yoga Mat
TXNPLFE19BCDT,CUST11592416,2025-09-28 20:15:08,844.08,2,Food & Beverages,Snacks
TXNBXCE9ZKIHV,CUST11592416,2025-10-19 20:15:08,851.26,3,Sports & Outdoors,Yoga Mat
TXN1G8NTAFUW9,CUST53727801,2025-08-08 20:15:08,428.74,4,Toys & Games,Board Games
TXN4HQFGHDILU,CUST53727801,2025-06-07 20:15:08,282.7,5,Sports & Outdoors,Bicycle
TXNI4OPF541A1,CUST53727801,2025-07-22 20:15:08,315.38,2,Sports & Outdoors,Bicycle
TXNW4VNZVZN2H,CUST42856565,2025-10-11 20:15:08,479.3,3,Automotive,Cleaning Supplies
TXNIKIVQA7IZQ,CUST42856565,2025-09-17 20:15:08,428.07,1,Books,Comics
TXNMAPQPPMJ6J,CUST42856565,2025-10-30 20:15:08,351.08,2,Toys & Games,Action Figures
TXNXV349N1D6D,CUST42856565,2025-08-01 20:15:08,428.98,5,Office Supplies,Stationery
TXNSJFFP5GOFC,CUST42856565,2025-08-09 20:15:08,535.94,1,Clothing,Shoes
TXNX287GT76I3,CUST42856565,2025-06-19 20:15:08,280.54,2,Office Supplies,Printer
TXN10F7IA41SA,CUST55445991,2025-12-23 20:15:08,319.49,5,Automotive,Car Accessories
TXNGQ4IVN2QQZ,CUST55445991,2025-12-14 20:15:08,242.71,2,Home & Garden,Decor
TXN9EKTR1T05Q,CUST55445991,2025-10-30 20:15:08,417.39,5,Clothing,Dress
TXNSOSR2HVNKV,CUST55445991,2025-12-15 20:15:08,166.84,4,Books,Comics
TXNNLHAPWF520,CUST55445991,2025-12-12 20:15:08,255.72,3,Books,Comics
TXNAIPRQQ5QOB,CUST55445991,2025-11-25 20:15:08,342.01,2,Home & Garden,Mixer
TXNNM655CK3TB,CUST55445991,2025-11-06 20:15:08,451.54,4,Books,Fiction
TXNG7F9FZJAHS,CUST55445991,2025-12-09 20:15:08,301.18,1,Toys & Games,Video Games
TXN25PU9H9FB0,CUST26161926,2025-10-30 20:15:08,821.97,1,Health & Beauty,Makeup
TXN7RCQ6W948J,CUST26161926,2025-12-04 20:15:08,1542.81,5,Home & Garden,Tools
TXNWLFYZSKV6I,CUST26161926,2026-01-27 20:15:08,557.81,1,Toys & Games,Video Games
TXNLSR0O8K5DF,CUST26161926,2025-12-06 20:15:08,335.67,2,Books,Non-Fiction
TXNQFDTN0PLCF,CUST26161926,2026-01-26 20:15:08,1116.42,4,Sports & Outdoors,Fitness Equipment
TXN7COPO9MNLR,CUST26161926,2026-01-13 20:15:08,837.69,4,Toys & Games,Video Games
TXNO4KVFFLNCC,CUST26161926,2025-12-20 20:15:08,684.08,1,Sports & Outdoors,Camping Gear
TXNRD83X9AGE9,CUST26161926,2025-12-14 20:15:08,1195.82,3,Health & Beauty,Supplements
TXNDFLD9CBA72,CUST26161926,2025-12-30 20:15:08,1058.37,4,Office Supplies,Furniture
TXNVWS3KCVJXZ,CUST26161926,2025-10-19 20:15:08,819.34,1,Books,Comics
TXNYB4XZ3MSKZ,CUST26161926,2025-12-22 20:15:08,607.43,4,Sports & Outdoors,Bicycle
TXN24XHQZBC5F,CUST26161926,2026-01-17 20:15:08,1244.37,4,Sports & Outdoors,Camping Gear
TXNKLLIRO7YY0,CUST26161926,2025-10-25 20:15:08,1178.61,3,Clothing,Accessories
TXNXNOMB42O3Q,CUST26161926,2025-11-01 20:15:08,956.89,4,Food & Beverages,Gourmet Food
TXNP1WZ2NAR3S,CUST55720894,2025-11-03 20:15:08,1592.38,2,Home & Garden,Decor
TXNJOTV7H10B8,CUST55720894,2025-12-07 20:15:08,695.75,5,Automotive,Helmet
TXN9QKAV8C3PQ,CUST55720894,2025-11-26 20:15:08,555.74,5,Automotive,Helmet
TXN4IJ643YUOA,CUST55720894,2025-11-11 20:15:08,812.01,2,Toys & Games,Board Games
TXNIABC2T67A5,CUST55720894,2025-11-08 20:15:08,1010.69,3,Food & Beverages,Masala
TXN9HXKEI9ULT,CUST55720894,2025-09-26 20:15:08,1099.51,2,Food & Beverages,Snacks
TXNLIRD70GKJF,CUST55720894,2025-12-31 20:15:08,950.55,4,Clothing,Jeans
TXND7LTTC954A,CUST55720894,2025-10-24 20:15:08,1132.93,2,Toys & Games,Board Games
TXNEQE12QEYKC,CUST55720894,2025-11-21 20:15:08,639.97,1,Home & Garden,Kitchen Appliances
TXN3TJA622DCF,CUST55720894,2025-10-28 20:15:08,1468.54,2,Health & Beauty,Ayurveda
TXNR7WB42P31O,CUST55720894,2026-01-27 20:15:08,999.45,2,Sports & Outdoors,Camping Gear
TXN0C9IX6R1NX,CUST55720894,2026-01-14 20:15:08,1368.18,2,Office Supplies,Stationery
TXNGUAXNM0ALQ,CUST55720894,2025-09-22 20:15:08,1130.06,2,Food & Beverages,Snacks
TXNAKGDESVDE9,CUST03591899,2025-09-22 20:15:08,437.79,3,Electronics,Tablet
TXNUUCBL116CZ,CUST03591899,2025-04-30 20:15:08,450.84,5,Home & Garden,Mixer
TXNXDO7L5DL0E,CUST03591899,2025-07-28 20:15:08,436.75,1,Automotive,Helmet
TXN6B3ODF76IM,CUST03591899,2025-02-28 20:15:08,459.27,2,Clothing,Accessories
TXNQ0E03YIOY5,CUST03591899,2025-04-20 20:15:08,538.56,5,Electronics,Speaker
TXNKE9OUJW6ZJ,CUST04238890,2025-07-20 20:15:08,484.83,5,Automotive,Parts
TXNOGJEGXEYEB,CUST04238890,2025-06-01 20:15:08,555.22,2,Clothing,Accessories
TXN8UXZ3ADHF0,CUST52409709,2025-11-24 20:15:08,2150.67,1,Books,Educational
TXNNSJX4FOGX8,CUST52409709,2025-12-08 20:15:08,3165.04,2,Health & Beauty,Personal Care
TXNPJPF240SHD,CUST52409709,2025-12-29 20:15:08,1761.69,3,Books,Non-Fiction
TXNG1R1CQKIH5,CUST52409709,2025-12-03 20:15:08,3404.29,4,Books,Comics
TXNRPE2XN9TXF,CUST52409709,2025-12-01 20:15:08,2183.54,3,Home & Garden,Mixer
TXNJD5SLOC8D6,CUST52409709,2025-12-14 20:15:08,1261.49,3,Automotive,Tools
TXN4U77W9A8LY,CUST52409709,2026-02-01 20:15:08,2295.11,5,Automotive,Parts
TXNAGDL1J2VWY,CUST52409709,2026-01-08 20:15:08,1758.6,5,Toys & Games,LEGO
TXNDQHIBMQIMI,CUST52409709,2026-01-08 20:15:08,2767.56,5,Toys & Games,Board Games
TXND6I5HO9CY9,CUST52409709,2026-01-24 20:15:08,1777.45,4,Clothing,Accessories
TXN0HDJ7O9X66,CUST52409709,2025-11-14 20:15:08,1914.33,1,Sports & Outdoors,Sportswear
TXNE22TW1BYTX,CUST52409709,2025-11-27 20:15:08,957.31,1,Office Supplies,Furniture
TXNAZ71UF09UY,CUST83429171,2025-12-22 20:15:08,863.84,2,Books,Non-Fiction
TXN00HHEQXIEE,CUST83429171,2025-12-09 20:15:08,272.69,2,Sports & Outdoors,Sportswear
TXN4PY4FNGBG4,CUST83429171,2025-12-24 20:15:08,524.54,4,Books,Fiction
TXNHFDI3JSTY8,CUST83429171,2025-12-06 20:15:08,1227.46,5,Home & Garden,Tools
TXNF9TU8PV2KJ,CUST83429171,2025-12-14 20:15:08,1235.07,2,Food & Beverages,Snacks
TXNK1QDU2EB0T,CUST83429171,2025-12-10 20:15:08,1127.02,1,Health & Beauty,Ayurveda
TXN6U0ESTIE6S,CUST83429171,2025-12-19 20:15:08,709.52,5,Health & Beauty,Ayurveda
TXNTDSDJT3BR4,CUST83429171,2025-12-06 20:15:08,985.15,2,Sports & Outdoors,Camping Gear
TXNSWCZT0LFJ4,CUST83429171,2025-12-26 20:15:08,998.37,1,Clothing,T-Shirt
TXN21Y50DF0WC,CUST83429171,2025-12-28 20:15:08,652.14,2,Electronics,Headphones
TXN2TN20VZ9LY,CUST83429171,2025-12-07 20:15:08,1450.23,5,Food & Beverages,Gourmet Food
TXNJD3VURR6CG,CUST83429171,2025-12-28 20:15:08,1262.52,3,Books,Magazines
TXNLQSQBBX5NW,CUST83429171,2025-12-23 20:15:08,933.2,1,Electronics,Tablet
TXNN32NBZWBHO,CUST48108918,2026-02-02 20:15:08,921.39,5,Electronics,Camera
TXNM91284SEC2,CUST48108918,2026-02-03 20:15:08,971.16,1,Office Supplies,Furniture
TXNEUTAWJ4G8R,CUST48108918,2026-02-02 20:15:08,354.16,2,Automotive,Helmet
TXNZGXOIYFOY0,CUST48108918,2026-02-01 20:15:08,846.24,5,Health & Beauty,Ayurveda
TXNOFIPZN0THL,CUST48108918,2026-02-05 20:15:08,727.02,3,Books,Fiction
TXN3K9OM115BO,CUST48108918,2026-02-03 20:15:08,639.37,2,Electronics,Smart Watch
TXNMYK86ADNOK,CUST48108918,2026-02-05 20:15:08,836.94,3,Toys & Games,LEGO
TXNS710NUSG9L,CUST48108918,2026-02-04 20:15:08,1406.96,2,Automotive,Parts
TXNYMKX9KHH83,CUST48108918,2026-02-04 20:15:08,1089.74,2,Electronics,Speaker
TXN33DZQQ5EB9,CUST59091680,2025-11-13 20:15:08,322.38,2,Sports & Outdoors,Yoga Mat
TXNREX9BOBCD1,CUST59091680,2025-10-05 20:15:08,455.87,5,Sports & Outdoors,Bicycle
TXND842ZSA6HA,CUST59091680,2025-11-04 20:15:08,552.37,1,Health & Beauty,Ayurveda
TXN2EEV7INRZJ,CUST59091680,2025-10-07 20:15:08,496.96,3,Toys & Games,LEGO
TXN75YOVM5CV3,CUST59091680,2025-10-09 20:15:08,396.0,5,Health & Beauty,Ayurveda
TXNTIOR4V1OG0,CUST59091680,2025-10-30 20:15:08,313.54,2,Clothing,Shoes
TXNSO03W2MROP,CUST95037473,2025-11-29 20:15:08,1372.14,1,Home & Garden,Tools
TXN0P4775B5NO,CUST95037473,2025-11-04 20:15:08,1268.42,5,Clothing,T-Shirt
TXNFQL0DGH6M3,CUST95037473,2025-10-26 20:15:08,1439.18,5,Health & Beauty,Ayurveda
TXNUR4PU6W93K,CUST95037473,2025-11-15 20:15:08,1350.68,1,Health & Beauty,Skincare
TXN6ATQGKRYT6,CUST95037473,2025-11-22 20:15:08,1491.72,2,Books,Comics
TXNDNYA3S9UCK,CUST05082843,2026-02-03 20:15:08,1773.58,5,Electronics,Smartphone
TXN9UF1ZWW1UN,CUST05082843,2026-02-03 20:15:08,2947.87,3,Food & Beverages,Masala
TXN6KTNN8ILDA,CUST05082843,2026-02-06 20:15:08,2238.09,5,Clothing,Dress
TXN6D43I21PU8,CUST05082843,2026-02-04 20:15:08,3428.25,1,Home & Garden,Bedding
TXNROE19BP0L7,CUST05082843,2026-02-03 20:15:08,1676.0,2,Automotive,Helmet
TXNYVNI8E6149,CUST05082843,2026-02-04 20:15:08,3213.18,1,Toys & Games,Puzzles
TXN96UPB22O1T,CUST05082843,2026-02-06 20:15:08,2238.29,2,Clothing,Jacket
TXN2NNOC3ARPY,CUST05082843,2026-02-05 20:15:08,1699.94,2,Clothing,Kurta
TXNLM7E41OFV1,CUST05082843,2026-02-04 20:15:08,1806.13,5,Automotive,Cleaning Supplies
TXN3F1AYSV6O9,CUST05082843,2026-02-03 20:15:08,1909.79,1,Electronics,Speaker
TXNHCGW33A8NC,CUST05082843,2026-02-06 20:15:08,2381.7,3,Automotive,Car Accessories
TXNC0BOGWHUPO,CUST05082843,2026-02-05 20:15:08,2444.24,2,Office Supplies,Stationery
TXNWJ6PVOC750,CUST05082843,2026-02-05 20:15:08,1749.2,4,Sports & Outdoors,Camping Gear
TXNA20RWRNBFZ,CUST05082843,2026-02-04 20:15:08,2097.4,5,Toys & Games,Board Games
TXNOSTCHHI78L,CUST05082843,2026-02-05 20:15:08,3470.72,2,Electronics,Smartphone
TXNDTCA46FDVA,CUST05082843,2026-02-05 20:15:08,3207.85,1,Health & Beauty,Makeup
TXN39LQT9NGQ6,CUST05082843,2026-02-06 20:15:08,2389.4,5,Sports & Outdoors,Sportswear
TXNFOS9DJ9IHJ,CUST25777959,2025-09-01 20:15:08,232.13,1,Electronics,Headphones
TXNDFQ2YGGAFD,CUST25777959,2025-11-15 20:15:08,237.78,4,Automotive,Helmet
TXNWJ7PUM32YP,CUST25777959,2025-06-21 20:15:08,271.75,4,Clothing,Kurta
TXNIEST9OMUQ0,CUST25777959,2025-07-16 20:15:08,159.09,4,Automotive,Helmet
TXNY9QZO7IO2F,CUST25777959,2025-10-25 20:15:08,211.79,1,Health & Beauty,Supplements
TXNTD4GWLF9YX,CUST25777959,2025-03-21 20:15:08,114.62,1,Health & Beauty,Supplements
TXNFCX7CULOQV,CUST58690795,2025-09-21 20:15:08,853.53,1,Office Supplies,Printer
TXNPVKTAF6BLB,CUST58690795,2025-07-13 20:15:08,910.23,5,Sports & Outdoors,Camping Gear
TXNZJ8XKV4VTC,CUST58690795,2025-10-05 20:15:08,651.74,1,Office Supplies,Electronics
TXNWS81BXD7IT,CUST58690795,2025-08-22 20:15:08,1122.16,4,Food & Beverages,Organic Products
TXNT8G7QNCWZX,CUST58690795,2025-10-28 20:15:08,481.94,4,Sports & Outdoors,Bicycle
TXNZF4LUR02TY,CUST05978893,2026-01-17 20:15:08,554.81,1,Food & Beverages,Organic Products
TXNY2NZ5X51O0,CUST05978893,2026-01-21 20:15:08,1056.14,3,Home & Garden,Mixer
TXNBYG6G04JGS,CUST05978893,2026-01-15 20:15:08,1300.35,4,Office Supplies,Printer
TXNF3WGI8Y042,CUST05978893,2026-01-13 20:15:08,1489.39,2,Sports & Outdoors,Camping Gear
TXN7MFCYLTM9R,CUST05978893,2026-01-18 20:15:08,853.29,3,Office Supplies,Furniture
TXNG8HZMVYD47,CUST05978893,2026-01-06 20:15:08,1309.72,1,Office Supplies,Printer
TXNNAXS88UALR,CUST05978893,2026-01-23 20:15:08,978.08,3,Health & Beauty,Supplements
TXNGWEYSU7ERR,CUST05978893,2026-01-08 20:15:08,938.27,1,Electronics,Smartphone
TXNUJB4HLLQLL,CUST05978893,2026-01-17 20:15:08,1251.83,1,Toys & Games,Action Figures
TXNN53R4SIP4B,CUST05978893,2026-01-24 20:15:08,1183.16,5,Home & Garden,Kitchen Appliances
TXNZXD82BMQW8,CUST05978893,2026-01-28 20:15:08,521.55,1,Home & Garden,Mixer
TXNRC0ERJE4S4,CUST05978893,2026-01-19 20:15:08,1427.83,3,Automotive,Parts
TXN7U61O85VO1,CUST05978893,2026-01-06 20:15:08,1399.2,5,Home & Garden,Bedding
TXN5EZS96KW0P,CUST05978893,2026-01-09 20:15:08,803.81,3,Books,Educational
TXNA7ABFLXV5C,CUST68372107,2025-11-17 20:15:08,834.91,2,Toys & Games,Action Figures
TXN5CAMBHWTGD,CUST68372107,2025-06-10 20:15:08,856.9,3,Toys & Games,Puzzles
TXNWNWZF8Y7P6,CUST68372107,2026-01-03 20:15:08,804.65,4,Automotive,Cleaning Supplies
TXN0E49Z7K8CH,CUST68372107,2025-11-09 20:15:08,623.09,2,Home & Garden,Mixer
TXNGCHF4AKDNA,CUST68372107,2025-06-05 20:15:08,595.92,1,Home & Garden,Tools
TXNJFZQAFQSDQ,CUST68372107,2025-08-15 20:15:08,740.57,2,Health & Beauty,Supplements
TXN57LWS1YQ6T,CUST76842202,2025-04-15 20:15:08,83.64,1,Home & Garden,Bedding
TXNGQHPZHUUG4,CUST41483387,2026-01-22 20:15:08,2670.11,1,Food & Beverages,Gourmet Food
TXNF86HOGDPL4,CUST41483387,2025-05-30 20:15:08,2040.47,1,Home & Garden,Mixer
TXNTF6LN824TL,CUST41483387,2025-07-31 20:15:08,2827.2,3,Sports & Outdoors,Sportswear
TXNRX05H3K7UJ,CUST41483387,2025-09-27 20:15:08,333.88,3,Clothing,Shoes
TXNZE6V4UAUPF,CUST41483387,2025-11-08 20:15:08,3086.9,3,Office Supplies,Desk Accessories
TXNQSRER6LUU6,CUST41483387,2026-02-02 20:15:08,1097.55,2,Office Supplies,Desk Accessories
TXN31D2O25TG5,CUST41483387,2025-05-13 20:15:08,2046.1,3,Electronics,Speaker
TXNV75SSUMH0Z,CUST41483387,2025-12-06 20:15:08,1524.59,3,Food & Beverages,Masala
TXNIT72723BA9,CUST41483387,2025-08-27 20:15:08,1404.05,2,Home & Garden,Bedding
TXN34UDC4FH06,CUST41483387,2026-01-22 20:15:08,3095.2,1,Clothing,T-Shirt
TXNG770XDHJ5S,CUST41483387,2025-05-13 20:15:08,1973.61,1,Office Supplies,Printer
TXNU9CYRVEOW0,CUST41483387,2025-06-06 20:15:08,2534.37,1,Electronics,Smartphone
TXN578O1FE1YE,CUST41483387,2025-05-17 20:15:08,2263.41,4,Clothing,Jacket
TXN6BWBEM0TPI,CUST41483387,2025-04-20 20:15:08,2624.27,5,Home & Garden,Mixer
TXNKGNHAGXXKS,CUST41483387,2025-06-15 20:15:08,2348.63,2,Electronics,Speaker
TXN74ULEVNA3G,CUST98746640,2026-01-31 20:15:08,1357.9,3,Home & Garden,Kitchen Appliances
TXN30A7ZUM2V3,CUST98746640,2026-01-27 20:15:08,2867.41,1,Clothing,Jeans
TXNFG7TTN1E4J,CUST98746640,2026-01-29 20:15:08,1880.6,1,Clothing,Accessories
TXNFRBEWRUKFW,CUST98746640,2026-01-19 20:15:08,1176.71,4,Electronics,Smart Watch
TXNPVOE4T8DL8,CUST98746640,2026-01-17 20:15:08,1924.07,2,Health & Beauty,Skincare
TXNBCAN68U1QP,CUST98746640,2026-01-22 20:15:08,3201.53,3,Books,Magazines
TXNPY9NPGIRD4,CUST98746640,2026-01-17 20:15:08,2770.69,3,Toys & Games,Video Games
TXNDT12SBA62T,CUST98746640,2026-01-28 20:15:08,1976.7,1,Electronics,Headphones
TXN1DFSTS3YQF,CUST98746640,2026-01-27 20:15:08,1976.3,1,Books,Textbook
TXNZQHBQIQICB,CUST98746640,2026-01-18 20:15:08,1994.59,3,Toys & Games,Puzzles
TXNRHOEHAPM4Y,CUST98746640,2026-01-31 20:15:08,3583.0,4,Books,Comics
TXNJBEAHY5HO3,CUST98746640,2026-01-28 20:15:08,2460.55,4,Office Supplies,Electronics
TXNPFMCIE4ACJ,CUST98746640,2026-01-28 20:15:08,2492.41,4,Health & Beauty,Personal Care
TXN8WACEQRQ6B,CUST98746640,2026-01-18 20:15:08,2889.94,3,Books,Magazines
TXN1T3UZZZULY,CUST98746640,2026-01-22 20:15:08,2365.75,1,Automotive,Cleaning Supplies
TXNJVBVXVR62T,CUST98746640,2026-01-20 20:15:08,2036.05,4,Electronics,Smart Watch
TXNHVY3NUKOND,CUST98746640,2026-01-22 20:15:08,2077.57,2,Clothing,Jacket
TXNRUI31PHYSV,CUST98746640,2026-01-24 20:15:08,2160.18,3,Electronics,Camera
TXN9QAZ6FP9XA,CUST98746640,2026-02-02 20:15:08,2182.95,4,Clothing,T-Shirt
TXN3TGDBFXA2W,CUST98746640,2026-01-31 20:15:08,2689.5,1,Food & Beverages,Masala
TXNNZWSS9V66D,CUST98746640,2026-01-17 20:15:08,2242.01,4,Sports & Outdoors,Fitness Equipment
TXNW87S34876K,CUST98746640,2026-02-01 20:15:08,2692.82,2,Automotive,Tools
TXN85S0I99N7T,CUST98746640,2026-01-18 20:15:08,2154.15,1,Food & Beverages,Snacks
TXNBRRD44NDVD,CUST98746640,2026-01-23 20:15:08,2259.68,1,Automotive,Tools
TXNYV2VP6F0O7,CUST98746640,2026-01-31 20:15:08,884.23,4,Food & Beverages,Snacks
TXNVIE6DUEPRT,CUST98746640,2026-01-23 20:15:08,2814.47,2,Electronics,Smartphone
TXNY3TI0M2Q22,CUST98746640,2026-01-30 20:15:08,2437.08,4,Books,Non-Fiction
TXNMNF7UIWJTA,CUST23805559,2025-12-08 20:15:08,310.37,5,Automotive,Tools
TXNOZIBP9OF9S,CUST23805559,2025-12-23 20:15:08,31.32,5,Automotive,Helmet
TXNA3DC9E69IX,CUST23805559,2025-11-27 20:15:08,388.5,5,Health & Beauty,Makeup
TXNGI7LSO2Z6M,CUST33324876,2025-10-05 20:15:08,1114.93,3,Toys & Games,Puzzles
TXNJWPX5ZJ2O4,CUST33324876,2025-12-07 20:15:08,1550.52,4,Home & Garden,Mixer
TXN1EJT1WT805,CUST33324876,2025-12-05 20:15:08,800.63,4,Clothing,Kurta
TXNDCJS924W7W,CUST33324876,2025-12-14 20:15:08,1377.57,3,Home & Garden,Tools
TXNXW6ZUZTLSU,CUST33324876,2025-11-28 20:15:08,795.91,1,Office Supplies,Electronics
TXNJLXDW0YCYR,CUST33324876,2025-11-17 20:15:08,945.9,3,Office Supplies,Desk Accessories
TXNMCCYC3T13H,CUST33324876,2025-11-22 20:15:08,1831.84,3,Electronics,Smartphone
TXNDULVNAAXU3,CUST33324876,2025-11-26 20:15:08,1097.09,3,Home & Garden,Tools
TXNGKNN520UPR,CUST33324876,2025-12-18 20:15:08,1239.56,1,Books,Educational
TXNF37L5RPTBQ,CUST33324876,2025-11-29 20:15:08,1467.4,3,Books,Educational
TXN22BE4N2524,CUST33324876,2025-11-02 20:15:08,1336.7,2,Sports & Outdoors,Bicycle
TXNBOMVIBZYFG,CUST33324876,2025-11-17 20:15:08,1216.17,2,Books,Non-Fiction
TXNDGZDN9S8TS,CUST42337388,2025-12-21 20:15:08,730.36,4,Electronics,Laptop
TXNARSOZ9E5GV,CUST42337388,2025-11-02 20:15:08,1132.93,3,Automotive,Parts
TXNQ9OJF3C07B,CUST42337388,2025-11-03 20:15:08,646.91,5,Books,Educational
TXN05TQM3G98G,CUST94824612,2025-08-22 20:15:08,753.45,2,Office Supplies,Stationery
TXNS5N18BYPKN,CUST94824612,2025-12-08 20:15:08,934.55,4,Sports & Outdoors,Sportswear
TXN4CFG79KT10,CUST94824612,2025-05-11 20:15:08,946.25,4,Sports & Outdoors,Yoga Mat
TXNP11IKX0RB5,CUST94824612,2025-04-10 20:15:08,963.62,5,Food & Beverages,Masala
TXN36MAT2C283,CUST94824612,2025-09-08 20:15:08,846.74,3,Home & Garden,Kitchen Appliances
TXNBV2IZSFWI4,CUST94824612,2026-01-17 20:15:08,466.92,3,Sports & Outdoors,Fitness Equipment
TXNSZORK64MGJ,CUST94824612,2025-03-16 20:15:08,1058.79,3,Clothing,Dress
TXNBT35YRWQ2D,CUST94824612,2025-07-10 20:15:08,466.21,3,Health & Beauty,Makeup
TXNET8SJTNWU9,CUST94824612,2026-01-21 20:15:08,775.09,5,Office Supplies,Printer
TXNC9LUERJQEN,CUST94824612,2025-05-16 20:15:08,549.79,1,Office Supplies,Stationery
TXN0NJJ63XVFI,CUST94824612,2025-12-29 20:15:08,696.91,5,Automotive,Car Accessories
TXN9XRO37U9SS,CUST94824612,2025-05-14 20:15:08,780.66,1,Clothing,Accessories
TXNGACSQNBB4V,CUST00313439,2025-12-23 20:15:08,1402.81,5,Sports & Outdoors,Bicycle
TXNADKN2K7IT7,CUST00313439,2026-01-18 20:15:08,1441.41,2,Clothing,Accessories
TXNSBRP14XHL5,CUST00313439,2025-12-10 20:15:08,1898.86,5,Office Supplies,Electronics
TXNBH1A4OGN37,CUST00313439,2026-02-24 20:15:08,1453.54,5,Clothing,Jacket
TXNL6BP6OJC6O,CUST00313439,2026-01-25 20:15:08,1185.74,3,Clothing,Dress
TXN1QSA11PTKF,CUST18269772,2025-12-18 20:15:08,1652.19,5,Books,Textbook
TXNWFV2TTUSWE,CUST18269772,2025-12-15 20:15:08,1738.84,5,Office Supplies,Furniture
TXNNNVGQCQNYI,CUST18269772,2025-12-21 20:15:08,809.57,1,Clothing,T-Shirt
TXN51M4WU3GA9,CUST18269772,2025-10-20 20:15:08,1511.21,5,Health & Beauty,Skincare
TXN772NS8ERKD,CUST18269772,2025-12-16 20:15:08,1551.11,2,Toys & Games,Video Games
TXNV2DY4TKVV7,CUST18269772,2025-11-10 20:15:08,1167.13,4,Health & Beauty,Supplements
TXNF7MVQ356J0,CUST18269772,2025-10-26 20:15:08,1810.44,3,Home & Garden,Decor
TXNMKR4L2E4F4,CUST18269772,2025-10-17 20:15:08,1223.84,3,Automotive,Parts
TXNA0CO76O8QH,CUST18269772,2025-10-04 20:15:08,1329.81,2,Office Supplies,Electronics
TXNS7V55KCRX6,CUST18269772,2025-12-03 20:15:08,1214.99,5,Home & Garden,Decor
TXNZIEPO772NR,CUST18269772,2025-10-24 20:15:08,1287.52,1,Books,Educational
TXNDU9V45D3DG,CUST18269772,2025-12-14 20:15:08,860.06,1,Electronics,Smart Watch
TXNI32BUHBCPL,CUST18269772,2025-10-09 20:15:08,727.89,1,Toys & Games,Board Games
TXN63X5ULZZIX,CUST18269772,2025-12-04 20:15:08,1894.56,5,Books,Magazines
TXNEJ81O082SF,CUST23565099,2025-11-23 20:15:08,397.72,4,Toys & Games,Action Figures
TXNC60CJBMUVH,CUST23565099,2025-11-10 20:15:08,374.62,2,Automotive,Car Accessories
TXNH52MJ13M7P,CUST23565099,2025-11-30 20:15:08,188.74,1,Books,Comics
TXNP0QVHZJKTH,CUST23565099,2025-11-05 20:15:08,430.99,3,Automotive,Tools
TXNN968K6TLB3,CUST23565099,2025-11-11 20:15:08,321.56,3,Sports & Outdoors,Fitness Equipment
TXNQMC8FU0AB7,CUST23565099,2025-11-21 20:15:08,795.86,3,Toys & Games,Board Games
TXNDI89QSNVYF,CUST64323269,2026-01-03 20:15:08,2931.1,3,Office Supplies,Furniture
TXNBZGAZNI37Z,CUST64323269,2026-01-24 20:15:08,1785.18,1,Health & Beauty,Makeup
TXNYG626M8A41,CUST64323269,2026-01-03 20:15:08,3769.71,1,Clothing,T-Shirt
TXNM576M2YVP6,CUST64323269,2026-01-13 20:15:08,2912.16,3,Clothing,T-Shirt
TXNB4DPGEVBM0,CUST64323269,2026-01-17 20:15:08,2030.37,3,Books,Textbook
TXNX3B9KYHKZH,CUST64323269,2026-01-03 20:15:08,562.8,5,Sports & Outdoors,Fitness Equipment
TXNM75PSZ1CTW,CUST64323269,2026-01-03 20:15:08,3795.7,1,Books,Non-Fiction
TXN5WGTM16YMB,CUST64323269,2026-01-23 20:15:08,1311.8,4,Toys & Games,Board Games
TXNOR7AAU76TC,CUST64323269,2026-01-04 20:15:08,1139.15,4,Electronics,Smart Watch
TXNJ269SYE6HG,CUST64323269,2026-01-17 20:15:08,2939.7,3,Food & Beverages,Gourmet Food
TXN5AOQ14MAFM,CUST64323269,2026-01-21 20:15:08,3896.13,1,Toys & Games,Board Games
TXN9LEOKQJUWX,CUST64323269,2026-01-18 20:15:08,3183.81,5,Sports & Outdoors,Camping Gear
TXNL4C0BB6PYM,CUST64323269,2026-01-10 20:15:08,2630.16,1,Sports & Outdoors,Yoga Mat
TXNSIF6DOHE7K,CUST64323269,2026-01-20 20:15:08,2650.98,3,Health & Beauty,Personal Care
TXNU9Q44DVVPG,CUST64323269,2026-01-13 20:15:08,2825.54,1,Office Supplies,Desk Accessories
TXNP2GAYQMGJ9,CUST64323269,2026-02-02 20:15:08,2761.78,1,Sports & Outdoors,Yoga Mat
TXN6E24I1AGZG,CUST64323269,2026-01-07 20:15:08,2439.36,5,Electronics,Smart Watch
TXNC6SEURANDD,CUST64323269,2026-01-24 20:15:08,2319.92,1,Home & Garden,Tools
TXNTLT05UQ9GY,CUST64323269,2026-01-16 20:15:08,2207.35,4,Sports & Outdoors,Yoga Mat
TXNZ117R1Z4C9,CUST64323269,2026-01-19 20:15:08,1740.76,5,Electronics,Smartphone
TXNRGSL55X9E0,CUST64323269,2026-01-19 20:15:08,2060.17,4,Office Supplies,Desk Accessories
TXNGHKE79E8CD,CUST64323269,2026-01-03 20:15:08,1107.05,3,Electronics,Headphones
TXN0740C98UZZ,CUST64323269,2026-01-11 20:15:08,2183.23,2,Sports & Outdoors,Fitness Equipment
TXNW9JZF4EPM7,CUST64323269,2026-01-07 20:15:08,1582.41,1,Electronics,Smartphone
TXNB1EDMBJHY3,CUST64323269,2026-01-14 20:15:08,1504.8,3,Sports & Outdoors,Yoga Mat
TXNQM6DTECAFV,CUST64323269,2026-01-10 20:15:08,2371.0,4,Food & Beverages,Snacks
TXNNV4F0TE2J4,CUST64323269,2026-01-18 20:15:08,3189.02,5,Books,Educational
TXNNFU2HERSNU,CUST64323269,2026-01-05 20:15:08,2869.34,3,Office Supplies,Furniture
TXNQ16NZ7DSON,CUST64323269,2026-01-29 20:15:08,1189.7,3,Health & Beauty,Ayurveda
TXNKB8OHL1ZUM,CUST64323269,2026-01-12 20:15:08,1581.71,3,Books,Textbook
TXNKFHOE3MXZJ,CUST75983766,2025-09-08 20:15:08,977.58,2,Clothing,T-Shirt
TXN4W8TR98W07,CUST75983766,2026-01-29 20:15:08,537.69,2,Automotive,Tools
TXNXUNHU25Z8K,CUST75983766,2025-10-27 20:15:08,711.03,4,Clothing,Jeans
TXNNII88BYCZN,CUST75983766,2025-11-10 20:15:08,888.22,5,Electronics,Headphones
TXNNZNQ06UJLQ,CUST75983766,2025-11-20 20:15:08,540.93,5,Electronics,Smart Watch
TXN8MINQ4O7VS,CUST75983766,2025-10-16 20:15:08,786.51,1,Toys & Games,Video Games
TXNEGKAZAL4W7,CUST75983766,2025-10-01 20:15:08,457.29,5,Books,Fiction
TXNG4IQ9ENZ9J,CUST37373228,2025-08-03 20:15:08,447.03,4,Food & Beverages,Snacks
TXNBYJTH2FOE1,CUST37373228,2025-10-08 20:15:08,597.76,3,Books,Non-Fiction
TXNQOXQD66BX0,CUST37373228,2025-09-25 20:15:08,284.77,4,Electronics,Camera
TXN7FENTD7KFN,CUST37373228,2025-10-09 20:15:08,617.5,3,Toys & Games,Action Figures
TXNBRXFX3AT25,CUST85832081,2025-07-12 20:15:08,674.51,2,Food & Beverages,Beverages
TXNQUOLGQE6XB,CUST85832081,2025-08-26 20:15:08,790.97,3,Food & Beverages,Beverages
TXNC7NXXBAF4G,CUST85832081,2025-08-25 20:15:08,724.08,2,Automotive,Car Accessories
TXNLX8EAK8YE7,CUST85832081,2025-07-23 20:15:08,956.18,4,Home & Garden,Tools
TXNRFBENMZSO6,CUST85832081,2025-10-12 20:15:08,704.0,1,Clothing,Shoes
TXNUWRIENW34Y,CUST85832081,2025-10-17 20:15:08,591.1,2,Home & Garden,Decor
TXNZGSVANRY63,CUST37746160,2025-12-29 20:15:08,1173.4,3,Sports & Outdoors,Camping Gear
TXNPDMBO6TQSO,CUST37746160,2025-12-09 20:15:08,1316.35,4,Sports & Outdoors,Fitness Equipment
TXN3HBAEOM43T,CUST37746160,2026-01-02 20:15:08,1148.46,5,Home & Garden,Mixer
TXN8R2W71TJOH,CUST37746160,2025-12-12 20:15:08,1145.65,4,Clothing,Kurta
TXNF9899FFZAD,CUST37746160,2025-12-17 20:15:08,893.5,5,Home & Garden,Kitchen Appliances
TXNM94UZXY4G8,CUST37746160,2025-12-17 20:15:08,906.77,4,Home & Garden,Furniture
TXN3W9HX6I62R,CUST37746160,2025-12-25 20:15:08,655.6,2,Home & Garden,Furniture
TXNBO2J3AYIUK,CUST37746160,2025-12-08 20:15:08,1725.96,1,Automotive,Helmet
TXNAXHNOC2XI3,CUST37746160,2025-12-21 20:15:08,709.5,4,Home & Garden,Mixer
TXNC02BLU27XN,CUST37746160,2025-12-24 20:15:08,896.59,4,Health & Beauty,Supplements
TXNU7MPA7DZVH,CUST37746160,2025-12-05 20:15:08,887.93,3,Clothing,Jacket
TXN2C23AG9XC5,CUST37746160,2026-01-01 20:15:08,1435.75,4,Toys & Games,Board Games
TXNFCHIZ6WQUQ,CUST37746160,2025-12-09 20:15:08,1031.72,1,Clothing,Shoes
TXNHFRRCV1EXY,CUST37746160,2026-01-03 20:15:08,1555.55,1,Food & Beverages,Organic Products
TXN8TRTM477Y6,CUST37746160,2025-12-22 20:15:08,903.18,3,Office Supplies,Desk Accessories
TXNG8Y2WGEBEC,CUST77144440,2025-12-25 20:15:08,1144.34,1,Books,Educational
TXNJKX2KABF8Q,CUST77144440,2026-01-04 20:15:08,791.33,3,Health & Beauty,Supplements
TXNRKQQL7PH6P,CUST77144440,2026-01-07 20:15:08,1735.51,1,Health & Beauty,Supplements
TXNBOMZQB09UW,CUST77144440,2026-01-27 20:15:08,679.74,4,Toys & Games,Video Games
TXN5UMUNLBNQA,CUST77144440,2025-12-09 20:15:08,1154.11,3,Clothing,Dress
TXNTQYPICLKS4,CUST77144440,2025-12-11 20:15:08,1256.73,5,Home & Garden,Kitchen Appliances
TXN57KHZ22KEU,CUST00945546,2025-11-03 20:15:08,392.11,5,Books,Magazines
TXNIZ4JQI55JS,CUST00945546,2025-10-25 20:15:08,329.42,5,Office Supplies,Desk Accessories
TXNBLPVR79YT1,CUST00945546,2025-10-24 20:15:08,335.22,5,Sports & Outdoors,Yoga Mat
TXNDF891QCG41,CUST00945546,2025-11-04 20:15:08,353.39,4,Books,Educational
TXNMKZOM2E1BA,CUST00945546,2025-10-26 20:15:08,333.43,3,Automotive,Cleaning Supplies
TXNEE0Q45TVGU,CUST35416636,2025-06-14 20:15:08,165.99,4,Clothing,T-Shirt
TXNTGZOHC7TBH,CUST15964200,2026-01-16 20:15:08,3365.75,2,Toys & Games,Action Figures
TXNFYE4HQGOXA,CUST15964200,2026-02-22 20:15:08,1685.25,2,Health & Beauty,Personal Care
TXNO0YX2TBT68,CUST15964200,2026-02-14 20:15:08,1192.08,3,Office Supplies,Desk Accessories
TXNNUB5XX9PKQ,CUST15964200,2026-02-05 20:15:08,1970.11,2,Books,Fiction
TXN4CI248F3VK,CUST15964200,2026-01-19 20:15:08,3589.88,4,Sports & Outdoors,Sportswear
TXN1011HE9WIE,CUST15964200,2026-01-11 20:15:08,1535.79,2,Food & Beverages,Gourmet Food
TXN9H5IHJQCYY,CUST15964200,2026-01-25 20:15:08,3018.84,4,Office Supplies,Furniture
TXNPP1VM3I0GX,CUST15964200,2026-01-23 20:15:08,3042.26,2,Electronics,Laptop
TXN60UJRIHZ8E,CUST15964200,2026-01-05 20:15:08,1687.62,2,Home & Garden,Tools
TXNC8U091DZ8X,CUST15964200,2026-01-18 20:15:08,2369.15,2,Food & Beverages,Gourmet Food
TXNC3Z6J5Q1D7,CUST15964200,2026-01-03 20:15:08,3012.33,4,Toys & Games,Puzzles
TXNOW37GJNXI5,CUST15964200,2026-02-21 20:15:08,1793.54,4,Books,Non-Fiction
TXNWM5CFV2VYN,CUST15964200,2026-02-19 20:15:08,1900.11,5,Food & Beverages,Gourmet Food
TXN60FIIGU72D,CUST15964200,2026-02-14 20:15:08,1670.56,1,Books,Fiction
TXNT8BZ9T30B6,CUST15964200,2026-01-03 20:15:08,1407.64,1,Clothing,Jacket
TXN5RY27VMVWJ,CUST15964200,2026-02-23 20:15:08,1629.53,3,Electronics,Smartphone
TXN06DDG680IU,CUST15964200,2026-02-07 20:15:08,1280.64,2,Toys & Games,Action Figures
TXN4FEGYYJ5N8,CUST15964200,2026-01-01 20:15:08,2044.4,2,Toys & Games,Board Games
TXN3HKK54K4RV,CUST15964200,2026-02-13 20:15:08,1556.25,3,Automotive,Car Accessories
TXNAF4WNSMW5G,CUST15964200,2026-01-17 20:15:08,2165.64,4,Food & Beverages,Organic Products
TXNZGPXF50OJQ,CUST15964200,2026-01-16 20:15:08,1079.11,4,Office Supplies,Furniture
TXNFMFP5MD3EX,CUST15964200,2026-01-20 20:15:08,2224.59,5,Home & Garden,Mixer
TXNVEL57OBVLX,CUST15964200,2026-01-10 20:15:08,2529.76,5,Home & Garden,Bedding
TXNIY3XGWK1GP,CUST15964200,2026-01-14 20:15:08,813.29,1,Health & Beauty,Supplements
TXNWAYMH0IT4B,CUST15964200,2026-02-11 20:15:08,2250.8,5,Books,Magazines
TXNZF3D4D32NK,CUST15964200,2026-02-23 20:15:08,2769.04,1,Sports & Outdoors,Sportswear
TXN5TT9KA1DLU,CUST15964200,2026-02-03 20:15:08,1289.32,1,Home & Garden,Bedding
TXN14YBNUS7PS,CUST15964200,2026-01-19 20:15:08,3039.15,2,Books,Educational
TXN3GGAYBFJH9,CUST33068919,2025-12-15 20:15:08,300.65,3,Health & Beauty,Personal Care
TXN1ZEQWF1VVW,CUST33068919,2025-12-09 20:15:08,210.59,5,Office Supplies,Printer
TXNSH0AHPO00Z,CUST33068919,2025-11-26 20:15:08,262.61,1,Home & Garden,Furniture
TXNWLGITIZ7TF,CUST62363859,2025-11-10 20:15:08,510.92,4,Toys & Games,LEGO
TXN1CQTP3174G,CUST62363859,2025-11-20 20:15:08,447.6,5,Office Supplies,Desk Accessories
TXN6Y5H3O0SW5,CUST62363859,2025-12-12 20:15:08,508.35,5,Office Supplies,Furniture
TXNQIT8D9GX2H,CUST62363859,2025-11-21 20:15:08,316.75,2,Health & Beauty,Ayurveda
TXNY40I6QV4TL,CUST62363859,2025-11-19 20:15:08,459.85,1,Clothing,Jacket
TXNNXPWNUA6TD,CUST62363859,2025-12-10 20:15:08,252.02,3,Food & Beverages,Beverages
TXNTKXGY93FON,CUST06635269,2025-09-10 20:15:08,436.34,4,Sports & Outdoors,Yoga Mat
TXNWM3EQLSU8M,CUST06635269,2025-08-24 20:15:08,328.99,2,Home & Garden,Tools
TXNWAPKE5AJR1,CUST06635269,2025-08-17 20:15:08,351.79,4,Health & Beauty,Personal Care
TXNCPWRUTVLYJ,CUST06635269,2025-09-06 20:15:08,618.79,3,Books,Textbook
TXNKJ8GVSKOI4,CUST06635269,2025-09-08 20:15:08,599.18,5,Office Supplies,Electronics
TXN0TT9KVBKAV,CUST06635269,2025-08-13 20:15:08,533.89,5,Health & Beauty,Personal Care
TXNUGXBRYTIVR,CUST47727879,2026-01-10 20:15:08,445.14,1,Automotive,Helmet
TXN9IF826BHYZ,CUST47727879,2025-12-14 20:15:08,599.25,4,Health & Beauty,Skincare
TXNQB166XTF52,CUST63576603,2025-12-12 20:15:08,2011.11,1,Health & Beauty,Skincare
TXNP5EI7K8EVB,CUST63576603,2026-01-03 20:15:08,1537.19,4,Sports & Outdoors,Sportswear
TXN8U73NKBF2E,CUST63576603,2026-01-05 20:15:08,2500.45,3,Toys & Games,LEGO
TXN5E71G4EAI7,CUST63576603,2026-01-01 20:15:08,1648.48,3,Health & Beauty,Personal Care
TXNJL6KK2NIPG,CUST63576603,2026-01-13 20:15:08,1559.45,2,Electronics,Camera
TXNA38K0HF36C,CUST63576603,2025-12-08 20:15:08,1337.76,2,Toys & Games,Video Games
TXN87CZR7XWQF,CUST63576603,2025-12-02 20:15:08,1533.57,3,Home & Garden,Tools
TXN0WUZLLGYG4,CUST63576603,2026-01-04 20:15:08,1407.05,2,Automotive,Cleaning Supplies
TXNESRWQB6TWN,CUST63576603,2025-11-30 20:15:08,1787.73,5,Health & Beauty,Skincare
TXNQJINH1K504,CUST63576603,2025-12-10 20:15:08,1897.69,3,Food & Beverages,Snacks
TXNEUZ9QJ4VBI,CUST63576603,2026-01-13 20:15:08,1126.82,5,Food & Beverages,Masala
TXNHTP5CH3SVG,CUST63576603,2025-11-25 20:15:08,885.63,1,Sports & Outdoors,Yoga Mat
TXNKTGYLEYO3H,CUST71490971,2025-11-11 20:15:08,763.44,3,Electronics,Smart Watch
TXN32BS5MYGKN,CUST71490971,2025-11-18 20:15:08,1958.84,1,Food & Beverages,Organic Products
TXN7VO79I3EVJ,CUST71490971,2026-01-13 20:15:08,1137.15,4,Health & Beauty,Personal Care
TXNBVVBBBVMIA,CUST71490971,2025-11-28 20:15:08,601.95,2,Toys & Games,Puzzles
TXNZTOS6GKJ71,CUST71490971,2025-11-02 20:15:08,1897.95,3,Clothing,Shoes
TXNNG6N1RWU1E,CUST71490971,2026-01-17 20:15:08,2971.08,5,Office Supplies,Stationery
TXNFPV0V6443K,CUST71490971,2025-10-05 20:15:08,1696.7,5,Home & Garden,Decor
TXNQ71T6JLDJ7,CUST71490971,2026-01-15 20:15:08,2127.38,4,Clothing,Jacket
TXN99DGHBTMPT,CUST71490971,2025-11-01 20:15:08,1741.53,1,Automotive,Helmet
TXN9RTJ6U5A2X,CUST71490971,2025-11-23 20:15:08,1649.37,5,Office Supplies,Desk Accessories
TXNQBLUPPH3NW,CUST71490971,2025-10-18 20:15:08,2168.47,3,Food & Beverages,Masala
TXN1Q01YHYA0E,CUST71490971,2026-02-06 20:15:08,1551.78,2,Electronics,Speaker
TXNI4EURE5MIP,CUST71490971,2025-10-12 20:15:08,1836.15,5,Electronics,Laptop
TXN324ZBL5KZH,CUST71490971,2026-02-04 20:15:08,1863.84,1,Toys & Games,Puzzles
TXNH1FPHMZOIM,CUST71490971,2026-02-04 20:15:08,1359.11,5,Food & Beverages,Snacks
TXNX43IRGM5DK,CUST38632964,2026-01-17 20:15:08,1877.32,4,Clothing,Accessories
TXN46QGBFV9XO,CUST38632964,2026-01-11 20:15:08,1370.81,3,Home & Garden,Decor
TXNSNJCZOBD9Q,CUST38632964,2026-01-19 20:15:08,1118.74,3,Home & Garden,Mixer
TXNT37OJ98BYT,CUST38632964,2026-01-16 20:15:08,1679.61,2,Toys & Games,Video Games
TXNJRHE45JJJE,CUST38632964,2026-01-16 20:15:08,1056.79,5,Electronics,Smartphone
TXN27UUBRJ174,CUST38632964,2026-01-28 20:15:08,1458.98,1,Toys & Games,LEGO
TXNS1KWQJL8EZ,CUST38632964,2026-01-15 20:15:08,1442.79,3,Home & Garden,Tools
TXN4EJHXPTUED,CUST38632964,2026-01-24 20:15:08,1918.06,4,Home & Garden,Kitchen Appliances
TXNKHSSCRTP08,CUST38632964,2026-01-11 20:15:08,1652.78,2,Sports & Outdoors,Camping Gear
TXNKRAJIAA67M,CUST38632964,2026-01-16 20:15:08,1435.89,5,Health & Beauty,Personal Care
TXNTOM287C45I,CUST38632964,2026-01-10 20:15:08,1801.68,1,Home & Garden,Tools
TXNQEJKAZRVZD,CUST38632964,2026-01-11 20:15:08,2050.14,2,Toys & Games,Action Figures
TXN9ITCWZL87F,CUST38632964,2026-01-18 20:15:08,1688.86,3,Toys & Games,LEGO
TXNV0R095UHGC,CUST38632964,2026-01-24 20:15:08,1451.24,4,Electronics,Speaker
TXNGA3YYGDTWB,CUST38632964,2026-01-19 20:15:08,877.38,3,Home & Garden,Bedding
TXNATQXC72BM2,CUST26920837,2025-08-24 20:15:08,416.8,4,Food & Beverages,Organic Products
TXNCMOTBMRLCR,CUST26920837,2025-11-18 20:15:08,556.44,2,Home & Garden,Kitchen Appliances
TXNRGA3L71029,CUST73074364,2025-03-17 20:15:08,527.83,1,Health & Beauty,Ayurveda
TXN38RAJIB931,CUST73074364,2025-04-09 20:15:08,609.71,3,Automotive,Tools
TXNMHV1F070VK,CUST16977395,2025-07-25 20:15:08,418.4,4,Home & Garden,Bedding
TXNWHGXMD7QCQ,CUST16977395,2025-09-06 20:15:08,476.79,3,Health & Beauty,Ayurveda
TXNJMYVMNEDYL,CUST16977395,2025-07-28 20:15:08,402.71,5,Home & Garden,Tools
TXN2TO1KVTORP,CUST16977395,2025-08-14 20:15:08,471.46,5,Home & Garden,Mixer
TXNHNCASLJSI3,CUST16977395,2025-11-06 20:15:08,419.37,5,Home & Garden,Furniture
TXNURWUDKBU0T,CUST16977395,2025-12-13 20:15:08,167.59,2,Clothing,Jacket
TXN429KJPQ8SE,CUST16977395,2025-12-24 20:15:08,295.48,5,Home & Garden,Tools
TXNCF0R7FA6AH,CUST55937934,2025-10-06 20:15:08,439.17,2,Home & Garden,Furniture
TXNASIKZOIEAS,CUST55937934,2025-10-12 20:15:08,292.44,5,Electronics,Speaker
TXNEE2A84N1W3,CUST55937934,2025-12-16 20:15:08,541.63,2,Clothing,Accessories
TXN70UT100WNT,CUST55937934,2025-12-07 20:15:08,669.81,3,Sports & Outdoors,Sportswear
TXNIED48CD5LX,CUST46355334,2026-02-07 20:15:08,3468.48,5,Sports & Outdoors,Sportswear
TXNS18L9GJ4AN,CUST46355334,2026-02-07 20:15:08,2377.21,3,Toys & Games,Action Figures
TXNOQNUVK6JOP,CUST46355334,2026-02-07 20:15:08,3675.7,1,Health & Beauty,Skincare
TXNE5Z3ZTDS7X,CUST46355334,2026-02-06 20:15:08,2653.12,5,Automotive,Parts
TXNF6FTSCJLEI,CUST46355334,2026-02-07 20:15:08,2283.0,3,Electronics,Smart Watch
TXNL8I9AKFD18,CUST46355334,2026-02-06 20:15:08,2072.46,5,Health & Beauty,Supplements
TXNEPCGWLUK5O,CUST46355334,2026-02-06 20:15:08,2309.37,1,Automotive,Car Accessories
TXNGBPADUSQB0,CUST46355334,2026-02-07 20:15:08,2244.07,2,Office Supplies,Desk Accessories
TXN07PMEXJTNR,CUST46355334,2026-02-06 20:15:08,2669.69,4,Office Supplies,Furniture
TXN8109JNB5X6,CUST46355334,2026-02-07 20:15:08,2662.19,4,Sports & Outdoors,Bicycle
TXNN8DDINZ298,CUST46355334,2026-02-06 20:15:08,2542.16,3,Books,Comics
TXNIUPROG710E,CUST46355334,2026-02-06 20:15:08,2872.76,4,Books,Textbook
TXNQAOP377284,CUST46355334,2026-02-06 20:15:08,3447.05,3,Health & Beauty,Skincare
TXN4P4JWR3XUX,CUST46355334,2026-02-07 20:15:08,3263.35,3,Health & Beauty,Skincare
TXN9DSSRKFI53,CUST46355334,2026-02-06 20:15:08,1408.42,3,Health & Beauty,Skincare
TXN51T8FMW4V1,CUST46355334,2026-02-07 20:15:08,593.87,2,Health & Beauty,Supplements
TXN2AOY2XDEYW,CUST46355334,2026-02-07 20:15:08,3251.75,2,Office Supplies,Printer
TXNFI4PLMVK5S,CUST46355334,2026-02-06 20:15:08,1498.34,2,Automotive,Car Accessories
TXN2T9O5A439G,CUST46355334,2026-02-07 20:15:08,2368.58,2,Office Supplies,Electronics
TXNXK2G5EOL0T,CUST46355334,2026-02-07 20:15:08,1648.27,1,Sports & Outdoors,Camping Gear
TXND05N9HCZDQ,CUST46355334,2026-02-07 20:15:08,1166.82,5,Home & Garden,Tools
TXNDJ7H7REDY0,CUST46355334,2026-02-06 20:15:08,2952.41,5,Clothing,Kurta
TXNO2DWN717YW,CUST46355334,2026-02-07 20:15:08,3118.28,1,Automotive,Helmet
TXNUK9QS57WC8,CUST46355334,2026-02-07 20:15:08,2100.57,3,Clothing,Jeans
TXNFERFT5P0Q2,CUST46355334,2026-02-07 20:15:08,565.59,5,Automotive,Car Accessories
TXNEOPTS2Q4EH,CUST46355334,2026-02-06 20:15:08,2123.63,5,Food & Beverages,Masala
TXNR1TR4B5UD6,CUST46355334,2026-02-07 20:15:08,2838.37,2,Books,Educational
TXNNM5SAXYK2E,CUST46355334,2026-02-06 20:15:08,1412.98,4,Automotive,Tools
TXNOB9V1T4JXA,CUST46355334,2026-02-06 20:15:08,2679.55,4,Clothing,Accessories
TXN3NA7HN98X1,CUST50302996,2025-12-09 20:15:08,1177.53,2,Books,Educational
TXNW5UK4SHA60,CUST50302996,2025-11-14 20:15:08,1388.54,5,Clothing,Kurta
TXNLIFNCRN3TN,CUST50302996,2025-10-27 20:15:08,1225.4,3,Electronics,Headphones
TXNY75ITDL35J,CUST50302996,2025-11-18 20:15:08,837.63,4,Sports & Outdoors,Bicycle
TXNR3VP8LIM06,CUST50302996,2025-11-20 20:15:08,1607.61,1,Home & Garden,Decor
TXNRDNF4X13QI,CUST65739806,2025-09-09 20:15:08,267.06,4,Office Supplies,Stationery
TXN2P091PQFMP,CUST65739806,2025-04-06 20:15:08,278.1,1,Books,Comics
TXN1R91R0HRLI,CUST51636853,2025-12-24 20:15:08,616.78,1,Books,Non-Fiction
TXN34SLQGBUL1,CUST51636853,2026-01-08 20:15:08,742.7,4,Books,Textbook
TXN96GSKBOJAX,CUST51636853,2026-01-30 20:15:08,629.23,4,Health & Beauty,Makeup
TXN84Z7HT7RYM,CUST51636853,2025-10-23 20:15:08,812.17,2,Food & Beverages,Beverages
TXNZ4VOYBJ7SO,CUST51636853,2026-01-30 20:15:08,1296.5,2,Health & Beauty,Makeup
TXN21JMAS41RU,CUST51636853,2025-10-01 20:15:08,504.06,1,Toys & Games,Puzzles
TXN81LY0OCRVQ,CUST51636853,2026-01-10 20:15:08,441.95,3,Health & Beauty,Supplements
TXNPCZA3SFGHO,CUST51636853,2025-11-21 20:15:08,1234.68,2,Home & Garden,Bedding
TXNCG7FD143XR,CUST51636853,2025-11-08 20:15:08,802.82,5,Home & Garden,Furniture
TXNPCKWTEJTUI,CUST51636853,2026-01-20 20:15:08,684.67,3,Clothing,Jeans
TXN8AV3G60992,CUST51636853,2025-10-13 20:15:08,1123.85,1,Health & Beauty,Skincare
TXNYJ3CT5Q517,CUST51636853,2025-11-24 20:15:08,700.98,1,Home & Garden,Bedding
TXN5BMABUHOQJ,CUST51636853,2025-11-05 20:15:08,1325.87,3,Food & Beverages,Organic Products
TXN8BO7JFM03T,CUST21515811,2026-01-25 20:15:08,901.97,1,Sports & Outdoors,Yoga Mat
TXNIQF1G5FU3H,CUST21515811,2026-01-05 20:15:08,639.82,1,Office Supplies,Electronics
TXNEPPOLG5TK9,CUST21515811,2026-01-18 20:15:08,1234.62,5,Electronics,Headphones
TXN3PRNO5GTX7,CUST62734523,2026-01-31 20:15:08,1443.59,5,Books,Non-Fiction
TXNGCN3K3WKT6,CUST62734523,2026-01-06 20:15:08,2156.92,5,Home & Garden,Decor
TXNMGHAGMB362,CUST62734523,2026-01-15 20:15:08,1922.56,3,Home & Garden,Furniture
TXN5IMLZ6IOST,CUST62734523,2026-01-11 20:15:08,2453.11,5,Office Supplies,Electronics
TXNG1GF4OFPAT,CUST62734523,2026-01-17 20:15:08,2590.59,3,Office Supplies,Printer
TXNE321D5C21O,CUST62734523,2026-02-07 20:15:08,1781.1,5,Sports & Outdoors,Yoga Mat
TXNEIRHRLNF6N,CUST62734523,2026-01-12 20:15:08,1365.42,5,Electronics,Speaker
TXNU6M9DEOCIR,CUST62734523,2026-01-21 20:15:08,2007.6,2,Clothing,Accessories
TXN74JLYS7JD6,CUST62734523,2026-01-29 20:15:08,1405.48,1,Home & Garden,Tools
TXNQ1AUF0TJ5J,CUST62734523,2026-01-31 20:15:08,2829.75,2,Clothing,Jeans
TXNXKXB4RVWJV,CUST14282841,2026-02-11 20:15:08,1211.42,2,Office Supplies,Electronics
TXN4FDTZJ2L72,CUST14282841,2026-02-16 20:15:08,1036.21,5,Books,Non-Fiction
TXNKTRPW3HHIG,CUST14282841,2026-02-16 20:15:08,1228.23,5,Electronics,Camera
TXND57FQTKPCS,CUST14282841,2026-02-14 20:15:08,693.44,5,Toys & Games,Puzzles
TXNT3T9LP2E2A,CUST14282841,2026-02-16 20:15:08,824.54,5,Automotive,Cleaning Supplies
TXNEVGKH250CV,CUST14282841,2026-02-14 20:15:08,1582.85,2,Food & Beverages,Masala
TXNGM1TM27O19,CUST14282841,2026-02-12 20:15:08,934.42,4,Home & Garden,Decor
TXNG15XD82IJK,CUST14282841,2026-02-15 20:15:08,798.25,5,Health & Beauty,Makeup
TXN8NGC4XAIC0,CUST36884602,2025-10-28 20:15:08,872.07,1,Electronics,Camera
TXNNHWEKQDVNA,CUST36884602,2025-10-09 20:15:08,1018.32,1,Sports & Outdoors,Bicycle
TXN7FRBOO703B,CUST36884602,2025-11-01 20:15:08,913.15,4,Electronics,Speaker
TXNKZZMALQHPQ,CUST36884602,2025-10-06 20:15:08,975.59,4,Health & Beauty,Makeup
TXN6K6HGQ6SRP,CUST61952410,2026-01-01 20:15:08,895.48,1,Books,Comics
TXN2VG9353R4D,CUST61952410,2026-01-23 20:15:08,664.35,5,Sports & Outdoors,Bicycle
TXN4RWGKG5KHL,CUST61952410,2025-12-11 20:15:08,1680.29,3,Clothing,T-Shirt
TXNGJPMH3UQ1A,CUST61952410,2026-01-28 20:15:08,1046.35,3,Food & Beverages,Gourmet Food
TXNNI4EUBYGS0,CUST61952410,2026-01-28 20:15:08,1071.32,3,Automotive,Car Accessories
TXN9AMSM5R7GO,CUST61952410,2026-01-20 20:15:08,1620.11,3,Electronics,Smartphone
TXNV4B2RCYBRX,CUST61952410,2025-12-30 20:15:08,1351.82,4,Office Supplies,Stationery
TXNQ8SJQONTQX,CUST61952410,2025-12-28 20:15:08,1316.94,3,Sports & Outdoors,Bicycle
TXN5DNSVBCQ7G,CUST06809438,2026-01-01 20:15:08,1221.95,1,Books,Fiction
TXNLBQ4UA9N1P,CUST06809438,2026-01-08 20:15:08,597.78,3,Automotive,Car Accessories
TXNP6VIARPH3Q,CUST06809438,2025-12-30 20:15:08,947.0,1,Sports & Outdoors,Yoga Mat
TXNGGO46X1W1Q,CUST06809438,2026-01-10 20:15:08,753.47,5,Home & Garden,Bedding
TXNSLV3N1UHYG,CUST06809438,2026-01-01 20:15:08,800.49,5,Sports & Outdoors,Yoga Mat
TXN19A42W44WU,CUST06809438,2026-01-09 20:15:08,1080.48,2,Automotive,Car Accessories
TXNCXU11TO0BO,CUST06809438,2026-01-07 20:15:08,853.66,2,Food & Beverages,Snacks
TXNOF7Y5R7UG4,CUST06809438,2026-01-08 20:15:08,860.43,5,Clothing,T-Shirt
TXNT8I5YILYXY,CUST42800122,2025-08-26 20:15:08,859.57,1,Office Supplies,Electronics
TXNVPANGW3PAJ,CUST42800122,2025-10-04 20:15:08,579.12,5,Office Supplies,Printer
TXNI60K23Z2Y3,CUST42800122,2025-08-15 20:15:08,486.6,1,Books,Comics
TXNEQ4AW8JHE5,CUST42800122,2026-01-06 20:15:08,446.48,5,Automotive,Helmet
TXNDXJ17X6XDA,CUST42800122,2026-02-11 20:15:08,266.69,4,Electronics,Speaker
TXNR79OKQBBWB,CUST42800122,2025-07-16 20:15:08,1051.48,1,Clothing,Jacket
TXNFF8TX134L8,CUST42800122,2025-08-14 20:15:08,435.09,1,Health & Beauty,Personal Care
TXNSUMUXQJCTP,CUST42800122,2025-08-11 20:15:08,607.16,5,Automotive,Car Accessories
TXN5ND2OEUT4I,CUST42800122,2026-01-05 20:15:08,596.32,1,Office Supplies,Furniture
TXN9PY5KH2NXX,CUST42800122,2025-07-19 20:15:08,710.3,3,Home & Garden,Tools
TXN6CA037FF5H,CUST42800122,2025-12-26 20:15:08,809.47,5,Food & Beverages,Snacks
TXN7FINATJQ37,CUST42800122,2025-12-01 20:15:08,818.2,1,Clothing,Jeans
TXNXQE1IL46LM,CUST42800122,2025-12-08 20:15:08,536.57,2,Health & Beauty,Personal Care
TXN1Z322KAIOZ,CUST42800122,2025-09-08 20:15:08,617.72,5,Automotive,Helmet
TXNIN7OFHEPN3,CUST35920189,2025-12-15 20:15:08,1463.51,5,Food & Beverages,Masala
TXNKCNL384XG0,CUST35920189,2025-12-25 20:15:08,1248.48,3,Health & Beauty,Makeup
TXNNFOWAPCQ7V,CUST35920189,2026-01-04 20:15:08,1999.69,2,Automotive,Tools
TXNVV6V3V020I,CUST35920189,2025-12-02 20:15:08,1547.85,3,Health & Beauty,Ayurveda
TXNUQRVN2AEJG,CUST35920189,2025-12-19 20:15:08,1646.57,5,Health & Beauty,Supplements
TXNDHTG1D9OB6,CUST35920189,2026-01-04 20:15:08,1617.43,3,Sports & Outdoors,Sportswear
TXN7FW0C20X45,CUST35920189,2025-10-25 20:15:08,1824.09,5,Food & Beverages,Snacks
TXNEH3RFWTEVT,CUST35920189,2025-11-15 20:15:08,1422.4,3,Books,Textbook
TXNF27E6L8XCG,CUST35920189,2025-12-07 20:15:08,824.25,3,Books,Non-Fiction
TXN79P7D7UWE7,CUST35920189,2025-10-22 20:15:08,1510.9,5,Office Supplies,Stationery
TXN7PLR1X08K4,CUST48359410,2025-12-15 20:15:08,674.48,3,Clothing,Jeans
TXNJZL8XRW4DB,CUST48359410,2025-12-02 20:15:08,705.34,4,Food & Beverages,Organic Products
TXNC9MIDUX8FM,CUST48359410,2025-11-18 20:15:08,985.75,5,Home & Garden,Mixer
TXN0VSGQG034L,CUST48359410,2026-01-06 20:15:08,1149.69,4,Office Supplies,Electronics
TXNAJPP8OEI97,CUST48359410,2026-01-02 20:15:08,843.63,1,Office Supplies,Furniture
TXNMJN8B3UMAM,CUST49524961,2025-12-21 20:15:08,1587.86,1,Office Supplies,Stationery
TXNJZWYIX7BRR,CUST49524961,2025-09-01 20:15:08,2195.32,1,Food & Beverages,Gourmet Food
TXNI3AL6EJA1V,CUST49524961,2025-03-26 20:15:08,1558.18,5,Office Supplies,Desk Accessories
TXN2AHN110BS6,CUST49524961,2025-06-20 20:15:08,2587.46,5,Clothing,Shoes
TXNWYAQTFLVM8,CUST49524961,2025-10-11 20:15:08,1699.76,4,Books,Educational
TXNHHIZEBG9K4,CUST49524961,2025-10-30 20:15:08,685.59,5,Office Supplies,Printer
TXNRS8U9BG9ZV,CUST49524961,2025-04-17 20:15:08,1781.65,5,Health & Beauty,Skincare
TXN5CH4FODMJM,CUST49524961,2025-12-22 20:15:08,1619.39,1,Books,Educational
TXNVOKQY9FLVQ,CUST65942034,2025-11-21 20:15:08,817.12,1,Clothing,Jacket
TXNNKRZ25YYEX,CUST65942034,2025-12-14 20:15:08,708.15,2,Books,Fiction
TXNK03U0UP229,CUST65942034,2025-12-12 20:15:08,564.69,2,Clothing,Kurta
TXNIZU7N9EN0K,CUST65942034,2025-12-10 20:15:08,372.77,2,Home & Garden,Kitchen Appliances
TXN6A6SB7BIOI,CUST65942034,2025-12-15 20:15:08,552.22,1,Automotive,Cleaning Supplies
TXN05DWJATE4V,CUST65942034,2025-11-16 20:15:08,438.83,5,Home & Garden,Furniture
TXN2IBNAJFH71,CUST65942034,2025-11-24 20:15:08,486.56,5,Electronics,Headphones
TXNN4U38BWTB5,CUST65942034,2025-12-28 20:15:08,693.19,4,Office Supplies,Electronics
TXN7XJJW8BKUV,CUST65942034,2026-01-11 20:15:08,884.32,3,Food & Beverages,Gourmet Food
TXNDUWETOWTK4,CUST65942034,2025-11-28 20:15:08,658.92,3,Automotive,Cleaning Supplies
TXNFG2NEWBZNI,CUST65942034,2025-12-09 20:15:08,377.79,4,Health & Beauty,Skincare
TXN16OEM9NNC8,CUST45317332,2026-01-13 20:15:08,1406.33,1,Home & Garden,Furniture
TXNYWDRDPMPCE,CUST45317332,2025-12-19 20:15:08,1686.28,3,Sports & Outdoors,Sportswear
TXNILPJZ80ND3,CUST45317332,2025-11-02 20:15:08,1013.84,4,Sports & Outdoors,Yoga Mat
TXN0E7CXSUO87,CUST45317332,2025-10-30 20:15:08,1190.94,4,Toys & Games,LEGO
TXNL5THLVJYQT,CUST45317332,2025-11-20 20:15:08,1246.3,1,Health & Beauty,Supplements
TXNBGI0RR0TIA,CUST45317332,2026-01-19 20:15:08,948.65,1,Food & Beverages,Masala
TXNAMRH4FZZHY,CUST45317332,2025-11-16 20:15:08,1482.15,2,Home & Garden,Tools
TXNJGUEIFO28N,CUST45317332,2025-12-14 20:15:08,1195.81,5,Books,Textbook
TXNFRI7FZ5XBI,CUST45317332,2025-11-16 20:15:08,1397.0,2,Books,Fiction
TXNJ9CWI2SKHK,CUST45317332,2026-01-05 20:15:08,910.46,1,Clothing,Shoes
TXN4YEO6PPYWH,CUST31909214,2025-12-03 20:15:08,1154.15,2,Toys & Games,Board Games
TXNZOKIYG190F,CUST31909214,2025-11-26 20:15:08,1616.4,2,Electronics,Headphones
TXNQHC5S88OKR,CUST31909214,2026-01-19 20:15:08,1179.91,4,Food & Beverages,Snacks
TXNNI2MLW2EK0,CUST31909214,2025-12-19 20:15:08,2016.78,1,Automotive,Parts
TXNERAXP2NGQE,CUST31909214,2025-12-31 20:15:08,1169.22,5,Electronics,Laptop
TXNABZGS9W275,CUST31909214,2026-01-17 20:15:08,1418.05,3,Home & Garden,Bedding
TXNUJVXHSHV1Y,CUST31909214,2025-12-02 20:15:08,1700.18,5,Books,Magazines
TXN2J6SB053AK,CUST31909214,2025-12-28 20:15:08,763.21,2,Office Supplies,Desk Accessories
TXNKE09JNEFTZ,CUST31909214,2026-01-15 20:15:08,626.73,5,Health & Beauty,Skincare
TXNLK7IAZGQ09,CUST31909214,2026-02-15 20:15:08,720.45,2,Clothing,Jeans
TXN8ZKRG6WMZ0,CUST31909214,2025-12-17 20:15:08,1831.7,4,Office Supplies,Stationery
TXNS6EQXXCX9K,CUST31909214,2026-01-27 20:15:08,1108.56,4,Automotive,Helmet
TXNZ9H0UNL0UT,CUST31909214,2025-11-29 20:15:08,2348.07,3,Health & Beauty,Personal Care
TXNSYWU2GYIAW,CUST31909214,2025-11-26 20:15:08,1103.62,4,Toys & Games,Action Figures
TXN2BTUFDOAPM,CUST31909214,2025-12-18 20:15:08,1402.05,3,Health & Beauty,Personal Care
TXN8LXSOL15M9,CUST31909214,2026-01-26 20:15:08,1943.11,2,Health & Beauty,Supplements
TXNJANQS334KC,CUST31909214,2026-01-22 20:15:08,2128.03,1,Health & Beauty,Personal Care
TXNJDGJKCSW7A,CUST31909214,2026-01-10 20:15:08,2150.11,2,Toys & Games,Action Figures
TXN69A14350Q8,CUST31909214,2026-01-29 20:15:08,1810.09,4,Health & Beauty,Makeup
TXNK7FHXCBY0T,CUST31909214,2025-11-28 20:15:08,1736.64,5,Office Supplies,Desk Accessories
TXN1KCJUVPCVV,CUST31909214,2025-11-26 20:15:08,1564.65,5,Office Supplies,Furniture
TXNMFJHOJALBH,CUST31909214,2025-12-10 20:15:08,1638.71,4,Books,Textbook
TXN99ALX8UY5V,CUST31909214,2026-01-24 20:15:08,1108.82,5,Books,Fiction
TXNAZJF5428MT,CUST31909214,2025-12-10 20:15:08,1002.41,2,Health & Beauty,Supplements
TXNV5Q4FIUPQK,CUST31909214,2026-01-28 20:15:08,1327.15,4,Books,Comics
TXNSPJ6SFAS04,CUST24743600,2025-08-23 20:15:08,733.91,3,Clothing,Kurta
TXNZ3JUFXH8P0,CUST24743600,2025-12-09 20:15:08,668.24,3,Health & Beauty,Ayurveda
TXN1FPR7H4PZN,CUST24743600,2025-09-26 20:15:08,934.98,2,Office Supplies,Printer
TXNN9T61QSKFN,CUST24743600,2025-07-05 20:15:08,995.05,3,Clothing,Kurta
TXNLJWQRLVC35,CUST54563615,2025-12-06 20:15:08,1233.28,5,Office Supplies,Printer
TXN40QCULVUKS,CUST54563615,2026-01-05 20:15:08,1733.96,5,Electronics,Speaker
TXNG3HJSOS58Y,CUST54563615,2026-01-09 20:15:08,789.93,4,Health & Beauty,Skincare
TXNVYG72VWMD5,CUST54563615,2025-10-29 20:15:08,1131.62,5,Sports & Outdoors,Fitness Equipment
TXNXTX42D13A3,CUST54563615,2025-10-29 20:15:08,943.06,1,Office Supplies,Furniture
TXNBEQERFTNVI,CUST54563615,2025-11-28 20:15:08,528.67,3,Office Supplies,Printer
TXNXVQBZBRQW5,CUST54563615,2026-01-02 20:15:08,1171.62,2,Health & Beauty,Makeup
TXNYARIDG26HL,CUST54563615,2025-11-22 20:15:08,1157.54,3,Toys & Games,Board Games
TXNP6MXSWY0SZ,CUST54563615,2026-01-05 20:15:08,1746.91,3,Toys & Games,Puzzles
TXNNSH8LLRB7D,CUST54563615,2025-10-15 20:15:08,1428.78,2,Books,Non-Fiction
TXN4HTPL131V0,CUST54563615,2025-12-31 20:15:08,832.28,5,Toys & Games,Video Games
TXNWT5FWK2JPK,CUST54563615,2026-01-30 20:15:08,1869.68,4,Food & Beverages,Organic Products
TXNA1I10PKAP7,CUST54563615,2025-12-22 20:15:08,1641.51,5,Books,Educational
TXN1SHEURQ7VZ,CUST54563615,2025-12-10 20:15:08,1411.22,2,Sports & Outdoors,Bicycle
TXNS81HBUDU7X,CUST54563615,2025-11-08 20:15:08,1119.79,2,Clothing,Kurta
TXNGD40CM0TU2,CUST54563615,2025-11-08 20:15:08,855.61,1,Sports & Outdoors,Bicycle
TXNK24ZN0MWMK,CUST54563615,2026-02-03 20:15:08,1067.27,1,Sports & Outdoors,Bicycle
TXNECAAFFSDUC,CUST54563615,2025-11-13 20:15:08,1593.83,3,Office Supplies,Stationery
TXN4YN6ZJUY3K,CUST54563615,2025-11-08 20:15:08,1880.67,2,Books,Magazines
TXNTKWIH73P4M,CUST54563615,2026-01-21 20:15:08,1757.64,1,Home & Garden,Tools
TXNN3E6OQE09O,CUST54563615,2026-01-10 20:15:08,1025.23,1,Office Supplies,Stationery
TXN06K37E4EY9,CUST54563615,2025-10-27 20:15:08,797.88,3,Toys & Games,LEGO
TXNB6HPPHPM0D,CUST54563615,2025-12-24 20:15:08,1252.2,4,Automotive,Helmet
TXNFK3EKWH1MQ,CUST54563615,2025-10-19 20:15:08,564.03,4,Toys & Games,Puzzles
TXNF33DNREHU2,CUST54563615,2025-12-04 20:15:08,1317.9,3,Books,Textbook
TXN6WM1XRP4JD,CUST54563615,2026-02-02 20:15:08,1148.22,5,Health & Beauty,Skincare
TXN787TAG2M09,CUST54563615,2025-10-13 20:15:08,1033.45,3,Sports & Outdoors,Sportswear
TXNC7J0ZNRUHM,CUST78200399,2025-09-14 20:15:08,344.68,1,Sports & Outdoors,Sportswear
TXNSQ3HEYKUKP,CUST78200399,2025-12-12 20:15:08,762.65,4,Food & Beverages,Organic Products
TXNGZ2SC0T8DH,CUST78200399,2025-08-08 20:15:08,555.22,1,Automotive,Cleaning Supplies
TXNJPTGD2RTTD,CUST78200399,2025-08-07 20:15:08,428.89,5,Clothing,Accessories
TXNLKLQBXXA53,CUST78200399,2025-10-26 20:15:08,91.41,2,Automotive,Tools
TXNHGS59YMZY6,CUST17556559,2025-08-19 20:15:08,312.09,2,Home & Garden,Decor
TXND2AOBLJ0UA,CUST17556559,2025-10-18 20:15:08,482.0,4,Clothing,Jacket
TXN4SE4KBL5VG,CUST17556559,2025-10-08 20:15:08,471.52,2,Sports & Outdoors,Fitness Equipment
TXNFA8014EHTH,CUST17556559,2025-11-09 20:15:08,271.53,5,Health & Beauty,Skincare
TXNXNS8EHIVM4,CUST17556559,2025-09-24 20:15:08,257.83,3,Sports & Outdoors,Sportswear
TXNKSK2VPAJSP,CUST17556559,2025-09-07 20:15:08,358.94,3,Sports & Outdoors,Camping Gear
TXN0VMPQYW5IX,CUST17556559,2026-02-12 20:15:08,220.43,5,Electronics,Smart Watch
TXNGQIO1MGN8N,CUST17556559,2026-01-13 20:15:08,343.18,3,Toys & Games,LEGO
TXNOUNKP9J1PL,CUST34487806,2025-11-26 20:15:08,1524.13,2,Sports & Outdoors,Sportswear
TXNUY7EW1TMIK,CUST34487806,2025-11-24 20:15:08,1695.47,4,Automotive,Parts
TXNKMCX5ZPHW7,CUST34487806,2026-01-12 20:15:08,1202.07,3,Home & Garden,Kitchen Appliances
TXNOL0IUOD0FU,CUST34487806,2025-11-25 20:15:08,1163.58,5,Books,Textbook
TXNV6TXOMI8CO,CUST34487806,2025-11-28 20:15:08,912.88,5,Office Supplies,Desk Accessories
TXNDIRHECY117,CUST34487806,2026-01-25 20:15:08,931.88,3,Food & Beverages,Masala
TXN386A6NJHEE,CUST34487806,2026-01-15 20:15:08,1155.1,3,Health & Beauty,Personal Care
TXN12PGX409WN,CUST34487806,2025-11-23 20:15:08,1375.89,3,Office Supplies,Electronics
TXNH3VQ0V3WKH,CUST34487806,2026-02-02 20:15:08,1578.97,5,Health & Beauty,Supplements
TXN9DXZNKQWQY,CUST34487806,2026-01-01 20:15:08,940.69,4,Clothing,Accessories
TXNHHDDOG2UE1,CUST34487806,2026-01-07 20:15:08,1794.28,2,Sports & Outdoors,Yoga Mat
TXN0B1HI8H7PR,CUST34487806,2026-01-14 20:15:08,1138.51,2,Books,Textbook
TXNTYDCCPVB96,CUST73848826,2026-01-13 20:15:08,258.57,1,Office Supplies,Stationery
TXN9UZXCA4X76,CUST73848826,2025-09-26 20:15:08,201.9,1,Electronics,Smartphone
TXN3PPE690CWB,CUST73848826,2025-10-29 20:15:08,70.97,3,Automotive,Tools
TXNJ67KJFCLCC,CUST73848826,2025-07-17 20:15:08,329.25,4,Sports & Outdoors,Yoga Mat
TXNR7VHTCLR45,CUST73848826,2025-12-04 20:15:08,317.76,4,Clothing,T-Shirt
TXN2DY739KQ5F,CUST73848826,2025-08-07 20:15:08,238.27,5,Home & Garden,Tools
TXNKE4QWL67C7,CUST73848826,2026-01-07 20:15:08,265.46,2,Clothing,Jacket
TXNNN4GCT8BWK,CUST73848826,2025-10-15 20:15:08,300.51,1,Automotive,Parts
TXNEKBZCMLOX8,CUST30515207,2025-11-20 20:15:08,796.06,2,Home & Garden,Bedding
TXNT3M9GX06AW,CUST30515207,2025-10-05 20:15:08,1260.67,3,Health & Beauty,Personal Care
TXNVVWS6MOKU8,CUST30515207,2025-10-04 20:15:08,1855.57,2,Food & Beverages,Snacks
TXND9ZMQ77HNS,CUST30515207,2025-09-25 20:15:08,934.64,2,Toys & Games,Action Figures
TXNQOEXOANAAB,CUST30515207,2026-01-10 20:15:08,1630.48,3,Clothing,Kurta
TXN4A3S8PGBZQ,CUST30515207,2025-11-27 20:15:08,888.65,1,Clothing,T-Shirt
TXNOVY92DEFQG,CUST30515207,2025-09-18 20:15:08,1708.19,5,Health & Beauty,Skincare
TXN5XFFFGFAJL,CUST30515207,2025-10-19 20:15:08,1482.48,2,Toys & Games,LEGO
TXN9VKAD0TQ2I,CUST30515207,2025-11-06 20:15:08,772.42,1,Toys & Games,Board Games
TXNY38LL2PF1T,CUST30515207,2025-11-20 20:15:08,2022.12,2,Toys & Games,Board Games
TXNEZX8UB1SB7,CUST30515207,2026-01-07 20:15:08,1168.27,1,Books,Fiction
TXNDK57ICL12S,CUST30515207,2025-09-24 20:15:08,1134.26,1,Books,Textbook
TXNQOQ0WTGXY7,CUST30515207,2025-11-24 20:15:08,1588.67,2,Books,Fiction
TXN1R6X8YIU1Y,CUST30515207,2025-12-25 20:15:08,2014.88,1,Sports & Outdoors,Camping Gear
TXNVL1TKU04VP,CUST92617072,2025-09-23 20:15:08,538.61,1,Toys & Games,Puzzles
TXNS2PN0NPIQJ,CUST92617072,2025-09-16 20:15:08,789.03,4,Home & Garden,Furniture
TXNLPDIXCVTFH,CUST92617072,2025-09-12 20:15:08,874.35,1,Health & Beauty,Ayurveda
TXNROWX4KK1R6,CUST92617072,2025-09-15 20:15:08,935.78,3,Sports & Outdoors,Fitness Equipment
TXNHS1JQEDLI5,CUST61402525,2025-10-13 20:15:08,326.95,5,Home & Garden,Furniture
TXNMQ4VBGR3AJ,CUST61402525,2025-11-01 20:15:08,276.32,3,Automotive,Parts
TXN9HXWMVM74L,CUST61402525,2025-08-25 20:15:08,233.42,5,Sports & Outdoors,Camping Gear
TXNIK6FPG5WDF,CUST61402525,2025-12-22 20:15:08,318.54,4,Health & Beauty,Supplements
TXNEEKOT16MIG,CUST61402525,2025-09-19 20:15:08,210.64,4,Office Supplies,Furniture
TXN44O9318EIF,CUST61402525,2025-10-02 20:15:08,38.38,1,Food & Beverages,Gourmet Food
TXNGBDVDIINIV,CUST61402525,2025-11-09 20:15:08,351.18,1,Electronics,Camera
TXNPNGMZYZC0M,CUST60560127,2025-12-20 20:15:08,2688.95,5,Toys & Games,Puzzles
TXNUW6IK209EI,CUST60560127,2025-02-27 20:15:08,615.81,4,Food & Beverages,Organic Products
TXN1KNPKIA0W8,CUST60560127,2025-10-22 20:15:08,1474.55,3,Automotive,Tools
TXNZDCQR8ZMMX,CUST60560127,2026-02-07 20:15:08,2508.23,4,Office Supplies,Stationery
TXN2FDZLTOCZC,CUST60560127,2025-05-01 20:15:08,3421.0,2,Electronics,Smartphone
TXNOWYPN3WHIF,CUST60560127,2025-04-02 20:15:08,2128.51,4,Clothing,T-Shirt
TXNVCE3SKSO6D,CUST60560127,2025-11-29 20:15:08,1653.33,3,Toys & Games,Action Figures
TXNGB7I31I1UZ,CUST60560127,2026-01-02 20:15:08,1999.25,2,Books,Textbook
TXNHJMXSNWER8,CUST60560127,2026-02-18 20:15:08,2987.81,3,Clothing,T-Shirt
TXNHYOU5MHSBD,CUST60560127,2025-11-04 20:15:08,1705.39,3,Automotive,Car Accessories
TXNFPKP555N2R,CUST60560127,2025-09-12 20:15:08,1608.16,3,Toys & Games,Puzzles
TXNTSVFK2KNEL,CUST13362958,2025-09-23 20:15:08,369.04,2,Books,Educational
TXNU8PN74FY51,CUST13362958,2025-08-28 20:15:08,308.12,4,Health & Beauty,Personal Care
TXNVILAP1J55C,CUST13362958,2025-09-28 20:15:08,447.42,5,Home & Garden,Furniture
TXN5X6G2KRT47,CUST13362958,2025-09-16 20:15:08,641.88,1,Health & Beauty,Supplements
TXN0Q5N5KXQHX,CUST13362958,2025-09-19 20:15:08,473.37,5,Food & Beverages,Beverages
TXNQY89FIQ0FC,CUST13362958,2025-09-02 20:15:08,398.87,5,Books,Textbook
TXNC7R1QOOHF5,CUST13362958,2025-09-14 20:15:08,393.76,5,Toys & Games,Video Games
TXNE953A8B5YK,CUST13362958,2025-09-09 20:15:08,229.17,3,Electronics,Smartphone
TXNA2F9TO0WZN,CUST54364165,2026-01-28 20:15:08,1021.35,3,Health & Beauty,Supplements
TXN5VA97KZB5F,CUST54364165,2025-09-01 20:15:08,788.58,5,Health & Beauty,Supplements
TXN7N385C6KDM,CUST54364165,2025-05-25 20:15:08,763.71,5,Office Supplies,Stationery
TXNHSSX0BJCKJ,CUST54364165,2026-01-09 20:15:08,1580.9,1,Electronics,Tablet
TXN6MY4GWDSHL,CUST54364165,2025-11-01 20:15:08,879.8,3,Health & Beauty,Supplements
TXNHWA7SLKD4Q,CUST54364165,2025-12-22 20:15:08,625.33,3,Electronics,Laptop
TXNB52XOVYXHZ,CUST54364165,2025-05-24 20:15:08,704.16,4,Office Supplies,Stationery
TXNSO9SPDU3NM,CUST54364165,2025-06-01 20:15:08,1085.62,5,Toys & Games,Action Figures
TXNZ5L9HGMTVP,CUST75199199,2025-07-19 20:15:08,50.85,4,Electronics,Smart Watch
TXNX1SKNXD6ZM,CUST38778444,2026-01-04 20:15:08,339.0,1,Office Supplies,Stationery
TXNTJPTVH31A2,CUST38778444,2026-02-01 20:15:08,760.74,3,Toys & Games,Action Figures
TXNG1PUXJCN0C,CUST38778444,2025-12-30 20:15:08,476.77,3,Food & Beverages,Beverages
TXN7P8AT37A67,CUST38778444,2026-01-22 20:15:08,931.41,2,Toys & Games,Board Games
TXN1I5482Q78E,CUST38778444,2026-01-29 20:15:08,789.51,5,Food & Beverages,Gourmet Food
TXNE0X7H2CPCC,CUST38778444,2025-12-28 20:15:08,516.28,2,Toys & Games,Puzzles
TXNKKHYB0R3X9,CUST38778444,2025-12-29 20:15:08,825.46,1,Sports & Outdoors,Yoga Mat
TXN7YURNZP1OQ,CUST38778444,2026-02-08 20:15:08,608.44,3,Health & Beauty,Skincare
TXN0N4H2AWNF3,CUST38778444,2026-01-27 20:15:08,748.85,3,Office Supplies,Desk Accessories
TXNYN2W8G4U1I,CUST38778444,2026-02-01 20:15:08,683.01,5,Health & Beauty,Skincare
TXNBERXE6L0DC,CUST11096665,2025-09-17 20:15:08,459.57,2,Health & Beauty,Personal Care
TXNSEMUHJQMQU,CUST11096665,2025-09-10 20:15:08,497.05,2,Electronics,Smartphone
TXNSZM6VDUQDJ,CUST11096665,2025-09-20 20:15:08,806.29,2,Books,Textbook
TXN9NK33AH78Y,CUST11096665,2025-09-26 20:15:08,554.1,4,Health & Beauty,Personal Care
TXNL4VFZYKBB5,CUST71846134,2025-10-04 20:15:08,449.18,2,Automotive,Car Accessories
TXNXDXNADA1K3,CUST71846134,2025-10-13 20:15:08,364.63,4,Health & Beauty,Skincare
TXN05ZHI646NZ,CUST71846134,2025-10-04 20:15:08,576.02,2,Sports & Outdoors,Fitness Equipment
TXNCBB3VCPEA7,CUST71846134,2025-09-14 20:15:08,827.3,5,Electronics,Laptop
TXNX8M8CT71WB,CUST71846134,2025-09-20 20:15:08,347.39,2,Automotive,Car Accessories
TXNZWPD1OTXS3,CUST71846134,2025-11-07 20:15:08,514.78,2,Books,Non-Fiction
TXNSM91KQZJQA,CUST71846134,2025-10-22 20:15:08,727.59,3,Health & Beauty,Makeup
TXNBMTH2I5P7V,CUST71846134,2025-09-13 20:15:08,498.86,5,Clothing,Shoes
TXN3PYDRO6XT8,CUST23384460,2025-07-31 20:15:08,82.59,4,Health & Beauty,Makeup
TXNQOVGPP3SUY,CUST26977114,2025-12-14 20:15:08,1015.98,4,Home & Garden,Mixer
TXN89LG7V6TVQ,CUST26977114,2025-09-06 20:15:08,1682.9,5,Clothing,Shoes
TXNUDLWRFLVRK,CUST26977114,2025-07-28 20:15:08,1407.56,5,Toys & Games,Action Figures
TXNN0ABCZ7EP6,CUST26977114,2026-01-16 20:15:08,1932.28,4,Automotive,Cleaning Supplies
TXNUU8F855MDT,CUST26977114,2025-09-28 20:15:08,2022.5,1,Automotive,Car Accessories
TXNSB5MBZGJZG,CUST26977114,2025-12-29 20:15:08,2649.81,4,Books,Magazines
TXNMQBIAFHE0F,CUST26977114,2025-12-27 20:15:08,1750.6,1,Food & Beverages,Snacks
TXNOWRG1AXVFG,CUST26977114,2025-11-08 20:15:08,1637.04,2,Automotive,Tools
TXNHEUN5A8XAE,CUST26977114,2025-09-09 20:15:08,1578.25,3,Office Supplies,Desk Accessories
TXNXPJ2QI80KA,CUST26977114,2026-01-14 20:15:08,1333.28,3,Health & Beauty,Personal Care
TXN31K88NO1RB,CUST26977114,2026-01-09 20:15:08,1642.71,4,Clothing,Shoes
TXN2NK7HLCNPT,CUST26977114,2026-01-14 20:15:08,1359.12,5,Food & Beverages,Organic Products
TXNH0JHK0I7MT,CUST26977114,2025-08-26 20:15:08,1566.65,4,Automotive,Tools
TXN3H93SIBXQN,CUST26977114,2026-01-01 20:15:08,2080.75,4,Health & Beauty,Skincare
TXN6KF5O2UXXK,CUST26977114,2026-01-19 20:15:08,1040.97,4,Automotive,Helmet
TXN5BA0L2NZVT,CUST26977114,2025-11-20 20:15:08,2001.24,4,Toys & Games,Video Games
TXNBHG9VHBQI0,CUST26977114,2025-07-09 20:15:08,2080.54,2,Electronics,Speaker
TXNLW7Y8AUBPM,CUST26977114,2026-01-31 20:15:08,1438.46,3,Office Supplies,Stationery
TXNYYWKMX8DHI,CUST26977114,2025-08-26 20:15:08,542.0,1,Electronics,Smartphone
TXNV1YY31W3LC,CUST26977114,2026-01-15 20:15:08,1219.35,1,Food & Beverages,Snacks
TXNXUJ5OGQJT4,CUST26977114,2025-07-03 20:15:08,2071.54,4,Sports & Outdoors,Camping Gear
TXNDBNIGZMK8J,CUST26977114,2025-12-20 20:15:08,1481.05,4,Toys & Games,Board Games
TXN3WVLCX7MM1,CUST26977114,2025-12-18 20:15:08,1044.21,2,Office Supplies,Furniture
TXN7PRTDQIJD4,CUST26977114,2025-11-22 20:15:08,1265.45,1,Electronics,Smart Watch
TXNNPZ5GP5GPS,CUST26977114,2025-08-17 20:15:08,1867.36,5,Food & Beverages,Snacks
TXNOAWCUD3I2I,CUST26977114,2025-10-05 20:15:08,1735.88,5,Food & Beverages,Masala
TXNPRCMZZ3T7E,CUST26977114,2025-08-22 20:15:08,1384.39,4,Clothing,Jacket
TXN88H23TU8LM,CUST26977114,2025-07-25 20:15:08,1327.17,1,Clothing,Accessories
TXNCN3ON4FG0D,CUST26977114,2025-08-10 20:15:08,1316.01,3,Home & Garden,Decor
TXN1PQVCZKAKJ,CUST26977114,2025-09-25 20:15:08,1078.61,1,Toys & Games,LEGO
TXNE6836HFEPY,CUST66657145,2026-02-09 20:15:08,3278.47,1,Office Supplies,Stationery
TXNIWFVIUCLHQ,CUST66657145,2026-02-12 20:15:08,1994.77,4,Food & Beverages,Snacks
TXNESQAXMVW0N,CUST66657145,2026-01-12 20:15:08,3014.66,2,Toys & Games,Board Games
TXNLA9A1N3IRW,CUST66657145,2026-01-27 20:15:08,3216.16,2,Books,Textbook
TXN5GLO1BXBA2,CUST66657145,2026-01-30 20:15:08,2869.67,2,Toys & Games,Puzzles
TXNYKCZF2TDCI,CUST66657145,2026-02-06 20:15:08,1922.36,5,Food & Beverages,Beverages
TXNC5LIKCTFAI,CUST66657145,2026-02-08 20:15:08,2475.77,5,Home & Garden,Decor
TXNG10YC1NE2O,CUST66657145,2026-02-03 20:15:08,2192.27,4,Sports & Outdoors,Fitness Equipment
TXNUYD7RINA0V,CUST66657145,2026-01-26 20:15:08,1609.61,3,Automotive,Parts
TXNGBMCZDBRAE,CUST66657145,2026-02-07 20:15:08,2423.18,2,Food & Beverages,Gourmet Food
TXN5AXTVDHAN1,CUST66657145,2026-02-15 20:15:08,1427.2,5,Toys & Games,Board Games
TXN2KJNVFOM3V,CUST66657145,2026-02-19 20:15:08,2995.13,4,Books,Comics
TXNIQYE1SOFPV,CUST66657145,2026-02-11 20:15:08,1900.5,4,Clothing,T-Shirt
TXN1N1T7NRQH4,CUST66657145,2026-01-19 20:15:08,2341.57,5,Health & Beauty,Personal Care
TXNHXZ8Y8K25G,CUST88780418,2025-04-10 20:15:08,139.72,4,Home & Garden,Decor
TXNGYNKIV90H7,CUST59315564,2026-02-10 20:15:08,737.23,3,Books,Comics
TXNNN9NSRANU8,CUST59315564,2025-11-18 20:15:08,940.0,1,Books,Fiction
TXNHY7I0YCM90,CUST59315564,2025-12-20 20:15:08,685.44,2,Automotive,Helmet
TXNRCLIC6B0YU,CUST59315564,2025-11-29 20:15:08,1008.25,1,Home & Garden,Tools
TXNEFRSATQV9O,CUST59315564,2026-01-11 20:15:08,476.56,1,Home & Garden,Bedding
TXNS04SJU6UQV,CUST59315564,2025-12-27 20:15:08,829.62,3,Food & Beverages,Beverages
TXNRDTOMPSDWX,CUST59315564,2025-12-02 20:15:08,1264.26,1,Clothing,Jacket
TXNH245L5DO3G,CUST59315564,2025-11-24 20:15:08,559.44,4,Food & Beverages,Gourmet Food
TXN301DVVH6SD,CUST59315564,2025-12-30 20:15:08,636.8,2,Food & Beverages,Masala
TXNX5BT8ZEH3R,CUST59315564,2026-02-11 20:15:08,922.55,4,Office Supplies,Furniture
TXN2ZEH9H72IQ,CUST59315564,2025-12-29 20:15:08,842.38,5,Sports & Outdoors,Sportswear
TXNB4LVCRFMKS,CUST59315564,2025-12-19 20:15:08,883.39,3,Office Supplies,Printer
TXN7T3F49HWFL,CUST14772640,2025-11-27 20:15:08,1587.76,3,Office Supplies,Stationery
TXNCV0L5C098J,CUST14772640,2025-12-23 20:15:08,1648.21,4,Books,Comics
TXN39ZOBZOUJJ,CUST14772640,2025-11-19 20:15:08,1845.5,2,Clothing,Accessories
TXNILHBI62VS0,CUST14772640,2025-11-29 20:15:08,1554.79,5,Toys & Games,Board Games
TXNN2TEJ0U0VG,CUST14772640,2025-12-21 20:15:08,1284.36,1,Books,Comics
TXNL87PSCH8Q7,CUST14772640,2025-12-28 20:15:08,1663.93,4,Sports & Outdoors,Fitness Equipment
TXNEXZ9ZGEGG4,CUST14772640,2025-12-28 20:15:08,2173.72,3,Home & Garden,Furniture
TXN3CYI0PLA6D,CUST14772640,2026-01-03 20:15:08,1329.47,3,Sports & Outdoors,Sportswear
TXNK85JYYFK31,CUST14772640,2025-12-01 20:15:08,979.78,1,Home & Garden,Mixer
TXNOZ7E0PCM9A,CUST14772640,2025-12-06 20:15:08,1844.41,5,Food & Beverages,Gourmet Food
TXNRGTZ6QL3E4,CUST14772640,2025-11-10 20:15:08,1334.56,1,Books,Textbook
TXN0VGWGRZPX9,CUST74782735,2026-01-26 20:15:08,451.18,5,Home & Garden,Decor
TXNMINUDC32GY,CUST74782735,2026-01-19 20:15:08,1625.18,5,Office Supplies,Desk Accessories
TXNKWFAPG0JG3,CUST74782735,2026-01-28 20:15:08,1087.67,5,Home & Garden,Tools
TXNJRD8SPW0S1,CUST74782735,2026-01-23 20:15:08,1260.57,3,Sports & Outdoors,Sportswear
TXNIUNWELAJM3,CUST74782735,2026-01-20 20:15:08,1424.82,5,Books,Educational
TXNW739V5745I,CUST74782735,2026-01-19 20:15:08,1369.82,4,Automotive,Helmet
TXNLLD5OBQ2SA,CUST74782735,2026-02-05 20:15:08,1571.55,5,Books,Magazines
TXNESQ790VON8,CUST74782735,2026-01-30 20:15:08,1126.48,4,Books,Comics
TXNWJAZQ4X55P,CUST74782735,2026-02-15 20:15:08,1495.22,1,Automotive,Car Accessories
TXNPCA12J8Z8D,CUST74782735,2026-01-25 20:15:08,1194.87,4,Office Supplies,Furniture
TXNPLXC0PADRK,CUST74782735,2026-01-31 20:15:08,1582.96,5,Health & Beauty,Makeup
TXNY8N59UL59K,CUST74782735,2026-01-22 20:15:08,1534.98,1,Books,Textbook
TXNOZ2IMB30JG,CUST74782735,2026-01-30 20:15:08,932.13,5,Health & Beauty,Personal Care
TXN3TGLQKBEC5,CUST74782735,2026-01-13 20:15:08,1717.92,2,Food & Beverages,Masala
TXNPGN3S2W1IX,CUST74782735,2026-01-29 20:15:08,1087.42,5,Food & Beverages,Beverages
TXN5YHSHZD14F,CUST74782735,2026-02-04 20:15:08,1609.88,5,Automotive,Helmet
TXNXSN66RMNR6,CUST92096853,2025-10-14 20:15:08,278.03,4,Books,Educational
TXNBGPJYHVO2N,CUST92096853,2025-11-09 20:15:08,388.54,2,Home & Garden,Decor
TXNC8HNYDZ0B5,CUST92096853,2025-10-20 20:15:08,233.65,1,Automotive,Parts
TXN5Q5GOEIOTZ,CUST92096853,2025-11-02 20:15:08,224.19,5,Books,Magazines
TXN25582RQUKJ,CUST12065233,2025-12-09 20:15:08,410.08,2,Food & Beverages,Snacks
TXNQCVMKC11XH,CUST12065233,2025-12-09 20:15:08,374.97,5,Health & Beauty,Ayurveda
TXNXB402NMSIK,CUST12065233,2025-12-06 20:15:08,511.47,3,Electronics,Tablet
TXN92XPI865EO,CUST12065233,2025-12-07 20:15:08,212.47,1,Automotive,Car Accessories
TXNQ4UCCIL9X3,CUST12065233,2025-12-06 20:15:08,282.1,1,Books,Fiction
TXNSVOLCTYLH8,CUST12065233,2025-12-10 20:15:08,280.35,3,Office Supplies,Furniture
TXNCZZYAGZR64,CUST60215787,2026-01-17 20:15:08,708.99,3,Office Supplies,Electronics
TXNWP6CBC5TNL,CUST60215787,2026-01-06 20:15:08,834.82,3,Sports & Outdoors,Bicycle
TXNT4J0SGQ53A,CUST60215787,2025-11-06 20:15:08,534.41,3,Sports & Outdoors,Yoga Mat
TXND70Y6ISX49,CUST60215787,2025-11-11 20:15:08,523.76,5,Books,Textbook
TXNL5RKH87CYA,CUST60215787,2025-12-18 20:15:08,563.29,3,Health & Beauty,Ayurveda
TXNJ8PL3M871N,CUST60215787,2025-12-09 20:15:08,744.0,2,Sports & Outdoors,Fitness Equipment
TXNK52CG99L34,CUST64282769,2026-01-13 20:15:08,286.35,1,Automotive,Parts
TXN1GT7DHT8D6,CUST64282769,2025-12-29 20:15:08,425.09,1,Toys & Games,Board Games
TXNCJNJZ9G6DV,CUST64282769,2025-11-26 20:15:08,512.79,3,Automotive,Helmet
TXN9440DCLQGD,CUST64282769,2025-12-30 20:15:08,456.36,1,Sports & Outdoors,Sportswear
TXNHD5MHBCIG3,CUST64282769,2025-12-22 20:15:08,419.28,3,Clothing,T-Shirt
TXNTYDB90MTXL,CUST64282769,2025-12-28 20:15:08,515.86,4,Food & Beverages,Organic Products
TXNOW6JFPY772,CUST58342810,2025-10-28 20:15:08,225.02,1,Home & Garden,Bedding
TXN9NWA6540WF,CUST58342810,2025-10-29 20:15:08,1432.46,3,Health & Beauty,Makeup
TXNTPSEYWR7OX,CUST58342810,2025-11-03 20:15:08,956.8,4,Health & Beauty,Ayurveda
TXNBGJU7DAMIX,CUST58342810,2026-01-08 20:15:08,536.63,3,Home & Garden,Bedding
TXNTQZFB8X6JM,CUST58342810,2025-11-05 20:15:08,1372.94,4,Home & Garden,Mixer
TXN2U7FMKGZBY,CUST58342810,2025-11-04 20:15:08,1680.93,5,Books,Textbook
TXN68O3BTG7GA,CUST58342810,2025-10-08 20:15:08,1141.29,3,Home & Garden,Kitchen Appliances
TXNQ2YVMZA5W8,CUST58342810,2026-02-02 20:15:08,1530.66,5,Books,Magazines
TXNOYHDOWM2HU,CUST58342810,2025-12-26 20:15:08,1766.15,5,Health & Beauty,Ayurveda
TXN0NP99WIHXB,CUST58342810,2026-02-10 20:15:08,1659.95,2,Food & Beverages,Beverages
TXN925UAK3J16,CUST58342810,2025-10-08 20:15:08,1776.03,1,Clothing,Kurta
TXNSHEZJ9V9LI,CUST58342810,2025-10-06 20:15:08,1455.4,2,Sports & Outdoors,Yoga Mat
TXNCZEQUBNLEI,CUST58342810,2025-12-16 20:15:08,1217.32,3,Books,Fiction
TXN61DHIHPSMT,CUST62736711,2026-02-06 20:15:08,483.39,3,Automotive,Parts
TXNXSVOLTRJKL,CUST62736711,2025-12-09 20:15:08,861.95,5,Health & Beauty,Personal Care
TXNCMH7LM2LW7,CUST62736711,2025-10-31 20:15:08,695.22,5,Home & Garden,Bedding
TXNZ8DYZKSY9F,CUST62736711,2025-10-16 20:15:08,1536.76,4,Automotive,Cleaning Supplies
TXN2WPMJO2CMX,CUST62736711,2025-09-06 20:15:08,881.54,3,Clothing,T-Shirt
TXNPVI06B8MSG,CUST62736711,2026-01-10 20:15:08,965.04,1,Health & Beauty,Personal Care
TXND0UXF7FS12,CUST62736711,2025-09-25 20:15:08,1084.62,2,Electronics,Tablet
TXNPY8258J2HK,CUST53866228,2025-09-10 20:15:08,547.71,1,Books,Fiction
TXNPI2SO0DMJP,CUST53866228,2025-05-22 20:15:08,815.56,1,Sports & Outdoors,Sportswear
TXNRJ09WEEW0O,CUST62675693,2026-02-13 20:15:08,1114.9,3,Health & Beauty,Ayurveda
TXNDYZ3MQWY2N,CUST62675693,2026-02-02 20:15:08,1451.04,1,Clothing,Jeans
TXN804XXU4YQ5,CUST62675693,2025-09-30 20:15:08,1065.62,5,Toys & Games,Action Figures
TXNNPHVOXJ0AU,CUST62675693,2025-10-01 20:15:08,828.07,1,Home & Garden,Bedding
TXNX6Z7VCRNFY,CUST62675693,2025-12-05 20:15:08,1119.38,3,Clothing,Dress
TXNVFHD7WG11S,CUST62675693,2025-10-03 20:15:08,1355.76,3,Books,Textbook
TXNJQM2UBAL0J,CUST62675693,2026-02-02 20:15:08,1194.42,2,Food & Beverages,Gourmet Food
TXNMOU803JW6R,CUST01422100,2026-01-07 20:15:08,748.26,2,Clothing,Dress
TXNMMQEBBELJQ,CUST01422100,2026-01-13 20:15:08,545.99,2,Clothing,Kurta
TXN8IC6JTEMN8,CUST01422100,2026-01-04 20:15:08,920.91,3,Office Supplies,Furniture
TXNIJ8WLOLXQW,CUST01422100,2026-01-04 20:15:08,518.11,3,Clothing,Jeans
TXNT8MA1024RV,CUST01422100,2026-01-03 20:15:08,1159.8,4,Home & Garden,Kitchen Appliances
TXNDOB261JX1O,CUST01422100,2026-01-14 20:15:08,967.81,2,Automotive,Tools
TXNPKQJ39QZJ9,CUST01422100,2026-01-11 20:15:08,531.48,5,Books,Comics
TXN9EMLMBZRKZ,CUST01422100,2026-01-11 20:15:08,856.84,4,Sports & Outdoors,Fitness Equipment
TXNAVNAQWB41P,CUST01422100,2026-01-01 20:15:08,731.34,1,Food & Beverages,Organic Products
TXN2JBTZGTLD6,CUST01422100,2026-01-07 20:15:08,1034.89,2,Office Supplies,Stationery
TXNU2X17POI92,CUST01422100,2026-01-11 20:15:08,1324.25,4,Toys & Games,Action Figures
TXN8IMDGAJBQ4,CUST03928109,2025-11-27 20:15:08,227.64,2,Clothing,Jacket
TXNIOYIR1UP3C,CUST03928109,2025-11-28 20:15:08,538.34,3,Office Supplies,Printer
TXNZ46ABQZ21P,CUST03928109,2025-11-19 20:15:08,495.39,3,Sports & Outdoors,Yoga Mat
TXNJXLFN7V2T3,CUST17540535,2026-01-02 20:15:08,1329.55,2,Clothing,Kurta
TXN5O1L8WJ6ZG,CUST17540535,2026-01-23 20:15:08,1177.44,3,Office Supplies,Electronics
TXNDD1T46MH7G,CUST17540535,2026-01-17 20:15:08,857.01,1,Clothing,Accessories
TXNCTXTYH40S2,CUST17540535,2026-01-24 20:15:08,1000.74,5,Home & Garden,Kitchen Appliances
TXNJYF8JSHL96,CUST17540535,2026-02-13 20:15:08,842.38,1,Clothing,Jeans
TXNT6AAR17QR0,CUST17540535,2026-02-06 20:15:08,1463.9,1,Home & Garden,Bedding
TXNDT1N0NRXYC,CUST17540535,2026-02-11 20:15:08,1113.74,4,Health & Beauty,Makeup
TXNB5YNKLOWQD,CUST74158147,2026-02-13 20:15:08,1189.46,5,Sports & Outdoors,Fitness Equipment
TXNL61VA2J2BU,CUST74158147,2026-02-12 20:15:08,743.66,4,Electronics,Smart Watch
TXNKMXE8QBT0N,CUST74158147,2026-02-11 20:15:08,596.47,5,Sports & Outdoors,Fitness Equipment
TXN9FO8QG87CI,CUST74158147,2026-02-11 20:15:08,413.48,4,Health & Beauty,Makeup
TXNOAGP01TSNJ,CUST74158147,2026-02-12 20:15:08,347.71,1,Home & Garden,Decor
TXNH9T13G4WAN,CUST74158147,2026-02-13 20:15:08,397.48,2,Sports & Outdoors,Sportswear
TXNL7NHYMAFCB,CUST74158147,2026-02-11 20:15:08,818.15,1,Food & Beverages,Beverages
TXNGUN8URU7M1,CUST74158147,2026-02-13 20:15:08,873.04,5,Sports & Outdoors,Bicycle
TXN7CRABOQCUC,CUST74158147,2026-02-11 20:15:08,398.15,3,Food & Beverages,Organic Products
TXNDOTIWTLINJ,CUST74158147,2026-02-11 20:15:08,960.83,5,Toys & Games,Video Games
TXNQY4AKL7XZV,CUST74158147,2026-02-12 20:15:08,647.68,4,Food & Beverages,Beverages
TXN1BIJ200Q69,CUST74158147,2026-02-11 20:15:08,790.8,3,Food & Beverages,Gourmet Food
TXNKKTBK5P24T,CUST74158147,2026-02-11 20:15:08,1123.8,3,Electronics,Headphones
TXN4FBV46MU62,CUST74158147,2026-02-11 20:15:08,961.24,4,Toys & Games,Board Games
TXNB8UO5NYMMF,CUST74158147,2026-02-11 20:15:08,696.43,5,Clothing,Kurta
TXNFYHSJ9AHAS,CUST74158147,2026-02-12 20:15:08,554.94,4,Home & Garden,Tools
TXNAP00G5X5CS,CUST74158147,2026-02-12 20:15:08,268.48,4,Health & Beauty,Ayurveda
TXNW556PNBXU6,CUST74158147,2026-02-12 20:15:08,594.03,4,Electronics,Smartphone
TXNRV537C2BPI,CUST74158147,2026-02-12 20:15:08,709.47,3,Sports & Outdoors,Fitness Equipment
TXNO8XGHIY1BF,CUST89639518,2026-01-14 20:15:08,565.42,5,Electronics,Camera
TXNKAOZA48U9Z,CUST89639518,2025-11-20 20:15:08,771.7,1,Books,Comics
TXNXGP5LFKEMR,CUST89639518,2026-01-08 20:15:08,821.85,1,Toys & Games,Board Games
TXN5JT3MT2MD8,CUST89639518,2026-01-30 20:15:08,749.14,5,Health & Beauty,Skincare
TXNN86TAIP1KE,CUST89639518,2025-11-23 20:15:08,646.68,3,Home & Garden,Furniture
TXN48TWQOYBZ8,CUST89639518,2025-12-22 20:15:08,843.98,2,Automotive,Car Accessories
TXN7B6WZLOOHV,CUST89639518,2025-11-22 20:15:08,909.84,5,Clothing,Accessories
TXN3U1F5R3ZJF,CUST89639518,2025-11-07 20:15:08,540.55,3,Automotive,Helmet
TXNG3RXOKPI1T,CUST89639518,2025-12-07 20:15:08,1143.37,5,Health & Beauty,Skincare
TXNACBSLYFAY0,CUST89639518,2025-12-21 20:15:08,779.57,1,Electronics,Laptop
TXNMNJOTWXZB5,CUST89639518,2026-01-22 20:15:08,807.87,4,Food & Beverages,Organic Products
TXNL02MOYQJ3I,CUST89639518,2025-11-07 20:15:08,974.01,4,Food & Beverages,Snacks
TXN6M072HUN8F,CUST89639518,2025-12-22 20:15:08,859.54,2,Automotive,Helmet
TXNTXP25M9FER,CUST89639518,2025-11-18 20:15:08,1033.04,3,Health & Beauty,Ayurveda
TXNN0UR99YAEC,CUST02713125,2025-09-13 20:15:08,282.22,2,Clothing,T-Shirt
TXNF0MIZ8QAJX,CUST02713125,2025-09-16 20:15:08,212.09,2,Automotive,Parts
TXNSVDT7663C4,CUST02713125,2025-10-01 20:15:08,288.01,5,Toys & Games,Video Games
TXNV96Q3QZD2L,CUST02713125,2025-09-15 20:15:08,170.68,2,Books,Educational
TXN3UFEVSTYGX,CUST02713125,2025-09-30 20:15:08,268.3,4,Food & Beverages,Organic Products
TXNZQG1KWH54W,CUST02713125,2025-09-20 20:15:08,257.24,4,Health & Beauty,Ayurveda
TXNV5ND614ISY,CUST02713125,2025-09-28 20:15:08,243.61,1,Home & Garden,Decor
TXNN2YENV7H2I,CUST80504261,2025-05-22 20:15:08,431.8,5,Health & Beauty,Skincare
TXN6YFI7EQ3O6,CUST80504261,2025-07-13 20:15:08,195.57,3,Electronics,Headphones
TXNU25WSEVI9V,CUST80504261,2025-08-13 20:15:08,375.19,3,Health & Beauty,Personal Care
TXNFTI211WY6R,CUST80504261,2025-08-01 20:15:08,461.63,4,Home & Garden,Furniture
TXN5AGP60Q2OA,CUST80504261,2025-08-25 20:15:08,470.66,2,Sports & Outdoors,Camping Gear
TXNJ7ZKXEWV00,CUST04705478,2025-08-24 20:15:08,347.19,4,Toys & Games,Video Games
TXN8IH8YOALH2,CUST04705478,2025-09-03 20:15:08,692.54,5,Books,Non-Fiction
TXNGQYMH33DHA,CUST04705478,2025-11-25 20:15:08,371.51,4,Toys & Games,Action Figures
TXNI6YB9PDGKR,CUST04705478,2025-08-11 20:15:08,647.93,3,Toys & Games,Board Games
TXNTG3FIMLCBI,CUST04705478,2025-11-11 20:15:08,566.27,2,Office Supplies,Electronics
TXNL4BV8WZJFX,CUST79126043,2026-01-12 20:15:08,713.4,3,Toys & Games,Puzzles
TXNCVF34EI2BR,CUST79126043,2026-01-16 20:15:08,1356.3,5,Books,Fiction
TXN43056M00L8,CUST79126043,2026-02-10 20:15:08,568.07,1,Clothing,Shoes
TXNLR1M86O2GS,CUST79126043,2026-01-26 20:15:08,1129.0,2,Clothing,Dress
TXNA2EO4CYTN8,CUST79126043,2026-01-18 20:15:08,1150.61,4,Sports & Outdoors,Camping Gear
TXN7LKBVXSMXV,CUST41718670,2025-10-18 20:15:08,578.66,4,Health & Beauty,Skincare
TXNYYP6S0VDCK,CUST41718670,2025-08-01 20:15:08,1027.01,4,Sports & Outdoors,Fitness Equipment
TXNNISOSZ0D3M,CUST14959272,2025-08-13 20:15:08,206.23,4,Clothing,Shoes
TXNWXN91TFRSA,CUST14959272,2025-03-09 20:15:08,242.27,2,Toys & Games,Video Games
TXN09EY5QWQMK,CUST14959272,2025-04-07 20:15:08,240.37,4,Electronics,Camera
TXNV8SVWUDJ9V,CUST03458458,2025-12-04 20:15:08,1392.84,2,Health & Beauty,Personal Care
TXNJRU7NSPN5M,CUST03458458,2026-01-26 20:15:08,1804.33,4,Clothing,T-Shirt
TXNKPMVNO9I1S,CUST03458458,2025-12-08 20:15:08,1796.79,4,Health & Beauty,Makeup
TXNABM4ML2IQR,CUST03458458,2026-02-11 20:15:08,690.01,2,Home & Garden,Furniture
TXNNYRVFONTYA,CUST03458458,2025-12-23 20:15:08,2019.21,1,Clothing,Jeans
TXNS1CBCIFL79,CUST06106233,2025-07-20 20:15:08,630.58,4,Sports & Outdoors,Sportswear
TXN9UXLJ1FWYM,CUST06106233,2025-04-21 20:15:08,1647.68,5,Food & Beverages,Masala
TXNFF2WCFIE6K,CUST06106233,2025-09-07 20:15:08,1683.22,3,Home & Garden,Bedding
TXN49DMXS03DS,CUST06106233,2025-10-23 20:15:08,846.27,2,Food & Beverages,Masala
TXNCOBTEGURT1,CUST06106233,2025-03-04 20:15:08,1102.96,4,Toys & Games,LEGO
TXNU2OLRW334K,CUST06106233,2025-03-15 20:15:08,840.71,3,Office Supplies,Desk Accessories
TXNF9YFT4GC5I,CUST06106233,2025-03-05 20:15:08,1176.89,1,Home & Garden,Kitchen Appliances
TXNIC4DTZNNVE,CUST06106233,2025-09-01 20:15:08,1141.75,3,Electronics,Speaker
TXNDJ725U0332,CUST92054605,2025-06-04 20:15:08,1361.54,5,Health & Beauty,Makeup
TXN4NXV50OT1K,CUST92054605,2025-12-07 20:15:08,1537.2,1,Toys & Games,Action Figures
TXNKHCD79UDA9,CUST92054605,2025-08-09 20:15:08,1565.46,1,Clothing,Accessories
TXNFWQVALBNA0,CUST92054605,2025-11-30 20:15:08,917.35,1,Sports & Outdoors,Bicycle
TXNK3QHAD3M6J,CUST92054605,2025-09-27 20:15:08,1034.18,4,Clothing,Jeans
TXNQXRJB0AH9Q,CUST92054605,2025-12-15 20:15:08,546.17,3,Home & Garden,Tools
TXNW8QVIVZO8W,CUST92054605,2025-11-10 20:15:08,836.67,1,Office Supplies,Desk Accessories
TXN8C4AG1QICX,CUST92054605,2025-12-28 20:15:08,1422.84,1,Health & Beauty,Supplements
TXN9VXK2FIB7A,CUST63743033,2025-12-20 20:15:08,512.01,3,Electronics,Headphones
TXNOV5NWVSJJC,CUST63743033,2026-01-02 20:15:08,217.16,1,Automotive,Tools
TXNAB62ACR85X,CUST63743033,2026-01-09 20:15:08,283.57,3,Clothing,Shoes
TXNHH9BTD5PU1,CUST63743033,2026-01-03 20:15:08,342.13,1,Office Supplies,Stationery
TXNA7JK83MVQI,CUST63743033,2026-01-01 20:15:08,373.85,2,Office Supplies,Printer
TXN8WXQDQ851Z,CUST70251463,2025-11-24 20:15:08,596.59,2,Clothing,Dress
TXNZF72334NLX,CUST70251463,2025-11-28 20:15:08,888.21,5,Food & Beverages,Beverages
TXNTXJC7IU26R,CUST70251463,2025-11-27 20:15:08,675.96,5,Health & Beauty,Personal Care
TXNPNUD53QE5E,CUST70251463,2025-11-26 20:15:08,784.55,2,Electronics,Tablet
TXNZVW7NJKHVY,CUST70251463,2025-11-12 20:15:08,917.1,4,Health & Beauty,Skincare
TXNZJEZ909O08,CUST66058053,2025-04-26 20:15:08,73.42,3,Office Supplies,Electronics
TXNOBBC83Y0CL,CUST12186855,2026-01-10 20:15:08,317.84,1,Home & Garden,Bedding
TXNQU280WC84A,CUST12186855,2025-04-03 20:15:08,353.69,5,Office Supplies,Printer
TXNTK83W1Y6ZU,CUST12186855,2025-05-08 20:15:08,356.02,4,Sports & Outdoors,Bicycle
TXNYHCXTR698I,CUST12186855,2025-05-02 20:15:08,325.12,4,Sports & Outdoors,Sportswear
TXNCE91TEFO1S,CUST12186855,2025-08-07 20:15:08,337.32,4,Health & Beauty,Supplements
TXNNWWZ3FO1YP,CUST12186855,2025-04-29 20:15:08,541.11,2,Food & Beverages,Organic Products
TXNLWVOQJ4F2X,CUST12186855,2025-11-12 20:15:08,427.25,5,Sports & Outdoors,Camping Gear
TXN9F6F5226G5,CUST12186855,2026-01-29 20:15:08,333.29,2,Home & Garden,Bedding
TXNVWL47L6OJK,CUST12186855,2025-12-21 20:15:08,442.18,5,Books,Educational
TXN10PE8EL8HP,CUST12186855,2025-07-03 20:15:08,329.09,1,Health & Beauty,Ayurveda
TXNAUR4LMY2CX,CUST12186855,2026-02-23 20:15:08,494.42,4,Automotive,Tools
TXNRVGMDFZJOI,CUST12186855,2025-10-30 20:15:08,406.27,2,Automotive,Car Accessories
TXN58OAFLKTAW,CUST12186855,2025-09-25 20:15:08,353.94,3,Home & Garden,Mixer
TXNUR1Z82H394,CUST12186855,2026-01-09 20:15:08,414.83,3,Office Supplies,Electronics
TXN83JQYCRHO7,CUST12186855,2025-04-01 20:15:08,193.37,1,Office Supplies,Desk Accessories
