customer_id,name,email,phone,country,city,registration_date
CUST63197113,James Martin,james.martin704@example.com,+1-637-1031,Australia,Melbourne,2025-06-14 20:15:10
CUST77304441,Daniel Wilson,daniel.wilson848@example.com,+1-612-7068,Australia,Brisbane,2024-10-02 20:15:10
CUST09090132,Karen Gonzalez,karen.gonzalez430@example.com,+1-741-1711,United Kingdom,London,2025-12-12 20:15:10
CUST05715053,Michael Sanchez,michael.sanchez381@example.com,+1-700-6624,Germany,Cologne,2023-03-26 20:15:10
CUST42847535,Mary Perez,mary.perez836@example.com,+1-413-9094,United Kingdom,Manchester,2025-09-26 20:15:10
CUST41541664,Daniel Clark,daniel.clark180@example.com,+1-949-4236,Germany,Berlin,2025-10-19 20:15:10
CUST97931954,Betty Walker,betty.walker239@example.com,+1-338-7627,Australia,Melbourne,2025-01-01 20:15:10
CUST50075256,Christopher Johnson,christopher.johnson325@example.com,+1-333-4861,United Kingdom,Leeds,2024-07-09 20:15:10
CUST72845955,Patricia Miller,patricia.miller327@example.com,+1-433-7114,Australia,Sydney,2025-09-06 20:15:10
CUST75275507,Charles Miller,charles.miller372@example.com,+1-817-5463,Canada,Montreal,2024-10-13 20:15:10
CUST42985078,Daniel Perez,daniel.perez460@example.com,+1-980-5380,Singapore,Singapore,2024-01-03 20:15:10
CUST39342873,Jennifer Rodriguez,jennifer.rodriguez711@example.com,+1-837-6985,Canada,Montreal,2024-09-13 20:15:10
CUST11245905,Daniel Wilson,daniel.wilson331@example.com,+1-117-8231,Singapore,Singapore,2026-02-14 20:15:10
CUST51855843,Christopher Jones,christopher.jones164@example.com,+1-599-7234,Germany,Hamburg,2024-05-26 20:15:10
CUST77182192,Daniel Johnson,daniel.johnson607@example.com,+1-820-4747,Singapore,Singapore,2024-09-01 20:15:10
CUST28563873,Susan Lopez,susan.lopez892@example.com,+1-282-4231,Germany,Cologne,2025-01-19 20:15:10
CUST00546883,John Anderson,john.anderson632@example.com,+1-377-8555,Singapore,Singapore,2024-09-24 20:15:10
CUST65896420,Jennifer Gonzalez,jennifer.gonzalez601@example.com,+1-490-6542,Singapore,Singapore,2023-02-27 20:15:10
CUST79280546,Joseph Johnson,joseph.johnson816@example.com,+1-866-5272,United States,Chicago,2025-08-05 20:15:10
CUST70273525,Nancy Gonzalez,nancy.gonzalez357@example.com,+1-658-4279,United States,New York,2026-02-01 20:15:10
CUST14181951,Lisa Taylor,lisa.taylor370@example.com,+1-808-8721,Australia,Melbourne,2025-07-16 20:15:10
CUST52781831,Karen Robinson,karen.robinson805@example.com,+1-703-8398,Germany,Hamburg,2026-02-09 20:15:10
CUST14437074,Christopher Brown,christopher.brown768@example.com,+1-324-2901,Canada,Calgary,2025-10-22 20:15:10
CUST10829835,Charles Jackson,charles.jackson604@example.com,+1-552-9180,Australia,Melbourne,2025-04-10 20:15:10
CUST29287619,Linda Lopez,linda.lopez910@example.com,+1-399-8292,Singapore,Singapore,2025-10-14 20:15:10
CUST33557537,Matthew Harris,matthew.harris559@example.com,+1-120-9293,Singapore,Singapore,2024-12-31 20:15:10
CUST67256947,Barbara White,barbara.white641@example.com,+1-917-2436,Germany,Munich,2024-06-07 20:15:10
CUST84215659,Mary Robinson,mary.robinson972@example.com,+1-454-8824,United States,Phoenix,2025-08-11 20:15:10
CUST52133282,Ashley Moore,ashley.moore180@example.com,+1-446-1560,Singapore,Singapore,2023-11-09 20:15:10
CUST35386408,Mary Wilson,mary.wilson811@example.com,+1-301-5249,Singapore,Singapore,2026-01-27 20:15:10
CUST66009696,William Garcia,william.garcia125@example.com,+1-791-2187,United Kingdom,Glasgow,2024-04-28 20:15:10
CUST79540251,Emily Thomas,emily.thomas483@example.com,+1-452-2683,United States,New York,2024-05-24 20:15:10
CUST52063605,Nancy Lopez,nancy.lopez872@example.com,+1-806-6824,United Kingdom,Manchester,2025-10-08 20:15:10
CUST53362464,John Lewis,john.lewis788@example.com,+1-843-8282,Singapore,Singapore,2025-10-20 20:15:10
CUST36564874,Sarah White,sarah.white309@example.com,+1-514-2777,Australia,Sydney,2025-10-17 20:15:10
CUST07857704,Christopher Brown,christopher.brown353@example.com,+1-896-5793,Canada,Ottawa,2024-06-28 20:15:10
CUST22393232,James Taylor,james.taylor186@example.com,+1-529-8127,United States,Los Angeles,2024-05-17 20:15:10
CUST58249735,Joseph Lee,joseph.lee907@example.com,+1-235-7771,Singapore,Singapore,2025-10-03 20:15:10
CUST12474390,Betty Robinson,betty.robinson769@example.com,+1-462-5993,Singapore,Singapore,2025-04-05 20:15:10
CUST05104605,Susan Davis,susan.davis948@example.com,+1-896-2909,Australia,Melbourne,2026-01-03 20:15:10
CUST06309177,Jessica Hernandez,jessica.hernandez264@example.com,+1-157-9955,Germany,Munich,2025-07-11 20:15:10
CUST87202295,Emily Martinez,emily.martinez289@example.com,+1-818-1109,Singapore,Singapore,2023-02-27 20:15:10
CUST61562670,Sarah Smith,sarah.smith338@example.com,+1-604-1643,Germany,Munich,2025-12-25 20:15:10
CUST02542872,Richard Perez,richard.perez261@example.com,+1-463-7523,Australia,Perth,2023-03-18 20:15:10
CUST82104990,Jennifer Thompson,jennifer.thompson659@example.com,+1-121-2542,Australia,Melbourne,2024-06-02 20:15:10
CUST61505560,Nancy Williams,nancy.williams61@example.com,+1-417-8651,Singapore,Singapore,2023-02-27 20:15:10
CUST61093913,Betty Anderson,betty.anderson427@example.com,+1-306-1205,Singapore,Singapore,2025-12-16 20:15:10
CUST04041929,Joseph Lopez,joseph.lopez91@example.com,+1-921-9373,Germany,Hamburg,2025-12-01 20:15:10
CUST20731483,Charles Walker,charles.walker608@example.com,+1-388-3182,United States,Chicago,2026-02-20 20:15:10
CUST60856990,Sandra Williams,sandra.williams394@example.com,+1-535-1926,United Kingdom,Manchester,2024-11-13 20:15:10
CUST38533212,Joseph Harris,joseph.harris557@example.com,+1-761-6978,Singapore,Singapore,2025-02-14 20:15:10
CUST15580900,Linda Davis,linda.davis458@example.com,+1-943-5788,Canada,Calgary,2025-12-17 20:15:10
CUST61839540,Margaret Ramirez,margaret.ramirez504@example.com,+1-900-9023,Germany,Frankfurt,2024-08-04 20:15:10
CUST94943353,William Davis,william.davis228@example.com,+1-387-1246,United States,Phoenix,2025-10-20 20:15:10
CUST16240693,Lisa Harris,lisa.harris974@example.com,+1-560-4740,United States,Houston,2026-01-05 20:15:10
CUST60037919,Barbara Sanchez,barbara.sanchez208@example.com,+1-730-8429,United Kingdom,London,2025-08-10 20:15:10
CUST00851591,Linda Thomas,linda.thomas400@example.com,+1-809-8990,Germany,Berlin,2026-01-23 20:15:10
CUST09093708,Michael Garcia,michael.garcia835@example.com,+1-168-9323,United States,New York,2025-11-07 20:15:10
CUST64141359,Linda Harris,linda.harris985@example.com,+1-911-6123,Singapore,Singapore,2025-09-10 20:15:10
CUST30065668,Patricia Robinson,patricia.robinson439@example.com,+1-115-9174,United Kingdom,Leeds,2024-03-31 20:15:10
CUST39679279,Emily Jackson,emily.jackson845@example.com,+1-813-5532,United States,Houston,2024-08-01 20:15:10
CUST40808967,Ashley Moore,ashley.moore742@example.com,+1-985-4921,Australia,Adelaide,2025-07-28 20:15:10
CUST34769262,Elizabeth Lee,elizabeth.lee530@example.com,+1-710-2234,Canada,Ottawa,2024-11-13 20:15:10
CUST56505700,Daniel Rodriguez,daniel.rodriguez995@example.com,+1-690-5585,United Kingdom,Manchester,2025-04-26 20:15:10
CUST41224501,Thomas Anderson,thomas.anderson969@example.com,+1-388-9010,United States,New York,2025-09-27 20:15:10
CUST73595659,David Thompson,david.thompson568@example.com,+1-383-4742,United States,New York,2024-11-11 20:15:10
CUST41529556,Ashley Anderson,ashley.anderson11@example.com,+1-443-7980,Germany,Cologne,2025-01-03 20:15:10
CUST08345057,Richard Anderson,richard.anderson671@example.com,+1-133-2547,Australia,Adelaide,2025-03-11 20:15:10
CUST52127067,Elizabeth Garcia,elizabeth.garcia851@example.com,+1-878-2895,United States,Houston,2025-03-12 20:15:10
CUST47399386,Robert Moore,robert.moore805@example.com,+1-264-2216,Australia,Melbourne,2025-01-03 20:15:10
CUST60939287,John Miller,john.miller86@example.com,+1-580-3749,Singapore,Singapore,2025-09-02 20:15:10
CUST40724937,Nancy Jones,nancy.jones125@example.com,+1-138-5738,Australia,Brisbane,2024-02-15 20:15:10
CUST73934001,Thomas Moore,thomas.moore509@example.com,+1-467-7392,Canada,Montreal,2025-12-24 20:15:10
CUST86476514,Mary Garcia,mary.garcia394@example.com,+1-238-6823,Germany,Frankfurt,2024-01-03 20:15:10
CUST41297844,Mary Martin,mary.martin413@example.com,+1-126-4911,United Kingdom,Birmingham,2025-09-27 20:15:10
CUST81413065,Mark Taylor,mark.taylor230@example.com,+1-508-2649,United States,New York,2026-01-09 20:15:10
CUST94312822,Patricia Martin,patricia.martin265@example.com,+1-235-9422,Singapore,Singapore,2025-03-29 20:15:10
CUST41585860,Mary Hernandez,mary.hernandez182@example.com,+1-783-1371,Singapore,Singapore,2025-09-07 20:15:10
CUST22698995,Robert Brown,robert.brown883@example.com,+1-864-4991,United Kingdom,Leeds,2024-06-20 20:15:10
CUST85056137,Ashley Gonzalez,ashley.gonzalez335@example.com,+1-530-2218,Singapore,Singapore,2025-08-05 20:15:10
CUST39880979,Mark Garcia,mark.garcia410@example.com,+1-379-6494,Singapore,Singapore,2025-01-19 20:15:10
CUST07350506,Richard Lee,richard.lee432@example.com,+1-383-9440,Singapore,Singapore,2025-10-15 20:15:10
CUST64248519,Patricia Jackson,patricia.jackson940@example.com,+1-320-8288,Singapore,Singapore,2025-12-03 20:15:10
CUST57733631,Thomas Jones,thomas.jones566@example.com,+1-328-8455,Germany,Hamburg,2025-08-31 20:15:10
CUST38400509,Susan Lopez,susan.lopez523@example.com,+1-975-6376,Australia,Brisbane,2025-03-23 20:15:10
CUST09275653,David Thomas,david.thomas668@example.com,+1-727-9684,Germany,Cologne,2025-02-01 20:15:10
CUST79842399,Matthew Martin,matthew.martin799@example.com,+1-483-5950,United States,Chicago,2025-04-17 20:15:10
CUST16695409,Lisa Martin,lisa.martin427@example.com,+1-392-7153,Canada,Toronto,2023-02-27 20:15:10
CUST70521637,Jennifer Perez,jennifer.perez721@example.com,+1-974-8768,Australia,Brisbane,2024-12-25 20:15:10
CUST62012706,John Clark,john.clark672@example.com,+1-690-5733,Singapore,Singapore,2023-06-24 20:15:10
CUST17758788,Thomas Davis,thomas.davis135@example.com,+1-501-6806,Canada,Montreal,2026-01-12 20:15:10
CUST02416663,Jennifer Hernandez,jennifer.hernandez860@example.com,+1-319-1487,Canada,Ottawa,2026-02-03 20:15:10
CUST23308047,Betty Moore,betty.moore672@example.com,+1-646-2385,United States,Houston,2025-10-14 20:15:10
CUST62428795,Michael Sanchez,michael.sanchez791@example.com,+1-975-5592,Germany,Munich,2026-01-04 20:15:10
CUST80628026,William Lee,william.lee916@example.com,+1-346-5537,Germany,Cologne,2025-05-30 20:15:10
CUST58263314,Sandra Smith,sandra.smith30@example.com,+1-342-4903,Germany,Frankfurt,2025-06-04 20:15:10
CUST36302324,Susan Moore,susan.moore949@example.com,+1-410-7617,Canada,Vancouver,2025-04-20 20:15:10
CUST42856910,Daniel Sanchez,daniel.sanchez201@example.com,+1-906-6508,United Kingdom,Leeds,2024-10-15 20:15:10
CUST57992215,Anthony Anderson,anthony.anderson954@example.com,+1-652-1300,Singapore,Singapore,2023-02-27 20:15:10
CUST05852676,Robert Walker,robert.walker634@example.com,+1-473-4083,United States,Houston,2024-01-20 20:15:10
CUST04422113,Jessica Harris,jessica.harris439@example.com,+1-306-2556,Singapore,Singapore,2026-01-12 20:15:10
CUST28082209,John Lee,john.lee495@example.com,+1-388-7070,United Kingdom,Birmingham,2025-09-29 20:15:10
CUST89392874,Betty Garcia,betty.garcia297@example.com,+1-771-9326,Australia,Brisbane,2025-11-11 20:15:10
CUST93920135,David Sanchez,david.sanchez573@example.com,+1-184-1428,Germany,Hamburg,2025-12-17 20:15:10
CUST92184608,Jessica Davis,jessica.davis874@example.com,+1-712-5133,United States,Chicago,2025-05-15 20:15:10
CUST12538595,Sarah Martinez,sarah.martinez428@example.com,+1-609-6164,Germany,Hamburg,2025-05-08 20:15:10
CUST95533982,Richard Taylor,richard.taylor502@example.com,+1-696-6090,Australia,Brisbane,2025-11-24 20:15:10
CUST70156829,Michael Williams,michael.williams996@example.com,+1-388-2948,United States,Phoenix,2024-11-29 20:15:10
CUST36015925,Sandra Moore,sandra.moore728@example.com,+1-709-3883,Canada,Montreal,2024-11-02 20:15:10
CUST16457535,Jennifer Thomas,jennifer.thomas615@example.com,+1-863-7045,Australia,Melbourne,2026-02-19 20:15:10
CUST48776193,Charles Miller,charles.miller723@example.com,+1-140-8036,Germany,Hamburg,2025-08-27 20:15:10
CUST14200851,David Sanchez,david.sanchez608@example.com,+1-289-1017,United States,Chicago,2023-12-13 20:15:10
CUST16478519,Ashley Thomas,ashley.thomas48@example.com,+1-637-8205,Germany,Hamburg,2025-06-03 20:15:10
CUST75634524,Sandra Robinson,sandra.robinson903@example.com,+1-927-9238,Singapore,Singapore,2025-09-24 20:15:10
CUST24909705,Robert Walker,robert.walker344@example.com,+1-178-4765,Australia,Adelaide,2025-11-12 20:15:10
CUST56525481,Elizabeth Lewis,elizabeth.lewis50@example.com,+1-245-6871,United States,Houston,2025-11-17 20:15:10
CUST96826564,Emily Hernandez,emily.hernandez318@example.com,+1-213-4828,Canada,Toronto,2026-01-19 20:15:10
CUST86927669,Nancy Miller,nancy.miller666@example.com,+1-994-3802,Canada,Vancouver,2024-06-16 20:15:10
CUST93364251,Ashley Wilson,ashley.wilson260@example.com,+1-819-7913,Canada,Montreal,2026-01-24 20:15:10
CUST43064642,Emily White,emily.white380@example.com,+1-333-4380,United Kingdom,Glasgow,2025-10-23 20:15:10
CUST53416966,Nancy Lee,nancy.lee13@example.com,+1-262-2151,United States,New York,2026-02-09 20:15:10
CUST32403161,Sarah Martin,sarah.martin50@example.com,+1-280-4279,Germany,Hamburg,2024-08-21 20:15:10
CUST96489779,Anthony Davis,anthony.davis926@example.com,+1-334-4429,Australia,Melbourne,2026-02-12 20:15:10
CUST05033223,Daniel Smith,daniel.smith217@example.com,+1-988-5247,United States,Chicago,2025-10-15 20:15:10
CUST56302252,Elizabeth Martinez,elizabeth.martinez545@example.com,+1-252-6243,United States,Chicago,2025-04-22 20:15:10
CUST53094839,William Taylor,william.taylor709@example.com,+1-875-3963,Australia,Perth,2025-08-18 20:15:10
CUST94218263,Nancy Taylor,nancy.taylor552@example.com,+1-516-9251,Australia,Sydney,2025-10-28 20:15:10
CUST37534770,Thomas Miller,thomas.miller404@example.com,+1-725-4625,United States,New York,2025-11-01 20:15:10
CUST74579314,Thomas Robinson,thomas.robinson852@example.com,+1-204-4193,Canada,Calgary,2024-07-23 20:15:10
CUST34026440,John Sanchez,john.sanchez231@example.com,+1-488-4779,Germany,Berlin,2023-02-27 20:15:10
CUST58501982,Ashley Ramirez,ashley.ramirez500@example.com,+1-872-6726,Australia,Brisbane,2025-09-23 20:15:10
CUST64066902,Susan Smith,susan.smith151@example.com,+1-101-5462,United States,New York,2026-02-12 20:15:10
CUST91111970,Charles Smith,charles.smith774@example.com,+1-191-5415,Canada,Montreal,2026-02-13 20:15:10
CUST51948442,Robert Thomas,robert.thomas205@example.com,+1-959-2831,Australia,Perth,2024-09-25 20:15:10
CUST15519521,James Sanchez,james.sanchez179@example.com,+1-230-6912,Singapore,Singapore,2025-05-09 20:15:10
CUST43143823,James Martinez,james.martinez742@example.com,+1-823-7722,Australia,Sydney,2024-08-17 20:15:10
CUST47038371,Barbara Jones,barbara.jones971@example.com,+1-658-3128,Australia,Brisbane,2024-12-17 20:15:10
CUST83394969,Patricia Martin,patricia.martin539@example.com,+1-670-1995,Germany,Munich,2023-10-12 20:15:10
CUST61713093,David Smith,david.smith56@example.com,+1-295-3074,Germany,Hamburg,2023-12-27 20:15:10
CUST29745114,Charles Thompson,charles.thompson150@example.com,+1-742-1832,Australia,Perth,2024-08-09 20:15:10
CUST94552263,Karen Brown,karen.brown443@example.com,+1-425-2358,United Kingdom,Leeds,2025-07-06 20:15:10
CUST51041387,Mark Ramirez,mark.ramirez701@example.com,+1-462-7435,United Kingdom,Birmingham,2025-10-15 20:15:10
CUST65628722,Sandra Taylor,sandra.taylor350@example.com,+1-797-9240,Australia,Adelaide,2025-06-13 20:15:10
CUST55711199,Karen Wilson,karen.wilson213@example.com,+1-400-3997,United Kingdom,Birmingham,2025-06-17 20:15:10
CUST21996713,William Wilson,william.wilson754@example.com,+1-296-7862,Australia,Brisbane,2025-03-20 20:15:10
CUST06738700,David Robinson,david.robinson108@example.com,+1-448-4478,Canada,Montreal,2025-12-13 20:15:10
CUST79503394,James Hernandez,james.hernandez192@example.com,+1-328-7200,United Kingdom,Manchester,2025-02-02 20:15:10
CUST91454909,Charles Martinez,charles.martinez166@example.com,+1-965-3493,Australia,Adelaide,2025-07-19 20:15:10
CUST65865424,Elizabeth Walker,elizabeth.walker28@example.com,+1-475-6088,Australia,Brisbane,2025-03-10 20:15:10
CUST78446025,Joseph Wilson,joseph.wilson588@example.com,+1-537-4972,Singapore,Singapore,2025-11-19 20:15:10
CUST66101280,Sandra Martin,sandra.martin365@example.com,+1-426-5037,United States,New York,2025-08-03 20:15:10
CUST37392912,Ashley Lewis,ashley.lewis493@example.com,+1-836-9879,United Kingdom,London,2025-12-02 20:15:10
CUST66110711,Jessica Thomas,jessica.thomas879@example.com,+1-566-3088,Germany,Hamburg,2024-01-29 20:15:10
CUST22874116,Karen White,karen.white410@example.com,+1-788-8084,Australia,Sydney,2025-06-27 20:15:10
CUST45926887,Thomas White,thomas.white730@example.com,+1-697-5931,United States,Houston,2025-11-25 20:15:10
CUST02705998,Margaret Jackson,margaret.jackson711@example.com,+1-587-1882,Australia,Brisbane,2026-02-11 20:15:10
CUST96837754,Patricia Clark,patricia.clark306@example.com,+1-703-3116,Singapore,Singapore,2025-01-11 20:15:10
CUST14480355,Jessica Gonzalez,jessica.gonzalez341@example.com,+1-879-6029,Australia,Melbourne,2025-11-30 20:15:10
CUST66975970,James Thompson,james.thompson285@example.com,+1-678-7690,United Kingdom,Leeds,2023-02-27 20:15:10
CUST95102471,Linda Brown,linda.brown289@example.com,+1-992-9846,Singapore,Singapore,2025-05-24 20:15:10
CUST86216257,Susan Robinson,susan.robinson641@example.com,+1-320-2711,Australia,Melbourne,2025-10-25 20:15:10
CUST58200908,William Martin,william.martin800@example.com,+1-588-4033,United States,Los Angeles,2025-01-31 20:15:10
CUST50297997,Susan Jones,susan.jones218@example.com,+1-581-9060,United States,New York,2025-11-01 20:15:10
CUST34960337,Matthew Gonzalez,matthew.gonzalez638@example.com,+1-626-4613,Canada,Toronto,2024-06-10 20:15:10
CUST24495381,Richard Gonzalez,richard.gonzalez904@example.com,+1-280-6892,Australia,Sydney,2025-10-15 20:15:10
CUST23925057,Matthew Brown,matthew.brown335@example.com,+1-475-4102,Australia,Adelaide,2023-02-27 20:15:10
CUST20131792,Betty Jones,betty.jones863@example.com,+1-577-6630,Canada,Montreal,2025-03-24 20:15:10
CUST11318449,Karen Lopez,karen.lopez763@example.com,+1-138-1884,Australia,Sydney,2024-04-18 20:15:10
CUST93457340,Michael Perez,michael.perez436@example.com,+1-303-3867,United States,Houston,2026-01-30 20:15:10
CUST78493067,Barbara Gonzalez,barbara.gonzalez117@example.com,+1-377-1505,United States,Houston,2025-09-23 20:15:10
CUST65729809,Ashley Moore,ashley.moore546@example.com,+1-130-6399,Canada,Ottawa,2024-10-26 20:15:10
CUST76081268,Mark Garcia,mark.garcia603@example.com,+1-374-2395,United Kingdom,Birmingham,2025-02-03 20:15:10
CUST94127123,Matthew Lewis,matthew.lewis204@example.com,+1-795-2190,United Kingdom,London,2025-12-10 20:15:10
CUST09762179,Jessica Smith,jessica.smith688@example.com,+1-938-6884,United Kingdom,London,2025-09-19 20:15:10
CUST52885125,Michael Harris,michael.harris648@example.com,+1-202-4330,United States,Los Angeles,2025-11-07 20:15:10
CUST57033128,Mary Davis,mary.davis947@example.com,+1-424-1112,United States,Phoenix,2025-03-17 20:15:10
CUST65710656,Sandra Brown,sandra.brown699@example.com,+1-280-8694,United States,New York,2025-09-25 20:15:10
CUST15063366,Daniel Wilson,daniel.wilson460@example.com,+1-471-4136,Germany,Hamburg,2025-10-15 20:15:10
CUST78859785,Nancy Perez,nancy.perez389@example.com,+1-959-9263,United States,Houston,2025-12-04 20:15:10
CUST54488713,Elizabeth Jones,elizabeth.jones514@example.com,+1-656-9813,Canada,Vancouver,2025-08-19 20:15:10
CUST89487272,Robert Lewis,robert.lewis18@example.com,+1-618-2658,Canada,Vancouver,2025-12-09 20:15:10
CUST98898211,Matthew Hernandez,matthew.hernandez118@example.com,+1-628-3258,United Kingdom,London,2023-02-27 20:15:10
CUST32789042,Karen Jackson,karen.jackson988@example.com,+1-494-1964,Canada,Montreal,2025-12-27 20:15:10
CUST81833308,Matthew Ramirez,matthew.ramirez916@example.com,+1-997-2590,United States,New York,2023-09-18 20:15:10
CUST18020295,Ashley Jackson,ashley.jackson182@example.com,+1-584-5934,Germany,Frankfurt,2025-08-06 20:15:10
CUST07099515,Daniel Jones,daniel.jones997@example.com,+1-679-1325,United Kingdom,Leeds,2025-09-06 20:15:10
CUST65956256,Emily Thomas,emily.thomas682@example.com,+1-780-1883,United States,Phoenix,2025-11-22 20:15:10
CUST20715374,Betty Davis,betty.davis860@example.com,+1-869-6562,Germany,Munich,2025-02-23 20:15:10
CUST46485061,Jennifer Taylor,jennifer.taylor693@example.com,+1-867-6947,Singapore,Singapore,2024-12-31 20:15:10
CUST11195874,Sarah Moore,sarah.moore104@example.com,+1-385-3427,Canada,Vancouver,2025-07-11 20:15:10
CUST26944560,Michael Wilson,michael.wilson808@example.com,+1-987-5918,United States,New York,2026-02-06 20:15:10
CUST33367510,Jennifer Harris,jennifer.harris742@example.com,+1-643-3957,Germany,Berlin,2023-08-26 20:15:10
CUST36853944,Mary Smith,mary.smith704@example.com,+1-264-9369,United States,Houston,2023-02-27 20:15:10
CUST43783261,Barbara Johnson,barbara.johnson122@example.com,+1-271-4158,Canada,Vancouver,2025-08-05 20:15:10
CUST58050603,Jennifer Moore,jennifer.moore487@example.com,+1-507-2964,Singapore,Singapore,2025-03-16 20:15:10
CUST61504137,Barbara Williams,barbara.williams213@example.com,+1-862-2177,United States,Phoenix,2025-07-23 20:15:10
CUST58834156,Patricia Jackson,patricia.jackson623@example.com,+1-299-1126,United States,Chicago,2025-10-08 20:15:10
CUST61388994,Emily Taylor,emily.taylor13@example.com,+1-459-5104,United States,Chicago,2026-01-28 20:15:10
CUST50688585,Ashley Lee,ashley.lee631@example.com,+1-463-2607,Singapore,Singapore,2025-07-19 20:15:10
CUST97494782,Patricia Thompson,patricia.thompson273@example.com,+1-800-2612,United Kingdom,Leeds,2024-06-14 20:15:10
CUST19969595,Mark Lewis,mark.lewis563@example.com,+1-546-8345,Singapore,Singapore,2026-02-20 20:15:10
CUST94210651,Margaret Sanchez,margaret.sanchez597@example.com,+1-967-3780,United States,New York,2025-04-14 20:15:10
CUST74729950,Emily Wilson,emily.wilson346@example.com,+1-330-4061,Australia,Perth,2024-01-12 20:15:10
CUST12190266,Anthony Brown,anthony.brown597@example.com,+1-767-4818,Singapore,Singapore,2025-11-29 20:15:10
CUST88609315,Sarah Moore,sarah.moore358@example.com,+1-333-5953,United Kingdom,Glasgow,2025-12-15 20:15:10
CUST46942599,Matthew Gonzalez,matthew.gonzalez244@example.com,+1-500-3524,Canada,Calgary,2024-09-04 20:15:10
CUST29786929,Mary Lewis,mary.lewis540@example.com,+1-648-5238,Singapore,Singapore,2025-11-11 20:15:10
CUST21520832,Ashley Martin,ashley.martin812@example.com,+1-351-5003,Germany,Frankfurt,2025-12-11 20:15:10
CUST03186859,Betty Moore,betty.moore606@example.com,+1-255-3588,United Kingdom,Leeds,2025-09-06 20:15:10
CUST90175132,Anthony Lee,anthony.lee216@example.com,+1-815-7905,Singapore,Singapore,2025-08-29 20:15:10
CUST84961241,Elizabeth Walker,elizabeth.walker921@example.com,+1-173-6945,Germany,Berlin,2024-02-01 20:15:10
CUST54559663,Susan Williams,susan.williams306@example.com,+1-242-4394,Australia,Brisbane,2025-03-12 20:15:10
CUST22099955,Mark Williams,mark.williams190@example.com,+1-382-3774,Germany,Frankfurt,2025-08-20 20:15:10
CUST63143481,Daniel Wilson,daniel.wilson667@example.com,+1-384-3699,Singapore,Singapore,2025-05-23 20:15:10
CUST09357947,Jessica Sanchez,jessica.sanchez952@example.com,+1-571-4471,Germany,Frankfurt,2023-02-27 20:15:10
CUST58914368,Nancy Martinez,nancy.martinez9@example.com,+1-429-9048,Germany,Frankfurt,2026-01-14 20:15:10
CUST04385899,Barbara Taylor,barbara.taylor363@example.com,+1-693-4617,Singapore,Singapore,2025-12-04 20:15:10
CUST62008975,Karen Moore,karen.moore546@example.com,+1-237-9164,Canada,Calgary,2023-02-27 20:15:10
CUST47783395,Mark Thomas,mark.thomas946@example.com,+1-445-7302,Singapore,Singapore,2023-02-27 20:15:10
CUST37771904,John Garcia,john.garcia171@example.com,+1-837-5978,Singapore,Singapore,2025-12-17 20:15:10
CUST57994303,Jennifer Johnson,jennifer.johnson27@example.com,+1-178-3100,Canada,Ottawa,2025-12-31 20:15:10
CUST83860447,William Sanchez,william.sanchez929@example.com,+1-167-6119,Singapore,Singapore,2025-08-11 20:15:10
CUST09809254,Linda Rodriguez,linda.rodriguez799@example.com,+1-838-2315,United States,Los Angeles,2026-02-08 20:15:10
CUST39786474,Matthew Gonzalez,matthew.gonzalez28@example.com,+1-911-7642,Canada,Montreal,2025-02-03 20:15:10
CUST02590291,Linda Gonzalez,linda.gonzalez692@example.com,+1-817-9938,United States,Los Angeles,2026-01-28 20:15:10
CUST94169335,Karen Garcia,karen.garcia36@example.com,+1-309-9787,Singapore,Singapore,2026-02-05 20:15:10
CUST82964276,Michael Gonzalez,michael.gonzalez742@example.com,+1-877-2950,Australia,Adelaide,2025-06-29 20:15:10
CUST77834293,Michael Davis,michael.davis273@example.com,+1-796-7365,Singapore,Singapore,2023-02-27 20:15:10
CUST90440834,Charles Lee,charles.lee242@example.com,+1-984-3183,Canada,Ottawa,2025-08-07 20:15:10
CUST78727788,Sarah Martinez,sarah.martinez187@example.com,+1-424-8577,Singapore,Singapore,2025-09-19 20:15:10
CUST32912778,William White,william.white762@example.com,+1-155-7642,United States,Los Angeles,2023-02-27 20:15:10
CUST76049597,Patricia Robinson,patricia.robinson717@example.com,+1-739-1687,Australia,Brisbane,2025-05-25 20:15:10
CUST55707342,Ashley Brown,ashley.brown824@example.com,+1-328-3396,Germany,Cologne,2025-09-08 20:15:10
CUST50190637,Jennifer Moore,jennifer.moore748@example.com,+1-547-3043,United Kingdom,Birmingham,2025-09-02 20:15:10
CUST02186039,Emily Perez,emily.perez160@example.com,+1-105-1808,United Kingdom,Birmingham,2025-12-09 20:15:10
CUST30704104,Anthony Martin,anthony.martin626@example.com,+1-503-7457,Singapore,Singapore,2025-06-09 20:15:10
CUST48060802,Mark Wilson,mark.wilson27@example.com,+1-721-9638,United Kingdom,Leeds,2025-07-31 20:15:10
CUST67718502,William Martinez,william.martinez374@example.com,+1-449-2981,Canada,Toronto,2025-11-03 20:15:10
CUST23352947,Daniel Martin,daniel.martin398@example.com,+1-592-1362,Australia,Adelaide,2025-12-25 20:15:10
CUST80360671,Karen Martin,karen.martin941@example.com,+1-295-6888,United Kingdom,Glasgow,2025-10-13 20:15:10
CUST95837293,Linda Rodriguez,linda.rodriguez730@example.com,+1-156-4043,Australia,Adelaide,2025-06-12 20:15:10
CUST32223642,Karen Perez,karen.perez516@example.com,+1-733-8185,Germany,Frankfurt,2026-02-05 20:15:10
CUST70278788,William Miller,william.miller150@example.com,+1-709-5499,Germany,Berlin,2025-12-28 20:15:10
CUST76819641,Elizabeth Thomas,elizabeth.thomas510@example.com,+1-531-7218,United States,Los Angeles,2023-03-18 20:15:10
CUST66622767,Jennifer Martinez,jennifer.martinez383@example.com,+1-280-4763,Canada,Calgary,2025-05-17 20:15:10
CUST51310971,Nancy Miller,nancy.miller247@example.com,+1-613-2014,Australia,Brisbane,2026-02-03 20:15:10
CUST53189546,Susan Brown,susan.brown21@example.com,+1-837-9868,United States,Houston,2024-12-22 20:15:10
CUST37107392,John Harris,john.harris957@example.com,+1-414-8064,Australia,Adelaide,2026-02-03 20:15:10
CUST98321281,Mark Garcia,mark.garcia885@example.com,+1-509-8442,United Kingdom,Leeds,2024-10-24 20:15:10
CUST79134838,Richard Gonzalez,richard.gonzalez31@example.com,+1-663-1689,Singapore,Singapore,2024-10-09 20:15:10
CUST23539588,David Miller,david.miller905@example.com,+1-272-2027,Australia,Melbourne,2025-02-07 20:15:10
CUST51745452,Margaret Davis,margaret.davis527@example.com,+1-895-8675,Canada,Toronto,2024-11-03 20:15:10
CUST09523800,Ashley Gonzalez,ashley.gonzalez558@example.com,+1-433-7937,Germany,Munich,2026-01-24 20:15:10
CUST26377702,David Walker,david.walker1@example.com,+1-191-3427,Singapore,Singapore,2024-11-10 20:15:10
CUST01270377,Mark Johnson,mark.johnson582@example.com,+1-918-4259,United States,Houston,2026-01-04 20:15:10
CUST52853334,Barbara Lopez,barbara.lopez114@example.com,+1-425-7577,United Kingdom,Leeds,2025-09-28 20:15:10
CUST42628372,Robert Anderson,robert.anderson265@example.com,+1-669-2714,United Kingdom,Leeds,2023-04-20 20:15:10
CUST08088531,Matthew Brown,matthew.brown151@example.com,+1-721-8738,Singapore,Singapore,2025-06-16 20:15:10
CUST96788743,Nancy Garcia,nancy.garcia665@example.com,+1-727-8658,Australia,Perth,2023-02-27 20:15:10
CUST31704908,Michael Smith,michael.smith76@example.com,+1-365-3668,Singapore,Singapore,2026-01-24 20:15:10
CUST79410281,James Perez,james.perez58@example.com,+1-446-7314,Australia,Brisbane,2025-07-05 20:15:10
CUST96696360,Nancy White,nancy.white367@example.com,+1-927-2579,Australia,Perth,2026-02-03 20:15:10
CUST94380785,Richard Martinez,richard.martinez89@example.com,+1-284-1029,Canada,Vancouver,2025-02-28 20:15:10
CUST98543463,Sarah Walker,sarah.walker998@example.com,+1-575-3021,Germany,Frankfurt,2026-01-28 20:15:10
CUST07410623,Daniel Lee,daniel.lee992@example.com,+1-870-8178,United States,Houston,2025-12-18 20:15:10
CUST89420398,Christopher Thompson,christopher.thompson316@example.com,+1-484-7395,Australia,Melbourne,2025-11-09 20:15:10
CUST32311801,Nancy Lopez,nancy.lopez5@example.com,+1-363-1413,Canada,Ottawa,2024-10-10 20:15:10
CUST46047277,Joseph Hernandez,joseph.hernandez61@example.com,+1-443-1191,Germany,Cologne,2025-12-23 20:15:10
CUST36692832,Robert Martinez,robert.martinez929@example.com,+1-621-9958,Canada,Calgary,2024-04-13 20:15:10
CUST21872973,John Davis,john.davis617@example.com,+1-965-3754,United Kingdom,Leeds,2026-01-06 20:15:10
CUST30215112,Jessica Lee,jessica.lee764@example.com,+1-298-4214,Australia,Sydney,2026-02-13 20:15:10
CUST13523342,Matthew Anderson,matthew.anderson691@example.com,+1-262-2057,United Kingdom,Manchester,2025-08-27 20:15:10
CUST52377608,John Johnson,john.johnson325@example.com,+1-812-5532,United States,Chicago,2023-02-27 20:15:10
CUST04724376,Michael Davis,michael.davis323@example.com,+1-286-4008,Canada,Ottawa,2026-01-15 20:15:10
CUST82398153,Karen Jones,karen.jones770@example.com,+1-631-4865,Australia,Melbourne,2026-01-18 20:15:10
CUST16660137,Nancy Hernandez,nancy.hernandez249@example.com,+1-752-3263,Canada,Vancouver,2024-10-07 20:15:10
CUST55147554,Thomas Ramirez,thomas.ramirez799@example.com,+1-431-3816,United Kingdom,London,2025-10-13 20:15:10
CUST54332426,Michael Jones,michael.jones701@example.com,+1-317-4134,United Kingdom,Leeds,2024-11-22 20:15:10
CUST20526145,Patricia Garcia,patricia.garcia964@example.com,+1-298-1261,Canada,Calgary,2025-12-07 20:15:10
CUST70281849,Robert White,robert.white300@example.com,+1-799-8223,United States,New York,2025-07-17 20:15:10
CUST61606643,Linda Jackson,linda.jackson64@example.com,+1-734-8052,Australia,Melbourne,2025-11-06 20:15:10
CUST07060428,Anthony Davis,anthony.davis566@example.com,+1-305-8135,Singapore,Singapore,2025-07-22 20:15:10
CUST76421530,Lisa Taylor,lisa.taylor381@example.com,+1-106-4027,Singapore,Singapore,2024-09-09 20:15:10
CUST10536310,Barbara Martinez,barbara.martinez327@example.com,+1-285-2610,Australia,Perth,2024-09-21 20:15:10
CUST21641025,Jessica Clark,jessica.clark17@example.com,+1-443-4166,Germany,Berlin,2025-06-07 20:15:10
CUST74760604,Anthony Sanchez,anthony.sanchez140@example.com,+1-614-5998,Singapore,Singapore,2023-07-10 20:15:10
CUST00640079,Mary Lewis,mary.lewis847@example.com,+1-626-4500,Canada,Toronto,2025-11-07 20:15:10
CUST27944154,Anthony Jackson,anthony.jackson121@example.com,+1-440-6975,Canada,Ottawa,2025-11-18 20:15:10
CUST37982935,Susan Jackson,susan.jackson247@example.com,+1-610-6568,United States,Houston,2025-03-16 20:15:10
CUST32430556,Anthony Perez,anthony.perez750@example.com,+1-967-2136,Australia,Adelaide,2025-03-09 20:15:10
CUST91837877,Emily Sanchez,emily.sanchez391@example.com,+1-543-7669,United Kingdom,Manchester,2026-02-09 20:15:10
CUST82736323,Sarah Ramirez,sarah.ramirez619@example.com,+1-616-5652,Germany,Frankfurt,2025-03-22 20:15:10
CUST87138095,Ashley Rodriguez,ashley.rodriguez928@example.com,+1-723-8756,United Kingdom,London,2025-09-08 20:15:10
CUST28347379,Betty Clark,betty.clark514@example.com,+1-701-6364,United States,Chicago,2024-10-12 20:15:10
CUST14750365,Charles Garcia,charles.garcia150@example.com,+1-766-4384,Australia,Adelaide,2024-07-04 20:15:10
CUST15261036,William White,william.white261@example.com,+1-875-8871,Germany,Cologne,2025-05-09 20:15:10
CUST69821816,Mary Garcia,mary.garcia593@example.com,+1-670-6275,Singapore,Singapore,2026-02-26 20:15:10
CUST64135754,Linda Rodriguez,linda.rodriguez783@example.com,+1-356-8636,United Kingdom,Manchester,2025-02-22 20:15:10
CUST85309237,Christopher White,christopher.white226@example.com,+1-848-4330,Singapore,Singapore,2024-10-10 20:15:10
CUST94500455,Jessica Brown,jessica.brown279@example.com,+1-444-9604,United Kingdom,Manchester,2025-11-14 20:15:10
CUST88146841,Thomas Wilson,thomas.wilson188@example.com,+1-289-3675,Germany,Cologne,2025-07-13 20:15:10
CUST12274586,Ashley Johnson,ashley.johnson444@example.com,+1-686-9778,United States,Phoenix,2023-02-27 20:15:10
CUST51172907,Susan Hernandez,susan.hernandez982@example.com,+1-284-3667,Germany,Frankfurt,2025-10-20 20:15:10
CUST39977098,Ashley Garcia,ashley.garcia505@example.com,+1-140-6887,Australia,Adelaide,2025-11-26 20:15:10
CUST12022846,Sarah Johnson,sarah.johnson114@example.com,+1-183-5230,Canada,Toronto,2025-12-02 20:15:10
CUST70953216,Sarah Gonzalez,sarah.gonzalez792@example.com,+1-782-9394,Singapore,Singapore,2025-05-04 20:15:10
CUST35816453,Jennifer Harris,jennifer.harris973@example.com,+1-949-5242,Australia,Melbourne,2023-03-03 20:15:10
CUST65870079,Sarah Harris,sarah.harris982@example.com,+1-229-7605,Canada,Calgary,2025-03-21 20:15:10
CUST24617212,Karen Davis,karen.davis276@example.com,+1-487-5958,United States,Phoenix,2025-10-18 20:15:10
CUST34725886,Daniel Moore,daniel.moore380@example.com,+1-771-1724,Australia,Perth,2025-02-20 20:15:10
CUST61520295,Patricia Taylor,patricia.taylor106@example.com,+1-972-2679,Australia,Sydney,2025-03-06 20:15:10
CUST90838202,Susan Walker,susan.walker125@example.com,+1-394-2791,Canada,Montreal,2025-04-01 20:15:10
CUST63436947,Matthew Rodriguez,matthew.rodriguez963@example.com,+1-678-9920,Canada,Calgary,2025-12-25 20:15:10
CUST40190873,Linda Miller,linda.miller746@example.com,+1-930-7806,Singapore,Singapore,2025-02-24 20:15:10
CUST46719228,Jennifer Jackson,jennifer.jackson839@example.com,+1-213-6944,Germany,Frankfurt,2025-08-05 20:15:10
CUST71220194,Richard Rodriguez,richard.rodriguez262@example.com,+1-952-5966,United States,New York,2026-02-20 20:15:10
CUST31696579,Nancy White,nancy.white943@example.com,+1-379-4408,Canada,Montreal,2025-05-19 20:15:10
CUST23384428,Jessica Davis,jessica.davis767@example.com,+1-725-5678,Canada,Toronto,2023-02-27 20:15:10
CUST91886151,Jennifer Brown,jennifer.brown128@example.com,+1-895-2130,Australia,Perth,2025-09-22 20:15:10
CUST25432846,William Johnson,william.johnson756@example.com,+1-107-9418,Singapore,Singapore,2023-02-27 20:15:10
CUST05985983,Karen Perez,karen.perez688@example.com,+1-928-7890,Germany,Berlin,2026-01-21 20:15:10
CUST21579200,Margaret Lopez,margaret.lopez838@example.com,+1-290-8422,Germany,Frankfurt,2024-11-02 20:15:10
CUST14223240,Michael Jackson,michael.jackson585@example.com,+1-319-6477,Germany,Hamburg,2026-01-13 20:15:10
CUST93028526,Lisa Brown,lisa.brown32@example.com,+1-805-3330,United Kingdom,Glasgow,2025-11-02 20:15:10
CUST55138794,Jessica Rodriguez,jessica.rodriguez695@example.com,+1-851-4583,United States,New York,2025-04-24 20:15:10
CUST13441301,Sarah Lee,sarah.lee607@example.com,+1-871-7803,Australia,Perth,2025-04-05 20:15:10
CUST41771701,John Thomas,john.thomas80@example.com,+1-656-1759,Canada,Ottawa,2024-08-31 20:15:10
CUST58303419,Lisa Lopez,lisa.lopez834@example.com,+1-709-1520,United States,New York,2025-03-15 20:15:10
CUST85741336,Barbara Taylor,barbara.taylor921@example.com,+1-101-2525,United States,Phoenix,2025-04-04 20:15:10
CUST40031489,James Martinez,james.martinez384@example.com,+1-230-8741,Canada,Montreal,2023-09-22 20:15:10
CUST94908974,Karen Davis,karen.davis930@example.com,+1-324-9151,Germany,Frankfurt,2025-07-22 20:15:10
CUST24684019,Jessica Harris,jessica.harris82@example.com,+1-384-8962,Australia,Melbourne,2025-11-25 20:15:10
CUST10433758,Ashley Garcia,ashley.garcia917@example.com,+1-262-3304,Australia,Adelaide,2025-12-24 20:15:10
CUST86531219,Karen Lopez,karen.lopez595@example.com,+1-663-5985,Canada,Vancouver,2025-08-24 20:15:10
CUST97438206,Margaret Thomas,margaret.thomas87@example.com,+1-258-3341,Australia,Brisbane,2024-11-28 20:15:10
CUST30837688,Ashley Harris,ashley.harris373@example.com,+1-719-5875,United Kingdom,Birmingham,2026-02-11 20:15:10
CUST48455663,David Davis,david.davis248@example.com,+1-169-9117,Canada,Vancouver,2026-01-07 20:15:10
CUST06798403,Richard Garcia,richard.garcia758@example.com,+1-635-6727,Canada,Calgary,2026-01-17 20:15:10
CUST66871289,Mark Walker,mark.walker804@example.com,+1-214-9918,Singapore,Singapore,2025-04-11 20:15:10
CUST76418930,Elizabeth Robinson,elizabeth.robinson169@example.com,+1-423-6812,United States,Houston,2025-11-17 20:15:10
CUST55209272,Betty Williams,betty.williams836@example.com,+1-605-1144,Germany,Cologne,2025-12-22 20:15:10
CUST29394259,Jessica Martin,jessica.martin180@example.com,+1-739-1459,Singapore,Singapore,2025-04-05 20:15:10
CUST44693474,John Williams,john.williams981@example.com,+1-988-4796,United Kingdom,London,2024-09-22 20:15:10
CUST68567939,Thomas Garcia,thomas.garcia856@example.com,+1-631-5954,Canada,Calgary,2025-10-02 20:15:10
CUST44528864,Susan Martinez,susan.martinez738@example.com,+1-528-4416,Germany,Munich,2025-04-17 20:15:10
CUST75617412,William Taylor,william.taylor901@example.com,+1-995-6748,United Kingdom,Leeds,2026-01-20 20:15:10
CUST92999884,David Wilson,david.wilson366@example.com,+1-484-9174,Singapore,Singapore,2023-06-04 20:15:10
CUST51159232,Christopher Taylor,christopher.taylor732@example.com,+1-821-3181,Singapore,Singapore,2025-09-30 20:15:10
CUST80359627,Emily Taylor,emily.taylor391@example.com,+1-957-6688,United Kingdom,Leeds,2023-02-27 20:15:10
CUST69409653,Betty Rodriguez,betty.rodriguez569@example.com,+1-522-7602,Singapore,Singapore,2023-02-27 20:15:10
CUST54686194,Sandra Moore,sandra.moore270@example.com,+1-446-7984,United Kingdom,Glasgow,2024-08-25 20:15:10
CUST67253248,Betty Clark,betty.clark996@example.com,+1-370-9080,United States,Chicago,2026-02-19 20:15:10
CUST62561878,Richard Thomas,richard.thomas979@example.com,+1-881-2106,Australia,Perth,2025-05-16 20:15:10
CUST49463851,Sarah Wilson,sarah.wilson529@example.com,+1-736-9837,Australia,Brisbane,2026-01-24 20:15:10
CUST45229144,Elizabeth Gonzalez,elizabeth.gonzalez582@example.com,+1-129-1823,Australia,Sydney,2023-11-26 20:15:10
CUST51114385,Elizabeth Jones,elizabeth.jones164@example.com,+1-541-7817,Singapore,Singapore,2024-08-06 20:15:10
CUST60432845,Christopher Hernandez,christopher.hernandez952@example.com,+1-638-6877,Singapore,Singapore,2023-02-27 20:15:10
CUST38649493,James Lee,james.lee685@example.com,+1-872-8510,Australia,Sydney,2025-03-21 20:15:10
CUST12987823,Barbara Taylor,barbara.taylor378@example.com,+1-242-2739,Australia,Perth,2025-06-02 20:15:10
CUST15253469,Margaret Miller,margaret.miller989@example.com,+1-574-9168,Germany,Munich,2025-06-04 20:15:10
CUST44268562,Susan Davis,susan.davis977@example.com,+1-516-4830,Singapore,Singapore,2025-09-01 20:15:10
CUST76775978,Sandra Lewis,sandra.lewis264@example.com,+1-481-9134,United States,Houston,2025-07-11 20:15:10
CUST22194130,Nancy Robinson,nancy.robinson459@example.com,+1-845-4770,United Kingdom,Glasgow,2025-02-23 20:15:10
CUST15446213,Daniel Anderson,daniel.anderson353@example.com,+1-518-4936,Germany,Munich,2023-06-16 20:15:10
CUST21347940,Patricia Clark,patricia.clark56@example.com,+1-934-4745,United States,New York,2025-04-02 20:15:10
CUST85241555,Daniel Davis,daniel.davis187@example.com,+1-916-3136,United Kingdom,Manchester,2024-03-18 20:15:10
CUST14743422,Linda Lewis,linda.lewis188@example.com,+1-837-7119,United States,Chicago,2024-03-04 20:15:10
CUST04022998,Margaret Anderson,margaret.anderson4@example.com,+1-962-4155,Australia,Sydney,2025-06-04 20:15:10
CUST85882624,Sandra Taylor,sandra.taylor232@example.com,+1-349-4268,Canada,Calgary,2025-09-24 20:15:10
CUST41768390,James Ramirez,james.ramirez709@example.com,+1-181-2723,Germany,Frankfurt,2025-02-19 20:15:10
CUST17701246,John Jones,john.jones132@example.com,+1-658-5055,Singapore,Singapore,2025-07-26 20:15:10
CUST47858995,Margaret Anderson,margaret.anderson846@example.com,+1-470-9336,Australia,Brisbane,2026-01-26 20:15:10
CUST82301596,Emily Miller,emily.miller584@example.com,+1-697-9706,United States,Houston,2025-09-06 20:15:10
CUST40921426,David Lewis,david.lewis404@example.com,+1-623-8977,United States,New York,2023-02-27 20:15:10
CUST42791456,Richard Sanchez,richard.sanchez845@example.com,+1-932-8433,United States,Los Angeles,2026-02-08 20:15:10
CUST22194888,Barbara Lee,barbara.lee301@example.com,+1-473-1434,Germany,Frankfurt,2024-12-18 20:15:10
CUST27589446,Ashley Clark,ashley.clark589@example.com,+1-580-2954,Germany,Frankfurt,2024-04-26 20:15:10
CUST29996853,Richard Lopez,richard.lopez9@example.com,+1-401-7553,United States,New York,2025-02-10 20:15:10
CUST12828553,Matthew Davis,matthew.davis273@example.com,+1-315-4606,Germany,Munich,2025-04-25 20:15:10
CUST64399267,Anthony Taylor,anthony.taylor652@example.com,+1-965-8153,Singapore,Singapore,2024-12-05 20:15:10
CUST35918022,Ashley Johnson,ashley.johnson590@example.com,+1-986-7913,Australia,Melbourne,2025-08-06 20:15:10
CUST20916791,Nancy Jackson,nancy.jackson808@example.com,+1-826-6696,Australia,Adelaide,2026-01-23 20:15:10
CUST22499860,Elizabeth Martin,elizabeth.martin261@example.com,+1-317-3897,United States,Chicago,2023-02-27 20:15:10
CUST29227606,Nancy Jones,nancy.jones654@example.com,+1-407-7975,Germany,Berlin,2025-08-04 20:15:10
CUST50885279,Barbara Ramirez,barbara.ramirez421@example.com,+1-939-8013,United States,New York,2025-01-23 20:15:10
CUST75658257,Charles Jones,charles.jones621@example.com,+1-328-6042,Germany,Cologne,2025-05-26 20:15:10
CUST05656052,Lisa Lopez,lisa.lopez344@example.com,+1-321-6585,United States,Phoenix,2026-02-06 20:15:10
CUST55225246,James Garcia,james.garcia502@example.com,+1-390-6837,Singapore,Singapore,2023-02-27 20:15:10
CUST00904318,Margaret Lee,margaret.lee388@example.com,+1-736-5181,United States,Houston,2024-08-01 20:15:10
CUST97719553,Thomas Garcia,thomas.garcia165@example.com,+1-961-1645,United States,Chicago,2025-12-30 20:15:10
CUST45786405,Elizabeth Anderson,elizabeth.anderson787@example.com,+1-562-8406,Australia,Sydney,2023-02-27 20:15:10
CUST07965002,Linda Martin,linda.martin183@example.com,+1-853-3679,Canada,Toronto,2024-10-27 20:15:10
CUST99669859,Karen Clark,karen.clark711@example.com,+1-124-7852,United Kingdom,Leeds,2025-07-08 20:15:10
CUST63542080,Robert Clark,robert.clark647@example.com,+1-744-9851,United Kingdom,London,2025-03-19 20:15:10
CUST13030049,David Martin,david.martin347@example.com,+1-296-3774,Australia,Sydney,2026-01-16 20:15:10
CUST12967350,Susan Williams,susan.williams559@example.com,+1-131-5113,Germany,Cologne,2025-05-03 20:15:10
CUST93970811,Linda Brown,linda.brown937@example.com,+1-234-6842,Australia,Perth,2026-01-30 20:15:10
CUST14259417,Charles Jackson,charles.jackson210@example.com,+1-817-2632,United Kingdom,Birmingham,2025-05-15 20:15:10
CUST15002698,Mary Brown,mary.brown562@example.com,+1-814-5694,Canada,Toronto,2025-05-09 20:15:10
CUST55069226,Betty Gonzalez,betty.gonzalez992@example.com,+1-658-3756,Canada,Montreal,2024-01-31 20:15:10
CUST55325593,Sandra Moore,sandra.moore530@example.com,+1-280-2606,Australia,Adelaide,2024-11-12 20:15:10
CUST89687559,Linda Martin,linda.martin292@example.com,+1-882-6127,Singapore,Singapore,2025-11-14 20:15:10
CUST21383993,Mark Gonzalez,mark.gonzalez638@example.com,+1-677-9924,Canada,Ottawa,2023-12-19 20:15:10
CUST10802336,Michael Martinez,michael.martinez409@example.com,+1-596-4224,Australia,Adelaide,2025-04-22 20:15:10
CUST96370481,Michael White,michael.white274@example.com,+1-607-6618,Germany,Frankfurt,2025-03-23 20:15:10
CUST33633719,Joseph Miller,joseph.miller112@example.com,+1-371-4613,Singapore,Singapore,2025-12-21 20:15:10
CUST76283729,Ashley Lee,ashley.lee989@example.com,+1-314-4440,United Kingdom,Manchester,2024-03-17 20:15:10
CUST38647672,Linda Lopez,linda.lopez39@example.com,+1-294-7972,Singapore,Singapore,2023-06-27 20:15:10
CUST61490985,Richard Thomas,richard.thomas225@example.com,+1-945-8372,Singapore,Singapore,2024-08-31 20:15:10
CUST78662360,Anthony Robinson,anthony.robinson563@example.com,+1-394-9092,Australia,Melbourne,2023-05-02 20:15:10
CUST79065974,Matthew Smith,matthew.smith409@example.com,+1-442-7080,Canada,Ottawa,2025-10-18 20:15:10
CUST51528169,Daniel Hernandez,daniel.hernandez784@example.com,+1-808-7544,Germany,Berlin,2024-03-08 20:15:10
CUST46446571,Linda Thomas,linda.thomas852@example.com,+1-727-4356,Germany,Hamburg,2025-06-27 20:15:10
CUST88507999,Michael Williams,michael.williams961@example.com,+1-440-8027,United States,Chicago,2025-12-23 20:15:10
CUST23229054,Sarah Williams,sarah.williams935@example.com,+1-418-2465,Canada,Calgary,2025-01-19 20:15:10
CUST12823261,Daniel Smith,daniel.smith125@example.com,+1-852-9498,United Kingdom,Glasgow,2025-01-02 20:15:10
CUST17254425,James Harris,james.harris891@example.com,+1-839-2200,Singapore,Singapore,2025-10-26 20:15:10
CUST58223817,Matthew White,matthew.white929@example.com,+1-687-1989,Australia,Adelaide,2026-02-16 20:15:10
CUST97508706,Sarah Anderson,sarah.anderson934@example.com,+1-277-8942,Germany,Munich,2025-12-07 20:15:10
CUST50154460,Nancy Thomas,nancy.thomas483@example.com,+1-454-5767,Germany,Hamburg,2025-08-24 20:15:10
CUST61215010,Mary Martinez,mary.martinez600@example.com,+1-409-8776,Canada,Montreal,2025-12-22 20:15:10
CUST55442574,Betty Johnson,betty.johnson420@example.com,+1-964-2678,United Kingdom,Leeds,2025-12-10 20:15:10
CUST78981074,Ashley Brown,ashley.brown429@example.com,+1-429-3844,Singapore,Singapore,2025-08-29 20:15:10
CUST87618602,Susan Brown,susan.brown707@example.com,+1-936-8932,Germany,Hamburg,2023-02-27 20:15:10
CUST52861856,Nancy Walker,nancy.walker735@example.com,+1-850-9402,Singapore,Singapore,2024-09-17 20:15:10
CUST65355210,Linda Thomas,linda.thomas253@example.com,+1-950-7469,Germany,Frankfurt,2025-10-09 20:15:10
CUST28350803,Sandra Miller,sandra.miller109@example.com,+1-461-5458,Singapore,Singapore,2023-02-27 20:15:10
CUST49715195,Margaret Jones,margaret.jones419@example.com,+1-579-4600,Canada,Toronto,2025-02-13 20:15:10
CUST70837731,Jennifer Lewis,jennifer.lewis14@example.com,+1-595-3401,Canada,Ottawa,2025-07-20 20:15:10
CUST21043563,John Moore,john.moore71@example.com,+1-773-7244,Australia,Melbourne,2025-07-11 20:15:10
CUST05938873,Mark Lopez,mark.lopez557@example.com,+1-159-2615,Germany,Berlin,2025-08-17 20:15:10
CUST49967424,Susan Taylor,susan.taylor816@example.com,+1-349-1937,United Kingdom,Manchester,2025-11-22 20:15:10
CUST55289775,Elizabeth Johnson,elizabeth.johnson903@example.com,+1-269-2737,United States,Phoenix,2025-09-01 20:15:10
CUST87733058,Linda Garcia,linda.garcia164@example.com,+1-241-5367,United Kingdom,Manchester,2025-05-29 20:15:10
CUST12046457,David Perez,david.perez124@example.com,+1-782-6925,Germany,Cologne,2025-05-28 20:15:10
CUST85936255,Betty Taylor,betty.taylor568@example.com,+1-837-1039,Canada,Calgary,2024-09-21 20:15:10
CUST03310276,David Perez,david.perez427@example.com,+1-527-3269,United Kingdom,Birmingham,2025-09-17 20:15:10
CUST89724928,Charles Moore,charles.moore395@example.com,+1-876-9204,United Kingdom,Birmingham,2024-11-23 20:15:10
CUST58006365,Michael Anderson,michael.anderson807@example.com,+1-214-7182,Australia,Perth,2025-04-18 20:15:10
CUST87269407,Mark Robinson,mark.robinson358@example.com,+1-405-9663,Australia,Adelaide,2023-02-27 20:15:10
CUST28790835,Patricia White,patricia.white938@example.com,+1-312-5532,Germany,Munich,2025-09-02 20:15:10
CUST16117469,Charles Smith,charles.smith111@example.com,+1-415-4147,Australia,Sydney,2023-11-05 20:15:10
CUST60042834,Mark Hernandez,mark.hernandez930@example.com,+1-872-1431,United Kingdom,Manchester,2024-06-09 20:15:10
CUST13617823,Joseph Garcia,joseph.garcia141@example.com,+1-564-6654,United States,Los Angeles,2025-02-21 20:15:10
CUST14263952,William Garcia,william.garcia865@example.com,+1-278-7643,Germany,Cologne,2025-02-04 20:15:10
CUST58797383,Mary Lee,mary.lee59@example.com,+1-368-3429,United States,Chicago,2026-01-25 20:15:10
CUST80745346,Michael Moore,michael.moore478@example.com,+1-641-8395,Australia,Melbourne,2023-02-27 20:15:10
CUST68473850,Emily Williams,emily.williams739@example.com,+1-266-6734,Canada,Calgary,2026-01-16 20:15:10
CUST21392759,Elizabeth Miller,elizabeth.miller856@example.com,+1-727-2590,United Kingdom,Manchester,2025-04-30 20:15:10
CUST27114130,Lisa Lewis,lisa.lewis730@example.com,+1-458-7569,United States,New York,2025-10-03 20:15:10
CUST47356127,Betty Jackson,betty.jackson934@example.com,+1-304-7590,Singapore,Singapore,2025-08-05 20:15:10
CUST36305361,Anthony White,anthony.white261@example.com,+1-302-9302,Singapore,Singapore,2025-03-20 20:15:10
CUST30382635,Elizabeth Williams,elizabeth.williams875@example.com,+1-469-2858,Australia,Sydney,2023-10-06 20:15:10
CUST97057706,Joseph Robinson,joseph.robinson127@example.com,+1-287-4510,Germany,Cologne,2025-07-18 20:15:10
CUST78511034,Richard Garcia,richard.garcia340@example.com,+1-102-3521,United States,Chicago,2023-02-27 20:15:10
CUST54994668,Patricia Wilson,patricia.wilson565@example.com,+1-343-5063,Canada,Ottawa,2025-04-05 20:15:10
CUST53068725,Charles Smith,charles.smith525@example.com,+1-903-7349,Singapore,Singapore,2025-12-25 20:15:10
CUST17644590,Jessica Johnson,jessica.johnson810@example.com,+1-151-6183,Canada,Calgary,2025-12-12 20:15:10
CUST06837508,Susan Lewis,susan.lewis390@example.com,+1-990-1763,Singapore,Singapore,2024-11-24 20:15:10
CUST99278365,Betty Perez,betty.perez709@example.com,+1-632-4789,Singapore,Singapore,2026-02-08 20:15:10
CUST88222718,Lisa Thomas,lisa.thomas95@example.com,+1-781-3006,United States,New York,2025-07-03 20:15:10
CUST24478241,Barbara Wilson,barbara.wilson446@example.com,+1-152-8114,Australia,Perth,2025-12-30 20:15:10
CUST07342256,Mark Walker,mark.walker825@example.com,+1-683-6688,United States,Chicago,2025-08-03 20:15:10
CUST75694389,Daniel Perez,daniel.perez18@example.com,+1-335-4192,United States,Phoenix,2024-10-09 20:15:10
CUST99732638,John Brown,john.brown254@example.com,+1-113-8835,United Kingdom,Leeds,2025-07-17 20:15:10
CUST34228208,Mark Johnson,mark.johnson351@example.com,+1-175-5129,Singapore,Singapore,2025-12-23 20:15:10
CUST41692982,Matthew Harris,matthew.harris565@example.com,+1-376-7678,Australia,Melbourne,2025-11-13 20:15:10
CUST16254714,Karen Perez,karen.perez269@example.com,+1-175-9458,Singapore,Singapore,2025-09-12 20:15:10
CUST88761532,Elizabeth Gonzalez,elizabeth.gonzalez594@example.com,+1-678-3389,United Kingdom,London,2026-01-31 20:15:10
CUST59517125,Thomas Smith,thomas.smith698@example.com,+1-385-8736,Canada,Toronto,2025-04-12 20:15:10
CUST24465267,Jessica Walker,jessica.walker683@example.com,+1-583-9356,Canada,Calgary,2025-03-22 20:15:10
CUST39799636,Margaret Ramirez,margaret.ramirez800@example.com,+1-277-4775,Singapore,Singapore,2026-02-03 20:15:10
CUST87745073,Margaret Taylor,margaret.taylor62@example.com,+1-304-8039,Germany,Frankfurt,2025-08-23 20:15:10
CUST21610398,Margaret Anderson,margaret.anderson849@example.com,+1-638-9061,Australia,Perth,2025-08-15 20:15:10
CUST75954665,Emily Clark,emily.clark479@example.com,+1-579-8952,Canada,Ottawa,2025-10-01 20:15:10
CUST87455983,Mary White,mary.white759@example.com,+1-165-7434,United Kingdom,Manchester,2025-05-05 20:15:10
CUST69910421,Mark Smith,mark.smith337@example.com,+1-376-7293,Australia,Perth,2025-09-25 20:15:10
CUST57092979,Robert Taylor,robert.taylor798@example.com,+1-867-3423,Singapore,Singapore,2025-08-14 20:15:10
CUST51907946,Susan Rodriguez,susan.rodriguez328@example.com,+1-244-1479,Australia,Sydney,2024-07-24 20:15:10
CUST60408978,Margaret Wilson,margaret.wilson657@example.com,+1-179-5321,Germany,Cologne,2025-12-24 20:15:10
CUST56775004,Richard Moore,richard.moore751@example.com,+1-126-6862,Singapore,Singapore,2025-03-11 20:15:10
CUST60236066,James Ramirez,james.ramirez938@example.com,+1-844-8640,United Kingdom,Glasgow,2025-06-14 20:15:10
CUST93113526,Richard Rodriguez,richard.rodriguez912@example.com,+1-106-5068,Germany,Frankfurt,2025-10-17 20:15:10
CUST57385250,Richard Smith,richard.smith482@example.com,+1-163-2661,Germany,Cologne,2024-11-09 20:15:10
CUST08343361,John Walker,john.walker854@example.com,+1-288-7039,Singapore,Singapore,2025-05-10 20:15:10
CUST32906175,Matthew Robinson,matthew.robinson756@example.com,+1-843-5192,Germany,Cologne,2025-07-05 20:15:10
CUST54599252,Patricia Robinson,patricia.robinson493@example.com,+1-780-3871,Canada,Montreal,2025-01-20 20:15:10
CUST77203980,David Martin,david.martin126@example.com,+1-277-2475,Canada,Toronto,2024-07-15 20:15:10
CUST98811073,Robert Lewis,robert.lewis60@example.com,+1-145-1149,United States,Phoenix,2023-02-27 20:15:10
CUST53770481,Linda Sanchez,linda.sanchez831@example.com,+1-987-3313,United Kingdom,Manchester,2025-03-01 20:15:10
CUST77741797,Emily Martinez,emily.martinez612@example.com,+1-596-1395,Australia,Adelaide,2024-01-31 20:15:10
CUST75790726,Daniel Thompson,daniel.thompson932@example.com,+1-767-3029,Germany,Hamburg,2026-02-26 20:15:10
CUST48967057,Susan Ramirez,susan.ramirez349@example.com,+1-749-7506,United Kingdom,Birmingham,2025-05-27 20:15:10
CUST16062516,Sarah Rodriguez,sarah.rodriguez865@example.com,+1-659-1916,Germany,Hamburg,2025-11-30 20:15:10
CUST80131592,Betty Lee,betty.lee910@example.com,+1-154-2275,Australia,Sydney,2026-01-21 20:15:10
CUST47844232,Sandra Moore,sandra.moore49@example.com,+1-733-7165,Australia,Adelaide,2025-05-25 20:15:10
CUST21987118,Thomas Lopez,thomas.lopez637@example.com,+1-419-2126,Canada,Ottawa,2024-10-13 20:15:10
CUST16682320,Barbara Thomas,barbara.thomas6@example.com,+1-655-8753,United States,Los Angeles,2025-08-17 20:15:10
CUST14838043,Jessica Rodriguez,jessica.rodriguez565@example.com,+1-486-6454,United Kingdom,Birmingham,2025-01-18 20:15:10
CUST10640841,Elizabeth Taylor,elizabeth.taylor488@example.com,+1-387-3454,United States,Houston,2025-06-26 20:15:10
CUST39812254,Patricia Jackson,patricia.jackson997@example.com,+1-413-4476,Singapore,Singapore,2025-08-01 20:15:10
CUST19139893,Linda Wilson,linda.wilson524@example.com,+1-367-7041,United States,Houston,2025-10-24 20:15:10
CUST04406843,Christopher Ramirez,christopher.ramirez630@example.com,+1-555-4315,Australia,Brisbane,2025-09-03 20:15:10
CUST20287821,John Thomas,john.thomas365@example.com,+1-558-5946,United States,Chicago,2025-09-22 20:15:10
CUST60452951,Charles Clark,charles.clark195@example.com,+1-974-1711,Canada,Montreal,2025-02-12 20:15:10
CUST98100846,Betty Davis,betty.davis717@example.com,+1-402-9070,United States,New York,2026-01-12 20:15:10
CUST81498540,Nancy Lee,nancy.lee297@example.com,+1-351-4433,Australia,Melbourne,2026-01-22 20:15:10
CUST17079747,Mark White,mark.white755@example.com,+1-957-4151,Singapore,Singapore,2025-01-29 20:15:10
CUST68879896,Mary White,mary.white140@example.com,+1-526-3189,Germany,Frankfurt,2025-05-14 20:15:10
CUST80757200,Jessica Clark,jessica.clark505@example.com,+1-477-3850,United States,New York,2025-08-05 20:15:10
CUST72519935,Charles Garcia,charles.garcia749@example.com,+1-668-6755,Australia,Sydney,2025-12-28 20:15:10
CUST83019378,Sarah Anderson,sarah.anderson935@example.com,+1-102-9390,United Kingdom,Manchester,2025-08-17 20:15:10
CUST89157484,Charles Wilson,charles.wilson85@example.com,+1-485-2830,Germany,Berlin,2024-08-06 20:15:10
CUST82165087,Daniel Gonzalez,daniel.gonzalez672@example.com,+1-542-6718,Germany,Cologne,2023-12-15 20:15:10
CUST41369253,Matthew Anderson,matthew.anderson148@example.com,+1-627-8035,United States,Chicago,2024-12-11 20:15:10
CUST96299174,Anthony Martin,anthony.martin875@example.com,+1-472-4833,Singapore,Singapore,2026-02-04 20:15:10
CUST96553513,William Jackson,william.jackson480@example.com,+1-604-9068,Germany,Frankfurt,2025-01-17 20:15:10
CUST70954041,Sandra Davis,sandra.davis116@example.com,+1-952-7268,Germany,Frankfurt,2025-11-18 20:15:10
CUST07452102,Betty Johnson,betty.johnson550@example.com,+1-482-1152,Singapore,Singapore,2025-10-11 20:15:10
CUST33176376,Elizabeth Miller,elizabeth.miller862@example.com,+1-389-1273,United States,Houston,2025-12-09 20:15:10
CUST50663931,William Anderson,william.anderson450@example.com,+1-658-6456,Canada,Montreal,2024-08-30 20:15:10
CUST56484601,Joseph Martin,joseph.martin414@example.com,+1-504-5173,Canada,Calgary,2025-02-10 20:15:10
CUST86187140,Michael Brown,michael.brown727@example.com,+1-228-7128,United Kingdom,Birmingham,2025-03-18 20:15:10
CUST14982340,Ashley Davis,ashley.davis161@example.com,+1-702-8930,Germany,Cologne,2025-01-20 20:15:10
CUST38725466,Karen Gonzalez,karen.gonzalez769@example.com,+1-696-8609,Germany,Cologne,2025-11-20 20:15:10
CUST03778503,Susan Harris,susan.harris39@example.com,+1-594-8014,Singapore,Singapore,2025-07-27 20:15:10
CUST32367285,Michael Miller,michael.miller403@example.com,+1-465-4093,United Kingdom,Glasgow,2025-02-25 20:15:10
CUST60878614,James Ramirez,james.ramirez723@example.com,+1-991-8865,United Kingdom,Leeds,2025-02-22 20:15:10
CUST93197165,Anthony Miller,anthony.miller823@example.com,+1-424-1135,Singapore,Singapore,2024-08-03 20:15:10
CUST39022289,Elizabeth Martin,elizabeth.martin722@example.com,+1-170-2665,United States,Chicago,2025-10-26 20:15:10
CUST21312805,Karen Johnson,karen.johnson724@example.com,+1-868-3197,United States,Houston,2024-09-08 20:15:10
CUST51429628,Mary Davis,mary.davis170@example.com,+1-292-2364,Canada,Ottawa,2025-07-30 20:15:10
CUST12354647,Patricia Robinson,patricia.robinson2@example.com,+1-871-3293,Germany,Berlin,2025-01-18 20:15:10
CUST64604786,Richard Rodriguez,richard.rodriguez740@example.com,+1-467-6165,Australia,Sydney,2025-07-19 20:15:10
CUST60055294,Jessica Miller,jessica.miller375@example.com,+1-457-8635,Germany,Hamburg,2023-03-11 20:15:10
CUST36714966,Matthew Brown,matthew.brown444@example.com,+1-949-2791,United Kingdom,Leeds,2025-12-16 20:15:10
CUST62005715,Linda Jones,linda.jones660@example.com,+1-624-2456,Australia,Perth,2025-01-12 20:15:10
CUST70457565,Karen Johnson,karen.johnson505@example.com,+1-503-2904,Germany,Munich,2025-04-19 20:15:10
CUST20847299,David Thomas,david.thomas303@example.com,+1-187-4288,United Kingdom,London,2025-12-19 20:15:10
CUST19722493,Mary Martin,mary.martin973@example.com,+1-273-5736,Australia,Sydney,2026-02-02 20:15:10
CUST67254799,John Martin,john.martin807@example.com,+1-241-3289,Australia,Brisbane,2024-07-21 20:15:10
CUST11740707,Nancy Jackson,nancy.jackson807@example.com,+1-296-9561,United Kingdom,Leeds,2025-12-26 20:15:10
CUST40757568,Thomas Thompson,thomas.thompson448@example.com,+1-757-5369,Germany,Berlin,2025-12-13 20:15:10
CUST68488921,Patricia Rodriguez,patricia.rodriguez26@example.com,+1-911-3408,United States,Los Angeles,2023-02-27 20:15:10
CUST91723157,Joseph Lee,joseph.lee910@example.com,+1-455-2041,Canada,Vancouver,2024-11-22 20:15:10
CUST98643918,Emily Johnson,emily.johnson942@example.com,+1-660-3506,United States,Chicago,2025-11-13 20:15:10
CUST95243581,Richard Harris,richard.harris90@example.com,+1-265-7243,Australia,Melbourne,2025-04-06 20:15:10
CUST80565924,Mary Harris,mary.harris662@example.com,+1-213-2487,United Kingdom,Manchester,2025-05-24 20:15:10
CUST39341257,Richard White,richard.white966@example.com,+1-313-8193,Canada,Calgary,2024-04-18 20:15:10
CUST64634900,Charles Brown,charles.brown960@example.com,+1-605-8717,Australia,Brisbane,2024-11-07 20:15:10
CUST26318259,William Jackson,william.jackson413@example.com,+1-718-4687,United Kingdom,Birmingham,2024-05-17 20:15:10
CUST19579176,Charles Johnson,charles.johnson50@example.com,+1-407-1410,United Kingdom,London,2025-12-02 20:15:10
CUST86245036,Emily Hernandez,emily.hernandez172@example.com,+1-377-9033,Singapore,Singapore,2025-02-18 20:15:10
CUST78426677,Mark Moore,mark.moore682@example.com,+1-265-7669,United Kingdom,London,2026-02-12 20:15:10
CUST29654000,Elizabeth Martin,elizabeth.martin225@example.com,+1-406-9522,Germany,Berlin,2026-01-31 20:15:10
CUST76938783,Anthony Davis,anthony.davis804@example.com,+1-496-7535,Australia,Perth,2024-11-27 20:15:10
CUST64733698,Mark Williams,mark.williams768@example.com,+1-400-2552,Canada,Calgary,2026-02-17 20:15:10
CUST96916714,Richard Martinez,richard.martinez48@example.com,+1-575-2452,United Kingdom,Manchester,2025-04-16 20:15:10
CUST53739562,Betty Jones,betty.jones259@example.com,+1-571-9645,United Kingdom,London,2024-04-28 20:15:10
CUST34203171,Nancy White,nancy.white515@example.com,+1-884-6094,Singapore,Singapore,2025-09-05 20:15:10
CUST65917596,Linda Lee,linda.lee376@example.com,+1-190-4383,United Kingdom,Manchester,2026-02-10 20:15:10
CUST78291183,Karen Robinson,karen.robinson123@example.com,+1-292-3565,Germany,Frankfurt,2024-11-27 20:15:10
CUST86934497,Charles Davis,charles.davis227@example.com,+1-922-6767,Singapore,Singapore,2023-07-04 20:15:10
CUST69502485,Susan Jones,susan.jones724@example.com,+1-801-2511,Canada,Toronto,2024-11-23 20:15:10
CUST95788721,Patricia Thompson,patricia.thompson721@example.com,+1-805-5577,United States,Los Angeles,2025-04-17 20:15:10
CUST51862898,John Martin,john.martin903@example.com,+1-247-2807,Canada,Toronto,2025-11-23 20:15:10
CUST22558604,James Thompson,james.thompson61@example.com,+1-561-9959,Canada,Calgary,2026-02-21 20:15:10
CUST34822231,Jessica Lopez,jessica.lopez462@example.com,+1-204-2717,Germany,Frankfurt,2024-12-20 20:15:10
CUST50303238,Lisa Jackson,lisa.jackson514@example.com,+1-133-5124,Canada,Vancouver,2025-11-23 20:15:10
CUST49087465,Jessica Anderson,jessica.anderson312@example.com,+1-523-1396,United States,Phoenix,2024-03-16 20:15:10
CUST75220962,Matthew Harris,matthew.harris743@example.com,+1-869-7239,Singapore,Singapore,2025-07-12 20:15:10
CUST48506570,Anthony Rodriguez,anthony.rodriguez599@example.com,+1-502-1538,Canada,Toronto,2025-05-26 20:15:10
CUST01893445,Sarah Wilson,sarah.wilson996@example.com,+1-835-1915,Singapore,Singapore,2024-10-03 20:15:10
CUST39034750,Joseph Davis,joseph.davis968@example.com,+1-807-8159,Germany,Berlin,2024-08-24 20:15:10
CUST03778174,Matthew Lee,matthew.lee970@example.com,+1-764-2189,Singapore,Singapore,2025-02-16 20:15:10
CUST38451213,Linda Robinson,linda.robinson794@example.com,+1-758-5928,Germany,Munich,2023-05-16 20:15:10
CUST62268505,James Brown,james.brown286@example.com,+1-993-4275,Germany,Berlin,2023-02-27 20:15:10
CUST77954541,Anthony Jackson,anthony.jackson335@example.com,+1-241-7056,Singapore,Singapore,2023-03-23 20:15:10
CUST17444628,Karen Robinson,karen.robinson166@example.com,+1-738-9303,Singapore,Singapore,2024-06-02 20:15:10
CUST11679660,Sandra Rodriguez,sandra.rodriguez472@example.com,+1-817-6683,Australia,Melbourne,2024-12-07 20:15:10
CUST54190955,Christopher Harris,christopher.harris955@example.com,+1-677-2303,United States,New York,2025-01-25 20:15:10
CUST47601936,Jessica Lopez,jessica.lopez643@example.com,+1-405-1552,Canada,Toronto,2026-01-18 20:15:10
CUST10745264,William Brown,william.brown223@example.com,+1-937-7087,United Kingdom,Birmingham,2025-11-03 20:15:10
CUST78139651,Daniel Garcia,daniel.garcia8@example.com,+1-285-3950,Germany,Munich,2026-02-24 20:15:10
CUST59573765,Matthew Lopez,matthew.lopez869@example.com,+1-737-2255,Australia,Adelaide,2026-01-04 20:15:10
CUST14760330,Richard Gonzalez,richard.gonzalez9@example.com,+1-994-6376,Singapore,Singapore,2025-07-30 20:15:10
CUST78189645,Elizabeth Sanchez,elizabeth.sanchez863@example.com,+1-782-1138,Germany,Berlin,2025-12-31 20:15:10
CUST39594887,Charles Brown,charles.brown519@example.com,+1-637-2499,Singapore,Singapore,2023-11-03 20:15:10
CUST52036112,Jessica Thomas,jessica.thomas168@example.com,+1-392-1361,United States,New York,2024-07-09 20:15:10
CUST87323267,Margaret Rodriguez,margaret.rodriguez864@example.com,+1-819-3162,Singapore,Singapore,2026-01-30 20:15:10
CUST64562419,Robert Johnson,robert.johnson422@example.com,+1-509-6237,Australia,Sydney,2025-11-14 20:15:10
CUST39503685,Emily Martinez,emily.martinez269@example.com,+1-447-2675,Singapore,Singapore,2024-06-12 20:15:10
CUST14187695,Karen Perez,karen.perez609@example.com,+1-337-9064,Canada,Toronto,2024-07-13 20:15:10
CUST11908285,Susan Brown,susan.brown346@example.com,+1-282-2343,United Kingdom,Leeds,2023-04-02 20:15:10
CUST37649514,Mark Thomas,mark.thomas328@example.com,+1-165-9190,Singapore,Singapore,2023-02-27 20:15:10
CUST43507947,Jennifer Martinez,jennifer.martinez845@example.com,+1-134-3028,Canada,Montreal,2023-02-27 20:15:10
CUST70431075,Karen Moore,karen.moore689@example.com,+1-866-6338,Singapore,Singapore,2025-08-18 20:15:10
CUST26874530,Nancy Moore,nancy.moore630@example.com,+1-892-4425,United States,New York,2025-11-13 20:15:10
CUST87756717,Elizabeth White,elizabeth.white556@example.com,+1-324-8705,Australia,Brisbane,2024-09-26 20:15:10
CUST28420937,Sarah Brown,sarah.brown743@example.com,+1-281-8134,Germany,Frankfurt,2025-10-20 20:15:10
CUST98352140,Charles Wilson,charles.wilson931@example.com,+1-892-7650,United Kingdom,Glasgow,2024-07-07 20:15:10
CUST85665069,James Robinson,james.robinson836@example.com,+1-823-3916,United Kingdom,Birmingham,2025-05-24 20:15:10
CUST02714332,Anthony Robinson,anthony.robinson120@example.com,+1-183-7050,Australia,Perth,2024-07-30 20:15:10
CUST83366003,Joseph Thompson,joseph.thompson551@example.com,+1-690-8410,Singapore,Singapore,2025-11-01 20:15:10
CUST58396250,Margaret Wilson,margaret.wilson46@example.com,+1-351-6203,Australia,Brisbane,2025-06-13 20:15:10
CUST15703006,Anthony Rodriguez,anthony.rodriguez635@example.com,+1-927-4927,Germany,Munich,2025-04-29 20:15:10
CUST45757570,Michael Thompson,michael.thompson953@example.com,+1-100-9672,United States,Phoenix,2023-04-17 20:15:10
CUST47943198,Patricia Wilson,patricia.wilson327@example.com,+1-412-5382,Canada,Montreal,2025-11-05 20:15:10
CUST79435207,Elizabeth Jones,elizabeth.jones778@example.com,+1-805-2123,United States,Chicago,2023-05-26 20:15:10
CUST03098441,Sandra Moore,sandra.moore556@example.com,+1-459-8156,Australia,Sydney,2024-07-10 20:15:10
CUST69733001,William Taylor,william.taylor823@example.com,+1-851-5476,United Kingdom,Glasgow,2024-11-04 20:15:10
CUST49772463,Jessica Thompson,jessica.thompson729@example.com,+1-236-3518,Canada,Vancouver,2024-08-11 20:15:10
CUST30682899,Betty Gonzalez,betty.gonzalez457@example.com,+1-834-6821,Germany,Munich,2025-03-24 20:15:10
CUST46005762,Patricia Garcia,patricia.garcia805@example.com,+1-751-5909,Singapore,Singapore,2025-11-16 20:15:10
CUST39790950,Barbara Miller,barbara.miller904@example.com,+1-986-3188,United States,New York,2025-12-12 20:15:10
CUST72469088,Lisa Smith,lisa.smith359@example.com,+1-534-5266,Singapore,Singapore,2024-02-23 20:15:10
CUST37697492,Jennifer Thompson,jennifer.thompson777@example.com,+1-827-3720,Canada,Montreal,2024-11-12 20:15:10
CUST96875268,Jennifer Ramirez,jennifer.ramirez460@example.com,+1-540-8105,Canada,Montreal,2025-12-01 20:15:10
CUST58345487,Michael Lewis,michael.lewis581@example.com,+1-310-1147,Canada,Calgary,2025-03-15 20:15:10
CUST84012641,Daniel Harris,daniel.harris177@example.com,+1-231-9230,United States,New York,2025-07-25 20:15:10
CUST27511446,Patricia Smith,patricia.smith864@example.com,+1-509-4816,Australia,Adelaide,2025-12-25 20:15:10
CUST62758525,Robert Wilson,robert.wilson906@example.com,+1-438-9356,Australia,Melbourne,2025-05-25 20:15:10
CUST74814185,Jennifer Walker,jennifer.walker813@example.com,+1-308-6595,Australia,Brisbane,2025-10-29 20:15:10
CUST36498880,Lisa Walker,lisa.walker534@example.com,+1-181-1008,United States,New York,2026-01-21 20:15:10
CUST27876938,Barbara Lewis,barbara.lewis652@example.com,+1-876-7465,Australia,Sydney,2025-07-12 20:15:10
CUST88332618,Anthony Miller,anthony.miller47@example.com,+1-772-5476,Canada,Montreal,2025-04-07 20:15:10
CUST08848704,Anthony Miller,anthony.miller297@example.com,+1-475-7709,United Kingdom,Glasgow,2026-02-09 20:15:10
CUST57912089,Michael Jones,michael.jones323@example.com,+1-851-4744,Germany,Cologne,2025-08-23 20:15:10
CUST21489526,Thomas Wilson,thomas.wilson189@example.com,+1-572-5083,Australia,Brisbane,2025-11-10 20:15:10
CUST46443534,Betty Jackson,betty.jackson772@example.com,+1-714-1100,United States,Chicago,2026-02-15 20:15:10
CUST90524379,William Martin,william.martin786@example.com,+1-870-2166,Germany,Munich,2026-01-08 20:15:10
CUST26144606,Karen White,karen.white657@example.com,+1-551-8825,Australia,Perth,2026-01-03 20:15:10
CUST95927066,Mark Miller,mark.miller515@example.com,+1-466-7633,Australia,Melbourne,2025-12-15 20:15:10
CUST69704128,Mark Miller,mark.miller767@example.com,+1-633-8157,Canada,Toronto,2024-07-13 20:15:10
CUST56204817,Emily Sanchez,emily.sanchez794@example.com,+1-956-2568,Australia,Brisbane,2025-07-30 20:15:10
CUST48983116,Sandra Wilson,sandra.wilson74@example.com,+1-338-7760,United Kingdom,Birmingham,2025-12-30 20:15:10
CUST65540427,David Anderson,david.anderson580@example.com,+1-401-8717,United States,Chicago,2026-01-19 20:15:10
CUST11652212,Jennifer Clark,jennifer.clark115@example.com,+1-796-9211,Canada,Montreal,2025-10-20 20:15:10
CUST81793492,Ashley Anderson,ashley.anderson761@example.com,+1-279-1915,United Kingdom,Birmingham,2024-07-23 20:15:10
CUST45219241,David Wilson,david.wilson665@example.com,+1-251-1200,Singapore,Singapore,2025-09-14 20:15:10
CUST44137808,Nancy Garcia,nancy.garcia537@example.com,+1-950-6955,United States,Phoenix,2025-12-25 20:15:10
CUST76976788,Michael Hernandez,michael.hernandez688@example.com,+1-438-3425,Australia,Adelaide,2025-08-22 20:15:10
CUST70219626,Lisa Martin,lisa.martin737@example.com,+1-777-3348,Germany,Berlin,2025-05-07 20:15:10
CUST02725669,Emily Robinson,emily.robinson777@example.com,+1-274-6766,Canada,Ottawa,2026-02-16 20:15:10
CUST03559963,Jessica Brown,jessica.brown976@example.com,+1-478-1140,Singapore,Singapore,2025-03-03 20:15:10
CUST66468617,Ashley Gonzalez,ashley.gonzalez29@example.com,+1-368-8898,Germany,Frankfurt,2025-08-27 20:15:10
CUST23463557,Christopher Walker,christopher.walker182@example.com,+1-928-7654,Singapore,Singapore,2026-02-23 20:15:10
CUST25714929,Linda Martinez,linda.martinez682@example.com,+1-629-9462,Singapore,Singapore,2025-01-14 20:15:10
CUST07399098,Matthew Gonzalez,matthew.gonzalez831@example.com,+1-254-6279,United Kingdom,Leeds,2024-11-29 20:15:10
CUST59516079,Matthew Taylor,matthew.taylor973@example.com,+1-638-3169,Singapore,Singapore,2025-03-02 20:15:10
CUST65046235,Sarah Thompson,sarah.thompson839@example.com,+1-177-3502,Singapore,Singapore,2025-09-27 20:15:10
CUST47449398,Robert Perez,robert.perez490@example.com,+1-748-6808,Australia,Brisbane,2025-05-27 20:15:10
CUST76066945,Margaret Davis,margaret.davis334@example.com,+1-629-5498,United Kingdom,Leeds,2025-09-01 20:15:10
CUST06548129,Christopher Brown,christopher.brown303@example.com,+1-918-1410,Singapore,Singapore,2024-12-13 20:15:10
CUST51070526,Lisa Lee,lisa.lee286@example.com,+1-720-5866,United States,Los Angeles,2025-04-13 20:15:10
CUST10459949,Sarah Jackson,sarah.jackson735@example.com,+1-645-4800,Australia,Adelaide,2026-01-26 20:15:10
CUST41771123,James Sanchez,james.sanchez648@example.com,+1-877-4332,Singapore,Singapore,2025-02-15 20:15:10
CUST03425404,Nancy Sanchez,nancy.sanchez566@example.com,+1-606-7215,Canada,Calgary,2024-12-29 20:15:10
CUST08958328,Thomas Garcia,thomas.garcia793@example.com,+1-595-8887,Canada,Vancouver,2025-09-10 20:15:10
CUST75465170,Emily Johnson,emily.johnson65@example.com,+1-574-9825,Singapore,Singapore,2024-01-27 20:15:10
CUST56137339,Sarah Davis,sarah.davis528@example.com,+1-500-2384,United Kingdom,Glasgow,2024-04-22 20:15:10
CUST28109369,Richard Taylor,richard.taylor897@example.com,+1-526-6791,Canada,Montreal,2025-12-18 20:15:10
CUST89205800,Linda Gonzalez,linda.gonzalez324@example.com,+1-441-3423,United States,New York,2023-10-24 20:15:10
CUST99331653,Sarah Jackson,sarah.jackson945@example.com,+1-171-4625,Canada,Vancouver,2025-07-29 20:15:10
CUST51620290,Ashley Perez,ashley.perez900@example.com,+1-747-1586,Canada,Calgary,2024-11-14 20:15:10
CUST66051881,Barbara Wilson,barbara.wilson426@example.com,+1-323-6916,United Kingdom,London,2024-06-22 20:15:10
CUST54294962,Jennifer Perez,jennifer.perez675@example.com,+1-832-6639,United States,Phoenix,2025-06-15 20:15:10
CUST02163427,Jennifer Garcia,jennifer.garcia105@example.com,+1-548-2417,United States,New York,2025-08-25 20:15:10
CUST36758092,Michael Jones,michael.jones343@example.com,+1-132-6398,Australia,Adelaide,2023-09-09 20:15:10
CUST37093261,Barbara White,barbara.white723@example.com,+1-908-6344,Germany,Frankfurt,2025-11-23 20:15:10
CUST08936424,Charles Garcia,charles.garcia201@example.com,+1-249-2350,United Kingdom,London,2025-11-10 20:15:10
CUST17865169,Christopher Sanchez,christopher.sanchez800@example.com,+1-413-6276,Australia,Brisbane,2025-09-16 20:15:10
CUST47086620,Sandra Garcia,sandra.garcia35@example.com,+1-600-2934,Singapore,Singapore,2024-03-12 20:15:10
CUST89791919,Ashley Thomas,ashley.thomas364@example.com,+1-167-8490,Australia,Perth,2023-05-14 20:15:10
CUST05844334,Mary Ramirez,mary.ramirez746@example.com,+1-413-9002,Canada,Calgary,2025-11-28 20:15:10
CUST59564354,Linda Wilson,linda.wilson284@example.com,+1-986-9714,United Kingdom,Leeds,2024-03-01 20:15:10
CUST37405651,Daniel Miller,daniel.miller483@example.com,+1-903-2624,Singapore,Singapore,2025-11-09 20:15:10
CUST58755568,Elizabeth Clark,elizabeth.clark320@example.com,+1-526-7026,Germany,Cologne,2023-02-27 20:15:10
CUST79357952,Mary Anderson,mary.anderson889@example.com,+1-565-1457,Canada,Vancouver,2025-03-31 20:15:10
CUST31828827,Barbara Rodriguez,barbara.rodriguez473@example.com,+1-371-1235,United Kingdom,Leeds,2026-02-24 20:15:10
CUST12888656,Matthew Sanchez,matthew.sanchez562@example.com,+1-960-4098,United States,Los Angeles,2026-02-14 20:15:10
CUST26315363,Patricia Hernandez,patricia.hernandez502@example.com,+1-650-1338,United Kingdom,London,2025-12-30 20:15:10
CUST37981113,Barbara Martin,barbara.martin63@example.com,+1-287-3619,Singapore,Singapore,2025-12-13 20:15:10
CUST13272458,Charles Martin,charles.martin318@example.com,+1-173-8946,Australia,Melbourne,2024-09-12 20:15:10
CUST69658937,Richard Garcia,richard.garcia312@example.com,+1-927-4317,Germany,Munich,2025-11-27 20:15:10
CUST45869411,Linda Thompson,linda.thompson140@example.com,+1-248-4890,Germany,Berlin,2023-02-27 20:15:10
CUST54685152,Jessica Miller,jessica.miller345@example.com,+1-929-9725,Germany,Cologne,2025-02-23 20:15:10
CUST27164646,John Davis,john.davis406@example.com,+1-793-9976,United States,Los Angeles,2024-12-23 20:15:10
CUST49718766,Emily Miller,emily.miller46@example.com,+1-977-3649,United Kingdom,Glasgow,2025-11-29 20:15:10
CUST82509579,Richard Garcia,richard.garcia842@example.com,+1-996-6310,Australia,Melbourne,2023-12-05 20:15:10
CUST33239920,Christopher Thompson,christopher.thompson316@example.com,+1-695-9159,United States,New York,2025-01-20 20:15:10
CUST97914285,Barbara Robinson,barbara.robinson962@example.com,+1-386-1828,United Kingdom,Leeds,2024-02-28 20:15:10
CUST58315306,Mary Williams,mary.williams139@example.com,+1-671-6283,United States,Houston,2023-02-27 20:15:10
CUST09931929,Jessica Brown,jessica.brown341@example.com,+1-155-9299,United Kingdom,Manchester,2026-01-08 20:15:10
CUST29513700,Barbara Wilson,barbara.wilson838@example.com,+1-772-3029,Singapore,Singapore,2026-01-20 20:15:10
CUST15464470,Sarah Jackson,sarah.jackson112@example.com,+1-615-1833,Australia,Adelaide,2024-07-13 20:15:10
CUST45948516,Elizabeth Taylor,elizabeth.taylor361@example.com,+1-292-3643,Germany,Hamburg,2024-02-24 20:15:10
CUST64408113,Charles Williams,charles.williams985@example.com,+1-894-6339,Australia,Sydney,2025-04-13 20:15:10
CUST35071861,Emily Robinson,emily.robinson796@example.com,+1-434-8787,United States,Los Angeles,2025-09-13 20:15:10
CUST35483643,Matthew Wilson,matthew.wilson17@example.com,+1-389-7574,United States,Chicago,2025-02-06 20:15:10
CUST94375102,Betty Anderson,betty.anderson987@example.com,+1-578-4801,United Kingdom,Manchester,2025-10-16 20:15:10
CUST58615632,Susan Jones,susan.jones319@example.com,+1-425-5209,Singapore,Singapore,2025-11-19 20:15:10
CUST87160287,Robert White,robert.white437@example.com,+1-396-4652,Germany,Cologne,2025-06-27 20:15:10
CUST22929705,Barbara Walker,barbara.walker291@example.com,+1-529-4847,Germany,Cologne,2025-11-30 20:15:10
CUST96302343,Nancy Robinson,nancy.robinson503@example.com,+1-732-6247,Singapore,Singapore,2025-06-30 20:15:10
CUST06505008,Matthew Thompson,matthew.thompson254@example.com,+1-428-4295,Canada,Ottawa,2023-02-27 20:15:10
CUST91111142,David Clark,david.clark578@example.com,+1-592-4368,Singapore,Singapore,2024-04-29 20:15:10
CUST72338641,Charles Hernandez,charles.hernandez414@example.com,+1-956-8713,Canada,Calgary,2023-04-27 20:15:10
CUST83552803,Patricia Sanchez,patricia.sanchez116@example.com,+1-912-7488,United Kingdom,Birmingham,2024-07-07 20:15:10
CUST55037014,Jessica Smith,jessica.smith420@example.com,+1-337-5639,Australia,Brisbane,2025-09-20 20:15:10
CUST97219223,Jennifer Lopez,jennifer.lopez229@example.com,+1-196-9970,Australia,Melbourne,2024-06-26 20:15:10
CUST59114524,Matthew Moore,matthew.moore87@example.com,+1-298-8664,Singapore,Singapore,2023-08-06 20:15:10
CUST88539218,Matthew Robinson,matthew.robinson276@example.com,+1-689-4164,Canada,Montreal,2023-03-22 20:15:10
CUST26516053,Jennifer Martin,jennifer.martin40@example.com,+1-364-1613,United States,Los Angeles,2025-01-03 20:15:10
CUST09064220,William Sanchez,william.sanchez369@example.com,+1-788-1351,United States,Chicago,2025-12-02 20:15:10
CUST07504278,Christopher Taylor,christopher.taylor88@example.com,+1-361-2511,Canada,Montreal,2026-02-12 20:15:10
CUST26352223,Christopher Sanchez,christopher.sanchez799@example.com,+1-645-6261,Australia,Melbourne,2025-12-30 20:15:10
CUST63628164,Barbara Davis,barbara.davis284@example.com,+1-800-3662,United States,New York,2023-02-27 20:15:10
CUST34139323,Lisa Martin,lisa.martin29@example.com,+1-736-5096,Australia,Brisbane,2025-07-15 20:15:10
CUST12261623,Barbara Brown,barbara.brown591@example.com,+1-216-4961,United States,Los Angeles,2024-03-24 20:15:10
CUST99347187,Susan Thomas,susan.thomas130@example.com,+1-612-2108,Canada,Vancouver,2025-07-13 20:15:10
CUST88660878,Emily Smith,emily.smith449@example.com,+1-613-5329,Singapore,Singapore,2025-01-28 20:15:10
CUST77827268,Patricia Lewis,patricia.lewis578@example.com,+1-167-4124,Germany,Frankfurt,2026-02-18 20:15:10
CUST89493975,Anthony Thompson,anthony.thompson371@example.com,+1-113-7341,Australia,Melbourne,2025-11-14 20:15:10
CUST69644861,Anthony Robinson,anthony.robinson47@example.com,+1-807-7690,United States,Los Angeles,2025-08-01 20:15:10
CUST56157005,Matthew Gonzalez,matthew.gonzalez702@example.com,+1-140-9828,Singapore,Singapore,2025-02-28 20:15:10
CUST04158439,Patricia Lopez,patricia.lopez748@example.com,+1-687-5717,Germany,Cologne,2025-12-20 20:15:10
CUST65476582,William Hernandez,william.hernandez767@example.com,+1-814-9964,Australia,Adelaide,2024-09-17 20:15:10
CUST06141032,Linda White,linda.white496@example.com,+1-735-4273,United Kingdom,Birmingham,2025-09-14 20:15:10
CUST46523145,Susan White,susan.white284@example.com,+1-571-8637,Australia,Perth,2024-06-16 20:15:10
CUST45340835,Barbara Robinson,barbara.robinson41@example.com,+1-169-9913,United Kingdom,Glasgow,2026-01-20 20:15:10
CUST09195161,Elizabeth Thompson,elizabeth.thompson885@example.com,+1-669-7198,United States,Chicago,2025-01-07 20:15:10
CUST27389995,Thomas Perez,thomas.perez741@example.com,+1-120-8022,United Kingdom,Manchester,2025-10-23 20:15:10
CUST69513750,Susan Perez,susan.perez982@example.com,+1-131-9589,United States,Los Angeles,2024-07-27 20:15:10
CUST92157236,Susan Smith,susan.smith66@example.com,+1-971-5275,Australia,Perth,2025-08-23 20:15:10
CUST46899161,Patricia Anderson,patricia.anderson125@example.com,+1-146-8109,Canada,Calgary,2025-01-23 20:15:10
CUST05592698,Susan Jackson,susan.jackson36@example.com,+1-722-3010,Canada,Vancouver,2023-06-09 20:15:10
CUST56568751,Linda Miller,linda.miller68@example.com,+1-603-9659,United Kingdom,Manchester,2026-02-19 20:15:10
CUST78121112,Michael Clark,michael.clark450@example.com,+1-233-4034,United Kingdom,Leeds,2026-02-22 20:15:10
CUST62039150,Robert Miller,robert.miller739@example.com,+1-967-3385,Canada,Montreal,2024-09-08 20:15:10
CUST69362500,Jessica Moore,jessica.moore967@example.com,+1-447-7979,Singapore,Singapore,2025-02-12 20:15:10
CUST94923938,John Perez,john.perez688@example.com,+1-695-8707,United States,Chicago,2025-10-23 20:15:10
CUST37686821,Matthew Jones,matthew.jones665@example.com,+1-634-2818,Canada,Montreal,2025-06-23 20:15:10
CUST69446273,Joseph Anderson,joseph.anderson975@example.com,+1-772-8365,Canada,Montreal,2026-02-11 20:15:10
CUST50004258,Karen Miller,karen.miller21@example.com,+1-645-9126,Germany,Frankfurt,2025-12-10 20:15:10
CUST18820128,Daniel Wilson,daniel.wilson383@example.com,+1-116-8043,United States,New York,2025-08-09 20:15:10
CUST08943343,Thomas Lee,thomas.lee663@example.com,+1-852-7041,Canada,Toronto,2024-05-12 20:15:10
CUST97771439,Mary Walker,mary.walker683@example.com,+1-348-1499,United States,Chicago,2025-07-03 20:15:10
CUST87740248,Nancy Rodriguez,nancy.rodriguez241@example.com,+1-389-6427,Canada,Calgary,2025-04-10 20:15:10
CUST20545371,Emily Anderson,emily.anderson463@example.com,+1-477-8341,Australia,Adelaide,2024-02-02 20:15:10
CUST10237711,Elizabeth Thompson,elizabeth.thompson629@example.com,+1-597-1768,United Kingdom,Manchester,2025-10-15 20:15:10
CUST17091211,James Martin,james.martin551@example.com,+1-759-2157,United States,Los Angeles,2024-12-13 20:15:10
CUST52241015,Elizabeth Jackson,elizabeth.jackson149@example.com,+1-906-8282,Germany,Hamburg,2024-03-06 20:15:10
CUST08565900,Susan Clark,susan.clark331@example.com,+1-832-7313,Singapore,Singapore,2025-12-06 20:15:10
CUST81931671,Barbara Rodriguez,barbara.rodriguez829@example.com,+1-729-8345,Singapore,Singapore,2025-09-19 20:15:10
CUST41662339,Susan Garcia,susan.garcia572@example.com,+1-797-6753,Canada,Ottawa,2023-02-27 20:15:10
CUST71086850,Mark Hernandez,mark.hernandez433@example.com,+1-618-4187,United Kingdom,London,2023-02-27 20:15:10
CUST28745831,Matthew Sanchez,matthew.sanchez677@example.com,+1-901-8061,Australia,Sydney,2025-11-26 20:15:10
CUST32424253,Ashley Robinson,ashley.robinson71@example.com,+1-266-3678,United States,Phoenix,2026-02-01 20:15:10
CUST33824158,Nancy Sanchez,nancy.sanchez399@example.com,+1-414-2609,Singapore,Singapore,2025-11-03 20:15:10
CUST12341222,Matthew Lewis,matthew.lewis827@example.com,+1-468-7288,Canada,Calgary,2025-08-25 20:15:10
CUST39696371,Anthony Walker,anthony.walker725@example.com,+1-678-1078,United Kingdom,Glasgow,2025-07-29 20:15:10
CUST01296652,Charles Lee,charles.lee155@example.com,+1-594-6289,Australia,Adelaide,2025-03-11 20:15:10
CUST44120676,William Ramirez,william.ramirez426@example.com,+1-349-5492,Singapore,Singapore,2023-11-11 20:15:10
CUST30586761,Robert Johnson,robert.johnson627@example.com,+1-448-3931,Canada,Ottawa,2025-10-03 20:15:10
CUST06044289,William Wilson,william.wilson55@example.com,+1-610-7326,Australia,Sydney,2024-04-05 20:15:10
CUST69154892,Thomas Williams,thomas.williams22@example.com,+1-184-6145,Germany,Hamburg,2026-01-22 20:15:10
CUST56316191,Richard Davis,richard.davis597@example.com,+1-799-6407,United States,Chicago,2026-02-11 20:15:10
CUST31393982,Sarah Williams,sarah.williams538@example.com,+1-708-3924,United Kingdom,Glasgow,2025-06-16 20:15:10
CUST14568498,Robert Taylor,robert.taylor420@example.com,+1-107-3159,Germany,Cologne,2026-02-04 20:15:10
CUST44195516,Mark Gonzalez,mark.gonzalez414@example.com,+1-433-3533,Australia,Brisbane,2025-08-29 20:15:10
CUST70374429,John Williams,john.williams575@example.com,+1-184-9855,United States,New York,2023-11-21 20:15:10
CUST66788800,Karen Taylor,karen.taylor66@example.com,+1-704-7589,Germany,Cologne,2025-11-18 20:15:10
CUST03968487,Charles Walker,charles.walker118@example.com,+1-442-8520,Canada,Toronto,2024-12-07 20:15:10
CUST79220585,Mark Walker,mark.walker27@example.com,+1-237-6475,United States,New York,2025-10-18 20:15:10
CUST05358296,Margaret Hernandez,margaret.hernandez765@example.com,+1-553-6264,Singapore,Singapore,2026-02-10 20:15:10
CUST11743652,Thomas Jones,thomas.jones566@example.com,+1-122-2408,Canada,Calgary,2025-05-06 20:15:10
CUST95754459,Christopher Martinez,christopher.martinez926@example.com,+1-587-2509,Canada,Montreal,2024-05-10 20:15:10
CUST09259210,Charles Miller,charles.miller168@example.com,+1-987-7668,Australia,Sydney,2025-08-18 20:15:10
CUST54558044,Christopher Walker,christopher.walker263@example.com,+1-278-2668,United States,Houston,2025-03-13 20:15:10
CUST65737502,Barbara Wilson,barbara.wilson240@example.com,+1-814-1314,United States,Chicago,2023-11-09 20:15:10
CUST28015786,James Thompson,james.thompson821@example.com,+1-168-6292,Canada,Vancouver,2024-08-06 20:15:10
CUST06822034,Michael Lewis,michael.lewis916@example.com,+1-601-2430,Singapore,Singapore,2025-12-10 20:15:10
CUST07404505,Jessica Miller,jessica.miller382@example.com,+1-379-8219,United Kingdom,Leeds,2024-11-01 20:15:10
CUST70844622,William Hernandez,william.hernandez73@example.com,+1-498-6792,United States,Los Angeles,2025-06-17 20:15:10
CUST39898141,John Jones,john.jones583@example.com,+1-673-1610,Canada,Vancouver,2024-10-14 20:15:10
CUST77403580,Sandra Hernandez,sandra.hernandez479@example.com,+1-822-5833,United States,Chicago,2025-06-22 20:15:10
CUST54513304,Robert Wilson,robert.wilson187@example.com,+1-485-6436,Canada,Toronto,2026-01-08 20:15:10
CUST80598090,William Martinez,william.martinez578@example.com,+1-803-5678,Singapore,Singapore,2025-04-25 20:15:10
CUST23183353,Matthew Thompson,matthew.thompson593@example.com,+1-287-4414,Singapore,Singapore,2025-06-24 20:15:10
CUST04864512,David Gonzalez,david.gonzalez574@example.com,+1-471-8078,United States,Phoenix,2025-06-05 20:15:10
CUST05304095,Emily Perez,emily.perez492@example.com,+1-895-8654,Singapore,Singapore,2024-01-18 20:15:10
CUST62323119,Linda Ramirez,linda.ramirez171@example.com,+1-720-9866,Germany,Cologne,2023-11-27 20:15:10
CUST53330015,Jessica Ramirez,jessica.ramirez432@example.com,+1-268-6597,United Kingdom,Birmingham,2025-07-21 20:15:10
CUST07552873,Anthony Lopez,anthony.lopez261@example.com,+1-821-3717,Canada,Toronto,2025-07-19 20:15:10
CUST52625065,Sandra Lee,sandra.lee4@example.com,+1-205-5121,United Kingdom,Manchester,2025-06-07 20:15:10
CUST25199113,Nancy Martin,nancy.martin901@example.com,+1-411-3025,United States,New York,2025-06-04 20:15:10
CUST76032402,Matthew Rodriguez,matthew.rodriguez227@example.com,+1-641-3399,Singapore,Singapore,2023-02-27 20:15:10
CUST28509643,Anthony Hernandez,anthony.hernandez86@example.com,+1-538-1041,Germany,Cologne,2025-02-09 20:15:10
CUST68267012,William Lewis,william.lewis554@example.com,+1-933-8497,United Kingdom,Leeds,2025-10-31 20:15:10
CUST13659116,Susan Taylor,susan.taylor696@example.com,+1-714-8665,Canada,Toronto,2025-05-26 20:15:10
CUST14276428,David Martinez,david.martinez680@example.com,+1-579-6236,Australia,Brisbane,2025-03-03 20:15:10
CUST14245609,Jessica Jackson,jessica.jackson285@example.com,+1-352-3176,United Kingdom,London,2025-02-19 20:15:10
CUST77498194,Barbara Davis,barbara.davis776@example.com,+1-898-8127,Singapore,Singapore,2025-04-11 20:15:10
CUST07068231,Margaret Robinson,margaret.robinson345@example.com,+1-354-2928,United States,Phoenix,2025-12-17 20:15:10
CUST42110152,Charles Rodriguez,charles.rodriguez56@example.com,+1-687-3655,Germany,Berlin,2026-02-14 20:15:10
CUST96262078,Ashley Sanchez,ashley.sanchez691@example.com,+1-907-3116,Australia,Perth,2025-09-29 20:15:10
CUST36255366,Thomas Hernandez,thomas.hernandez155@example.com,+1-518-2955,Singapore,Singapore,2025-08-07 20:15:10
CUST92545310,Charles Robinson,charles.robinson577@example.com,+1-122-7571,Australia,Adelaide,2026-02-03 20:15:10
CUST94712462,Linda Robinson,linda.robinson966@example.com,+1-990-7238,Germany,Munich,2024-06-21 20:15:10
CUST45140926,Margaret Anderson,margaret.anderson354@example.com,+1-765-4775,Australia,Perth,2025-09-26 20:15:10
CUST01519466,John Taylor,john.taylor798@example.com,+1-252-4074,Singapore,Singapore,2023-09-17 20:15:10
CUST36122947,David Smith,david.smith570@example.com,+1-337-8771,Germany,Cologne,2025-12-27 20:15:10
CUST98404861,Lisa Gonzalez,lisa.gonzalez735@example.com,+1-777-3486,United States,Houston,2026-02-05 20:15:10
CUST81418690,William Jackson,william.jackson383@example.com,+1-220-1993,Germany,Berlin,2025-07-01 20:15:10
CUST89049901,Anthony Lee,anthony.lee138@example.com,+1-113-3785,Canada,Vancouver,2025-12-12 20:15:10
CUST57933790,Sarah Martinez,sarah.martinez818@example.com,+1-535-7575,Australia,Brisbane,2023-05-22 20:15:10
CUST24397882,David Miller,david.miller854@example.com,+1-633-8538,United States,Los Angeles,2026-02-23 20:15:10
CUST84847415,Christopher Johnson,christopher.johnson28@example.com,+1-902-1680,United States,Chicago,2025-08-16 20:15:10
CUST59765986,Mark Martin,mark.martin575@example.com,+1-160-5644,Singapore,Singapore,2023-07-18 20:15:10
CUST92820398,Margaret Jackson,margaret.jackson137@example.com,+1-671-6757,Singapore,Singapore,2025-09-02 20:15:10
CUST81877404,Christopher Johnson,christopher.johnson825@example.com,+1-463-4385,United Kingdom,Glasgow,2026-01-22 20:15:10
CUST96331638,Patricia Thomas,patricia.thomas775@example.com,+1-136-5706,Germany,Cologne,2025-10-18 20:15:10
CUST52947390,John Thompson,john.thompson291@example.com,+1-654-4818,United States,Houston,2025-06-20 20:15:10
CUST02787148,Joseph Anderson,joseph.anderson145@example.com,+1-741-9470,Singapore,Singapore,2025-12-14 20:15:10
CUST55667921,Charles Taylor,charles.taylor173@example.com,+1-162-1732,United States,New York,2025-07-12 20:15:10
CUST74880717,Ashley Williams,ashley.williams2@example.com,+1-214-7422,Germany,Cologne,2024-05-07 20:15:10
CUST48960564,Sarah White,sarah.white346@example.com,+1-492-4021,Canada,Calgary,2024-02-05 20:15:10
CUST23827141,Daniel Miller,daniel.miller927@example.com,+1-892-3411,Singapore,Singapore,2026-02-08 20:15:10
CUST72752447,James Clark,james.clark797@example.com,+1-315-5584,Germany,Cologne,2025-12-24 20:15:10
CUST37526124,James White,james.white248@example.com,+1-775-7384,United Kingdom,Leeds,2025-11-01 20:15:10
CUST20249337,Mark Johnson,mark.johnson374@example.com,+1-695-5687,Singapore,Singapore,2025-04-03 20:15:10
CUST74988037,James Moore,james.moore695@example.com,+1-899-1267,Canada,Montreal,2025-09-16 20:15:10
CUST59187136,Lisa Harris,lisa.harris730@example.com,+1-152-7492,United States,Houston,2024-04-19 20:15:10
CUST76311370,Susan Lee,susan.lee886@example.com,+1-324-4926,Australia,Melbourne,2024-11-23 20:15:10
CUST31107724,Anthony Wilson,anthony.wilson524@example.com,+1-638-1755,Germany,Cologne,2026-01-19 20:15:10
CUST78675328,David Johnson,david.johnson856@example.com,+1-352-3100,Canada,Montreal,2025-03-06 20:15:10
CUST60386564,Emily Smith,emily.smith281@example.com,+1-610-9048,United States,New York,2026-01-14 20:15:10
CUST82647657,Ashley Jones,ashley.jones948@example.com,+1-709-1416,United States,Los Angeles,2025-11-11 20:15:10
CUST80529401,David Hernandez,david.hernandez212@example.com,+1-999-4854,Canada,Montreal,2025-12-17 20:15:10
CUST25842328,David White,david.white564@example.com,+1-119-3811,United Kingdom,Manchester,2025-12-19 20:15:10
CUST88311549,Mark Miller,mark.miller851@example.com,+1-247-8800,Australia,Sydney,2025-03-14 20:15:10
CUST81779207,Robert Walker,robert.walker883@example.com,+1-556-1638,Australia,Sydney,2025-04-30 20:15:10
CUST35401509,Karen Ramirez,karen.ramirez67@example.com,+1-617-8501,Singapore,Singapore,2025-12-18 20:15:10
CUST23147108,William Davis,william.davis128@example.com,+1-188-9815,Australia,Adelaide,2023-02-27 20:15:10
CUST85674915,Matthew Miller,matthew.miller20@example.com,+1-923-3144,Singapore,Singapore,2025-08-11 20:15:10
CUST67610292,William Davis,william.davis838@example.com,+1-985-2352,United States,Chicago,2026-01-20 20:15:10
CUST10437149,Jessica Garcia,jessica.garcia738@example.com,+1-483-4132,United States,New York,2026-01-11 20:15:10
CUST81757870,Sarah Sanchez,sarah.sanchez748@example.com,+1-722-5508,United States,Los Angeles,2025-04-12 20:15:10
CUST16415875,Mark Smith,mark.smith44@example.com,+1-408-7918,Singapore,Singapore,2023-02-27 20:15:10
CUST12646190,Susan Lopez,susan.lopez229@example.com,+1-549-6257,United States,Phoenix,2025-04-23 20:15:10
CUST84933177,David Hernandez,david.hernandez723@example.com,+1-462-7671,Australia,Sydney,2023-03-08 20:15:10
CUST58286652,Susan White,susan.white849@example.com,+1-455-3887,United Kingdom,London,2025-07-27 20:15:10
CUST45528506,Christopher Gonzalez,christopher.gonzalez62@example.com,+1-956-4193,Canada,Ottawa,2025-08-02 20:15:10
CUST35905888,Matthew Garcia,matthew.garcia160@example.com,+1-616-8856,United States,Chicago,2025-06-18 20:15:10
CUST10108813,Betty Smith,betty.smith912@example.com,+1-215-6111,United Kingdom,London,2024-12-17 20:15:10
CUST70924594,Betty Robinson,betty.robinson581@example.com,+1-953-5910,Australia,Perth,2025-09-12 20:15:10
CUST38903379,Jessica Gonzalez,jessica.gonzalez147@example.com,+1-122-8603,Singapore,Singapore,2024-03-01 20:15:10
CUST84439219,Emily Martin,emily.martin45@example.com,+1-424-3331,Canada,Montreal,2026-02-16 20:15:10
CUST05282103,James Davis,james.davis645@example.com,+1-416-1797,Australia,Brisbane,2025-07-30 20:15:10
CUST01489868,Betty Martin,betty.martin131@example.com,+1-989-1755,Canada,Toronto,2025-06-10 20:15:10
CUST47945701,Anthony Martin,anthony.martin743@example.com,+1-137-8764,United Kingdom,London,2025-03-23 20:15:10
CUST22159303,Robert Williams,robert.williams109@example.com,+1-714-2451,United States,Phoenix,2025-11-01 20:15:10
CUST05164268,Daniel Rodriguez,daniel.rodriguez110@example.com,+1-786-6801,United Kingdom,Glasgow,2025-08-07 20:15:10
CUST20802847,Robert Perez,robert.perez161@example.com,+1-842-1111,Australia,Melbourne,2025-06-30 20:15:10
CUST93850688,Patricia Wilson,patricia.wilson773@example.com,+1-247-2544,Australia,Melbourne,2024-12-30 20:15:10
CUST28804720,Patricia Lewis,patricia.lewis652@example.com,+1-659-6383,United States,Los Angeles,2024-09-02 20:15:10
CUST15899644,Emily Gonzalez,emily.gonzalez548@example.com,+1-720-2431,Germany,Munich,2024-10-26 20:15:10
CUST53676026,Margaret Taylor,margaret.taylor963@example.com,+1-894-7466,Australia,Adelaide,2025-09-27 20:15:10
CUST81031506,Betty Jackson,betty.jackson837@example.com,+1-342-4061,Germany,Hamburg,2023-02-27 20:15:10
CUST58451018,William Gonzalez,william.gonzalez829@example.com,+1-258-5486,United Kingdom,Birmingham,2024-04-08 20:15:10
CUST75596636,Sarah Martinez,sarah.martinez397@example.com,+1-262-8836,Germany,Berlin,2025-11-09 20:15:10
CUST32212915,Richard Lee,richard.lee69@example.com,+1-908-9908,Australia,Perth,2025-12-09 20:15:10
CUST96071055,Emily Walker,emily.walker66@example.com,+1-437-8463,Singapore,Singapore,2025-10-12 20:15:10
CUST28686665,Susan Gonzalez,susan.gonzalez827@example.com,+1-247-3443,Australia,Brisbane,2025-07-22 20:15:10
CUST01166089,Karen Lee,karen.lee308@example.com,+1-229-8586,United Kingdom,Leeds,2024-04-03 20:15:10
CUST53009383,Daniel Gonzalez,daniel.gonzalez519@example.com,+1-101-2911,Singapore,Singapore,2024-08-26 20:15:10
CUST56711123,Daniel Taylor,daniel.taylor470@example.com,+1-282-8626,Germany,Hamburg,2024-04-02 20:15:10
CUST59563982,Karen Taylor,karen.taylor881@example.com,+1-854-3004,Germany,Munich,2025-11-03 20:15:10
CUST65432694,Joseph Ramirez,joseph.ramirez606@example.com,+1-260-3461,United States,Phoenix,2025-04-04 20:15:10
CUST36136406,Lisa Williams,lisa.williams234@example.com,+1-752-2568,Singapore,Singapore,2025-10-28 20:15:10
CUST05991785,Robert Smith,robert.smith728@example.com,+1-557-9003,Singapore,Singapore,2026-01-15 20:15:10
CUST31666472,Mark Williams,mark.williams370@example.com,+1-999-7719,Singapore,Singapore,2025-01-02 20:15:10
CUST76764390,David Thompson,david.thompson518@example.com,+1-528-7096,United States,Houston,2026-01-01 20:15:10
CUST69869354,James Lopez,james.lopez191@example.com,+1-181-5534,Australia,Sydney,2025-01-20 20:15:10
CUST11141761,Jessica Taylor,jessica.taylor799@example.com,+1-538-5100,Australia,Melbourne,2025-02-10 20:15:10
CUST39394814,Barbara White,barbara.white417@example.com,+1-973-2378,Australia,Adelaide,2024-06-30 20:15:10
CUST36518514,Sandra Martin,sandra.martin860@example.com,+1-739-5390,Canada,Vancouver,2026-01-03 20:15:10
CUST46388506,Susan Ramirez,susan.ramirez299@example.com,+1-120-6284,United States,Houston,2024-08-17 20:15:10
CUST58708170,Jennifer Walker,jennifer.walker497@example.com,+1-476-4505,Germany,Cologne,2023-02-27 20:15:10
CUST47181261,David Brown,david.brown326@example.com,+1-531-3171,United Kingdom,London,2024-04-03 20:15:10
CUST68175148,Patricia Rodriguez,patricia.rodriguez170@example.com,+1-904-2045,Australia,Melbourne,2024-10-06 20:15:10
CUST79864038,Matthew Gonzalez,matthew.gonzalez573@example.com,+1-796-1958,Canada,Ottawa,2025-01-26 20:15:10
CUST19713920,Thomas Williams,thomas.williams382@example.com,+1-712-2208,United Kingdom,Glasgow,2025-08-11 20:15:10
CUST80079493,Christopher Sanchez,christopher.sanchez71@example.com,+1-466-9844,United Kingdom,Birmingham,2024-11-05 20:15:10
CUST26229649,Matthew Wilson,matthew.wilson697@example.com,+1-959-9351,Australia,Perth,2024-11-13 20:15:10
CUST74009807,Jessica Davis,jessica.davis142@example.com,+1-525-3193,Germany,Cologne,2025-02-27 20:15:10
CUST34769388,William Ramirez,william.ramirez6@example.com,+1-784-3380,Canada,Toronto,2024-07-26 20:15:10
CUST17915479,Linda Jackson,linda.jackson734@example.com,+1-803-4921,United Kingdom,Leeds,2025-07-24 20:15:10
CUST68706796,John Sanchez,john.sanchez704@example.com,+1-571-6502,Canada,Montreal,2026-01-10 20:15:10
CUST35883661,Betty Lewis,betty.lewis527@example.com,+1-345-8182,Germany,Frankfurt,2025-05-04 20:15:10
CUST90861049,Thomas Brown,thomas.brown221@example.com,+1-212-6556,Canada,Vancouver,2025-11-06 20:15:10
CUST60083659,Matthew Thompson,matthew.thompson482@example.com,+1-581-1571,United Kingdom,Glasgow,2025-09-02 20:15:10
CUST86533898,Jessica Thompson,jessica.thompson565@example.com,+1-346-6824,United States,Phoenix,2026-02-20 20:15:10
CUST15421178,Sarah Thomas,sarah.thomas389@example.com,+1-245-3611,Singapore,Singapore,2025-09-03 20:15:10
CUST44966292,Margaret Lewis,margaret.lewis642@example.com,+1-993-5263,Germany,Frankfurt,2024-07-03 20:15:10
CUST41351182,Matthew Wilson,matthew.wilson485@example.com,+1-108-8553,Singapore,Singapore,2025-05-17 20:15:10
CUST64247013,Ashley White,ashley.white649@example.com,+1-993-2271,Singapore,Singapore,2026-02-23 20:15:10
CUST29083360,Mary Davis,mary.davis177@example.com,+1-531-8771,United Kingdom,London,2025-07-10 20:15:10
CUST46591825,Robert Garcia,robert.garcia947@example.com,+1-852-6968,Canada,Vancouver,2025-10-24 20:15:10
CUST38192495,Mary Robinson,mary.robinson69@example.com,+1-839-4594,United States,Houston,2025-07-05 20:15:10
CUST65672517,Karen Thompson,karen.thompson29@example.com,+1-553-3362,Canada,Calgary,2025-08-21 20:15:10
CUST18255342,Nancy Taylor,nancy.taylor739@example.com,+1-582-5682,Germany,Hamburg,2023-06-21 20:15:10
CUST63893669,Thomas Miller,thomas.miller614@example.com,+1-155-4253,United States,Houston,2026-02-11 20:15:10
CUST28691230,David Ramirez,david.ramirez2@example.com,+1-408-8112,Germany,Hamburg,2025-01-02 20:15:10
CUST55450511,Barbara Clark,barbara.clark597@example.com,+1-782-9271,Australia,Perth,2024-04-03 20:15:10
CUST84448398,Mark Harris,mark.harris20@example.com,+1-223-2371,United Kingdom,Birmingham,2023-02-27 20:15:10
CUST71770152,Charles Thomas,charles.thomas990@example.com,+1-622-5925,Singapore,Singapore,2025-12-17 20:15:10
CUST51298555,William Jones,william.jones330@example.com,+1-988-5691,Germany,Munich,2025-05-26 20:15:10
CUST44351940,David Martinez,david.martinez513@example.com,+1-577-4725,Canada,Calgary,2026-02-10 20:15:10
CUST30390043,James Anderson,james.anderson199@example.com,+1-651-7910,Australia,Melbourne,2025-06-19 20:15:10
CUST85291628,Sandra Miller,sandra.miller321@example.com,+1-962-3852,Singapore,Singapore,2026-01-09 20:15:10
CUST15326835,Mary Lopez,mary.lopez635@example.com,+1-867-2080,Singapore,Singapore,2024-05-03 20:15:10
CUST65382448,Richard Thomas,richard.thomas674@example.com,+1-516-1904,Germany,Cologne,2026-01-13 20:15:10
CUST46592232,Margaret Ramirez,margaret.ramirez896@example.com,+1-679-6575,Germany,Berlin,2025-06-09 20:15:10
CUST90618760,Linda Wilson,linda.wilson909@example.com,+1-452-8185,United Kingdom,Glasgow,2025-06-03 20:15:10
CUST00343596,Christopher Lee,christopher.lee43@example.com,+1-893-7711,United States,Phoenix,2023-02-27 20:15:10
CUST39114203,Emily Smith,emily.smith380@example.com,+1-937-4252,Singapore,Singapore,2025-02-03 20:15:10
CUST12816118,Sandra Ramirez,sandra.ramirez613@example.com,+1-740-5678,Australia,Adelaide,2025-10-26 20:15:10
CUST68320303,Robert Hernandez,robert.hernandez396@example.com,+1-490-8915,Germany,Berlin,2025-11-18 20:15:10
CUST05784802,Mary Lee,mary.lee669@example.com,+1-335-3615,Singapore,Singapore,2026-01-07 20:15:10
CUST57887681,Mark Robinson,mark.robinson264@example.com,+1-305-6743,Singapore,Singapore,2024-09-29 20:15:10
CUST15366124,Barbara White,barbara.white441@example.com,+1-138-2829,United Kingdom,London,2024-12-25 20:15:10
CUST04174849,Emily Sanchez,emily.sanchez157@example.com,+1-371-7369,United Kingdom,Leeds,2025-03-20 20:15:10
CUST80882131,Mark Taylor,mark.taylor55@example.com,+1-508-7755,United States,Chicago,2026-02-11 20:15:10
CUST78858268,Karen Garcia,karen.garcia119@example.com,+1-759-5995,United States,Chicago,2024-09-19 20:15:10
CUST43136661,Joseph Hernandez,joseph.hernandez490@example.com,+1-388-1925,United States,New York,2025-02-17 20:15:10
CUST71792664,Emily Moore,emily.moore279@example.com,+1-306-5754,United Kingdom,Glasgow,2023-02-27 20:15:10
CUST08819917,Jennifer Davis,jennifer.davis311@example.com,+1-671-4312,United States,Houston,2025-04-10 20:15:10
CUST51946225,Sandra Sanchez,sandra.sanchez654@example.com,+1-340-4675,Canada,Calgary,2025-10-17 20:15:10
CUST95749255,Charles Taylor,charles.taylor169@example.com,+1-842-3887,Germany,Frankfurt,2025-09-04 20:15:10
CUST72919122,Elizabeth Miller,elizabeth.miller68@example.com,+1-767-8736,United States,New York,2025-12-18 20:15:10
CUST96905259,Joseph Lee,joseph.lee331@example.com,+1-472-6065,Germany,Cologne,2024-11-15 20:15:10
CUST53658192,Margaret Rodriguez,margaret.rodriguez214@example.com,+1-660-7051,Germany,Cologne,2024-12-05 20:15:10
CUST65663308,Joseph Williams,joseph.williams330@example.com,+1-406-2974,United States,Houston,2025-12-07 20:15:10
CUST36847360,Richard Sanchez,richard.sanchez919@example.com,+1-776-1594,United Kingdom,Glasgow,2025-12-26 20:15:10
CUST00736684,Anthony Brown,anthony.brown117@example.com,+1-462-4910,United States,Phoenix,2026-01-28 20:15:10
CUST86357449,Linda White,linda.white74@example.com,+1-917-5510,United States,Houston,2023-09-23 20:15:10
CUST77411622,Daniel Perez,daniel.perez735@example.com,+1-429-1229,Germany,Munich,2025-11-22 20:15:10
CUST84519882,Jessica Jones,jessica.jones844@example.com,+1-456-7436,United Kingdom,Leeds,2025-09-26 20:15:10
CUST41955712,Betty Davis,betty.davis894@example.com,+1-270-2964,Germany,Cologne,2025-10-29 20:15:10
CUST43426907,Jennifer Harris,jennifer.harris404@example.com,+1-465-1101,Canada,Vancouver,2025-08-16 20:15:10
CUST29090636,Sarah White,sarah.white645@example.com,+1-205-3137,United States,Houston,2024-11-27 20:15:10
CUST74488910,Sandra White,sandra.white468@example.com,+1-473-3868,Germany,Munich,2024-02-11 20:15:10
CUST39121274,Lisa Jones,lisa.jones195@example.com,+1-841-1112,Singapore,Singapore,2025-12-15 20:15:10
CUST34200631,Christopher Moore,christopher.moore65@example.com,+1-258-1611,Australia,Perth,2024-12-30 20:15:10
CUST38691162,Susan Miller,susan.miller838@example.com,+1-438-7835,Australia,Adelaide,2025-09-21 20:15:10
CUST95827372,Anthony Johnson,anthony.johnson950@example.com,+1-531-5567,Australia,Melbourne,2023-02-27 20:15:10
CUST58840615,Anthony White,anthony.white67@example.com,+1-211-6248,United States,Houston,2025-10-20 20:15:10
CUST63469918,Emily White,emily.white535@example.com,+1-821-5196,Germany,Frankfurt,2026-02-24 20:15:10
CUST81611509,Mark Hernandez,mark.hernandez301@example.com,+1-241-3254,Canada,Calgary,2025-06-07 20:15:10
CUST23161790,Ashley Martinez,ashley.martinez600@example.com,+1-389-6754,Singapore,Singapore,2025-12-29 20:15:10
CUST82081051,Matthew Gonzalez,matthew.gonzalez984@example.com,+1-853-7400,United States,Chicago,2026-02-10 20:15:10
CUST81027143,Thomas Johnson,thomas.johnson49@example.com,+1-416-5880,Germany,Cologne,2024-12-16 20:15:10
CUST10673444,Sandra Miller,sandra.miller701@example.com,+1-437-8410,Australia,Melbourne,2024-11-03 20:15:10
CUST49314458,Michael Miller,michael.miller83@example.com,+1-292-9451,United Kingdom,Leeds,2025-07-16 20:15:10
CUST50131967,John Jackson,john.jackson718@example.com,+1-229-7379,Australia,Sydney,2025-01-10 20:15:10
CUST20564999,Linda Harris,linda.harris82@example.com,+1-697-9469,United States,Houston,2025-05-20 20:15:10
CUST17787498,Jessica Perez,jessica.perez796@example.com,+1-752-4421,Canada,Vancouver,2025-03-01 20:15:10
CUST65206688,David Jones,david.jones936@example.com,+1-363-3706,Australia,Sydney,2025-04-01 20:15:10
CUST42163665,William Ramirez,william.ramirez51@example.com,+1-820-7148,Germany,Cologne,2025-01-22 20:15:10
CUST40431152,Mark Williams,mark.williams503@example.com,+1-213-3897,United States,Los Angeles,2025-12-07 20:15:10
CUST22580949,Mark Miller,mark.miller27@example.com,+1-149-1239,Germany,Hamburg,2025-11-04 20:15:10
CUST42063807,Robert Brown,robert.brown545@example.com,+1-175-5530,United States,New York,2025-07-30 20:15:10
CUST90928370,John Thompson,john.thompson353@example.com,+1-714-3082,United States,Chicago,2025-07-26 20:15:10
CUST74271109,Susan Hernandez,susan.hernandez345@example.com,+1-579-6997,Singapore,Singapore,2024-09-01 20:15:10
CUST14676073,Jennifer Smith,jennifer.smith297@example.com,+1-668-5896,Canada,Toronto,2025-09-12 20:15:10
CUST77517578,Nancy Brown,nancy.brown929@example.com,+1-738-3757,Germany,Cologne,2025-12-24 20:15:10
CUST97938775,John Garcia,john.garcia640@example.com,+1-934-3177,United States,Chicago,2025-11-13 20:15:10
CUST41730727,Sarah Ramirez,sarah.ramirez153@example.com,+1-487-2613,Australia,Melbourne,2025-11-30 20:15:10
CUST88505673,Ashley Harris,ashley.harris916@example.com,+1-776-1758,Australia,Melbourne,2024-11-03 20:15:10
CUST50803090,Jessica Taylor,jessica.taylor94@example.com,+1-357-9447,United Kingdom,London,2025-07-10 20:15:10
CUST65212526,Richard Thomas,richard.thomas158@example.com,+1-909-4348,Singapore,Singapore,2024-12-03 20:15:10
CUST33426250,John Lopez,john.lopez603@example.com,+1-591-7670,Canada,Ottawa,2025-08-14 20:15:10
CUST00325694,Michael Jackson,michael.jackson854@example.com,+1-737-5336,United Kingdom,London,2023-12-15 20:15:10
CUST66158500,Sandra Clark,sandra.clark770@example.com,+1-655-9520,Canada,Calgary,2023-02-27 20:15:10
CUST97024927,Anthony Lopez,anthony.lopez588@example.com,+1-717-3741,Singapore,Singapore,2025-01-18 20:15:10
CUST02619740,Linda Brown,linda.brown134@example.com,+1-680-3313,Canada,Montreal,2024-03-01 20:15:10
CUST60469595,Thomas Thomas,thomas.thomas300@example.com,+1-635-5385,Canada,Calgary,2025-06-13 20:15:10
CUST71831853,Emily Ramirez,emily.ramirez212@example.com,+1-746-4716,United States,Phoenix,2023-06-07 20:15:10
CUST39995335,Lisa Moore,lisa.moore379@example.com,+1-141-5471,United States,Phoenix,2024-05-17 20:15:10
CUST02808172,Karen Harris,karen.harris702@example.com,+1-846-2369,United States,Los Angeles,2023-02-27 20:15:10
CUST29474398,Linda Martin,linda.martin105@example.com,+1-720-6871,Singapore,Singapore,2025-03-07 20:15:10
CUST59754789,Thomas Taylor,thomas.taylor822@example.com,+1-368-1987,Canada,Montreal,2024-08-24 20:15:10
CUST90292639,Sarah Johnson,sarah.johnson398@example.com,+1-923-6338,Singapore,Singapore,2025-05-17 20:15:10
CUST63345168,Jessica Brown,jessica.brown624@example.com,+1-610-5916,Australia,Sydney,2025-11-09 20:15:10
CUST26190642,Patricia Hernandez,patricia.hernandez607@example.com,+1-288-3719,United Kingdom,Glasgow,2025-09-20 20:15:10
CUST21221767,Patricia Walker,patricia.walker919@example.com,+1-470-5039,Singapore,Singapore,2023-11-30 20:15:10
CUST84154497,Daniel Clark,daniel.clark238@example.com,+1-155-1624,Singapore,Singapore,2026-02-05 20:15:10
CUST22986734,Lisa Gonzalez,lisa.gonzalez18@example.com,+1-631-5058,Singapore,Singapore,2025-04-06 20:15:10
CUST83048442,Margaret Thomas,margaret.thomas585@example.com,+1-642-8388,United States,Chicago,2025-09-09 20:15:10
CUST60565810,Betty Taylor,betty.taylor915@example.com,+1-379-6295,Australia,Melbourne,2025-09-01 20:15:10
CUST31095725,Mark White,mark.white28@example.com,+1-152-2523,United Kingdom,Leeds,2023-12-31 20:15:10
CUST00369560,Margaret Davis,margaret.davis644@example.com,+1-459-8415,Canada,Calgary,2024-03-27 20:15:10
CUST32214324,Anthony Smith,anthony.smith881@example.com,+1-601-9018,Canada,Ottawa,2025-03-30 20:15:10
CUST00646122,Emily Martinez,emily.martinez669@example.com,+1-317-4579,United Kingdom,Manchester,2025-11-02 20:15:10
CUST44010772,Sarah Garcia,sarah.garcia774@example.com,+1-930-4592,Singapore,Singapore,2025-07-06 20:15:10
CUST08714480,Daniel Miller,daniel.miller316@example.com,+1-456-9660,Germany,Berlin,2025-08-19 20:15:10
CUST02253310,Elizabeth Brown,elizabeth.brown827@example.com,+1-645-4531,Germany,Hamburg,2025-09-20 20:15:10
CUST08376674,Richard Lopez,richard.lopez798@example.com,+1-779-3490,Singapore,Singapore,2026-01-18 20:15:10
CUST91368371,Betty White,betty.white679@example.com,+1-309-2645,Canada,Toronto,2025-05-17 20:15:10
CUST71621634,Jessica Gonzalez,jessica.gonzalez751@example.com,+1-890-2291,Germany,Berlin,2025-10-18 20:15:10
CUST88744874,Karen Moore,karen.moore326@example.com,+1-970-6679,United Kingdom,London,2025-01-28 20:15:10
CUST04940541,Susan Jones,susan.jones125@example.com,+1-792-9019,United States,Phoenix,2025-10-09 20:15:10
CUST22159045,Jennifer Moore,jennifer.moore109@example.com,+1-908-9057,Canada,Vancouver,2025-08-05 20:15:10
CUST99685998,Sandra Jackson,sandra.jackson968@example.com,+1-645-3639,United Kingdom,London,2026-02-07 20:15:10
CUST35585357,Jessica Sanchez,jessica.sanchez455@example.com,+1-510-7703,Canada,Vancouver,2023-02-27 20:15:10
CUST80029175,Emily Smith,emily.smith668@example.com,+1-694-2084,Germany,Cologne,2025-06-13 20:15:10
CUST99137801,Robert Anderson,robert.anderson488@example.com,+1-379-1225,Australia,Perth,2026-02-18 20:15:10
CUST73699591,James Thompson,james.thompson742@example.com,+1-151-4272,United States,Chicago,2025-05-18 20:15:10
CUST57030641,Charles Hernandez,charles.hernandez942@example.com,+1-161-6279,United Kingdom,London,2024-02-12 20:15:10
CUST77329091,Linda Thompson,linda.thompson548@example.com,+1-470-3427,United Kingdom,Leeds,2024-09-04 20:15:10
CUST48926833,James Jones,james.jones974@example.com,+1-899-6701,Australia,Sydney,2024-12-13 20:15:10
CUST30625666,Ashley Martin,ashley.martin394@example.com,+1-480-2381,United States,Houston,2026-01-03 20:15:10
CUST53517734,Matthew Jones,matthew.jones47@example.com,+1-780-2118,Germany,Frankfurt,2025-01-31 20:15:10
CUST32319281,David Clark,david.clark900@example.com,+1-613-5870,Germany,Hamburg,2024-09-14 20:15:10
CUST64987694,Elizabeth Hernandez,elizabeth.hernandez584@example.com,+1-805-2403,Germany,Frankfurt,2025-04-22 20:15:10
CUST29188122,Richard Hernandez,richard.hernandez862@example.com,+1-716-2256,United Kingdom,Manchester,2023-12-05 20:15:10
CUST13699483,Betty Jackson,betty.jackson900@example.com,+1-265-4380,Canada,Calgary,2025-10-31 20:15:10
CUST48112560,Margaret Miller,margaret.miller781@example.com,+1-765-1775,Singapore,Singapore,2025-11-17 20:15:10
CUST21050043,Betty Jackson,betty.jackson215@example.com,+1-192-5662,Singapore,Singapore,2024-02-14 20:15:10
CUST40386357,John Perez,john.perez893@example.com,+1-197-1793,Singapore,Singapore,2025-03-05 20:15:10
CUST59954971,Joseph Lopez,joseph.lopez780@example.com,+1-484-7835,Canada,Calgary,2026-02-26 20:15:10
CUST33503746,John Ramirez,john.ramirez865@example.com,+1-663-1973,Singapore,Singapore,2025-09-21 20:15:10
CUST20138008,Emily Moore,emily.moore474@example.com,+1-380-1977,United States,Chicago,2024-03-16 20:15:10
CUST92991279,Charles Johnson,charles.johnson223@example.com,+1-950-1792,Singapore,Singapore,2026-02-16 20:15:10
CUST34042202,Elizabeth Ramirez,elizabeth.ramirez803@example.com,+1-863-1081,Australia,Adelaide,2026-02-25 20:15:10
CUST60450926,Karen Walker,karen.walker882@example.com,+1-754-4423,United Kingdom,London,2025-10-29 20:15:10
CUST61057210,Mark Rodriguez,mark.rodriguez559@example.com,+1-998-2911,Germany,Berlin,2023-09-15 20:15:10
CUST13447832,Susan Davis,susan.davis944@example.com,+1-906-9415,Canada,Calgary,2023-11-04 20:15:10
CUST99768262,Emily Wilson,emily.wilson30@example.com,+1-484-5015,Germany,Munich,2025-06-05 20:15:10
CUST64138614,Michael Anderson,michael.anderson681@example.com,+1-279-1315,United States,Phoenix,2025-05-08 20:15:10
CUST07167570,Michael Ramirez,michael.ramirez400@example.com,+1-241-6912,Australia,Sydney,2025-10-02 20:15:10
CUST74532511,Christopher Ramirez,christopher.ramirez955@example.com,+1-894-8153,Germany,Cologne,2025-11-17 20:15:10
CUST52339597,Daniel Martin,daniel.martin362@example.com,+1-575-6120,Australia,Melbourne,2024-06-20 20:15:10
CUST22265423,Michael Rodriguez,michael.rodriguez215@example.com,+1-151-2034,Australia,Perth,2026-01-16 20:15:10
CUST84765030,William Moore,william.moore343@example.com,+1-979-3384,United Kingdom,London,2025-06-28 20:15:10
CUST59215768,Christopher Walker,christopher.walker253@example.com,+1-478-6564,United States,Los Angeles,2025-02-24 20:15:10
CUST13866347,Mark Williams,mark.williams652@example.com,+1-579-2100,United States,Phoenix,2026-01-18 20:15:10
CUST34786222,Joseph Rodriguez,joseph.rodriguez696@example.com,+1-480-4142,Germany,Berlin,2025-06-04 20:15:10
CUST99334805,Jennifer Lee,jennifer.lee402@example.com,+1-556-6786,Germany,Munich,2025-04-18 20:15:10
CUST60798654,Margaret Hernandez,margaret.hernandez146@example.com,+1-548-3492,Australia,Melbourne,2024-10-19 20:15:10
CUST60064738,Elizabeth Sanchez,elizabeth.sanchez916@example.com,+1-709-5758,United Kingdom,Manchester,2025-11-21 20:15:10
CUST14881807,Thomas Smith,thomas.smith725@example.com,+1-260-2075,Canada,Montreal,2025-10-23 20:15:10
CUST36217679,Patricia Lee,patricia.lee146@example.com,+1-555-2192,Canada,Montreal,2025-04-25 20:15:10
CUST94153630,Patricia Jackson,patricia.jackson881@example.com,+1-161-7698,Germany,Munich,2023-02-27 20:15:10
CUST08846542,Elizabeth Rodriguez,elizabeth.rodriguez730@example.com,+1-713-6607,Canada,Calgary,2025-11-29 20:15:10
CUST67021361,James Sanchez,james.sanchez664@example.com,+1-530-1667,Germany,Frankfurt,2023-02-27 20:15:10
CUST21952531,John Lewis,john.lewis354@example.com,+1-199-2583,United States,Los Angeles,2024-11-26 20:15:10
CUST50441647,Linda Wilson,linda.wilson44@example.com,+1-783-2614,Canada,Toronto,2024-05-29 20:15:10
CUST99957605,Betty Robinson,betty.robinson587@example.com,+1-244-3430,Germany,Berlin,2026-01-23 20:15:10
CUST66946047,Michael Lewis,michael.lewis519@example.com,+1-385-8939,Canada,Calgary,2025-10-19 20:15:10
CUST42478222,Betty Brown,betty.brown653@example.com,+1-361-5380,United States,New York,2026-02-05 20:15:10
CUST95578476,Michael White,michael.white774@example.com,+1-718-4033,Singapore,Singapore,2025-09-10 20:15:10
CUST75678861,Ashley Moore,ashley.moore593@example.com,+1-366-8620,Singapore,Singapore,2023-02-27 20:15:10
CUST06557929,Anthony Davis,anthony.davis320@example.com,+1-327-2314,United Kingdom,Birmingham,2026-01-17 20:15:10
CUST07187305,John Clark,john.clark719@example.com,+1-980-8560,United States,New York,2025-05-01 20:15:10
CUST31000478,Charles Miller,charles.miller489@example.com,+1-196-8244,Germany,Cologne,2026-02-24 20:15:10
CUST73972223,Linda Hernandez,linda.hernandez797@example.com,+1-822-1297,United Kingdom,Manchester,2024-11-28 20:15:10
CUST17661929,Nancy Sanchez,nancy.sanchez671@example.com,+1-603-7217,Singapore,Singapore,2025-12-08 20:15:10
CUST42269905,James White,james.white75@example.com,+1-218-1702,Australia,Sydney,2026-01-07 20:15:10
CUST56452476,Nancy Harris,nancy.harris327@example.com,+1-978-8880,Germany,Munich,2025-09-29 20:15:10
CUST18081502,David Williams,david.williams978@example.com,+1-959-3704,Canada,Vancouver,2024-09-06 20:15:10
CUST58214234,Susan Davis,susan.davis219@example.com,+1-630-6846,Singapore,Singapore,2026-01-16 20:15:10
CUST79244950,William Ramirez,william.ramirez446@example.com,+1-906-6223,Singapore,Singapore,2025-11-23 20:15:10
CUST60606675,Margaret Walker,margaret.walker247@example.com,+1-618-8751,United States,Los Angeles,2026-02-23 20:15:10
CUST35170504,Matthew Miller,matthew.miller636@example.com,+1-656-5908,Canada,Calgary,2023-02-27 20:15:10
CUST62051197,Jessica Johnson,jessica.johnson774@example.com,+1-276-1488,Canada,Ottawa,2025-04-05 20:15:10
CUST77790512,Barbara Jackson,barbara.jackson506@example.com,+1-161-3291,Germany,Frankfurt,2024-11-19 20:15:10
CUST43620436,Emily Rodriguez,emily.rodriguez896@example.com,+1-533-3489,United States,Houston,2025-02-07 20:15:10
CUST56340700,Michael Williams,michael.williams502@example.com,+1-563-2180,Singapore,Singapore,2026-01-01 20:15:10
CUST44831032,Joseph Jackson,joseph.jackson180@example.com,+1-271-8215,Canada,Calgary,2025-04-03 20:15:10
CUST88852044,Richard Martin,richard.martin6@example.com,+1-779-8778,United Kingdom,Glasgow,2026-01-06 20:15:10
CUST62914844,Sarah Clark,sarah.clark133@example.com,+1-288-8005,Singapore,Singapore,2025-08-23 20:15:10
CUST57165728,David Lee,david.lee407@example.com,+1-559-2038,Australia,Brisbane,2025-04-25 20:15:10
CUST27176660,Charles Lewis,charles.lewis105@example.com,+1-350-7792,United States,New York,2025-05-04 20:15:10
CUST80705204,Anthony Walker,anthony.walker402@example.com,+1-953-3862,Canada,Vancouver,2026-01-11 20:15:10
CUST50770205,Matthew Jackson,matthew.jackson357@example.com,+1-203-4156,Canada,Calgary,2026-02-14 20:15:10
CUST53964169,Matthew Garcia,matthew.garcia555@example.com,+1-373-9391,Australia,Brisbane,2024-07-22 20:15:10
CUST95831691,Jessica Lee,jessica.lee937@example.com,+1-266-1065,Canada,Vancouver,2024-11-11 20:15:10
CUST45267490,Matthew Anderson,matthew.anderson952@example.com,+1-391-8451,Australia,Adelaide,2026-01-26 20:15:10
CUST91788220,Ashley White,ashley.white163@example.com,+1-841-5665,Australia,Melbourne,2026-01-08 20:15:10
CUST00439116,Thomas Davis,thomas.davis767@example.com,+1-742-4131,Canada,Toronto,2023-12-05 20:15:10
CUST40712584,William Thomas,william.thomas909@example.com,+1-297-3482,Germany,Frankfurt,2024-09-09 20:15:10
CUST71242949,Ashley Lopez,ashley.lopez453@example.com,+1-889-1917,Germany,Frankfurt,2023-02-27 20:15:10
CUST50354871,James Moore,james.moore67@example.com,+1-234-6228,Singapore,Singapore,2025-11-12 20:15:10
CUST44378222,Elizabeth Jackson,elizabeth.jackson125@example.com,+1-535-7440,Australia,Brisbane,2025-06-27 20:15:10
CUST05237523,Jessica Brown,jessica.brown815@example.com,+1-323-1779,Singapore,Singapore,2025-11-20 20:15:10
CUST91907524,Daniel Davis,daniel.davis673@example.com,+1-405-4375,Singapore,Singapore,2025-03-08 20:15:10
CUST48090994,John Taylor,john.taylor103@example.com,+1-474-7653,Australia,Melbourne,2026-01-13 20:15:10
CUST38622995,Joseph Jackson,joseph.jackson520@example.com,+1-460-2108,Australia,Perth,2026-01-08 20:15:10
CUST52088282,Christopher Lewis,christopher.lewis980@example.com,+1-953-1575,United Kingdom,London,2026-01-30 20:15:10
CUST73089736,Robert Jones,robert.jones738@example.com,+1-643-9544,Australia,Brisbane,2024-12-22 20:15:10
CUST74849674,Christopher Anderson,christopher.anderson730@example.com,+1-502-9625,Australia,Brisbane,2025-06-23 20:15:10
CUST07860396,Susan Gonzalez,susan.gonzalez756@example.com,+1-393-6757,United Kingdom,London,2025-03-13 20:15:10
CUST10986832,Jessica Williams,jessica.williams862@example.com,+1-744-4717,United States,New York,2024-01-17 20:15:10
CUST70458144,John Thompson,john.thompson788@example.com,+1-575-6898,Australia,Adelaide,2024-10-22 20:15:10
CUST73613652,Sarah Thompson,sarah.thompson441@example.com,+1-545-3055,Canada,Ottawa,2025-07-15 20:15:10
CUST12067789,Jennifer Johnson,jennifer.johnson980@example.com,+1-495-8595,Germany,Hamburg,2023-02-27 20:15:10
CUST20468060,John Thomas,john.thomas260@example.com,+1-153-4975,United States,Houston,2025-07-19 20:15:10
CUST92972122,Sarah Johnson,sarah.johnson633@example.com,+1-718-2489,Germany,Cologne,2026-01-14 20:15:10
CUST72629593,Linda Clark,linda.clark613@example.com,+1-336-3823,United Kingdom,London,2023-02-27 20:15:10
CUST74381817,Sarah Miller,sarah.miller568@example.com,+1-301-8827,Germany,Munich,2026-02-18 20:15:10
CUST29100697,Mark Brown,mark.brown742@example.com,+1-699-2803,United Kingdom,London,2025-05-11 20:15:10
CUST19383514,Lisa Lopez,lisa.lopez628@example.com,+1-278-7608,Australia,Brisbane,2025-10-15 20:15:10
CUST13125367,John Martinez,john.martinez139@example.com,+1-188-2465,Canada,Calgary,2025-06-16 20:15:10
CUST97709388,Emily Walker,emily.walker978@example.com,+1-152-2104,United States,Chicago,2025-05-04 20:15:10
CUST73343700,Ashley Hernandez,ashley.hernandez548@example.com,+1-915-4753,Canada,Calgary,2025-11-18 20:15:10
CUST46179971,Thomas Thompson,thomas.thompson953@example.com,+1-292-9930,United States,Houston,2025-05-05 20:15:10
CUST34730209,Sarah Johnson,sarah.johnson616@example.com,+1-909-5414,United Kingdom,Leeds,2024-09-30 20:15:10
CUST50063291,Betty Walker,betty.walker600@example.com,+1-909-9037,Australia,Sydney,2025-11-05 20:15:10
CUST94923560,Barbara Thompson,barbara.thompson20@example.com,+1-194-7620,Australia,Adelaide,2025-09-03 20:15:10
CUST66769974,Sandra Jackson,sandra.jackson607@example.com,+1-643-1316,Australia,Melbourne,2025-11-05 20:15:10
CUST65805921,Sarah Walker,sarah.walker337@example.com,+1-841-3150,Singapore,Singapore,2024-06-09 20:15:10
CUST99089299,Margaret Hernandez,margaret.hernandez521@example.com,+1-842-9453,Australia,Sydney,2024-11-12 20:15:10
CUST89547270,John Sanchez,john.sanchez925@example.com,+1-412-9466,Australia,Sydney,2024-02-09 20:15:10
CUST40175091,Karen Garcia,karen.garcia632@example.com,+1-891-4419,United Kingdom,London,2025-12-20 20:15:10
CUST36270587,Lisa Hernandez,lisa.hernandez41@example.com,+1-833-7220,Germany,Frankfurt,2026-01-30 20:15:10
CUST96205539,Margaret Perez,margaret.perez3@example.com,+1-868-8375,Canada,Vancouver,2026-01-11 20:15:10
CUST46149316,David Wilson,david.wilson748@example.com,+1-857-3997,Australia,Sydney,2025-12-24 20:15:10
CUST31238921,Richard Lewis,richard.lewis94@example.com,+1-854-5117,Germany,Berlin,2025-05-25 20:15:10
CUST47652855,William Perez,william.perez810@example.com,+1-442-8940,United Kingdom,Leeds,2023-02-27 20:15:10
CUST51872675,Jennifer Williams,jennifer.williams612@example.com,+1-828-6346,Australia,Brisbane,2025-09-18 20:15:10
CUST28352988,Mark Thompson,mark.thompson49@example.com,+1-376-4173,Australia,Adelaide,2023-02-27 20:15:10
CUST03342978,Michael Robinson,michael.robinson671@example.com,+1-124-2863,Australia,Adelaide,2026-02-12 20:15:10
CUST96791280,Robert Thompson,robert.thompson978@example.com,+1-707-7263,Canada,Ottawa,2023-07-18 20:15:10
CUST79651334,Sandra Perez,sandra.perez632@example.com,+1-921-7111,United Kingdom,Manchester,2025-12-16 20:15:10
CUST68185523,Margaret Lewis,margaret.lewis192@example.com,+1-855-6945,United Kingdom,London,2023-09-21 20:15:10
CUST65585825,Thomas Ramirez,thomas.ramirez775@example.com,+1-809-4410,United States,Phoenix,2026-02-05 20:15:10
CUST22928301,Matthew Gonzalez,matthew.gonzalez710@example.com,+1-600-3984,United States,Phoenix,2023-03-14 20:15:10
CUST20961011,Karen Clark,karen.clark735@example.com,+1-343-4882,Canada,Ottawa,2025-12-07 20:15:10
CUST10780723,James Wilson,james.wilson252@example.com,+1-727-8898,Australia,Melbourne,2025-10-18 20:15:10
CUST34929426,Michael Perez,michael.perez602@example.com,+1-766-5474,Germany,Cologne,2025-06-25 20:15:10
CUST17237372,Susan Johnson,susan.johnson508@example.com,+1-372-2503,Singapore,Singapore,2025-09-05 20:15:10
CUST08508329,Charles Williams,charles.williams144@example.com,+1-277-8730,Australia,Adelaide,2025-01-21 20:15:10
CUST36255110,Daniel Clark,daniel.clark6@example.com,+1-103-8834,Singapore,Singapore,2023-02-27 20:15:10
CUST60985397,Ashley Jackson,ashley.jackson746@example.com,+1-300-9972,United States,Los Angeles,2025-03-23 20:15:10
CUST12441832,William Clark,william.clark587@example.com,+1-916-4210,Singapore,Singapore,2024-11-17 20:15:10
CUST69123097,Mary Clark,mary.clark307@example.com,+1-754-3248,United Kingdom,Glasgow,2026-01-24 20:15:10
CUST25144843,Sarah Davis,sarah.davis810@example.com,+1-814-6821,United Kingdom,Birmingham,2025-03-03 20:15:10
CUST06529485,John Johnson,john.johnson576@example.com,+1-426-8790,Germany,Munich,2025-07-21 20:15:10
CUST07394875,Jessica Thomas,jessica.thomas256@example.com,+1-867-3494,United States,Chicago,2023-12-28 20:15:10
CUST64823288,Sandra Wilson,sandra.wilson179@example.com,+1-299-5965,United Kingdom,Birmingham,2025-08-31 20:15:10
CUST34065573,Ashley Martinez,ashley.martinez845@example.com,+1-963-7291,Germany,Hamburg,2025-01-07 20:15:10
CUST50921803,Daniel Thomas,daniel.thomas865@example.com,+1-771-9515,Singapore,Singapore,2025-11-24 20:15:10
CUST43605490,Thomas Thompson,thomas.thompson341@example.com,+1-267-3910,Canada,Montreal,2025-11-09 20:15:10
CUST69392889,Sandra Anderson,sandra.anderson15@example.com,+1-259-1677,United States,New York,2025-09-07 20:15:10
CUST27310919,Richard Sanchez,richard.sanchez391@example.com,+1-451-9659,Australia,Perth,2025-10-17 20:15:10
CUST76072718,Jessica Johnson,jessica.johnson721@example.com,+1-476-8792,Singapore,Singapore,2025-11-12 20:15:10
CUST62739266,Betty Jones,betty.jones415@example.com,+1-721-4917,Germany,Munich,2026-02-08 20:15:10
CUST32755807,James Walker,james.walker434@example.com,+1-293-3295,Singapore,Singapore,2024-05-06 20:15:10
CUST92211279,Daniel Garcia,daniel.garcia53@example.com,+1-745-6027,Canada,Montreal,2026-02-02 20:15:10
CUST57224369,Mark Harris,mark.harris301@example.com,+1-384-1711,United Kingdom,Glasgow,2023-12-22 20:15:10
CUST97303953,Patricia Jones,patricia.jones808@example.com,+1-827-1582,Australia,Perth,2026-01-09 20:15:10
CUST89121440,John Smith,john.smith440@example.com,+1-162-7894,Australia,Perth,2026-02-02 20:15:10
CUST08845787,David Ramirez,david.ramirez785@example.com,+1-650-5730,United States,Houston,2025-04-30 20:15:10
CUST01323551,Sandra Hernandez,sandra.hernandez879@example.com,+1-357-5725,United States,Phoenix,2025-06-17 20:15:10
CUST84277467,Jessica White,jessica.white222@example.com,+1-670-5574,Singapore,Singapore,2025-06-25 20:15:10
CUST59275032,James Anderson,james.anderson668@example.com,+1-532-9015,Singapore,Singapore,2025-04-21 20:15:10
CUST93544603,William Thompson,william.thompson679@example.com,+1-103-4041,Australia,Melbourne,2025-10-26 20:15:10
CUST44509294,Christopher Sanchez,christopher.sanchez928@example.com,+1-991-4734,United States,Los Angeles,2025-01-26 20:15:10
CUST16534744,Christopher Perez,christopher.perez694@example.com,+1-820-5718,Canada,Toronto,2025-06-17 20:15:10
CUST68242190,James Martin,james.martin731@example.com,+1-276-8119,United States,Los Angeles,2025-10-01 20:15:10
CUST60590071,Nancy Rodriguez,nancy.rodriguez992@example.com,+1-573-3577,United Kingdom,Manchester,2024-05-28 20:15:10
CUST61421799,Jessica Perez,jessica.perez266@example.com,+1-168-7887,Australia,Brisbane,2024-11-09 20:15:10
CUST31362314,David Clark,david.clark106@example.com,+1-853-1092,Canada,Calgary,2025-08-28 20:15:10
CUST81959533,Christopher Walker,christopher.walker372@example.com,+1-926-7943,United Kingdom,Glasgow,2024-04-11 20:15:10
CUST44557082,Ashley Williams,ashley.williams360@example.com,+1-394-3031,Australia,Sydney,2023-08-18 20:15:10
CUST19310333,James Anderson,james.anderson756@example.com,+1-900-5620,United States,Houston,2025-05-22 20:15:10
CUST11964709,Daniel Clark,daniel.clark719@example.com,+1-639-3551,United States,Los Angeles,2025-11-30 20:15:10
CUST03395377,Emily Lopez,emily.lopez368@example.com,+1-721-5260,Germany,Hamburg,2023-09-07 20:15:10
CUST67813964,Karen White,karen.white977@example.com,+1-212-2991,Australia,Brisbane,2025-12-12 20:15:10
CUST17750461,Mary Garcia,mary.garcia512@example.com,+1-914-2042,United States,Los Angeles,2026-02-08 20:15:10
CUST78255326,Christopher Williams,christopher.williams727@example.com,+1-150-9677,Canada,Toronto,2025-10-05 20:15:10
CUST97273806,Charles Thomas,charles.thomas158@example.com,+1-480-1904,Canada,Toronto,2024-11-10 20:15:10
CUST94064544,Jessica Jackson,jessica.jackson687@example.com,+1-830-8946,Canada,Ottawa,2023-08-04 20:15:10
CUST94149054,Richard Rodriguez,richard.rodriguez232@example.com,+1-674-7799,Singapore,Singapore,2025-02-21 20:15:10
CUST13284941,Nancy Sanchez,nancy.sanchez172@example.com,+1-884-2774,Canada,Toronto,2023-02-27 20:15:10
CUST60820628,Mary Brown,mary.brown445@example.com,+1-307-1358,United States,Chicago,2026-01-22 20:15:10
CUST46202013,Ashley Jones,ashley.jones521@example.com,+1-323-1386,Singapore,Singapore,2026-02-04 20:15:10
CUST85336133,Richard Thompson,richard.thompson923@example.com,+1-170-3525,Germany,Munich,2025-03-25 20:15:10
CUST85626216,Mary Lewis,mary.lewis542@example.com,+1-987-5671,Singapore,Singapore,2023-02-27 20:15:10
CUST35631487,Elizabeth Ramirez,elizabeth.ramirez107@example.com,+1-950-7892,Canada,Montreal,2025-06-17 20:15:10
CUST32475463,Thomas Harris,thomas.harris929@example.com,+1-776-3762,Australia,Sydney,2026-02-07 20:15:10
CUST57396050,Margaret Lee,margaret.lee196@example.com,+1-714-2037,United States,Los Angeles,2025-11-27 20:15:10
CUST30080227,Elizabeth Jones,elizabeth.jones564@example.com,+1-143-3012,United Kingdom,Leeds,2025-11-16 20:15:10
CUST44757899,William Gonzalez,william.gonzalez790@example.com,+1-943-3806,Singapore,Singapore,2025-09-29 20:15:10
CUST83120732,John Moore,john.moore141@example.com,+1-334-4247,Australia,Adelaide,2026-02-10 20:15:10
CUST97092214,Joseph Jones,joseph.jones606@example.com,+1-737-3597,Germany,Berlin,2023-10-22 20:15:10
CUST17594312,Sandra Brown,sandra.brown329@example.com,+1-359-4810,Germany,Berlin,2025-06-07 20:15:10
CUST60264657,Susan Lewis,susan.lewis552@example.com,+1-791-7477,Australia,Perth,2025-01-17 20:15:10
CUST34189975,Sandra Jackson,sandra.jackson289@example.com,+1-478-6880,Singapore,Singapore,2026-02-01 20:15:10
CUST12515097,Susan Thomas,susan.thomas709@example.com,+1-337-7953,Canada,Calgary,2026-02-06 20:15:10
CUST51672507,Daniel Lewis,daniel.lewis814@example.com,+1-167-1332,United States,Phoenix,2025-04-10 20:15:10
CUST62791932,Sarah Williams,sarah.williams876@example.com,+1-403-2275,United States,Phoenix,2023-12-23 20:15:10
CUST67167435,Michael Robinson,michael.robinson495@example.com,+1-357-2401,United Kingdom,Birmingham,2025-05-28 20:15:10
CUST50336291,Daniel Martinez,daniel.martinez249@example.com,+1-345-6784,Canada,Vancouver,2024-01-21 20:15:10
CUST76719080,William Lee,william.lee411@example.com,+1-754-1041,United States,New York,2024-06-28 20:15:10
CUST26641656,Charles Lee,charles.lee753@example.com,+1-197-4338,United Kingdom,Glasgow,2026-01-29 20:15:10
CUST41192133,Margaret Davis,margaret.davis578@example.com,+1-446-4011,Australia,Brisbane,2025-12-06 20:15:10
CUST36205547,Patricia Clark,patricia.clark390@example.com,+1-531-9392,Germany,Hamburg,2025-01-31 20:15:10
CUST55237710,Margaret Lee,margaret.lee348@example.com,+1-413-9208,Australia,Brisbane,2025-07-28 20:15:10
CUST69542352,Robert Rodriguez,robert.rodriguez393@example.com,+1-938-7313,United States,New York,2025-10-24 20:15:10
CUST75067745,Nancy Davis,nancy.davis482@example.com,+1-356-1530,United Kingdom,Leeds,2025-08-13 20:15:10
CUST53742088,Anthony Gonzalez,anthony.gonzalez234@example.com,+1-768-3091,Singapore,Singapore,2025-07-26 20:15:10
CUST18371913,Patricia Williams,patricia.williams682@example.com,+1-145-5858,United Kingdom,London,2023-09-29 20:15:10
CUST51164875,James Jackson,james.jackson732@example.com,+1-480-9537,United Kingdom,Birmingham,2026-01-18 20:15:10
CUST90338491,Linda Martinez,linda.martinez952@example.com,+1-949-5868,Germany,Munich,2025-10-30 20:15:10
CUST17709793,Linda Martinez,linda.martinez341@example.com,+1-313-7542,United Kingdom,Manchester,2025-05-21 20:15:10
CUST33753565,Robert Smith,robert.smith607@example.com,+1-259-4328,United Kingdom,Leeds,2024-12-16 20:15:10
CUST03015987,William Perez,william.perez71@example.com,+1-176-6433,Canada,Vancouver,2025-02-28 20:15:10
CUST66807250,Matthew Smith,matthew.smith278@example.com,+1-635-2222,Australia,Brisbane,2023-04-26 20:15:10
CUST51130444,Thomas Williams,thomas.williams178@example.com,+1-319-3749,Singapore,Singapore,2024-07-27 20:15:10
CUST80102780,Michael Wilson,michael.wilson348@example.com,+1-544-2313,Singapore,Singapore,2025-05-05 20:15:10
CUST90487132,Betty Perez,betty.perez832@example.com,+1-983-3971,Canada,Ottawa,2025-11-30 20:15:10
CUST63062251,Christopher Martin,christopher.martin854@example.com,+1-554-1099,Germany,Cologne,2025-07-23 20:15:10
CUST97260927,Charles Miller,charles.miller749@example.com,+1-478-8037,Singapore,Singapore,2024-12-22 20:15:10
CUST13510191,Patricia Hernandez,patricia.hernandez67@example.com,+1-322-3967,United States,Phoenix,2024-05-03 20:15:10
CUST14259793,Lisa Martin,lisa.martin135@example.com,+1-833-4475,United Kingdom,Glasgow,2023-02-27 20:15:10
CUST49382118,Anthony Lopez,anthony.lopez16@example.com,+1-631-4206,Australia,Perth,2025-03-24 20:15:10
CUST92644144,Jessica Harris,jessica.harris965@example.com,+1-498-1255,Germany,Frankfurt,2025-05-29 20:15:10
CUST33768994,Ashley Jones,ashley.jones580@example.com,+1-621-2611,Singapore,Singapore,2026-02-20 20:15:10
CUST21358049,Daniel Hernandez,daniel.hernandez240@example.com,+1-432-4132,Germany,Munich,2026-01-30 20:15:10
CUST12558328,Sarah Robinson,sarah.robinson539@example.com,+1-482-8501,United States,New York,2025-12-27 20:15:10
CUST00326719,Thomas Davis,thomas.davis609@example.com,+1-984-4253,Australia,Adelaide,2026-02-06 20:15:10
CUST18964370,Linda Miller,linda.miller864@example.com,+1-252-4577,Australia,Perth,2025-08-24 20:15:10
CUST96921902,Linda Williams,linda.williams585@example.com,+1-476-9385,Singapore,Singapore,2025-09-30 20:15:10
CUST44138015,Susan Wilson,susan.wilson715@example.com,+1-613-3438,Canada,Montreal,2025-02-21 20:15:10
CUST45252646,Patricia Harris,patricia.harris79@example.com,+1-235-7358,Canada,Montreal,2025-05-22 20:15:10
CUST41841253,Linda Gonzalez,linda.gonzalez190@example.com,+1-603-3597,Australia,Brisbane,2025-04-02 20:15:10
CUST39213814,Thomas Walker,thomas.walker830@example.com,+1-769-2215,United Kingdom,Leeds,2025-07-08 20:15:10
CUST49645059,Michael Hernandez,michael.hernandez671@example.com,+1-822-9128,Germany,Frankfurt,2025-10-31 20:15:10
CUST26477818,Jessica Jackson,jessica.jackson365@example.com,+1-187-1192,United States,Phoenix,2023-02-27 20:15:10
CUST22090469,Margaret Martin,margaret.martin408@example.com,+1-335-9463,Germany,Munich,2026-01-25 20:15:10
CUST51076976,Mary Martin,mary.martin883@example.com,+1-929-6058,United Kingdom,Glasgow,2023-05-13 20:15:10
CUST95845139,Daniel Garcia,daniel.garcia402@example.com,+1-264-6696,United Kingdom,Leeds,2025-10-13 20:15:10
CUST81295681,Matthew Moore,matthew.moore355@example.com,+1-837-3410,United Kingdom,London,2025-06-09 20:15:10
CUST83539091,Elizabeth Gonzalez,elizabeth.gonzalez922@example.com,+1-190-9297,United States,New York,2026-01-15 20:15:10
CUST06501443,Ashley Jackson,ashley.jackson543@example.com,+1-431-4254,Australia,Melbourne,2026-01-31 20:15:10
CUST27259989,Sandra Hernandez,sandra.hernandez621@example.com,+1-446-7251,Australia,Sydney,2025-08-06 20:15:10
CUST61088040,Michael Jones,michael.jones44@example.com,+1-252-5243,United Kingdom,Leeds,2024-10-20 20:15:10
CUST30044232,Sandra Williams,sandra.williams960@example.com,+1-781-4319,United Kingdom,London,2025-11-04 20:15:10
CUST58201362,Linda Walker,linda.walker310@example.com,+1-980-3466,Canada,Vancouver,2025-05-01 20:15:10
CUST53120895,Anthony Lopez,anthony.lopez193@example.com,+1-274-7613,United States,Houston,2025-10-30 20:15:10
CUST76089051,John Thompson,john.thompson865@example.com,+1-824-6927,Canada,Montreal,2025-08-31 20:15:10
CUST63564155,Jennifer Johnson,jennifer.johnson93@example.com,+1-571-3400,Australia,Adelaide,2023-10-16 20:15:10
CUST02662564,Mark Smith,mark.smith508@example.com,+1-214-4171,Germany,Hamburg,2024-03-22 20:15:10
CUST91747626,Thomas Martin,thomas.martin781@example.com,+1-569-7166,United Kingdom,Birmingham,2025-06-07 20:15:10
CUST45563081,Linda Williams,linda.williams917@example.com,+1-643-2285,United States,Chicago,2025-11-19 20:15:10
CUST69738252,Jennifer Taylor,jennifer.taylor555@example.com,+1-318-3219,United Kingdom,Birmingham,2025-12-10 20:15:10
CUST58569878,James Thomas,james.thomas341@example.com,+1-844-6115,United Kingdom,Leeds,2023-02-27 20:15:10
CUST58092352,Anthony Jackson,anthony.jackson346@example.com,+1-192-4023,United States,Los Angeles,2025-12-06 20:15:10
CUST73438900,Christopher Brown,christopher.brown925@example.com,+1-363-1234,United States,New York,2024-07-04 20:15:10
CUST25391701,Karen Walker,karen.walker52@example.com,+1-573-4483,Australia,Adelaide,2025-09-11 20:15:10
CUST87763855,Margaret Jackson,margaret.jackson748@example.com,+1-577-2632,Germany,Munich,2023-02-27 20:15:10
CUST55298914,Ashley Thompson,ashley.thompson687@example.com,+1-661-8815,Germany,Cologne,2025-09-12 20:15:10
CUST63964688,Matthew Taylor,matthew.taylor176@example.com,+1-278-7856,Singapore,Singapore,2025-09-21 20:15:10
CUST29593810,Sarah Thompson,sarah.thompson861@example.com,+1-367-8289,Germany,Cologne,2025-02-21 20:15:10
CUST09275403,Susan Thompson,susan.thompson317@example.com,+1-530-1439,Germany,Hamburg,2023-02-27 20:15:10
CUST67113956,James Martinez,james.martinez846@example.com,+1-482-6347,Germany,Berlin,2023-02-27 20:15:10
CUST33136725,James Brown,james.brown966@example.com,+1-672-9894,United Kingdom,London,2024-12-05 20:15:10
CUST32563989,Thomas Brown,thomas.brown214@example.com,+1-485-1780,Canada,Calgary,2024-10-02 20:15:10
CUST05851332,James Davis,james.davis199@example.com,+1-362-2787,Singapore,Singapore,2025-04-30 20:15:10
CUST73096291,Anthony Lopez,anthony.lopez618@example.com,+1-681-1039,Germany,Berlin,2024-09-30 20:15:10
CUST35774857,Robert Wilson,robert.wilson27@example.com,+1-134-8038,United States,Chicago,2024-03-11 20:15:10
CUST05660493,Mary Martinez,mary.martinez113@example.com,+1-622-4517,Canada,Ottawa,2025-06-29 20:15:10
CUST57789479,Sarah Jackson,sarah.jackson544@example.com,+1-178-1600,Singapore,Singapore,2025-03-10 20:15:10
CUST54804159,Michael Sanchez,michael.sanchez934@example.com,+1-862-8419,Australia,Perth,2025-05-21 20:15:10
CUST61738806,Charles Rodriguez,charles.rodriguez284@example.com,+1-829-3828,Singapore,Singapore,2025-05-01 20:15:10
CUST33951400,Daniel Thomas,daniel.thomas386@example.com,+1-118-2943,Singapore,Singapore,2023-12-14 20:15:10
CUST83740760,Patricia Brown,patricia.brown608@example.com,+1-949-8690,Australia,Brisbane,2025-09-19 20:15:10
CUST07404197,Betty Smith,betty.smith466@example.com,+1-884-1094,Australia,Melbourne,2025-12-03 20:15:10
CUST77945333,Sarah Davis,sarah.davis181@example.com,+1-690-8705,Singapore,Singapore,2025-07-19 20:15:10
CUST31604761,Barbara Martinez,barbara.martinez651@example.com,+1-977-7989,Canada,Ottawa,2025-12-03 20:15:10
CUST82957328,Nancy Ramirez,nancy.ramirez787@example.com,+1-238-9214,Canada,Calgary,2025-06-20 20:15:10
CUST13920908,Margaret Smith,margaret.smith940@example.com,+1-329-8528,Australia,Adelaide,2023-10-27 20:15:10
CUST28080083,Betty Miller,betty.miller169@example.com,+1-465-7634,Australia,Brisbane,2025-03-13 20:15:10
CUST68161680,Sarah Gonzalez,sarah.gonzalez233@example.com,+1-100-2573,Australia,Sydney,2024-03-23 20:15:10
CUST18825114,Barbara Harris,barbara.harris249@example.com,+1-393-2009,United States,Phoenix,2025-12-22 20:15:10
CUST92551548,Thomas Anderson,thomas.anderson210@example.com,+1-435-4888,United Kingdom,Leeds,2023-11-06 20:15:10
CUST26096319,Mark Thomas,mark.thomas402@example.com,+1-582-8050,Australia,Perth,2025-03-27 20:15:10
CUST93811763,Robert Johnson,robert.johnson439@example.com,+1-793-4547,Germany,Frankfurt,2026-02-15 20:15:10
CUST34412418,Mark Clark,mark.clark912@example.com,+1-841-4048,United States,Los Angeles,2025-02-26 20:15:10
CUST11861481,James Lopez,james.lopez339@example.com,+1-762-2179,Australia,Melbourne,2023-02-27 20:15:10
CUST14000465,Betty Taylor,betty.taylor822@example.com,+1-465-5117,Germany,Frankfurt,2026-01-27 20:15:10
CUST53952148,Jessica Moore,jessica.moore845@example.com,+1-393-5687,Canada,Montreal,2025-04-14 20:15:10
CUST02942831,Joseph Sanchez,joseph.sanchez467@example.com,+1-809-9252,Canada,Toronto,2023-09-09 20:15:10
CUST18290296,Matthew Wilson,matthew.wilson846@example.com,+1-105-1596,Australia,Sydney,2026-02-23 20:15:10
CUST32750337,Anthony Perez,anthony.perez380@example.com,+1-333-7777,Canada,Montreal,2025-02-28 20:15:10
CUST94012624,William Walker,william.walker537@example.com,+1-708-6203,Singapore,Singapore,2025-07-06 20:15:10
CUST68061052,Barbara Moore,barbara.moore169@example.com,+1-337-3799,Singapore,Singapore,2025-09-24 20:15:10
CUST04115916,Sarah Lopez,sarah.lopez783@example.com,+1-945-4459,United Kingdom,Glasgow,2025-03-03 20:15:10
CUST41214388,Mary White,mary.white424@example.com,+1-628-1437,Germany,Munich,2026-02-07 20:15:10
CUST08292208,Robert Anderson,robert.anderson738@example.com,+1-782-6461,Singapore,Singapore,2024-10-04 20:15:10
CUST13505514,Anthony Williams,anthony.williams614@example.com,+1-878-3971,Australia,Brisbane,2026-02-25 20:15:10
CUST33500656,Mary Rodriguez,mary.rodriguez657@example.com,+1-583-3940,Germany,Cologne,2025-10-16 20:15:10
CUST52636614,Susan Wilson,susan.wilson833@example.com,+1-536-7465,Australia,Sydney,2025-06-16 20:15:10
CUST05845198,James Anderson,james.anderson653@example.com,+1-726-2053,Germany,Hamburg,2025-09-07 20:15:10
CUST36927030,Joseph Lee,joseph.lee651@example.com,+1-207-5818,United States,New York,2025-10-15 20:15:10
CUST96671349,Daniel Martinez,daniel.martinez883@example.com,+1-911-6948,Australia,Sydney,2024-05-19 20:15:10
CUST04408998,Nancy Perez,nancy.perez595@example.com,+1-799-3154,Germany,Berlin,2023-06-06 20:15:10
CUST64870346,Elizabeth Lopez,elizabeth.lopez740@example.com,+1-991-4965,Germany,Hamburg,2024-02-02 20:15:10
CUST09898929,Michael Perez,michael.perez845@example.com,+1-219-3759,Singapore,Singapore,2025-06-02 20:15:10
CUST27178734,Jennifer Davis,jennifer.davis278@example.com,+1-109-7320,Canada,Ottawa,2024-01-02 20:15:10
CUST43506001,Linda Martinez,linda.martinez233@example.com,+1-100-7748,Singapore,Singapore,2023-08-16 20:15:10
CUST82497042,Sarah White,sarah.white169@example.com,+1-159-9596,Canada,Ottawa,2025-08-18 20:15:10
CUST27565260,Richard Walker,richard.walker529@example.com,+1-314-8951,Australia,Adelaide,2025-10-28 20:15:10
CUST40264278,Patricia Harris,patricia.harris546@example.com,+1-479-4705,Australia,Perth,2026-01-20 20:15:10
CUST87911252,Emily Brown,emily.brown642@example.com,+1-563-5666,United States,Phoenix,2025-07-03 20:15:10
CUST35970736,Sandra Moore,sandra.moore51@example.com,+1-247-3256,United States,Los Angeles,2023-03-27 20:15:10
CUST17005243,Barbara Jones,barbara.jones503@example.com,+1-725-2016,United Kingdom,Manchester,2025-05-02 20:15:10
CUST29425365,Charles Brown,charles.brown108@example.com,+1-211-9586,Canada,Calgary,2025-01-21 20:15:10
CUST03625620,Elizabeth Lewis,elizabeth.lewis980@example.com,+1-434-9125,Canada,Calgary,2026-01-14 20:15:10
CUST50536063,Sandra Jones,sandra.jones704@example.com,+1-926-1501,Singapore,Singapore,2026-01-01 20:15:10
CUST22135297,Mark Martinez,mark.martinez776@example.com,+1-445-6238,Canada,Ottawa,2025-07-14 20:15:10
CUST50817318,Emily Hernandez,emily.hernandez37@example.com,+1-223-8443,Singapore,Singapore,2023-02-27 20:15:10
CUST63146968,Elizabeth Brown,elizabeth.brown875@example.com,+1-583-1511,United States,Los Angeles,2025-09-16 20:15:10
CUST34733629,Daniel Garcia,daniel.garcia426@example.com,+1-721-6628,Singapore,Singapore,2024-01-22 20:15:10
CUST04921647,Thomas Moore,thomas.moore144@example.com,+1-437-7398,Australia,Brisbane,2026-01-11 20:15:10
CUST63316259,Barbara Harris,barbara.harris410@example.com,+1-846-4639,Australia,Sydney,2025-03-13 20:15:10
CUST50666043,James Harris,james.harris81@example.com,+1-554-9320,Australia,Perth,2025-03-28 20:15:10
CUST78298055,Lisa Lewis,lisa.lewis81@example.com,+1-344-2138,United States,Houston,2024-03-11 20:15:10
CUST76906904,Richard Moore,richard.moore205@example.com,+1-110-9924,Germany,Munich,2026-02-25 20:15:10
CUST26798513,Linda Rodriguez,linda.rodriguez727@example.com,+1-469-2238,United States,Phoenix,2025-12-12 20:15:10
CUST55084970,Barbara Thomas,barbara.thomas81@example.com,+1-155-2737,United Kingdom,London,2025-11-28 20:15:10
CUST50008699,David White,david.white64@example.com,+1-837-1316,Singapore,Singapore,2023-03-01 20:15:10
CUST72139186,Matthew White,matthew.white980@example.com,+1-379-2751,Australia,Brisbane,2025-12-28 20:15:10
CUST92240934,Michael Williams,michael.williams946@example.com,+1-942-1175,Singapore,Singapore,2026-02-13 20:15:10
CUST80698163,Thomas Brown,thomas.brown693@example.com,+1-122-3140,United Kingdom,London,2025-05-23 20:15:10
CUST81491678,Linda Smith,linda.smith513@example.com,+1-444-2370,United Kingdom,Manchester,2025-05-28 20:15:10
CUST85442206,Mark White,mark.white951@example.com,+1-353-4208,United Kingdom,London,2024-04-19 20:15:10
CUST82998887,Anthony Lewis,anthony.lewis168@example.com,+1-699-3647,United States,New York,2023-03-09 20:15:10
CUST11888989,Thomas Smith,thomas.smith740@example.com,+1-340-3448,United Kingdom,Birmingham,2025-05-20 20:15:10
CUST62446016,Matthew Robinson,matthew.robinson957@example.com,+1-436-6405,Australia,Melbourne,2023-07-02 20:15:10
CUST20432097,Sarah Perez,sarah.perez515@example.com,+1-755-4805,United Kingdom,Birmingham,2024-11-12 20:15:10
CUST12160121,Lisa Taylor,lisa.taylor724@example.com,+1-147-7532,Australia,Sydney,2025-11-06 20:15:10
CUST38723818,Mark Ramirez,mark.ramirez183@example.com,+1-651-1486,United States,Los Angeles,2023-07-10 20:15:10
CUST51400658,Joseph Lee,joseph.lee17@example.com,+1-503-2513,United Kingdom,London,2025-01-21 20:15:10
CUST42631960,Nancy Robinson,nancy.robinson77@example.com,+1-238-1047,United States,Los Angeles,2025-08-15 20:15:10
CUST41096510,Margaret Walker,margaret.walker332@example.com,+1-828-1246,Singapore,Singapore,2025-01-06 20:15:10
CUST43219840,Lisa Hernandez,lisa.hernandez476@example.com,+1-239-3479,Australia,Adelaide,2025-08-23 20:15:10
CUST19747477,Nancy Davis,nancy.davis725@example.com,+1-173-9967,Singapore,Singapore,2026-01-13 20:15:10
CUST43830541,James Jackson,james.jackson147@example.com,+1-393-5341,Singapore,Singapore,2024-11-20 20:15:10
CUST59330543,Christopher Thomas,christopher.thomas414@example.com,+1-467-9465,Germany,Berlin,2024-06-02 20:15:10
CUST12922191,Christopher White,christopher.white851@example.com,+1-891-9246,Singapore,Singapore,2024-11-07 20:15:10
CUST18835709,Mark Garcia,mark.garcia801@example.com,+1-695-7900,Australia,Melbourne,2025-11-24 20:15:10
CUST43834760,Patricia Robinson,patricia.robinson356@example.com,+1-200-3233,United Kingdom,Glasgow,2023-02-27 20:15:10
CUST07326268,Joseph Perez,joseph.perez719@example.com,+1-914-6043,United States,Chicago,2026-02-17 20:15:10
CUST81872975,Barbara White,barbara.white107@example.com,+1-893-9078,Australia,Melbourne,2025-10-02 20:15:10
CUST16707293,Margaret Davis,margaret.davis502@example.com,+1-245-2258,Germany,Munich,2025-11-09 20:15:10
CUST13816672,Lisa Lopez,lisa.lopez873@example.com,+1-167-5923,United States,Phoenix,2026-02-08 20:15:10
CUST62457343,Elizabeth Robinson,elizabeth.robinson400@example.com,+1-444-5176,Singapore,Singapore,2025-08-21 20:15:10
CUST12895999,Barbara Williams,barbara.williams676@example.com,+1-368-2358,Canada,Toronto,2025-03-07 20:15:10
CUST74282389,Susan Sanchez,susan.sanchez135@example.com,+1-974-7746,Germany,Hamburg,2024-01-07 20:15:10
CUST03275141,Charles Moore,charles.moore908@example.com,+1-871-5425,United States,Phoenix,2023-02-27 20:15:10
CUST64499011,Patricia Lewis,patricia.lewis174@example.com,+1-825-1920,Singapore,Singapore,2024-07-04 20:15:10
CUST24049697,Margaret Garcia,margaret.garcia204@example.com,+1-496-9091,United Kingdom,Leeds,2025-07-11 20:15:10
CUST17117706,Patricia Lewis,patricia.lewis9@example.com,+1-157-7279,Germany,Hamburg,2024-11-14 20:15:10
CUST88219153,Sarah Smith,sarah.smith600@example.com,+1-611-3440,Canada,Vancouver,2024-04-20 20:15:10
CUST24317958,Daniel Lewis,daniel.lewis402@example.com,+1-994-3276,Australia,Brisbane,2025-07-13 20:15:10
CUST23540538,Christopher Clark,christopher.clark485@example.com,+1-916-9375,Germany,Hamburg,2024-08-14 20:15:10
CUST42980994,Matthew Thomas,matthew.thomas589@example.com,+1-778-8341,Australia,Melbourne,2025-07-01 20:15:10
CUST96659982,Barbara Anderson,barbara.anderson751@example.com,+1-489-5244,Canada,Calgary,2025-09-01 20:15:10
CUST04817372,Jessica Rodriguez,jessica.rodriguez571@example.com,+1-969-9634,Canada,Vancouver,2025-05-30 20:15:10
CUST07502313,Mark Gonzalez,mark.gonzalez240@example.com,+1-105-4357,Australia,Brisbane,2025-01-11 20:15:10
CUST50094952,William Hernandez,william.hernandez334@example.com,+1-115-8966,Australia,Melbourne,2024-11-10 20:15:10
CUST77908428,William Taylor,william.taylor262@example.com,+1-189-6339,Australia,Adelaide,2025-09-18 20:15:10
CUST72363867,James Davis,james.davis303@example.com,+1-580-7269,Singapore,Singapore,2025-04-23 20:15:10
CUST35727501,Thomas Martinez,thomas.martinez848@example.com,+1-951-4885,Canada,Vancouver,2023-10-02 20:15:10
CUST97977369,Barbara Rodriguez,barbara.rodriguez133@example.com,+1-531-7097,Germany,Berlin,2023-02-27 20:15:10
CUST34528986,William Brown,william.brown375@example.com,+1-599-8061,Canada,Vancouver,2025-11-24 20:15:10
CUST23340555,David Thompson,david.thompson562@example.com,+1-994-7580,Singapore,Singapore,2025-12-10 20:15:10
CUST80076015,Jessica Ramirez,jessica.ramirez371@example.com,+1-409-5343,Canada,Vancouver,2025-01-10 20:15:10
CUST75872916,Ashley Ramirez,ashley.ramirez725@example.com,+1-979-5720,Australia,Brisbane,2025-08-15 20:15:10
CUST67123274,Jennifer Davis,jennifer.davis195@example.com,+1-720-1328,United States,Chicago,2026-02-18 20:15:10
CUST80471083,John Anderson,john.anderson209@example.com,+1-858-7442,Australia,Adelaide,2025-09-24 20:15:10
CUST10161595,Robert Miller,robert.miller201@example.com,+1-256-7969,United Kingdom,Birmingham,2024-07-07 20:15:10
CUST39613835,Margaret Hernandez,margaret.hernandez448@example.com,+1-593-6821,United States,Chicago,2024-07-24 20:15:10
CUST00741139,Robert Brown,robert.brown384@example.com,+1-149-1003,Canada,Toronto,2025-06-22 20:15:10
CUST47877877,John Brown,john.brown647@example.com,+1-889-9582,Singapore,Singapore,2025-07-08 20:15:10
CUST37303678,Joseph Walker,joseph.walker5@example.com,+1-882-2447,Australia,Melbourne,2025-04-16 20:15:10
CUST11940775,Michael Perez,michael.perez863@example.com,+1-727-9295,Germany,Berlin,2025-11-28 20:15:10
CUST97498800,Christopher Garcia,christopher.garcia227@example.com,+1-481-5320,United States,Houston,2025-05-30 20:15:10
CUST42817765,Margaret Williams,margaret.williams605@example.com,+1-445-5840,United Kingdom,Leeds,2026-02-22 20:15:10
CUST96145684,Richard Jackson,richard.jackson474@example.com,+1-512-6790,Canada,Calgary,2025-07-06 20:15:10
CUST71597937,Linda Rodriguez,linda.rodriguez130@example.com,+1-410-2513,United States,Los Angeles,2025-09-30 20:15:10
CUST63109304,Linda Anderson,linda.anderson439@example.com,+1-128-8481,Germany,Frankfurt,2025-01-12 20:15:10
CUST79836343,Margaret Robinson,margaret.robinson457@example.com,+1-645-4588,Canada,Toronto,2025-02-20 20:15:10
CUST18675606,Matthew Miller,matthew.miller921@example.com,+1-872-4462,Australia,Brisbane,2025-09-05 20:15:10
CUST80098725,Jessica Jones,jessica.jones686@example.com,+1-298-7357,Australia,Melbourne,2026-02-24 20:15:10
CUST69013287,Jessica Lopez,jessica.lopez764@example.com,+1-919-2283,Australia,Adelaide,2025-11-12 20:15:10
CUST56841373,Lisa Garcia,lisa.garcia36@example.com,+1-433-7848,Germany,Frankfurt,2025-02-25 20:15:10
CUST88867011,John Thompson,john.thompson429@example.com,+1-864-5287,Australia,Adelaide,2026-01-30 20:15:10
CUST58170471,Richard Gonzalez,richard.gonzalez644@example.com,+1-184-8700,United States,Chicago,2026-01-16 20:15:10
CUST55599527,Nancy Clark,nancy.clark259@example.com,+1-978-3873,Australia,Sydney,2025-02-11 20:15:10
CUST22697663,David Miller,david.miller806@example.com,+1-588-3651,United States,New York,2024-09-30 20:15:10
CUST14944435,Joseph Rodriguez,joseph.rodriguez603@example.com,+1-744-4957,Canada,Vancouver,2025-10-08 20:15:10
CUST67826516,Mark Martin,mark.martin519@example.com,+1-292-8971,Australia,Adelaide,2025-06-26 20:15:10
CUST93562747,Robert Davis,robert.davis34@example.com,+1-815-8538,Germany,Cologne,2023-03-31 20:15:10
CUST99568413,Susan Wilson,susan.wilson902@example.com,+1-399-2870,United Kingdom,Birmingham,2023-04-01 20:15:10
CUST47788975,Susan Lopez,susan.lopez835@example.com,+1-984-2202,United States,Phoenix,2025-10-15 20:15:10
CUST86561816,Margaret Walker,margaret.walker854@example.com,+1-634-7935,Singapore,Singapore,2024-06-30 20:15:10
CUST60940682,William Williams,william.williams207@example.com,+1-538-7993,Australia,Sydney,2025-04-04 20:15:10
CUST20832479,Margaret Rodriguez,margaret.rodriguez270@example.com,+1-669-2221,United Kingdom,London,2023-02-27 20:15:10
CUST04567446,Sandra Anderson,sandra.anderson945@example.com,+1-951-2974,Australia,Sydney,2025-07-04 20:15:10
CUST48812010,Anthony Sanchez,anthony.sanchez406@example.com,+1-400-7279,Germany,Frankfurt,2024-09-01 20:15:10
CUST35682686,Joseph Robinson,joseph.robinson715@example.com,+1-118-8959,United States,Chicago,2024-09-11 20:15:10
CUST45268573,Betty Johnson,betty.johnson314@example.com,+1-172-6608,United States,Houston,2025-06-20 20:15:10
CUST49110118,Robert Lopez,robert.lopez66@example.com,+1-698-9380,United Kingdom,London,2024-07-27 20:15:10
CUST65211661,Nancy Clark,nancy.clark527@example.com,+1-949-9359,United Kingdom,Birmingham,2025-11-08 20:15:10
CUST06753042,John Johnson,john.johnson157@example.com,+1-144-5499,Germany,Berlin,2026-01-10 20:15:10
CUST88241443,Sandra Johnson,sandra.johnson303@example.com,+1-444-9555,United States,Houston,2025-08-08 20:15:10
CUST98228317,Susan Wilson,susan.wilson754@example.com,+1-573-2220,Australia,Sydney,2023-04-14 20:15:10
CUST00270787,Thomas Wilson,thomas.wilson125@example.com,+1-267-9078,Singapore,Singapore,2025-06-18 20:15:10
CUST57624719,James Harris,james.harris762@example.com,+1-341-7039,Germany,Cologne,2025-02-23 20:15:10
CUST70148928,Nancy Taylor,nancy.taylor456@example.com,+1-361-5250,Singapore,Singapore,2025-03-06 20:15:10
CUST44723000,Michael Smith,michael.smith994@example.com,+1-639-8699,Singapore,Singapore,2026-01-06 20:15:10
CUST15558261,Lisa Johnson,lisa.johnson12@example.com,+1-266-9015,United Kingdom,Birmingham,2025-08-30 20:15:10
CUST76798363,Christopher Hernandez,christopher.hernandez677@example.com,+1-290-8537,United Kingdom,Glasgow,2024-12-06 20:15:10
CUST54293439,Mark Gonzalez,mark.gonzalez855@example.com,+1-666-7925,United States,Los Angeles,2023-02-27 20:15:10
CUST18183280,Joseph Gonzalez,joseph.gonzalez345@example.com,+1-214-7997,Germany,Cologne,2025-12-21 20:15:10
CUST33198972,Nancy Martin,nancy.martin130@example.com,+1-196-4389,Australia,Melbourne,2025-08-18 20:15:10
CUST93590167,Thomas Wilson,thomas.wilson156@example.com,+1-813-9424,Germany,Hamburg,2026-01-21 20:15:10
CUST80957382,Christopher Lopez,christopher.lopez679@example.com,+1-989-7150,United Kingdom,Birmingham,2025-11-17 20:15:10
CUST06021015,Ashley Martinez,ashley.martinez692@example.com,+1-278-7654,United Kingdom,Birmingham,2025-09-07 20:15:10
CUST52208602,William Harris,william.harris380@example.com,+1-517-5483,Singapore,Singapore,2025-05-19 20:15:10
CUST15353061,Linda Miller,linda.miller852@example.com,+1-692-2836,Germany,Frankfurt,2025-11-23 20:15:10
CUST64922803,Nancy Gonzalez,nancy.gonzalez694@example.com,+1-749-2057,Singapore,Singapore,2025-11-24 20:15:10
CUST25875977,Nancy Martin,nancy.martin216@example.com,+1-518-4137,United Kingdom,London,2024-08-26 20:15:10
CUST55892568,Patricia Lee,patricia.lee879@example.com,+1-829-2275,Australia,Adelaide,2023-02-27 20:15:10
CUST79131307,Karen Miller,karen.miller287@example.com,+1-902-3207,United States,Los Angeles,2025-10-07 20:15:10
CUST19519901,Mark Sanchez,mark.sanchez91@example.com,+1-903-2073,United Kingdom,Manchester,2024-12-28 20:15:10
CUST40944516,Margaret Smith,margaret.smith159@example.com,+1-516-4373,Singapore,Singapore,2025-11-10 20:15:10
CUST76620383,Karen Garcia,karen.garcia370@example.com,+1-972-3173,United Kingdom,Manchester,2023-07-12 20:15:10
CUST63667699,Lisa Williams,lisa.williams784@example.com,+1-298-1525,United States,New York,2025-01-15 20:15:10
CUST01742148,Elizabeth Jackson,elizabeth.jackson745@example.com,+1-350-2247,Australia,Melbourne,2024-07-14 20:15:10
CUST78526041,Daniel Jackson,daniel.jackson288@example.com,+1-372-4667,Canada,Ottawa,2026-02-08 20:15:10
CUST00543634,Barbara Sanchez,barbara.sanchez984@example.com,+1-663-2890,Australia,Perth,2025-03-30 20:15:10
CUST74888506,Michael Martinez,michael.martinez227@example.com,+1-965-5206,Canada,Calgary,2025-05-29 20:15:10
CUST99920168,Richard Jackson,richard.jackson59@example.com,+1-936-1215,Canada,Toronto,2025-10-23 20:15:10
CUST01970750,Elizabeth Clark,elizabeth.clark628@example.com,+1-230-4056,Germany,Munich,2025-11-07 20:15:10
CUST85302116,Mary Gonzalez,mary.gonzalez230@example.com,+1-764-4648,United States,New York,2025-04-16 20:15:10
CUST87767096,Sarah Jackson,sarah.jackson668@example.com,+1-679-4906,Germany,Berlin,2024-12-06 20:15:10
CUST28346063,Patricia Martinez,patricia.martinez858@example.com,+1-591-9376,Germany,Munich,2026-02-14 20:15:10
CUST34038221,Linda Taylor,linda.taylor909@example.com,+1-888-3246,Singapore,Singapore,2025-04-27 20:15:10
CUST63187746,Nancy Robinson,nancy.robinson101@example.com,+1-971-4578,United Kingdom,Birmingham,2025-12-20 20:15:10
CUST94009693,Linda Walker,linda.walker235@example.com,+1-181-9440,Canada,Calgary,2026-01-02 20:15:10
CUST51790679,Emily Taylor,emily.taylor275@example.com,+1-679-9567,United States,Chicago,2025-03-07 20:15:10
CUST07975115,Emily Clark,emily.clark444@example.com,+1-998-1782,Canada,Ottawa,2025-10-14 20:15:10
CUST10980859,Michael Thomas,michael.thomas598@example.com,+1-825-3446,Canada,Vancouver,2025-07-29 20:15:10
CUST80194109,Daniel Jones,daniel.jones291@example.com,+1-427-2232,Germany,Munich,2025-09-17 20:15:10
CUST97649707,Patricia Rodriguez,patricia.rodriguez235@example.com,+1-315-8286,Singapore,Singapore,2025-02-10 20:15:10
CUST42348574,Mark Robinson,mark.robinson320@example.com,+1-547-7920,Australia,Brisbane,2025-07-10 20:15:10
CUST16334242,Ashley Walker,ashley.walker579@example.com,+1-429-5161,Canada,Ottawa,2023-02-27 20:15:10
CUST99780265,Lisa Martin,lisa.martin23@example.com,+1-127-5078,Canada,Vancouver,2025-09-21 20:15:10
CUST92323342,Betty Moore,betty.moore614@example.com,+1-280-7068,United Kingdom,London,2024-10-22 20:15:10
CUST93699439,Sarah Martinez,sarah.martinez837@example.com,+1-165-4196,Singapore,Singapore,2025-11-10 20:15:10
CUST12726967,Thomas Robinson,thomas.robinson571@example.com,+1-919-5068,United Kingdom,Glasgow,2025-06-12 20:15:10
CUST96334010,Anthony Anderson,anthony.anderson160@example.com,+1-810-1963,United Kingdom,Manchester,2025-05-09 20:15:10
CUST22338173,Anthony Thomas,anthony.thomas431@example.com,+1-548-1409,Singapore,Singapore,2025-10-04 20:15:10
CUST22928675,Karen Brown,karen.brown804@example.com,+1-239-9281,Germany,Cologne,2025-07-09 20:15:10
CUST41978162,Thomas White,thomas.white854@example.com,+1-113-1496,Singapore,Singapore,2025-10-30 20:15:10
CUST06329304,Richard Martinez,richard.martinez53@example.com,+1-951-4660,United Kingdom,Birmingham,2026-02-24 20:15:10
CUST63635942,Christopher Lopez,christopher.lopez146@example.com,+1-810-1078,Germany,Cologne,2025-11-30 20:15:10
CUST45329327,Jessica Jones,jessica.jones93@example.com,+1-888-5737,Germany,Cologne,2024-12-14 20:15:10
CUST31790876,David Sanchez,david.sanchez8@example.com,+1-722-5617,United Kingdom,London,2024-09-07 20:15:10
CUST01200419,Nancy Martin,nancy.martin889@example.com,+1-703-6862,Singapore,Singapore,2025-10-29 20:15:10
CUST55081472,Sarah White,sarah.white255@example.com,+1-899-3614,United Kingdom,Birmingham,2025-08-19 20:15:10
CUST31367823,Sandra Wilson,sandra.wilson540@example.com,+1-746-5465,Canada,Ottawa,2026-02-13 20:15:10
CUST70833531,Jennifer Walker,jennifer.walker837@example.com,+1-135-1267,Canada,Montreal,2025-11-20 20:15:10
CUST69891431,Thomas Jones,thomas.jones348@example.com,+1-407-2101,Singapore,Singapore,2024-08-24 20:15:10
CUST29213966,Emily Lopez,emily.lopez337@example.com,+1-292-6809,Germany,Frankfurt,2025-03-24 20:15:10
CUST95745635,Robert Miller,robert.miller49@example.com,+1-863-5964,United Kingdom,Manchester,2025-12-04 20:15:10
CUST02460112,Lisa Anderson,lisa.anderson365@example.com,+1-584-8376,Singapore,Singapore,2025-11-10 20:15:10
CUST96194842,Mark Williams,mark.williams796@example.com,+1-316-5743,Canada,Vancouver,2024-06-17 20:15:10
CUST14155770,Linda Thomas,linda.thomas671@example.com,+1-885-9845,Singapore,Singapore,2025-12-03 20:15:10
CUST23430620,Mark Gonzalez,mark.gonzalez205@example.com,+1-560-1880,Germany,Cologne,2025-10-01 20:15:10
CUST59917861,Sandra Jackson,sandra.jackson800@example.com,+1-569-3139,United Kingdom,Leeds,2025-01-24 20:15:10
CUST53473528,Susan Hernandez,susan.hernandez997@example.com,+1-127-7488,Germany,Munich,2025-05-02 20:15:10
CUST35816077,Charles Gonzalez,charles.gonzalez962@example.com,+1-644-3601,United States,Phoenix,2025-07-16 20:15:10
CUST69921097,Jennifer Lewis,jennifer.lewis247@example.com,+1-518-2363,United States,Los Angeles,2023-11-10 20:15:10
CUST74448748,John Davis,john.davis702@example.com,+1-699-8025,United States,Chicago,2025-11-28 20:15:10
CUST59900619,Barbara White,barbara.white436@example.com,+1-276-8722,Germany,Cologne,2024-10-21 20:15:10
CUST43930632,Linda Lopez,linda.lopez611@example.com,+1-124-4040,United States,Houston,2025-12-25 20:15:10
CUST23966692,Susan Walker,susan.walker571@example.com,+1-361-2045,Canada,Toronto,2025-03-14 20:15:10
CUST47225738,Richard Robinson,richard.robinson133@example.com,+1-621-7594,Singapore,Singapore,2024-02-11 20:15:10
CUST77504588,Jessica Robinson,jessica.robinson159@example.com,+1-159-8387,Canada,Vancouver,2025-07-18 20:15:10
CUST03065211,Barbara Clark,barbara.clark578@example.com,+1-607-9885,Germany,Frankfurt,2024-11-13 20:15:10
CUST57944688,Mary White,mary.white669@example.com,+1-129-4678,United States,Chicago,2024-06-10 20:15:10
CUST08746335,Jessica Walker,jessica.walker742@example.com,+1-341-6792,Australia,Sydney,2026-01-04 20:15:10
CUST51356558,Mark Clark,mark.clark895@example.com,+1-894-3171,United Kingdom,Birmingham,2024-12-07 20:15:10
CUST68388579,Linda Jones,linda.jones404@example.com,+1-585-1060,United States,Chicago,2023-08-20 20:15:10
CUST79903200,Michael Clark,michael.clark238@example.com,+1-464-6360,United States,Chicago,2025-04-19 20:15:10
CUST08977621,Joseph Johnson,joseph.johnson739@example.com,+1-972-3550,United States,Houston,2025-12-13 20:15:10
CUST79877097,Barbara Rodriguez,barbara.rodriguez968@example.com,+1-499-3544,Canada,Calgary,2026-01-08 20:15:10
CUST98549464,Betty Sanchez,betty.sanchez850@example.com,+1-365-3094,Australia,Brisbane,2025-11-09 20:15:10
CUST77316858,Anthony Taylor,anthony.taylor899@example.com,+1-113-2671,Canada,Vancouver,2026-01-18 20:15:10
CUST22044971,Jessica Hernandez,jessica.hernandez258@example.com,+1-586-7052,Canada,Toronto,2025-06-09 20:15:10
CUST11271465,Daniel Rodriguez,daniel.rodriguez957@example.com,+1-371-6144,Singapore,Singapore,2026-01-31 20:15:10
CUST45273612,Susan Walker,susan.walker497@example.com,+1-919-7427,United States,Chicago,2025-11-26 20:15:10
CUST74044626,William Hernandez,william.hernandez796@example.com,+1-430-7741,Germany,Frankfurt,2025-07-30 20:15:10
CUST94113756,Jennifer Martin,jennifer.martin770@example.com,+1-164-1323,Germany,Frankfurt,2025-07-07 20:15:10
CUST74717190,Margaret Smith,margaret.smith978@example.com,+1-637-7692,Australia,Perth,2025-04-28 20:15:10
CUST22008064,Michael Martin,michael.martin498@example.com,+1-682-5833,Canada,Toronto,2024-12-07 20:15:10
CUST55547757,William Robinson,william.robinson855@example.com,+1-457-5765,United States,Chicago,2026-02-09 20:15:10
CUST04968568,Nancy Martinez,nancy.martinez430@example.com,+1-280-9719,Singapore,Singapore,2026-01-27 20:15:10
CUST90191541,Betty Robinson,betty.robinson139@example.com,+1-707-1004,United Kingdom,Leeds,2026-02-04 20:15:10
CUST13170612,Elizabeth Gonzalez,elizabeth.gonzalez321@example.com,+1-604-9096,United States,Houston,2025-08-10 20:15:10
CUST06123112,Karen Martin,karen.martin551@example.com,+1-630-5185,United Kingdom,Birmingham,2026-02-11 20:15:10
CUST50199818,Jessica Martinez,jessica.martinez94@example.com,+1-258-6878,Singapore,Singapore,2024-10-14 20:15:10
CUST92734840,Anthony Lopez,anthony.lopez556@example.com,+1-297-6947,Singapore,Singapore,2025-11-26 20:15:10
CUST24610382,Mark Harris,mark.harris267@example.com,+1-519-3071,Australia,Adelaide,2023-05-11 20:15:10
CUST66705011,Emily White,emily.white102@example.com,+1-856-1239,Singapore,Singapore,2025-06-28 20:15:10
CUST31968218,Joseph Clark,joseph.clark682@example.com,+1-603-5857,Germany,Berlin,2025-07-26 20:15:10
CUST68241693,Patricia Sanchez,patricia.sanchez347@example.com,+1-318-9226,Germany,Cologne,2024-08-22 20:15:10
CUST97426608,Barbara Taylor,barbara.taylor992@example.com,+1-618-8100,Germany,Munich,2024-11-28 20:15:10
CUST76321609,Michael Sanchez,michael.sanchez201@example.com,+1-464-9038,United Kingdom,Manchester,2025-03-22 20:15:10
CUST25884722,Christopher Taylor,christopher.taylor35@example.com,+1-101-5452,Canada,Montreal,2023-06-04 20:15:10
CUST83096568,Richard Garcia,richard.garcia758@example.com,+1-151-9057,United States,Phoenix,2025-08-10 20:15:10
CUST38240189,Barbara Williams,barbara.williams127@example.com,+1-507-4251,Canada,Vancouver,2024-07-03 20:15:10
CUST52734080,Sandra Moore,sandra.moore709@example.com,+1-945-6292,Canada,Calgary,2025-09-05 20:15:10
CUST74309393,Anthony Moore,anthony.moore233@example.com,+1-791-4704,United Kingdom,Manchester,2024-05-02 20:15:10
CUST04329446,Lisa Walker,lisa.walker156@example.com,+1-196-9129,United Kingdom,Leeds,2025-11-09 20:15:10
CUST97588699,Betty Jones,betty.jones473@example.com,+1-829-4250,United States,New York,2025-10-25 20:15:10
CUST65022162,John Thomas,john.thomas227@example.com,+1-919-6469,Australia,Sydney,2025-01-09 20:15:10
CUST38498393,Matthew Davis,matthew.davis5@example.com,+1-336-5061,Singapore,Singapore,2025-12-01 20:15:10
CUST88234560,Jessica Clark,jessica.clark276@example.com,+1-827-9441,Germany,Hamburg,2025-11-24 20:15:10
CUST88555638,Charles Davis,charles.davis580@example.com,+1-598-2594,Canada,Toronto,2025-10-17 20:15:10
CUST85465485,Mary Robinson,mary.robinson359@example.com,+1-455-5145,Canada,Vancouver,2025-01-08 20:15:10
CUST32676304,Sandra Johnson,sandra.johnson9@example.com,+1-104-6012,United States,Chicago,2023-12-16 20:15:10
CUST30724901,Sarah Sanchez,sarah.sanchez203@example.com,+1-736-9827,Germany,Berlin,2025-01-13 20:15:10
CUST38060683,Robert Rodriguez,robert.rodriguez394@example.com,+1-639-4325,United States,Los Angeles,2024-05-25 20:15:10
CUST64936069,Michael Hernandez,michael.hernandez201@example.com,+1-534-4848,Germany,Frankfurt,2025-05-16 20:15:10
CUST47490011,Barbara Brown,barbara.brown547@example.com,+1-543-5974,Canada,Vancouver,2026-01-31 20:15:10
CUST19087536,John Johnson,john.johnson936@example.com,+1-679-6619,Australia,Melbourne,2026-01-19 20:15:10
CUST36137720,Lisa Robinson,lisa.robinson452@example.com,+1-238-1417,Singapore,Singapore,2025-05-07 20:15:10
CUST05069859,Joseph Brown,joseph.brown696@example.com,+1-476-2520,Canada,Ottawa,2025-10-05 20:15:10
CUST72183886,Margaret Clark,margaret.clark672@example.com,+1-522-7466,Australia,Melbourne,2025-11-28 20:15:10
CUST84601577,Patricia Miller,patricia.miller601@example.com,+1-195-3077,United States,Chicago,2025-07-12 20:15:10
CUST21162363,Barbara Harris,barbara.harris782@example.com,+1-369-6545,United Kingdom,Manchester,2025-01-22 20:15:10
CUST01762805,Patricia Garcia,patricia.garcia437@example.com,+1-332-1967,Singapore,Singapore,2025-09-02 20:15:10
CUST04599793,James Robinson,james.robinson421@example.com,+1-367-6688,United Kingdom,Birmingham,2024-07-14 20:15:10
CUST47065559,Michael Martin,michael.martin463@example.com,+1-441-7771,United Kingdom,Leeds,2024-10-25 20:15:10
CUST11114679,Karen Thompson,karen.thompson718@example.com,+1-964-1969,Canada,Toronto,2024-10-30 20:15:10
CUST29958275,Barbara Jones,barbara.jones644@example.com,+1-223-4020,Australia,Adelaide,2023-02-27 20:15:10
CUST88087046,James Rodriguez,james.rodriguez891@example.com,+1-896-1960,Singapore,Singapore,2025-10-22 20:15:10
CUST38189256,Richard Gonzalez,richard.gonzalez556@example.com,+1-134-1586,Australia,Perth,2025-02-14 20:15:10
CUST91129110,Daniel Robinson,daniel.robinson297@example.com,+1-296-3353,United States,Los Angeles,2024-03-22 20:15:10
CUST53437455,Barbara Taylor,barbara.taylor640@example.com,+1-837-8491,Australia,Brisbane,2025-04-16 20:15:10
CUST97814505,Charles Lewis,charles.lewis898@example.com,+1-284-3140,Singapore,Singapore,2024-08-07 20:15:10
CUST49189408,Ashley Rodriguez,ashley.rodriguez241@example.com,+1-201-1734,Australia,Adelaide,2025-08-15 20:15:10
CUST64101558,Joseph Miller,joseph.miller401@example.com,+1-530-9362,United Kingdom,Glasgow,2025-04-07 20:15:10
CUST41647239,Margaret Jackson,margaret.jackson141@example.com,+1-465-9963,Germany,Munich,2026-02-06 20:15:10
CUST52778897,Sarah Anderson,sarah.anderson105@example.com,+1-467-4313,Germany,Berlin,2023-02-27 20:15:10
CUST81203098,Joseph Taylor,joseph.taylor653@example.com,+1-601-1593,Germany,Cologne,2024-07-19 20:15:10
CUST20336861,Robert Hernandez,robert.hernandez914@example.com,+1-740-1007,United Kingdom,Glasgow,2024-02-16 20:15:10
CUST67981123,Barbara Clark,barbara.clark4@example.com,+1-823-6411,Germany,Frankfurt,2024-12-21 20:15:10
CUST48019869,Linda Lewis,linda.lewis558@example.com,+1-936-4460,Australia,Adelaide,2025-12-13 20:15:10
CUST42644216,Susan Harris,susan.harris58@example.com,+1-557-6538,Australia,Sydney,2026-02-15 20:15:10
CUST14112308,Sandra Taylor,sandra.taylor147@example.com,+1-835-8521,Canada,Calgary,2024-02-28 20:15:10
CUST85486426,Margaret Johnson,margaret.johnson646@example.com,+1-205-5776,Canada,Calgary,2025-08-26 20:15:10
CUST43905530,Daniel Martinez,daniel.martinez882@example.com,+1-315-1289,Australia,Perth,2025-11-07 20:15:10
CUST55156587,Jessica Davis,jessica.davis814@example.com,+1-758-3533,Singapore,Singapore,2025-05-01 20:15:10
CUST88771093,Thomas Thomas,thomas.thomas993@example.com,+1-630-9904,Singapore,Singapore,2025-08-11 20:15:10
CUST90864192,Michael Ramirez,michael.ramirez927@example.com,+1-275-2301,United States,New York,2025-02-07 20:15:10
CUST95007727,Christopher Thomas,christopher.thomas823@example.com,+1-409-5201,United States,Los Angeles,2025-06-30 20:15:10
CUST16074418,Ashley Lee,ashley.lee151@example.com,+1-731-4693,United States,Los Angeles,2024-12-17 20:15:10
CUST55165883,Richard Thomas,richard.thomas714@example.com,+1-758-8827,United Kingdom,Leeds,2024-03-28 20:15:10
CUST33837240,Jessica Brown,jessica.brown819@example.com,+1-564-9959,United States,New York,2025-12-09 20:15:10
CUST01110990,Matthew Jackson,matthew.jackson119@example.com,+1-290-7372,Singapore,Singapore,2025-10-04 20:15:10
CUST70437256,Charles Martin,charles.martin929@example.com,+1-341-6386,Germany,Cologne,2025-08-01 20:15:10
CUST67492924,Barbara Robinson,barbara.robinson608@example.com,+1-895-1814,United States,New York,2023-02-27 20:15:10
CUST67959963,Daniel Anderson,daniel.anderson178@example.com,+1-686-5642,Singapore,Singapore,2025-09-14 20:15:10
CUST04627311,Robert Ramirez,robert.ramirez288@example.com,+1-205-6734,Canada,Toronto,2025-09-04 20:15:10
CUST45012119,William Hernandez,william.hernandez862@example.com,+1-956-2172,Germany,Frankfurt,2025-02-05 20:15:10
CUST12460038,Linda Wilson,linda.wilson680@example.com,+1-710-6465,United States,Phoenix,2025-08-12 20:15:10
CUST76708846,David Thompson,david.thompson584@example.com,+1-505-5129,Australia,Melbourne,2023-02-27 20:15:10
CUST96531937,Daniel Ramirez,daniel.ramirez973@example.com,+1-925-3811,United States,Los Angeles,2023-11-29 20:15:10
CUST05680475,Mark Clark,mark.clark148@example.com,+1-946-3664,United Kingdom,Manchester,2025-06-09 20:15:10
CUST64882585,Barbara Robinson,barbara.robinson973@example.com,+1-176-4945,United Kingdom,Glasgow,2025-02-14 20:15:10
CUST26479862,Karen Martinez,karen.martinez144@example.com,+1-489-9235,Germany,Cologne,2026-02-05 20:15:10
CUST41388384,Michael Jackson,michael.jackson804@example.com,+1-155-1420,United Kingdom,London,2024-12-19 20:15:10
CUST50060766,Michael Sanchez,michael.sanchez12@example.com,+1-792-3318,Singapore,Singapore,2024-12-05 20:15:10
CUST38788424,Patricia Perez,patricia.perez628@example.com,+1-245-8315,Canada,Vancouver,2025-09-17 20:15:10
CUST97141343,Emily Miller,emily.miller493@example.com,+1-482-8416,Germany,Hamburg,2025-11-28 20:15:10
CUST76346588,Lisa Thomas,lisa.thomas153@example.com,+1-285-3086,Germany,Munich,2023-09-10 20:15:10
CUST78857372,Michael Martinez,michael.martinez961@example.com,+1-254-9592,United States,Chicago,2025-08-07 20:15:10
CUST28108163,James Thomas,james.thomas649@example.com,+1-504-8137,United States,New York,2025-02-04 20:15:10
CUST74551893,Charles Smith,charles.smith59@example.com,+1-348-6789,Germany,Berlin,2026-02-14 20:15:10
CUST04904981,Linda Garcia,linda.garcia491@example.com,+1-107-1894,Canada,Montreal,2025-08-15 20:15:10
CUST77059729,David Lopez,david.lopez58@example.com,+1-861-3864,Australia,Perth,2024-06-16 20:15:10
CUST12805170,Barbara Robinson,barbara.robinson212@example.com,+1-503-8457,Australia,Perth,2025-09-01 20:15:10
CUST18726146,Elizabeth Sanchez,elizabeth.sanchez655@example.com,+1-684-3169,United Kingdom,Manchester,2025-03-26 20:15:10
CUST66468357,Robert Robinson,robert.robinson965@example.com,+1-900-3546,United Kingdom,Glasgow,2025-12-03 20:15:10
CUST30302160,Betty Garcia,betty.garcia409@example.com,+1-785-8531,United States,Chicago,2025-08-14 20:15:10
CUST81817947,William Martinez,william.martinez856@example.com,+1-932-5623,Germany,Cologne,2023-07-14 20:15:10
CUST99814414,Ashley Miller,ashley.miller555@example.com,+1-984-3693,United States,New York,2025-04-27 20:15:10
CUST40191131,Joseph Sanchez,joseph.sanchez373@example.com,+1-419-5657,Singapore,Singapore,2023-11-02 20:15:10
CUST30081554,Matthew Jackson,matthew.jackson775@example.com,+1-394-1001,Australia,Sydney,2023-11-02 20:15:10
CUST11842467,Mark White,mark.white972@example.com,+1-488-9362,United Kingdom,Glasgow,2023-04-10 20:15:10
CUST04458371,Anthony Williams,anthony.williams811@example.com,+1-933-4816,Singapore,Singapore,2023-11-26 20:15:10
CUST77106760,Karen Harris,karen.harris178@example.com,+1-583-2521,Canada,Calgary,2026-02-25 20:15:10
CUST51567581,Karen Anderson,karen.anderson708@example.com,+1-903-1853,United States,Phoenix,2023-06-10 20:15:10
CUST01807651,Patricia Brown,patricia.brown241@example.com,+1-863-8033,Canada,Calgary,2026-01-04 20:15:10
CUST79655539,Matthew Rodriguez,matthew.rodriguez699@example.com,+1-417-5631,Australia,Perth,2026-02-12 20:15:10
CUST38966549,Jennifer Thomas,jennifer.thomas568@example.com,+1-838-9481,Australia,Brisbane,2026-02-06 20:15:10
CUST41023457,Thomas Wilson,thomas.wilson253@example.com,+1-447-2637,Australia,Perth,2025-09-23 20:15:10
CUST09085725,Richard Sanchez,richard.sanchez660@example.com,+1-775-1676,Germany,Frankfurt,2025-03-10 20:15:10
CUST95040652,Joseph Lewis,joseph.lewis357@example.com,+1-911-7181,Australia,Melbourne,2025-08-23 20:15:10
CUST64984009,Sarah Robinson,sarah.robinson625@example.com,+1-171-3579,Canada,Vancouver,2026-02-17 20:15:10
CUST41285852,Linda Wilson,linda.wilson257@example.com,+1-289-8540,Australia,Melbourne,2025-07-05 20:15:10
CUST93919930,Charles Lopez,charles.lopez274@example.com,+1-294-3984,United Kingdom,Leeds,2025-07-28 20:15:10
CUST12709285,William Rodriguez,william.rodriguez611@example.com,+1-748-5612,Germany,Munich,2024-09-28 20:15:10
CUST45235935,Betty Clark,betty.clark599@example.com,+1-604-7674,Singapore,Singapore,2025-10-30 20:15:10
CUST94345185,Jennifer Brown,jennifer.brown860@example.com,+1-504-7656,Singapore,Singapore,2025-11-29 20:15:10
CUST28830867,Mark Garcia,mark.garcia293@example.com,+1-560-3003,Germany,Frankfurt,2025-11-11 20:15:10
CUST31450812,Sarah Harris,sarah.harris74@example.com,+1-543-8377,United States,Chicago,2025-10-17 20:15:10
CUST65745163,Linda Wilson,linda.wilson665@example.com,+1-101-2530,Singapore,Singapore,2025-03-30 20:15:10
CUST31319161,David Sanchez,david.sanchez191@example.com,+1-226-4703,United States,Chicago,2025-07-09 20:15:10
CUST55708165,Betty Robinson,betty.robinson717@example.com,+1-172-1076,Germany,Berlin,2025-09-30 20:15:10
CUST88137255,Susan Williams,susan.williams798@example.com,+1-619-9029,Germany,Hamburg,2025-09-08 20:15:10
CUST11649486,Thomas Johnson,thomas.johnson349@example.com,+1-457-4173,Singapore,Singapore,2025-09-10 20:15:10
CUST84748958,Joseph Brown,joseph.brown583@example.com,+1-544-3242,Canada,Ottawa,2023-02-27 20:15:10
CUST55194752,Christopher Sanchez,christopher.sanchez313@example.com,+1-279-8509,Australia,Brisbane,2025-11-22 20:15:10
CUST56022599,William Harris,william.harris755@example.com,+1-306-1661,United Kingdom,Birmingham,2024-06-15 20:15:10
CUST36522772,Richard Rodriguez,richard.rodriguez28@example.com,+1-532-6404,United States,Chicago,2024-12-04 20:15:10
CUST12011863,Emily Davis,emily.davis898@example.com,+1-869-3636,United States,Chicago,2026-02-24 20:15:10
CUST69127745,Charles Thompson,charles.thompson503@example.com,+1-570-3843,Germany,Hamburg,2023-02-27 20:15:10
CUST60659621,John Lee,john.lee147@example.com,+1-734-4842,United States,Phoenix,2024-09-29 20:15:10
CUST68540387,Richard Clark,richard.clark251@example.com,+1-843-2322,Australia,Melbourne,2025-01-04 20:15:10
CUST48609035,Barbara Johnson,barbara.johnson66@example.com,+1-935-7475,Singapore,Singapore,2025-08-21 20:15:10
CUST75411494,Karen Garcia,karen.garcia444@example.com,+1-128-5606,Germany,Cologne,2025-05-07 20:15:10
CUST82940588,John Harris,john.harris355@example.com,+1-983-7478,Canada,Ottawa,2025-11-12 20:15:10
CUST92461865,Betty Robinson,betty.robinson503@example.com,+1-593-9619,Germany,Munich,2026-02-13 20:15:10
CUST35057748,Margaret Sanchez,margaret.sanchez540@example.com,+1-792-2091,United States,Chicago,2024-05-08 20:15:10
CUST06731136,Karen Robinson,karen.robinson64@example.com,+1-457-3721,Germany,Berlin,2023-11-22 20:15:10
CUST34587667,Nancy Jackson,nancy.jackson242@example.com,+1-346-3334,Canada,Toronto,2025-12-24 20:15:10
CUST07707830,Mark Miller,mark.miller806@example.com,+1-828-1178,Singapore,Singapore,2024-08-11 20:15:10
CUST52602762,Michael Johnson,michael.johnson338@example.com,+1-620-1380,Canada,Calgary,2024-10-21 20:15:10
CUST64614763,Joseph Anderson,joseph.anderson995@example.com,+1-801-8269,Germany,Hamburg,2025-12-17 20:15:10
CUST46308989,Joseph Walker,joseph.walker830@example.com,+1-219-2619,United States,Phoenix,2025-08-11 20:15:10
CUST96141840,Joseph Walker,joseph.walker846@example.com,+1-550-6440,Germany,Hamburg,2025-08-10 20:15:10
CUST28546865,Betty Garcia,betty.garcia387@example.com,+1-624-9373,Singapore,Singapore,2024-09-24 20:15:10
CUST45431141,Betty Miller,betty.miller567@example.com,+1-821-5754,Australia,Perth,2024-05-04 20:15:10
CUST65121153,Elizabeth Anderson,elizabeth.anderson628@example.com,+1-453-9529,Germany,Frankfurt,2026-01-21 20:15:10
CUST65811197,Elizabeth Thomas,elizabeth.thomas669@example.com,+1-817-2140,Germany,Munich,2025-04-30 20:15:10
CUST01415258,Charles Jackson,charles.jackson139@example.com,+1-509-2743,United Kingdom,London,2024-09-21 20:15:10
CUST56075055,Mark Perez,mark.perez981@example.com,+1-475-1127,Canada,Montreal,2024-08-12 20:15:10
CUST12849397,Mary Johnson,mary.johnson875@example.com,+1-516-5775,Singapore,Singapore,2025-12-30 20:15:10
CUST29580170,John Moore,john.moore438@example.com,+1-586-7532,United Kingdom,Glasgow,2025-05-30 20:15:10
CUST63714289,Barbara Rodriguez,barbara.rodriguez196@example.com,+1-373-8187,Singapore,Singapore,2024-03-17 20:15:10
CUST39018725,Richard Harris,richard.harris85@example.com,+1-698-3091,Singapore,Singapore,2025-10-10 20:15:10
CUST34763821,Margaret Davis,margaret.davis80@example.com,+1-118-5961,Germany,Munich,2025-08-08 20:15:10
CUST49819341,Ashley Martinez,ashley.martinez598@example.com,+1-537-1569,Singapore,Singapore,2024-07-11 20:15:10
CUST94835423,Thomas Davis,thomas.davis986@example.com,+1-683-6023,Germany,Berlin,2026-01-23 20:15:10
CUST85296775,Jennifer Lewis,jennifer.lewis674@example.com,+1-355-3559,Germany,Hamburg,2024-03-12 20:15:10
CUST18194440,Barbara Anderson,barbara.anderson937@example.com,+1-962-6022,Germany,Cologne,2025-10-13 20:15:10
CUST86372756,Sandra Miller,sandra.miller298@example.com,+1-675-6757,Canada,Calgary,2026-02-26 20:15:10
CUST55185309,Richard Martinez,richard.martinez51@example.com,+1-902-1775,Singapore,Singapore,2025-11-21 20:15:10
CUST85792078,Linda Smith,linda.smith795@example.com,+1-792-7554,United Kingdom,Manchester,2026-01-23 20:15:10
CUST64712482,Matthew Ramirez,matthew.ramirez731@example.com,+1-785-4769,Germany,Hamburg,2026-01-22 20:15:10
CUST77825863,Daniel Lopez,daniel.lopez550@example.com,+1-471-5201,Singapore,Singapore,2024-12-23 20:15:10
CUST16302084,Linda Martin,linda.martin452@example.com,+1-362-1434,Canada,Vancouver,2025-12-01 20:15:10
CUST82235636,Patricia Robinson,patricia.robinson447@example.com,+1-128-4862,United Kingdom,London,2023-06-06 20:15:10
CUST64936082,Elizabeth Thomas,elizabeth.thomas818@example.com,+1-558-8546,United States,Chicago,2025-06-06 20:15:10
CUST28407427,David Taylor,david.taylor74@example.com,+1-904-4127,Singapore,Singapore,2025-07-17 20:15:10
CUST04127545,Joseph Jones,joseph.jones794@example.com,+1-443-4816,United Kingdom,Birmingham,2025-08-03 20:15:10
CUST94571893,Barbara Brown,barbara.brown367@example.com,+1-545-3521,Germany,Hamburg,2024-12-23 20:15:10
CUST69862347,Barbara Jones,barbara.jones976@example.com,+1-587-7009,Germany,Munich,2025-07-22 20:15:10
CUST46548894,Lisa Moore,lisa.moore805@example.com,+1-874-5737,Canada,Calgary,2026-01-07 20:15:10
CUST93785951,Barbara Jackson,barbara.jackson771@example.com,+1-467-1925,United Kingdom,Leeds,2024-01-14 20:15:10
CUST74789510,Michael Anderson,michael.anderson574@example.com,+1-652-1225,Singapore,Singapore,2025-08-06 20:15:10
CUST49947346,Lisa Jones,lisa.jones614@example.com,+1-892-5852,Germany,Hamburg,2026-01-29 20:15:10
CUST94521739,Richard Thompson,richard.thompson161@example.com,+1-669-2187,Canada,Toronto,2025-05-27 20:15:10
CUST96378519,William Lee,william.lee367@example.com,+1-208-7220,Australia,Adelaide,2025-02-11 20:15:10
CUST44189588,Richard Garcia,richard.garcia522@example.com,+1-630-9044,Germany,Frankfurt,2025-11-01 20:15:10
CUST78429809,Barbara Thomas,barbara.thomas954@example.com,+1-166-8348,Australia,Melbourne,2024-07-18 20:15:10
CUST57500641,James White,james.white821@example.com,+1-754-9957,Germany,Munich,2025-01-18 20:15:10
CUST69317192,Matthew Moore,matthew.moore582@example.com,+1-481-6303,Australia,Perth,2025-02-08 20:15:10
CUST62538817,Charles Brown,charles.brown550@example.com,+1-697-7802,United Kingdom,Glasgow,2025-08-11 20:15:10
CUST55191312,Margaret Smith,margaret.smith335@example.com,+1-428-7483,Canada,Ottawa,2023-02-27 20:15:10
CUST71323689,William Martin,william.martin601@example.com,+1-534-7861,Canada,Calgary,2025-11-02 20:15:10
CUST48095208,Mark Harris,mark.harris978@example.com,+1-204-4658,United States,Chicago,2025-04-18 20:15:10
CUST99616720,Sarah Hernandez,sarah.hernandez476@example.com,+1-171-3438,Australia,Adelaide,2025-10-15 20:15:10
CUST87609715,Mary Taylor,mary.taylor963@example.com,+1-472-2782,Canada,Montreal,2024-10-16 20:15:10
CUST18832452,Betty Brown,betty.brown678@example.com,+1-999-2008,United States,New York,2026-02-09 20:15:10
CUST86083299,James Miller,james.miller424@example.com,+1-295-3733,Singapore,Singapore,2026-02-09 20:15:10
CUST26308396,Mary Smith,mary.smith700@example.com,+1-443-2739,Singapore,Singapore,2024-06-29 20:15:10
CUST81430587,Thomas Garcia,thomas.garcia648@example.com,+1-430-9994,Singapore,Singapore,2025-08-03 20:15:10
CUST83176869,Elizabeth Martin,elizabeth.martin766@example.com,+1-702-6718,Australia,Melbourne,2025-09-27 20:15:10
CUST33707281,Lisa Sanchez,lisa.sanchez694@example.com,+1-495-2458,Singapore,Singapore,2025-03-22 20:15:10
CUST33011537,Betty White,betty.white300@example.com,+1-712-5324,Singapore,Singapore,2024-12-12 20:15:10
CUST67985841,Patricia Lee,patricia.lee948@example.com,+1-200-9179,Singapore,Singapore,2025-12-07 20:15:10
CUST59981439,Mary Lee,mary.lee283@example.com,+1-143-5042,United States,Los Angeles,2025-12-14 20:15:10
CUST99275681,Ashley Martin,ashley.martin623@example.com,+1-295-1137,Australia,Melbourne,2023-02-27 20:15:10
CUST74781253,Anthony White,anthony.white663@example.com,+1-343-6099,United Kingdom,Glasgow,2025-04-07 20:15:10
CUST26917027,Patricia Moore,patricia.moore516@example.com,+1-530-1189,Germany,Hamburg,2025-08-30 20:15:10
CUST21607355,Betty Jones,betty.jones374@example.com,+1-914-6544,Germany,Cologne,2024-07-16 20:15:10
CUST88342787,Karen Lee,karen.lee27@example.com,+1-718-5188,Australia,Brisbane,2025-05-31 20:15:10
CUST58587959,Matthew Perez,matthew.perez335@example.com,+1-355-6448,United Kingdom,Leeds,2025-11-18 20:15:10
CUST47615995,Daniel Thompson,daniel.thompson635@example.com,+1-711-9794,United Kingdom,Manchester,2025-12-04 20:15:10
CUST45537883,Margaret Lee,margaret.lee495@example.com,+1-640-1528,Australia,Brisbane,2025-08-26 20:15:10
CUST66791812,Christopher Sanchez,christopher.sanchez778@example.com,+1-241-5663,Singapore,Singapore,2024-03-11 20:15:10
CUST76057368,John Anderson,john.anderson524@example.com,+1-591-3675,United States,Los Angeles,2026-02-03 20:15:10
CUST76649163,Susan Ramirez,susan.ramirez455@example.com,+1-402-7860,Germany,Munich,2025-11-29 20:15:10
CUST90316159,Margaret Martinez,margaret.martinez531@example.com,+1-450-2608,Singapore,Singapore,2023-12-03 20:15:10
CUST94460727,Sandra Gonzalez,sandra.gonzalez691@example.com,+1-163-9837,Singapore,Singapore,2026-01-10 20:15:10
CUST18369775,Nancy Perez,nancy.perez662@example.com,+1-452-6330,Germany,Munich,2025-03-01 20:15:10
CUST98507543,Susan Wilson,susan.wilson746@example.com,+1-676-2717,United States,Los Angeles,2025-12-01 20:15:10
CUST87535773,Karen Sanchez,karen.sanchez607@example.com,+1-550-3592,Canada,Vancouver,2025-03-24 20:15:10
CUST59837348,John Sanchez,john.sanchez967@example.com,+1-978-9211,United Kingdom,Birmingham,2025-09-03 20:15:10
CUST00035762,Betty Wilson,betty.wilson417@example.com,+1-446-6242,Australia,Perth,2026-01-18 20:15:10
CUST85370421,Mark Harris,mark.harris730@example.com,+1-977-4299,United States,New York,2025-04-14 20:15:10
CUST36830836,Thomas Smith,thomas.smith401@example.com,+1-832-8773,Australia,Brisbane,2025-01-03 20:15:10
CUST08366083,David Williams,david.williams223@example.com,+1-837-5948,Germany,Cologne,2025-01-06 20:15:10
CUST82832445,Elizabeth Martin,elizabeth.martin180@example.com,+1-488-5339,Germany,Cologne,2025-02-22 20:15:10
CUST95161700,Emily Davis,emily.davis752@example.com,+1-332-4425,United Kingdom,London,2025-06-18 20:15:10
CUST74413517,Christopher White,christopher.white732@example.com,+1-979-9940,Canada,Vancouver,2025-06-04 20:15:10
CUST61994887,Nancy Clark,nancy.clark455@example.com,+1-568-5655,Australia,Sydney,2025-02-23 20:15:10
CUST75795676,Margaret Martinez,margaret.martinez508@example.com,+1-843-7446,Canada,Montreal,2024-12-26 20:15:10
CUST79516301,Mary Thomas,mary.thomas490@example.com,+1-128-8897,Singapore,Singapore,2025-02-03 20:15:10
CUST57911634,Betty Lee,betty.lee675@example.com,+1-403-1338,Germany,Berlin,2025-04-10 20:15:10
CUST75678646,Nancy Walker,nancy.walker260@example.com,+1-825-3595,United Kingdom,Leeds,2025-12-27 20:15:10
CUST20271668,Charles Lopez,charles.lopez271@example.com,+1-933-6762,Germany,Berlin,2025-12-02 20:15:10
CUST83734804,Anthony Sanchez,anthony.sanchez198@example.com,+1-723-7152,Canada,Calgary,2025-11-08 20:15:10
CUST45799368,Christopher Smith,christopher.smith40@example.com,+1-970-8048,Singapore,Singapore,2023-08-21 20:15:10
CUST63464445,Christopher Wilson,christopher.wilson441@example.com,+1-615-3750,United States,Chicago,2024-09-25 20:15:10
CUST27952391,Barbara Lopez,barbara.lopez287@example.com,+1-193-7050,United Kingdom,Manchester,2025-05-09 20:15:10
CUST52556404,David Moore,david.moore939@example.com,+1-652-4015,Canada,Vancouver,2025-11-12 20:15:10
CUST56097419,Mark Lopez,mark.lopez602@example.com,+1-974-4658,Singapore,Singapore,2026-01-15 20:15:10
CUST17192235,Daniel Thomas,daniel.thomas146@example.com,+1-152-1926,Canada,Vancouver,2023-11-14 20:15:10
CUST64054728,Anthony Thomas,anthony.thomas588@example.com,+1-504-5042,United Kingdom,London,2023-12-05 20:15:10
CUST17133448,Elizabeth Thomas,elizabeth.thomas42@example.com,+1-500-9707,Singapore,Singapore,2026-01-15 20:15:10
CUST75050122,William Lee,william.lee947@example.com,+1-874-4503,United States,Chicago,2024-07-24 20:15:10
CUST71758050,Thomas Thompson,thomas.thompson873@example.com,+1-652-1585,United Kingdom,Manchester,2025-07-26 20:15:10
CUST93601806,Christopher Clark,christopher.clark185@example.com,+1-935-4717,Singapore,Singapore,2025-10-07 20:15:10
CUST01826749,Charles Brown,charles.brown157@example.com,+1-815-5893,Singapore,Singapore,2024-10-24 20:15:10
CUST45619067,Richard Gonzalez,richard.gonzalez137@example.com,+1-387-8990,United Kingdom,London,2025-03-16 20:15:10
CUST75201509,Betty Lewis,betty.lewis349@example.com,+1-887-3552,Australia,Brisbane,2024-08-23 20:15:10
CUST46765601,Michael Thompson,michael.thompson173@example.com,+1-745-8502,Canada,Toronto,2026-01-29 20:15:10
CUST26641814,Lisa Johnson,lisa.johnson502@example.com,+1-578-2336,United Kingdom,London,2025-10-09 20:15:10
CUST12054299,Margaret Martin,margaret.martin611@example.com,+1-180-7813,United Kingdom,Glasgow,2025-10-09 20:15:10
CUST99147827,Emily Brown,emily.brown107@example.com,+1-113-8905,United Kingdom,Glasgow,2025-10-03 20:15:10
CUST22864460,Emily Lopez,emily.lopez549@example.com,+1-491-6132,Germany,Frankfurt,2025-06-17 20:15:10
CUST14504546,Joseph Lopez,joseph.lopez738@example.com,+1-762-9813,Australia,Melbourne,2025-10-28 20:15:10
CUST62035683,Mark Miller,mark.miller361@example.com,+1-486-8359,Canada,Toronto,2025-07-27 20:15:10
CUST64997593,Thomas Lopez,thomas.lopez319@example.com,+1-311-6026,Australia,Brisbane,2025-09-12 20:15:10
CUST54635425,Matthew Martin,matthew.martin11@example.com,+1-944-6090,Australia,Sydney,2024-10-29 20:15:10
CUST51034142,Jennifer Lopez,jennifer.lopez273@example.com,+1-391-5431,Singapore,Singapore,2025-03-26 20:15:10
CUST41081998,Sarah Harris,sarah.harris863@example.com,+1-160-2752,Australia,Melbourne,2025-02-05 20:15:10
CUST52168990,Matthew Ramirez,matthew.ramirez822@example.com,+1-944-1207,United Kingdom,Leeds,2025-12-02 20:15:10
CUST58012028,Thomas Robinson,thomas.robinson473@example.com,+1-895-6352,United States,New York,2025-10-06 20:15:10
CUST02138581,Mark Martinez,mark.martinez921@example.com,+1-622-2161,United Kingdom,Birmingham,2026-02-19 20:15:10
CUST92874644,Margaret Harris,margaret.harris794@example.com,+1-919-8917,Australia,Sydney,2026-01-16 20:15:10
CUST63880250,Christopher Clark,christopher.clark503@example.com,+1-563-4584,Canada,Ottawa,2025-11-06 20:15:10
CUST64974483,Michael Hernandez,michael.hernandez13@example.com,+1-120-2222,Australia,Perth,2026-02-02 20:15:10
CUST93885090,Anthony Gonzalez,anthony.gonzalez220@example.com,+1-205-5055,Canada,Calgary,2025-03-27 20:15:10
CUST51452920,Jessica Rodriguez,jessica.rodriguez237@example.com,+1-310-7710,United States,Los Angeles,2023-02-27 20:15:10
CUST19332664,Lisa Moore,lisa.moore765@example.com,+1-152-6994,United Kingdom,Glasgow,2026-01-19 20:15:10
CUST03813160,Patricia Johnson,patricia.johnson55@example.com,+1-903-7002,Canada,Toronto,2024-06-08 20:15:10
CUST84035355,Ashley Sanchez,ashley.sanchez248@example.com,+1-754-9985,Singapore,Singapore,2026-01-11 20:15:10
CUST77120714,Karen Hernandez,karen.hernandez255@example.com,+1-334-2159,United Kingdom,Glasgow,2025-01-18 20:15:10
CUST59920771,Barbara Jackson,barbara.jackson590@example.com,+1-367-8207,Singapore,Singapore,2025-02-15 20:15:10
CUST70064596,Susan Johnson,susan.johnson363@example.com,+1-434-1701,United States,Los Angeles,2023-10-30 20:15:10
CUST18517984,Jennifer Davis,jennifer.davis996@example.com,+1-281-7019,Germany,Hamburg,2026-01-13 20:15:10
CUST37697472,Betty Anderson,betty.anderson731@example.com,+1-113-7812,Australia,Brisbane,2025-10-11 20:15:10
CUST71780923,Michael Rodriguez,michael.rodriguez865@example.com,+1-153-3858,United Kingdom,Manchester,2026-01-23 20:15:10
CUST88520356,Ashley Hernandez,ashley.hernandez432@example.com,+1-598-5817,Australia,Adelaide,2025-08-20 20:15:10
CUST43686842,Emily Moore,emily.moore115@example.com,+1-922-4904,Singapore,Singapore,2023-09-25 20:15:10
CUST51365357,Ashley Walker,ashley.walker621@example.com,+1-535-8116,Germany,Berlin,2024-08-20 20:15:10
CUST80150826,Christopher Robinson,christopher.robinson652@example.com,+1-851-1020,United Kingdom,Glasgow,2024-11-15 20:15:10
CUST52683703,Sandra Lee,sandra.lee925@example.com,+1-682-4871,United Kingdom,Glasgow,2025-05-25 20:15:10
CUST73034225,Betty White,betty.white531@example.com,+1-295-5638,Germany,Frankfurt,2024-01-04 20:15:10
CUST25326178,David White,david.white863@example.com,+1-472-7373,United Kingdom,Birmingham,2025-07-24 20:15:10
CUST58277324,William Smith,william.smith977@example.com,+1-785-2964,Singapore,Singapore,2025-12-29 20:15:10
CUST03405269,Thomas Lewis,thomas.lewis314@example.com,+1-433-8474,Germany,Munich,2024-05-04 20:15:10
CUST03998023,Sarah White,sarah.white375@example.com,+1-145-2515,Singapore,Singapore,2025-10-30 20:15:10
CUST50604626,Mary Lewis,mary.lewis538@example.com,+1-112-6800,Canada,Montreal,2026-02-06 20:15:10
CUST56718595,Sarah Miller,sarah.miller46@example.com,+1-831-9891,Singapore,Singapore,2026-01-08 20:15:10
CUST38114516,Christopher Martin,christopher.martin96@example.com,+1-536-5415,Germany,Frankfurt,2025-03-21 20:15:10
CUST28910140,Matthew Ramirez,matthew.ramirez434@example.com,+1-143-6671,Singapore,Singapore,2025-03-23 20:15:10
CUST54890202,Daniel Rodriguez,daniel.rodriguez297@example.com,+1-346-1424,Singapore,Singapore,2025-11-09 20:15:10
CUST07295348,Mary Garcia,mary.garcia794@example.com,+1-568-3516,United States,Los Angeles,2024-11-09 20:15:10
CUST46602017,Jennifer Martin,jennifer.martin561@example.com,+1-428-4290,United States,Chicago,2024-09-02 20:15:10
CUST00561692,Margaret Moore,margaret.moore285@example.com,+1-765-6252,Australia,Perth,2023-08-17 20:15:10
CUST56667015,Robert Clark,robert.clark533@example.com,+1-888-8475,Canada,Vancouver,2025-04-12 20:15:10
CUST53034594,Mary Miller,mary.miller367@example.com,+1-189-3272,Canada,Ottawa,2024-08-24 20:15:10
CUST64298407,Michael Johnson,michael.johnson81@example.com,+1-613-7631,Germany,Cologne,2024-10-04 20:15:10
CUST51129029,Linda Garcia,linda.garcia490@example.com,+1-372-5812,Singapore,Singapore,2025-11-10 20:15:10
CUST62633377,Richard Jackson,richard.jackson506@example.com,+1-682-2010,Australia,Melbourne,2025-10-14 20:15:10
CUST65835161,Margaret Lopez,margaret.lopez164@example.com,+1-155-7162,Australia,Melbourne,2025-07-04 20:15:10
CUST87139166,Linda Thomas,linda.thomas958@example.com,+1-605-5412,Canada,Toronto,2026-02-19 20:15:10
CUST07122310,Mark Lee,mark.lee768@example.com,+1-535-3561,Germany,Hamburg,2025-10-21 20:15:10
CUST83090755,Nancy Davis,nancy.davis816@example.com,+1-711-5090,Australia,Sydney,2025-07-07 20:15:10
CUST31200044,Karen Hernandez,karen.hernandez562@example.com,+1-547-9162,Australia,Perth,2026-01-16 20:15:10
CUST05160811,Betty Clark,betty.clark90@example.com,+1-405-8748,Canada,Montreal,2026-01-08 20:15:10
CUST25377135,Mark Brown,mark.brown639@example.com,+1-899-7081,United States,Chicago,2025-07-14 20:15:10
CUST45896433,Christopher Ramirez,christopher.ramirez265@example.com,+1-194-5018,Singapore,Singapore,2024-11-04 20:15:10
CUST70416286,David Wilson,david.wilson543@example.com,+1-677-8706,Germany,Hamburg,2024-05-13 20:15:10
CUST41450211,Robert Harris,robert.harris93@example.com,+1-757-3179,Australia,Melbourne,2025-05-14 20:15:10
CUST80403445,Elizabeth Ramirez,elizabeth.ramirez965@example.com,+1-684-2390,Canada,Calgary,2025-07-06 20:15:10
CUST51058559,David Lewis,david.lewis995@example.com,+1-736-1904,Australia,Adelaide,2025-09-02 20:15:10
CUST43262344,David Thomas,david.thomas588@example.com,+1-936-9272,Australia,Perth,2025-12-10 20:15:10
CUST49432479,Sandra Perez,sandra.perez445@example.com,+1-332-3782,Singapore,Singapore,2025-12-31 20:15:10
CUST91309512,Susan Rodriguez,susan.rodriguez188@example.com,+1-807-6052,Canada,Toronto,2024-08-03 20:15:10
CUST22048100,Sarah Hernandez,sarah.hernandez211@example.com,+1-556-3207,Singapore,Singapore,2025-07-13 20:15:10
CUST29082681,Susan Sanchez,susan.sanchez269@example.com,+1-548-3218,United Kingdom,Glasgow,2024-08-05 20:15:10
CUST90507067,Betty Johnson,betty.johnson78@example.com,+1-667-9483,Singapore,Singapore,2024-12-09 20:15:10
CUST74819017,Linda Martin,linda.martin426@example.com,+1-283-9845,United Kingdom,London,2025-12-10 20:15:10
CUST63989693,Matthew Clark,matthew.clark73@example.com,+1-688-2324,United States,Houston,2025-06-11 20:15:10
CUST80226363,Mary Lewis,mary.lewis598@example.com,+1-217-6933,Singapore,Singapore,2025-07-27 20:15:10
CUST58811415,James Sanchez,james.sanchez797@example.com,+1-194-5363,United States,Houston,2025-08-09 20:15:10
CUST81573849,Anthony Rodriguez,anthony.rodriguez728@example.com,+1-216-1937,Australia,Brisbane,2025-05-17 20:15:10
CUST52478269,William Miller,william.miller896@example.com,+1-711-6981,Singapore,Singapore,2023-02-27 20:15:10
CUST60819118,Emily Jackson,emily.jackson181@example.com,+1-582-3607,Australia,Brisbane,2024-06-25 20:15:10
CUST77347270,Michael Clark,michael.clark497@example.com,+1-487-9128,Singapore,Singapore,2023-10-26 20:15:10
CUST76505724,Patricia White,patricia.white873@example.com,+1-785-2963,Australia,Melbourne,2026-02-16 20:15:10
CUST82231575,Karen Moore,karen.moore597@example.com,+1-852-3240,Germany,Munich,2026-01-02 20:15:10
CUST47802104,Nancy Lee,nancy.lee858@example.com,+1-228-6639,Canada,Toronto,2026-01-25 20:15:10
CUST76552164,Matthew Clark,matthew.clark848@example.com,+1-416-9534,United Kingdom,Manchester,2025-11-07 20:15:10
CUST55770242,William Garcia,william.garcia428@example.com,+1-758-1246,Germany,Munich,2025-07-29 20:15:10
CUST50534718,Robert Walker,robert.walker448@example.com,+1-888-6813,Canada,Vancouver,2025-02-17 20:15:10
CUST62761503,Richard Hernandez,richard.hernandez596@example.com,+1-274-1509,Australia,Perth,2025-06-18 20:15:10
CUST87723254,Emily Moore,emily.moore295@example.com,+1-992-2071,Australia,Melbourne,2023-10-28 20:15:10
CUST06793043,Sandra Smith,sandra.smith151@example.com,+1-281-5710,United States,Los Angeles,2023-05-07 20:15:10
CUST79707809,Sandra Anderson,sandra.anderson805@example.com,+1-144-5031,United Kingdom,Leeds,2025-12-23 20:15:10
CUST36346431,Lisa Martin,lisa.martin605@example.com,+1-266-2455,Singapore,Singapore,2024-03-29 20:15:10
CUST89921696,Emily Johnson,emily.johnson48@example.com,+1-574-6668,Germany,Frankfurt,2025-07-02 20:15:10
CUST95366333,Matthew Clark,matthew.clark506@example.com,+1-275-3402,United States,Los Angeles,2025-07-21 20:15:10
CUST70044788,Daniel Thompson,daniel.thompson295@example.com,+1-602-7760,Singapore,Singapore,2024-08-15 20:15:10
CUST16970772,Mark Davis,mark.davis735@example.com,+1-893-3311,Australia,Adelaide,2026-01-22 20:15:10
CUST88810135,Christopher Anderson,christopher.anderson901@example.com,+1-591-8666,Germany,Cologne,2024-01-07 20:15:10
CUST02131236,Margaret Martinez,margaret.martinez372@example.com,+1-133-7142,United States,Los Angeles,2025-01-17 20:15:10
CUST07344533,Jessica Johnson,jessica.johnson959@example.com,+1-200-8137,Canada,Montreal,2024-01-29 20:15:10
CUST81614736,Michael Hernandez,michael.hernandez926@example.com,+1-139-4970,Canada,Montreal,2023-02-27 20:15:10
CUST32400117,Jennifer Anderson,jennifer.anderson641@example.com,+1-860-2322,Singapore,Singapore,2025-06-05 20:15:10
CUST77665312,Linda Walker,linda.walker670@example.com,+1-578-9560,Germany,Munich,2026-01-22 20:15:10
CUST93583729,Mark Ramirez,mark.ramirez403@example.com,+1-227-7022,United States,Houston,2025-12-22 20:15:10
CUST53914933,John Lewis,john.lewis698@example.com,+1-713-7463,Germany,Berlin,2025-10-07 20:15:10
CUST28851417,Mary Wilson,mary.wilson145@example.com,+1-901-1170,Australia,Melbourne,2026-01-18 20:15:10
CUST20432411,Charles Jackson,charles.jackson889@example.com,+1-682-1869,United Kingdom,Glasgow,2024-06-20 20:15:10
CUST32515779,Charles Jones,charles.jones592@example.com,+1-370-3155,Canada,Montreal,2025-10-21 20:15:10
CUST15531704,Jessica Johnson,jessica.johnson264@example.com,+1-582-4001,Germany,Hamburg,2023-02-27 20:15:10
CUST91842052,Joseph Martinez,joseph.martinez816@example.com,+1-969-3405,Germany,Cologne,2024-12-11 20:15:10
CUST58500371,Elizabeth Thomas,elizabeth.thomas236@example.com,+1-109-1963,Australia,Brisbane,2025-12-19 20:15:10
CUST64833136,Sarah Martin,sarah.martin153@example.com,+1-358-9297,Australia,Sydney,2025-07-06 20:15:10
CUST86253383,Mary Lewis,mary.lewis370@example.com,+1-448-9876,Canada,Calgary,2025-07-12 20:15:10
CUST08820010,Jennifer Martinez,jennifer.martinez671@example.com,+1-405-6752,United Kingdom,Manchester,2025-06-24 20:15:10
CUST67689191,William Gonzalez,william.gonzalez618@example.com,+1-139-7033,Australia,Sydney,2025-05-22 20:15:10
CUST57008464,Thomas Jones,thomas.jones44@example.com,+1-833-2236,United Kingdom,Manchester,2026-02-15 20:15:10
CUST62806552,David Thomas,david.thomas136@example.com,+1-498-2335,Singapore,Singapore,2024-12-30 20:15:10
CUST44172011,Patricia Perez,patricia.perez605@example.com,+1-384-1835,Canada,Ottawa,2025-06-28 20:15:10
CUST23109267,Ashley Jones,ashley.jones361@example.com,+1-203-6087,Singapore,Singapore,2024-08-04 20:15:10
CUST86718190,Lisa Walker,lisa.walker977@example.com,+1-305-7512,United Kingdom,Glasgow,2024-06-20 20:15:10
CUST05568915,Jessica Walker,jessica.walker329@example.com,+1-288-7337,Germany,Frankfurt,2025-11-23 20:15:10
CUST14889812,Barbara Clark,barbara.clark234@example.com,+1-621-4917,Canada,Vancouver,2026-02-08 20:15:10
CUST22854311,Nancy Gonzalez,nancy.gonzalez516@example.com,+1-958-1336,United States,Chicago,2024-12-10 20:15:10
CUST56682643,Jessica Martinez,jessica.martinez475@example.com,+1-386-9015,Canada,Calgary,2023-02-27 20:15:10
CUST07184978,Anthony Garcia,anthony.garcia339@example.com,+1-150-1052,Germany,Cologne,2025-07-26 20:15:10
CUST69606923,Charles Moore,charles.moore241@example.com,+1-109-6089,Germany,Cologne,2025-11-09 20:15:10
CUST09080570,Ashley Garcia,ashley.garcia130@example.com,+1-663-2814,Australia,Sydney,2025-12-26 20:15:10
CUST44257413,Thomas Walker,thomas.walker329@example.com,+1-548-9040,Singapore,Singapore,2025-10-26 20:15:10
CUST88483551,Mary Lopez,mary.lopez903@example.com,+1-133-2694,Australia,Perth,2025-10-04 20:15:10
CUST33128072,Emily White,emily.white596@example.com,+1-968-4579,Australia,Adelaide,2025-08-09 20:15:10
CUST18283157,Joseph Lewis,joseph.lewis48@example.com,+1-434-1831,Germany,Berlin,2025-02-03 20:15:10
CUST90582311,William Johnson,william.johnson279@example.com,+1-897-5356,Singapore,Singapore,2025-11-02 20:15:10
CUST63509060,Patricia Perez,patricia.perez720@example.com,+1-500-9178,Germany,Hamburg,2026-02-07 20:15:10
CUST65609270,Sandra Johnson,sandra.johnson136@example.com,+1-928-9340,Germany,Hamburg,2025-09-09 20:15:10
CUST46591532,Margaret Robinson,margaret.robinson15@example.com,+1-500-3669,Singapore,Singapore,2024-03-22 20:15:10
CUST53340876,Sarah Robinson,sarah.robinson956@example.com,+1-836-1759,Singapore,Singapore,2025-06-20 20:15:10
CUST14753046,Mary Harris,mary.harris169@example.com,+1-380-5233,Australia,Adelaide,2023-02-27 20:15:10
CUST57459892,Charles Walker,charles.walker500@example.com,+1-310-5219,United Kingdom,Glasgow,2025-06-16 20:15:10
CUST17826752,Richard Thomas,richard.thomas736@example.com,+1-977-5302,United Kingdom,Manchester,2025-11-01 20:15:10
CUST64240637,Mark White,mark.white570@example.com,+1-134-1255,Germany,Cologne,2025-12-10 20:15:10
CUST26660728,Lisa Hernandez,lisa.hernandez187@example.com,+1-407-7541,Singapore,Singapore,2024-12-21 20:15:10
CUST32318780,Richard Harris,richard.harris613@example.com,+1-951-2491,Singapore,Singapore,2025-05-22 20:15:10
CUST45750278,Susan Lee,susan.lee927@example.com,+1-477-3190,United Kingdom,Birmingham,2025-03-25 20:15:10
CUST83835752,Linda Davis,linda.davis655@example.com,+1-746-7538,Canada,Calgary,2024-10-01 20:15:10
CUST36580515,Michael Anderson,michael.anderson249@example.com,+1-229-4096,United States,Phoenix,2024-11-11 20:15:10
CUST44044585,John Gonzalez,john.gonzalez317@example.com,+1-733-6598,Germany,Cologne,2026-02-10 20:15:10
CUST55608466,James Hernandez,james.hernandez437@example.com,+1-833-3456,Australia,Melbourne,2024-07-14 20:15:10
CUST61117094,Linda Jackson,linda.jackson145@example.com,+1-759-9733,Singapore,Singapore,2025-05-25 20:15:10
CUST46980538,Susan Rodriguez,susan.rodriguez563@example.com,+1-583-1758,United Kingdom,Birmingham,2025-08-29 20:15:10
CUST90015933,Richard Lewis,richard.lewis226@example.com,+1-603-6115,Germany,Cologne,2025-05-21 20:15:10
CUST73550273,Emily White,emily.white64@example.com,+1-874-2615,United Kingdom,Leeds,2025-03-18 20:15:10
CUST18114301,David Robinson,david.robinson208@example.com,+1-874-5115,United Kingdom,Birmingham,2025-12-29 20:15:10
CUST13755486,Barbara Smith,barbara.smith831@example.com,+1-992-2011,Germany,Hamburg,2025-08-13 20:15:10
CUST86745300,Susan Wilson,susan.wilson584@example.com,+1-280-9163,Germany,Cologne,2025-09-30 20:15:10
CUST75814889,Ashley Smith,ashley.smith599@example.com,+1-615-1767,Canada,Ottawa,2025-09-22 20:15:10
CUST92872490,Joseph Williams,joseph.williams647@example.com,+1-713-9910,Singapore,Singapore,2026-01-23 20:15:10
CUST12040579,Margaret Rodriguez,margaret.rodriguez333@example.com,+1-507-5682,Germany,Munich,2025-12-25 20:15:10
CUST10737809,Jessica Smith,jessica.smith439@example.com,+1-816-6632,United Kingdom,Glasgow,2025-12-24 20:15:10
CUST44427569,Linda Walker,linda.walker23@example.com,+1-451-2046,Singapore,Singapore,2025-09-09 20:15:10
CUST32588839,Barbara Walker,barbara.walker465@example.com,+1-969-3424,United States,Houston,2023-11-29 20:15:10
CUST74407590,Sarah Walker,sarah.walker998@example.com,+1-138-9343,Australia,Melbourne,2025-12-04 20:15:10
CUST42286743,Jessica Thomas,jessica.thomas191@example.com,+1-593-8163,United States,Chicago,2025-08-14 20:15:10
CUST69383117,Sarah Lee,sarah.lee112@example.com,+1-187-9114,United Kingdom,Birmingham,2025-10-13 20:15:10
CUST45644514,Joseph Jones,joseph.jones112@example.com,+1-467-3619,Australia,Perth,2024-08-10 20:15:10
CUST84023991,Patricia Rodriguez,patricia.rodriguez228@example.com,+1-909-3614,Singapore,Singapore,2026-02-08 20:15:10
CUST35388800,Jessica Robinson,jessica.robinson64@example.com,+1-510-9196,Germany,Frankfurt,2025-12-09 20:15:10
CUST23960548,Susan Harris,susan.harris405@example.com,+1-976-1507,Canada,Vancouver,2025-12-02 20:15:10
CUST55855673,Linda Rodriguez,linda.rodriguez706@example.com,+1-866-7316,Australia,Adelaide,2023-02-27 20:15:10
CUST52085933,Elizabeth Smith,elizabeth.smith72@example.com,+1-357-4695,United Kingdom,Glasgow,2025-04-24 20:15:10
CUST46270947,Lisa Jones,lisa.jones544@example.com,+1-111-1364,Germany,Frankfurt,2026-01-03 20:15:10
CUST53831217,Mark Harris,mark.harris996@example.com,+1-549-5932,Australia,Perth,2025-11-03 20:15:10
CUST19246066,Betty Anderson,betty.anderson818@example.com,+1-836-6655,Germany,Berlin,2025-12-21 20:15:10
CUST25529677,Patricia Martin,patricia.martin77@example.com,+1-980-4181,Australia,Sydney,2026-01-09 20:15:10
CUST37420259,Linda Davis,linda.davis236@example.com,+1-837-9245,Germany,Hamburg,2024-07-24 20:15:10
CUST85100589,Jennifer Lopez,jennifer.lopez747@example.com,+1-384-7414,Australia,Brisbane,2025-06-22 20:15:10
CUST56359920,Joseph Jones,joseph.jones587@example.com,+1-354-5302,United Kingdom,Leeds,2025-02-27 20:15:10
CUST30119903,William Anderson,william.anderson70@example.com,+1-789-5503,Singapore,Singapore,2025-10-03 20:15:10
CUST41282858,Christopher Perez,christopher.perez343@example.com,+1-244-9001,Canada,Calgary,2025-05-08 20:15:10
CUST15916399,Nancy Miller,nancy.miller548@example.com,+1-726-1277,Germany,Frankfurt,2025-11-10 20:15:10
CUST07366273,Betty Jackson,betty.jackson806@example.com,+1-184-3412,United Kingdom,Glasgow,2025-10-15 20:15:10
CUST60289590,Karen Taylor,karen.taylor230@example.com,+1-974-8896,United States,New York,2025-02-06 20:15:10
CUST39942705,Jessica Lee,jessica.lee536@example.com,+1-784-3912,Singapore,Singapore,2025-12-29 20:15:10
CUST16929897,Jennifer Hernandez,jennifer.hernandez765@example.com,+1-424-3215,United Kingdom,London,2025-03-13 20:15:10
CUST94341088,Susan Martin,susan.martin918@example.com,+1-289-9679,Singapore,Singapore,2024-03-31 20:15:10
CUST31632413,Betty Anderson,betty.anderson115@example.com,+1-919-9199,Australia,Adelaide,2026-01-11 20:15:10
CUST56526061,Mary Hernandez,mary.hernandez268@example.com,+1-113-3562,Singapore,Singapore,2023-11-18 20:15:10
CUST42212334,Joseph Rodriguez,joseph.rodriguez598@example.com,+1-993-5474,Singapore,Singapore,2026-01-27 20:15:10
CUST56363262,Barbara Ramirez,barbara.ramirez94@example.com,+1-703-8062,Canada,Ottawa,2025-09-23 20:15:10
CUST89128024,Susan Jones,susan.jones781@example.com,+1-294-9336,Singapore,Singapore,2025-03-19 20:15:10
CUST64493219,Joseph Anderson,joseph.anderson141@example.com,+1-198-2140,Singapore,Singapore,2025-05-03 20:15:10
CUST47210293,James Jackson,james.jackson948@example.com,+1-272-2359,Singapore,Singapore,2026-01-21 20:15:10
CUST78798461,John Williams,john.williams501@example.com,+1-175-3580,Singapore,Singapore,2024-07-21 20:15:10
CUST61890499,Michael Rodriguez,michael.rodriguez304@example.com,+1-410-9736,United Kingdom,Leeds,2023-02-27 20:15:10
CUST05961609,Joseph Miller,joseph.miller739@example.com,+1-593-9128,United Kingdom,Manchester,2025-12-16 20:15:10
CUST87883667,Margaret Thomas,margaret.thomas573@example.com,+1-932-5296,Canada,Vancouver,2023-11-26 20:15:10
CUST79546211,Jessica Hernandez,jessica.hernandez799@example.com,+1-402-1582,Singapore,Singapore,2025-05-05 20:15:10
CUST76367702,Jennifer Lee,jennifer.lee791@example.com,+1-765-2994,Germany,Munich,2023-05-31 20:15:10
CUST95963342,Sarah Lopez,sarah.lopez413@example.com,+1-111-8278,United Kingdom,London,2025-12-18 20:15:10
CUST77370912,Matthew Martinez,matthew.martinez932@example.com,+1-155-6532,Singapore,Singapore,2024-08-02 20:15:10
CUST77400830,Margaret Taylor,margaret.taylor822@example.com,+1-561-2939,United Kingdom,Glasgow,2026-02-04 20:15:10
CUST19422715,Robert Taylor,robert.taylor928@example.com,+1-196-4010,Australia,Brisbane,2024-01-05 20:15:10
CUST52268374,Elizabeth Brown,elizabeth.brown995@example.com,+1-919-2622,Canada,Ottawa,2025-01-13 20:15:10
CUST00286197,David Garcia,david.garcia499@example.com,+1-608-1142,Australia,Perth,2025-09-11 20:15:10
CUST76252061,William Jackson,william.jackson98@example.com,+1-948-6793,Germany,Munich,2025-12-11 20:15:10
CUST84253804,Elizabeth Clark,elizabeth.clark557@example.com,+1-167-3592,Australia,Melbourne,2024-06-18 20:15:10
CUST49604733,Barbara Wilson,barbara.wilson664@example.com,+1-269-8296,Germany,Cologne,2025-03-26 20:15:10
CUST43771359,Lisa Martin,lisa.martin363@example.com,+1-302-1984,United States,Chicago,2025-09-16 20:15:10
CUST22631936,Mark Jones,mark.jones348@example.com,+1-765-7056,United States,New York,2025-07-27 20:15:10
CUST45820209,Michael Martin,michael.martin242@example.com,+1-145-4829,United Kingdom,Leeds,2024-05-28 20:15:10
CUST09060148,Jessica Hernandez,jessica.hernandez667@example.com,+1-805-8700,Australia,Sydney,2025-09-28 20:15:10
CUST08615813,Mary Lee,mary.lee194@example.com,+1-683-2237,Australia,Brisbane,2026-01-23 20:15:10
CUST45926880,William Davis,william.davis95@example.com,+1-846-4368,United Kingdom,London,2023-09-26 20:15:10
CUST38186636,Robert Brown,robert.brown265@example.com,+1-759-4557,United Kingdom,Glasgow,2025-09-01 20:15:10
CUST77114743,David Gonzalez,david.gonzalez375@example.com,+1-380-6648,Germany,Frankfurt,2025-09-23 20:15:10
CUST73952078,Ashley Sanchez,ashley.sanchez272@example.com,+1-341-2714,Australia,Perth,2025-12-05 20:15:10
CUST89844031,Robert Rodriguez,robert.rodriguez664@example.com,+1-906-4431,Australia,Adelaide,2023-11-18 20:15:10
CUST72118399,Robert Jackson,robert.jackson333@example.com,+1-340-2610,Singapore,Singapore,2025-11-29 20:15:10
CUST00269973,Joseph Walker,joseph.walker562@example.com,+1-219-3735,Australia,Sydney,2025-02-22 20:15:10
CUST17112883,James Rodriguez,james.rodriguez963@example.com,+1-529-7043,United Kingdom,London,2024-01-12 20:15:10
CUST82532473,Christopher Taylor,christopher.taylor20@example.com,+1-120-1156,Germany,Berlin,2026-02-14 20:15:10
CUST05799443,Mary Clark,mary.clark590@example.com,+1-537-9421,Australia,Brisbane,2024-05-23 20:15:10
CUST78760033,Mary Smith,mary.smith729@example.com,+1-854-6607,Germany,Munich,2025-08-18 20:15:10
CUST44316390,Linda Jackson,linda.jackson588@example.com,+1-794-3503,United Kingdom,Manchester,2025-01-31 20:15:10
CUST11753829,Jennifer Walker,jennifer.walker41@example.com,+1-646-2824,Australia,Brisbane,2025-09-09 20:15:10
CUST17929126,Sarah Ramirez,sarah.ramirez111@example.com,+1-943-1534,United States,New York,2024-12-19 20:15:10
CUST81505898,Richard Lewis,richard.lewis818@example.com,+1-608-7501,Singapore,Singapore,2025-11-11 20:15:10
CUST63002078,Susan White,susan.white65@example.com,+1-148-1239,United Kingdom,London,2026-02-18 20:15:10
CUST41203518,John Clark,john.clark699@example.com,+1-337-2079,Germany,Munich,2023-03-17 20:15:10
CUST87202328,David Sanchez,david.sanchez503@example.com,+1-422-8490,Australia,Perth,2026-02-20 20:15:10
CUST80386841,Daniel Thomas,daniel.thomas955@example.com,+1-491-6411,Singapore,Singapore,2024-06-02 20:15:10
CUST75275234,Nancy Williams,nancy.williams888@example.com,+1-702-2955,United Kingdom,Leeds,2025-12-21 20:15:10
CUST64495554,Karen Jones,karen.jones991@example.com,+1-850-2007,Germany,Hamburg,2025-08-29 20:15:10
CUST40442479,Betty Harris,betty.harris300@example.com,+1-536-6509,Canada,Toronto,2024-06-06 20:15:10
CUST76078520,Susan Martin,susan.martin950@example.com,+1-842-1964,United Kingdom,London,2025-12-04 20:15:10
CUST13097160,Charles Martin,charles.martin592@example.com,+1-232-7128,Australia,Melbourne,2024-02-25 20:15:10
CUST71200775,Linda Williams,linda.williams108@example.com,+1-654-7849,Singapore,Singapore,2025-06-20 20:15:10
CUST66227797,Sandra Wilson,sandra.wilson613@example.com,+1-449-4429,Canada,Vancouver,2025-09-13 20:15:10
CUST36250809,Joseph Sanchez,joseph.sanchez669@example.com,+1-294-5834,United States,Chicago,2025-01-26 20:15:10
CUST63598628,John Ramirez,john.ramirez726@example.com,+1-615-2753,United States,Phoenix,2025-09-27 20:15:10
CUST34119845,Nancy Garcia,nancy.garcia879@example.com,+1-675-5380,Germany,Hamburg,2025-09-24 20:15:10
CUST83725974,Lisa Anderson,lisa.anderson666@example.com,+1-913-9906,Singapore,Singapore,2024-11-01 20:15:10
CUST48497395,Sarah Hernandez,sarah.hernandez379@example.com,+1-629-4296,United Kingdom,Leeds,2025-10-14 20:15:10
CUST76044532,William Smith,william.smith488@example.com,+1-591-8507,United Kingdom,Manchester,2025-12-07 20:15:10
CUST29697463,Charles Thomas,charles.thomas428@example.com,+1-995-3306,Singapore,Singapore,2024-07-05 20:15:10
CUST87011404,Charles Taylor,charles.taylor717@example.com,+1-862-7919,United Kingdom,Manchester,2024-07-09 20:15:10
CUST69708094,Mary Thomas,mary.thomas795@example.com,+1-525-2896,United Kingdom,Manchester,2025-06-20 20:15:10
CUST62131673,Susan Lee,susan.lee937@example.com,+1-625-9632,Germany,Cologne,2025-05-30 20:15:10
CUST05394093,Ashley Harris,ashley.harris975@example.com,+1-873-7234,Canada,Toronto,2024-12-19 20:15:10
CUST39315990,Karen Hernandez,karen.hernandez311@example.com,+1-303-8293,United Kingdom,Glasgow,2025-06-12 20:15:10
CUST74592157,Emily Thomas,emily.thomas150@example.com,+1-298-3410,Australia,Brisbane,2025-08-14 20:15:10
CUST74430343,Thomas Perez,thomas.perez126@example.com,+1-773-6614,United States,Houston,2023-02-27 20:15:10
CUST01607932,Jennifer Hernandez,jennifer.hernandez527@example.com,+1-274-1949,United Kingdom,London,2025-12-30 20:15:10
CUST97959605,Margaret Sanchez,margaret.sanchez296@example.com,+1-613-5852,Singapore,Singapore,2025-04-05 20:15:10
CUST62231108,Michael Jackson,michael.jackson18@example.com,+1-453-3026,United Kingdom,Leeds,2023-12-27 20:15:10
CUST59175741,Emily Lewis,emily.lewis458@example.com,+1-713-8938,United Kingdom,Glasgow,2024-12-29 20:15:10
CUST66722049,Karen Hernandez,karen.hernandez730@example.com,+1-509-7372,Australia,Adelaide,2024-01-12 20:15:10
CUST54070927,Ashley Wilson,ashley.wilson912@example.com,+1-997-6768,Singapore,Singapore,2025-09-30 20:15:10
CUST56722601,Matthew Brown,matthew.brown899@example.com,+1-545-1827,Singapore,Singapore,2025-11-03 20:15:10
CUST25153425,Ashley Hernandez,ashley.hernandez232@example.com,+1-449-6476,Canada,Calgary,2024-04-02 20:15:10
CUST96347793,James Perez,james.perez414@example.com,+1-999-3760,United Kingdom,Glasgow,2025-08-28 20:15:10
CUST02007633,Christopher Wilson,christopher.wilson57@example.com,+1-227-2630,United States,Houston,2024-12-02 20:15:10
CUST22225602,Linda White,linda.white424@example.com,+1-539-3360,Canada,Calgary,2025-12-30 20:15:10
CUST96635513,Karen Miller,karen.miller591@example.com,+1-347-8134,Australia,Adelaide,2024-09-30 20:15:10
CUST82841685,Sarah Anderson,sarah.anderson683@example.com,+1-983-9406,United States,Los Angeles,2025-05-12 20:15:10
CUST28681108,Jessica Clark,jessica.clark8@example.com,+1-709-6560,Germany,Hamburg,2025-11-04 20:15:10
CUST01701988,Anthony Johnson,anthony.johnson379@example.com,+1-992-2752,United Kingdom,Glasgow,2025-06-22 20:15:10
CUST19185074,Robert Ramirez,robert.ramirez788@example.com,+1-469-5228,United States,Phoenix,2024-12-18 20:15:10
CUST53803871,Patricia Williams,patricia.williams910@example.com,+1-628-2402,Australia,Brisbane,2026-02-22 20:15:10
CUST44916108,Lisa Lee,lisa.lee469@example.com,+1-845-3786,Germany,Hamburg,2025-02-21 20:15:10
CUST15364548,James Thomas,james.thomas883@example.com,+1-749-5740,Canada,Ottawa,2025-05-18 20:15:10
CUST82071999,Christopher Lopez,christopher.lopez715@example.com,+1-695-8958,Canada,Calgary,2025-11-28 20:15:10
CUST42468218,Jennifer Gonzalez,jennifer.gonzalez98@example.com,+1-485-2868,Australia,Perth,2024-10-04 20:15:10
CUST10291842,Betty Garcia,betty.garcia585@example.com,+1-109-7760,United States,New York,2025-10-18 20:15:10
CUST96859068,John Johnson,john.johnson556@example.com,+1-106-3448,Germany,Frankfurt,2025-10-31 20:15:10
CUST15292488,Karen White,karen.white892@example.com,+1-754-3418,Germany,Cologne,2025-07-09 20:15:10
CUST46341935,Michael Johnson,michael.johnson333@example.com,+1-279-8994,Singapore,Singapore,2025-01-11 20:15:10
CUST78464208,Joseph Lewis,joseph.lewis62@example.com,+1-417-7179,United States,Los Angeles,2023-07-08 20:15:10
CUST14572805,Michael White,michael.white533@example.com,+1-762-8457,Germany,Berlin,2026-01-02 20:15:10
CUST20323514,Karen Jones,karen.jones567@example.com,+1-123-1744,Australia,Sydney,2025-08-26 20:15:10
CUST37017887,Emily Jackson,emily.jackson567@example.com,+1-640-6853,Germany,Hamburg,2026-02-01 20:15:10
CUST92922022,William Johnson,william.johnson756@example.com,+1-959-6085,United Kingdom,Manchester,2024-09-26 20:15:10
CUST56793023,Betty Thomas,betty.thomas737@example.com,+1-625-3886,Australia,Brisbane,2025-07-25 20:15:10
CUST49313414,John Moore,john.moore915@example.com,+1-772-2302,Germany,Frankfurt,2024-12-06 20:15:10
CUST84513608,Robert Moore,robert.moore838@example.com,+1-844-4062,Canada,Toronto,2025-10-08 20:15:10
CUST70718276,Ashley Robinson,ashley.robinson190@example.com,+1-394-2007,United Kingdom,Glasgow,2024-04-19 20:15:10
CUST29423657,Joseph Gonzalez,joseph.gonzalez146@example.com,+1-867-2199,United States,Phoenix,2025-05-23 20:15:10
CUST09128186,Mark Clark,mark.clark120@example.com,+1-627-1344,Germany,Hamburg,2023-04-14 20:15:10
CUST64630384,Patricia Williams,patricia.williams36@example.com,+1-852-2294,United Kingdom,Manchester,2026-01-28 20:15:10
CUST79265539,Linda Robinson,linda.robinson928@example.com,+1-299-7229,Australia,Adelaide,2025-06-08 20:15:10
CUST76557700,Patricia Williams,patricia.williams208@example.com,+1-314-4364,Germany,Munich,2024-09-14 20:15:10
CUST14044849,Elizabeth Garcia,elizabeth.garcia883@example.com,+1-635-9758,Germany,Munich,2025-03-29 20:15:10
CUST57348637,Nancy Williams,nancy.williams226@example.com,+1-209-4902,United States,Phoenix,2026-02-18 20:15:10
CUST79080792,Patricia Brown,patricia.brown239@example.com,+1-498-1633,Canada,Calgary,2023-02-27 20:15:10
CUST46611768,Margaret Hernandez,margaret.hernandez516@example.com,+1-476-1406,Canada,Toronto,2025-10-20 20:15:10
CUST74455349,Christopher Taylor,christopher.taylor345@example.com,+1-432-5936,Australia,Brisbane,2025-11-14 20:15:10
CUST40289804,Michael Anderson,michael.anderson230@example.com,+1-708-3295,United Kingdom,Leeds,2025-06-29 20:15:10
CUST47340634,Michael Smith,michael.smith86@example.com,+1-253-3814,Germany,Munich,2025-05-17 20:15:10
CUST30544183,Richard Williams,richard.williams928@example.com,+1-552-8771,United States,Los Angeles,2024-09-14 20:15:10
CUST98463016,Lisa Jones,lisa.jones801@example.com,+1-985-2053,Germany,Frankfurt,2025-08-28 20:15:10
CUST62356720,Thomas Lopez,thomas.lopez156@example.com,+1-726-5747,United States,Los Angeles,2025-07-30 20:15:10
CUST36013048,David Perez,david.perez190@example.com,+1-148-7458,Australia,Adelaide,2025-05-23 20:15:10
CUST75914454,Christopher Moore,christopher.moore641@example.com,+1-666-6384,United Kingdom,Glasgow,2025-08-27 20:15:10
CUST80818711,Richard Taylor,richard.taylor330@example.com,+1-839-3284,Singapore,Singapore,2023-09-13 20:15:10
CUST13959816,Nancy Garcia,nancy.garcia176@example.com,+1-535-6800,United Kingdom,London,2024-04-02 20:15:10
CUST42628789,Sarah Harris,sarah.harris347@example.com,+1-589-3174,Germany,Cologne,2025-07-20 20:15:10
CUST28560396,Daniel Gonzalez,daniel.gonzalez881@example.com,+1-993-7189,Germany,Munich,2026-02-26 20:15:10
CUST64356205,Christopher Gonzalez,christopher.gonzalez319@example.com,+1-259-4148,Germany,Berlin,2023-11-06 20:15:10
CUST15075049,Christopher Rodriguez,christopher.rodriguez531@example.com,+1-706-6083,Germany,Hamburg,2026-01-09 20:15:10
CUST83243587,Robert Lopez,robert.lopez790@example.com,+1-434-2570,Singapore,Singapore,2025-11-16 20:15:10
CUST34387568,Daniel Thomas,daniel.thomas634@example.com,+1-589-7955,Singapore,Singapore,2025-12-28 20:15:10
CUST75143539,David Lewis,david.lewis442@example.com,+1-371-6694,Singapore,Singapore,2025-12-16 20:15:10
CUST28407206,Linda Williams,linda.williams659@example.com,+1-452-5557,United States,Phoenix,2024-07-14 20:15:10
CUST27129979,Barbara Brown,barbara.brown33@example.com,+1-274-3498,Australia,Adelaide,2025-04-16 20:15:10
CUST79446482,Jessica Robinson,jessica.robinson313@example.com,+1-442-1114,United Kingdom,Leeds,2023-02-27 20:15:10
CUST81436290,Anthony Gonzalez,anthony.gonzalez847@example.com,+1-332-3530,Germany,Munich,2025-11-22 20:15:10
CUST71201908,Sarah Anderson,sarah.anderson188@example.com,+1-345-4058,Singapore,Singapore,2025-06-29 20:15:10
CUST58362632,Anthony Ramirez,anthony.ramirez882@example.com,+1-249-2526,United Kingdom,Birmingham,2023-02-27 20:15:10
CUST09867302,David White,david.white583@example.com,+1-964-4844,Singapore,Singapore,2024-05-28 20:15:10
CUST92765680,Lisa Smith,lisa.smith429@example.com,+1-687-4458,Germany,Hamburg,2024-11-07 20:15:10
CUST68089202,Barbara Moore,barbara.moore184@example.com,+1-250-4868,Germany,Cologne,2025-12-12 20:15:10
CUST64655819,Nancy Miller,nancy.miller739@example.com,+1-453-9190,Canada,Ottawa,2024-09-09 20:15:10
CUST39136564,Mary Robinson,mary.robinson931@example.com,+1-708-9888,Canada,Ottawa,2025-09-24 20:15:10
CUST81339588,Ashley Anderson,ashley.anderson800@example.com,+1-836-1518,Canada,Toronto,2025-05-26 20:15:10
CUST06305441,Richard Jones,richard.jones528@example.com,+1-267-4636,Australia,Adelaide,2025-03-21 20:15:10
CUST79766411,Emily Perez,emily.perez385@example.com,+1-458-6278,Australia,Perth,2025-03-20 20:15:10
CUST09450088,Patricia Taylor,patricia.taylor773@example.com,+1-262-2083,United States,New York,2024-11-10 20:15:10
CUST57204572,Sandra Lee,sandra.lee867@example.com,+1-621-6124,Canada,Calgary,2025-01-27 20:15:10
CUST69619923,Joseph Smith,joseph.smith524@example.com,+1-398-1583,United States,Los Angeles,2026-02-01 20:15:10
CUST77732869,Daniel Robinson,daniel.robinson753@example.com,+1-679-5052,Singapore,Singapore,2025-07-18 20:15:10
CUST10305002,Karen Walker,karen.walker751@example.com,+1-657-1546,Canada,Vancouver,2025-01-24 20:15:10
CUST18416174,Barbara Williams,barbara.williams52@example.com,+1-553-1208,Canada,Montreal,2025-10-21 20:15:10
CUST91333940,Mary Wilson,mary.wilson103@example.com,+1-640-1980,Germany,Cologne,2025-10-12 20:15:10
CUST03568715,Matthew Garcia,matthew.garcia643@example.com,+1-691-6379,Canada,Calgary,2026-01-09 20:15:10
CUST29194849,Charles Smith,charles.smith801@example.com,+1-727-2578,Singapore,Singapore,2025-08-13 20:15:10
CUST03192581,John Lewis,john.lewis454@example.com,+1-113-4006,Australia,Brisbane,2023-02-27 20:15:10
CUST88253333,Anthony Rodriguez,anthony.rodriguez255@example.com,+1-546-3313,United States,Chicago,2025-10-27 20:15:10
CUST43891416,Patricia Moore,patricia.moore205@example.com,+1-945-7643,Australia,Sydney,2025-05-26 20:15:10
CUST18548607,Margaret Wilson,margaret.wilson487@example.com,+1-587-9542,Germany,Hamburg,2024-10-18 20:15:10
CUST91513682,Patricia Perez,patricia.perez795@example.com,+1-235-1987,Germany,Hamburg,2026-02-22 20:15:10
CUST00323313,Betty Johnson,betty.johnson279@example.com,+1-130-2666,United Kingdom,Leeds,2023-11-07 20:15:10
CUST78435029,Mary Martin,mary.martin641@example.com,+1-261-9797,United Kingdom,Glasgow,2025-09-01 20:15:10
CUST63007926,Patricia Martinez,patricia.martinez376@example.com,+1-525-1791,Canada,Calgary,2024-02-15 20:15:10
CUST90381597,Ashley Walker,ashley.walker374@example.com,+1-912-3869,Australia,Adelaide,2026-02-12 20:15:10
CUST31978024,Christopher Lopez,christopher.lopez821@example.com,+1-305-9884,United States,Houston,2025-12-31 20:15:10
CUST32973745,Matthew Jackson,matthew.jackson799@example.com,+1-959-5658,United States,Chicago,2025-10-07 20:15:10
CUST24581736,Robert Davis,robert.davis656@example.com,+1-662-5100,United Kingdom,Birmingham,2025-09-25 20:15:10
CUST02985241,Sandra Moore,sandra.moore318@example.com,+1-976-5882,Singapore,Singapore,2024-04-10 20:15:10
CUST73684048,Lisa Taylor,lisa.taylor353@example.com,+1-263-8137,Germany,Munich,2026-02-22 20:15:10
CUST93138548,Ashley Clark,ashley.clark132@example.com,+1-891-6824,Canada,Toronto,2025-02-17 20:15:10
CUST00643537,Thomas Harris,thomas.harris110@example.com,+1-424-7100,United States,Phoenix,2026-01-06 20:15:10
CUST17314172,Patricia Wilson,patricia.wilson596@example.com,+1-408-9107,Germany,Cologne,2024-06-04 20:15:10
CUST81925835,Matthew Perez,matthew.perez13@example.com,+1-543-1321,Australia,Brisbane,2024-08-25 20:15:10
CUST39184791,Charles Brown,charles.brown879@example.com,+1-345-6695,United States,New York,2025-06-19 20:15:10
CUST76632208,Jennifer Johnson,jennifer.johnson851@example.com,+1-469-5624,Germany,Hamburg,2025-12-01 20:15:10
CUST39361848,Anthony Rodriguez,anthony.rodriguez151@example.com,+1-206-4590,United States,New York,2025-02-24 20:15:10
CUST73936111,Joseph Thomas,joseph.thomas921@example.com,+1-342-3695,Canada,Ottawa,2025-12-26 20:15:10
CUST04428842,Margaret Rodriguez,margaret.rodriguez978@example.com,+1-314-7416,Australia,Brisbane,2025-12-12 20:15:10
CUST70454105,Michael Miller,michael.miller708@example.com,+1-207-7115,Germany,Cologne,2025-03-04 20:15:10
CUST19377950,Thomas Thomas,thomas.thomas768@example.com,+1-946-8738,United Kingdom,London,2023-02-27 20:15:10
CUST31618080,John Garcia,john.garcia274@example.com,+1-542-2085,Australia,Sydney,2023-12-10 20:15:10
CUST95504615,Sarah Martin,sarah.martin110@example.com,+1-685-8686,United States,Los Angeles,2025-04-04 20:15:10
CUST07624563,Mark Robinson,mark.robinson843@example.com,+1-712-8991,Germany,Cologne,2025-05-20 20:15:10
CUST47039780,Matthew Robinson,matthew.robinson453@example.com,+1-611-2461,United Kingdom,London,2023-02-27 20:15:10
CUST88807328,Anthony Davis,anthony.davis256@example.com,+1-743-1953,United Kingdom,London,2025-05-13 20:15:10
CUST50896810,Patricia Jackson,patricia.jackson743@example.com,+1-789-9086,Canada,Calgary,2025-08-12 20:15:10
CUST07113095,Jennifer Miller,jennifer.miller971@example.com,+1-429-8118,Singapore,Singapore,2023-10-03 20:15:10
CUST56801854,Ashley Wilson,ashley.wilson336@example.com,+1-360-6033,United States,Houston,2025-11-21 20:15:10
CUST38201069,Christopher Davis,christopher.davis913@example.com,+1-683-4128,Singapore,Singapore,2026-01-20 20:15:10
CUST23843817,Michael Martin,michael.martin370@example.com,+1-614-9354,Singapore,Singapore,2025-02-25 20:15:10
CUST21836155,Patricia White,patricia.white124@example.com,+1-654-5629,Germany,Munich,2026-01-21 20:15:10
CUST65562811,Lisa Hernandez,lisa.hernandez551@example.com,+1-587-7687,United States,Houston,2025-09-09 20:15:10
CUST50472348,Charles Williams,charles.williams433@example.com,+1-620-2792,Australia,Melbourne,2025-08-09 20:15:10
CUST69118256,Ashley Smith,ashley.smith515@example.com,+1-939-5807,Singapore,Singapore,2025-05-13 20:15:10
CUST79943317,Nancy White,nancy.white688@example.com,+1-126-4699,United Kingdom,Glasgow,2023-02-27 20:15:10
CUST34334470,Daniel Jones,daniel.jones832@example.com,+1-803-7347,Australia,Perth,2025-11-27 20:15:10
CUST84827853,Christopher Gonzalez,christopher.gonzalez363@example.com,+1-952-8189,Germany,Hamburg,2025-09-08 20:15:10
CUST52533609,David Robinson,david.robinson277@example.com,+1-460-7263,Germany,Hamburg,2026-01-06 20:15:10
CUST08398914,James Ramirez,james.ramirez628@example.com,+1-557-9756,Germany,Frankfurt,2025-03-22 20:15:10
CUST98305905,Ashley Anderson,ashley.anderson328@example.com,+1-464-5734,Germany,Frankfurt,2024-11-09 20:15:10
CUST04980623,Richard Jones,richard.jones939@example.com,+1-460-2080,Singapore,Singapore,2025-07-01 20:15:10
CUST36022791,Margaret Lee,margaret.lee856@example.com,+1-811-4860,United Kingdom,Manchester,2025-11-16 20:15:10
CUST36556414,Sandra Hernandez,sandra.hernandez141@example.com,+1-727-7349,Germany,Berlin,2025-03-09 20:15:10
CUST83767291,James Miller,james.miller604@example.com,+1-550-4358,Singapore,Singapore,2025-05-20 20:15:10
CUST51118316,Lisa Davis,lisa.davis375@example.com,+1-404-2027,United Kingdom,London,2025-12-20 20:15:10
CUST81971985,Barbara White,barbara.white559@example.com,+1-748-8932,Canada,Toronto,2025-08-21 20:15:10
CUST25945288,Nancy Thompson,nancy.thompson814@example.com,+1-778-6164,Australia,Adelaide,2025-08-02 20:15:10
CUST21873376,Robert Gonzalez,robert.gonzalez248@example.com,+1-657-9122,Canada,Calgary,2023-02-27 20:15:10
CUST28891430,Nancy Wilson,nancy.wilson856@example.com,+1-929-6592,United Kingdom,Manchester,2024-04-07 20:15:10
CUST30688239,Barbara Harris,barbara.harris145@example.com,+1-106-4702,Canada,Calgary,2024-10-31 20:15:10
CUST48853655,Thomas Robinson,thomas.robinson220@example.com,+1-963-5455,United Kingdom,Birmingham,2023-12-18 20:15:10
CUST53798749,William Lopez,william.lopez758@example.com,+1-725-5809,Singapore,Singapore,2024-10-29 20:15:10
CUST92858669,Michael Williams,michael.williams371@example.com,+1-652-3725,United States,Phoenix,2023-10-27 20:15:10
CUST96393975,Betty Anderson,betty.anderson764@example.com,+1-778-3665,United States,New York,2026-02-06 20:15:10
CUST46955009,William Jones,william.jones438@example.com,+1-609-8533,Singapore,Singapore,2025-07-19 20:15:10
CUST20593096,Betty Lopez,betty.lopez674@example.com,+1-408-3130,Canada,Ottawa,2024-10-13 20:15:10
CUST97912262,Daniel Anderson,daniel.anderson926@example.com,+1-100-9208,Singapore,Singapore,2025-04-13 20:15:10
CUST84327293,David Taylor,david.taylor877@example.com,+1-462-1677,Australia,Perth,2025-12-18 20:15:10
CUST91292297,John Robinson,john.robinson149@example.com,+1-284-8386,Germany,Berlin,2025-09-28 20:15:10
CUST44205548,Betty Wilson,betty.wilson982@example.com,+1-936-3685,Singapore,Singapore,2025-10-10 20:15:10
CUST98549003,James Davis,james.davis375@example.com,+1-738-5372,United Kingdom,Manchester,2025-11-08 20:15:10
CUST56798689,Joseph Ramirez,joseph.ramirez359@example.com,+1-830-1461,Australia,Melbourne,2025-09-26 20:15:10
CUST27763107,Susan Lee,susan.lee515@example.com,+1-401-3537,Australia,Brisbane,2025-06-07 20:15:10
CUST49107174,Linda Johnson,linda.johnson737@example.com,+1-251-9074,Canada,Toronto,2024-03-24 20:15:10
CUST61110374,Mark White,mark.white15@example.com,+1-544-9668,Germany,Cologne,2024-10-20 20:15:10
CUST13955923,Jessica Smith,jessica.smith248@example.com,+1-961-6078,Germany,Berlin,2024-05-09 20:15:10
CUST58425794,James Williams,james.williams657@example.com,+1-132-5544,Australia,Melbourne,2024-01-03 20:15:10
CUST88285437,David Clark,david.clark275@example.com,+1-528-6011,Canada,Toronto,2025-08-14 20:15:10
CUST77028765,Margaret Hernandez,margaret.hernandez518@example.com,+1-891-2127,United Kingdom,Leeds,2025-09-24 20:15:10
CUST84199475,David Hernandez,david.hernandez647@example.com,+1-486-4158,Singapore,Singapore,2026-02-05 20:15:10
CUST00068693,Linda Miller,linda.miller624@example.com,+1-532-4140,United States,Chicago,2023-06-29 20:15:10
CUST86080981,Nancy Clark,nancy.clark601@example.com,+1-787-9498,Australia,Melbourne,2026-02-02 20:15:10
CUST17888564,Charles Smith,charles.smith815@example.com,+1-998-8705,United Kingdom,London,2024-10-21 20:15:10
CUST66568463,Mary Martin,mary.martin951@example.com,+1-877-1635,Singapore,Singapore,2025-09-06 20:15:10
CUST08158731,Jessica Lee,jessica.lee716@example.com,+1-306-3813,Singapore,Singapore,2023-03-10 20:15:10
CUST09351509,Mary Clark,mary.clark738@example.com,+1-115-8514,Germany,Berlin,2025-08-12 20:15:10
CUST52231960,David Robinson,david.robinson977@example.com,+1-977-7612,Singapore,Singapore,2024-06-17 20:15:10
CUST34609609,Jennifer Garcia,jennifer.garcia769@example.com,+1-729-8953,Singapore,Singapore,2025-10-28 20:15:10
CUST42045907,Robert Anderson,robert.anderson420@example.com,+1-978-4068,Canada,Montreal,2025-10-20 20:15:10
CUST55753351,Jessica Harris,jessica.harris526@example.com,+1-502-5435,Singapore,Singapore,2025-04-02 20:15:10
CUST40046033,Margaret Thomas,margaret.thomas404@example.com,+1-451-6449,United Kingdom,London,2023-02-27 20:15:10
CUST37487378,Sarah Garcia,sarah.garcia10@example.com,+1-478-8584,Germany,Berlin,2025-06-05 20:15:10
CUST25009364,Patricia Johnson,patricia.johnson26@example.com,+1-115-2467,United Kingdom,Glasgow,2023-05-28 20:15:10
CUST47361218,Betty Davis,betty.davis837@example.com,+1-828-9505,Germany,Berlin,2024-08-12 20:15:10
CUST30172816,Emily Martin,emily.martin81@example.com,+1-448-5163,Australia,Adelaide,2024-07-27 20:15:10
CUST95015699,Matthew Hernandez,matthew.hernandez39@example.com,+1-958-5854,United Kingdom,Leeds,2025-08-01 20:15:10
CUST01616439,Thomas Lopez,thomas.lopez260@example.com,+1-115-5474,Singapore,Singapore,2025-09-01 20:15:10
CUST04233219,Michael Thompson,michael.thompson52@example.com,+1-445-2646,United States,Los Angeles,2025-12-11 20:15:10
CUST17327655,Sarah Davis,sarah.davis403@example.com,+1-379-1017,United Kingdom,Birmingham,2023-02-27 20:15:10
CUST68577125,Linda Sanchez,linda.sanchez178@example.com,+1-831-3238,United Kingdom,Manchester,2023-02-27 20:15:10
CUST86624557,Sarah Lopez,sarah.lopez278@example.com,+1-326-7919,Singapore,Singapore,2024-10-13 20:15:10
CUST59723442,John Thompson,john.thompson519@example.com,+1-447-2024,United Kingdom,Manchester,2025-10-21 20:15:10
CUST29628413,Jennifer Smith,jennifer.smith588@example.com,+1-319-9899,United States,New York,2025-11-16 20:15:10
CUST88911286,Sandra Johnson,sandra.johnson644@example.com,+1-830-3432,Germany,Munich,2023-02-27 20:15:10
CUST95294901,Thomas Lopez,thomas.lopez793@example.com,+1-952-9465,Canada,Toronto,2026-02-01 20:15:10
CUST38268955,Barbara Miller,barbara.miller779@example.com,+1-240-1382,United Kingdom,Birmingham,2024-04-20 20:15:10
CUST28275781,Lisa Thomas,lisa.thomas547@example.com,+1-648-8111,Singapore,Singapore,2025-09-19 20:15:10
CUST91108286,Emily Harris,emily.harris100@example.com,+1-866-9885,Germany,Hamburg,2025-08-12 20:15:10
CUST97537952,Charles Clark,charles.clark48@example.com,+1-466-2457,Singapore,Singapore,2024-05-16 20:15:10
CUST73444505,Charles Jones,charles.jones576@example.com,+1-887-9933,Singapore,Singapore,2026-01-23 20:15:10
CUST97876039,Mary Perez,mary.perez508@example.com,+1-539-6712,Canada,Calgary,2025-09-20 20:15:10
CUST39200995,Sandra Hernandez,sandra.hernandez275@example.com,+1-454-4078,Canada,Toronto,2023-02-27 20:15:10
CUST28181777,Richard Thompson,richard.thompson788@example.com,+1-193-8923,Germany,Munich,2024-12-15 20:15:10
CUST16703524,Emily Garcia,emily.garcia415@example.com,+1-788-2283,Canada,Toronto,2024-10-01 20:15:10
CUST67952575,Michael Harris,michael.harris813@example.com,+1-616-8008,United Kingdom,Manchester,2024-09-27 20:15:10
CUST11647515,Joseph Johnson,joseph.johnson36@example.com,+1-120-3956,United Kingdom,London,2026-02-04 20:15:10
CUST39335808,Matthew Jackson,matthew.jackson319@example.com,+1-105-4913,United Kingdom,Manchester,2025-12-06 20:15:10
CUST40035225,David Robinson,david.robinson652@example.com,+1-144-6491,Germany,Munich,2025-06-25 20:15:10
CUST28580518,Daniel Clark,daniel.clark177@example.com,+1-736-5112,United Kingdom,Glasgow,2025-09-12 20:15:10
CUST66177757,Charles Smith,charles.smith376@example.com,+1-209-9609,United Kingdom,Birmingham,2025-08-17 20:15:10
CUST03309690,Robert Thomas,robert.thomas749@example.com,+1-237-1275,United States,New York,2024-08-20 20:15:10
CUST51021219,Jennifer Brown,jennifer.brown185@example.com,+1-589-9727,Singapore,Singapore,2026-02-21 20:15:10
CUST94599128,Christopher Jackson,christopher.jackson719@example.com,+1-167-9502,United States,New York,2025-01-28 20:15:10
CUST99757738,Matthew White,matthew.white621@example.com,+1-783-9587,Canada,Vancouver,2026-02-26 20:15:10
CUST74659243,Susan Robinson,susan.robinson450@example.com,+1-546-8780,United Kingdom,London,2026-02-03 20:15:10
CUST30759654,Robert Perez,robert.perez827@example.com,+1-781-4382,United States,New York,2025-08-19 20:15:10
CUST24809686,Robert Hernandez,robert.hernandez134@example.com,+1-165-2806,United States,Chicago,2024-04-26 20:15:10
CUST31410524,Betty Taylor,betty.taylor831@example.com,+1-991-4041,United States,Los Angeles,2025-12-31 20:15:10
CUST25527030,Betty Harris,betty.harris573@example.com,+1-203-1010,United States,Los Angeles,2025-05-07 20:15:10
CUST88608697,Richard Robinson,richard.robinson509@example.com,+1-174-4566,United Kingdom,Leeds,2025-01-08 20:15:10
CUST79801641,Daniel Garcia,daniel.garcia663@example.com,+1-465-8653,United Kingdom,Leeds,2025-11-23 20:15:10
CUST15096369,Mary Davis,mary.davis340@example.com,+1-373-1111,United Kingdom,Leeds,2025-06-09 20:15:10
CUST18205610,Linda Brown,linda.brown5@example.com,+1-753-6298,Canada,Ottawa,2023-09-26 20:15:10
CUST07605726,Christopher Lopez,christopher.lopez896@example.com,+1-179-1554,Singapore,Singapore,2025-06-09 20:15:10
CUST55856848,Sandra Jackson,sandra.jackson206@example.com,+1-756-4727,Canada,Toronto,2025-12-26 20:15:10
CUST73711283,Jennifer Jackson,jennifer.jackson117@example.com,+1-736-2598,Australia,Perth,2025-03-03 20:15:10
CUST73634310,Lisa Robinson,lisa.robinson316@example.com,+1-213-5993,Canada,Ottawa,2025-04-05 20:15:10
CUST72271422,Matthew Thompson,matthew.thompson921@example.com,+1-172-5832,United Kingdom,London,2026-02-17 20:15:10
CUST70084241,Emily Davis,emily.davis831@example.com,+1-768-4585,United States,Chicago,2026-01-23 20:15:10
CUST24466875,Richard Anderson,richard.anderson378@example.com,+1-626-7872,United Kingdom,Birmingham,2025-12-26 20:15:10
CUST49055640,Michael Brown,michael.brown345@example.com,+1-291-7678,Singapore,Singapore,2026-01-04 20:15:10
CUST60620134,Richard Garcia,richard.garcia607@example.com,+1-120-8093,Canada,Ottawa,2025-11-09 20:15:10
CUST61601817,Nancy Rodriguez,nancy.rodriguez354@example.com,+1-989-4658,Germany,Frankfurt,2025-07-21 20:15:10
CUST59961999,Ashley Jones,ashley.jones89@example.com,+1-220-8056,Australia,Perth,2025-09-10 20:15:10
CUST85263979,William Jackson,william.jackson736@example.com,+1-790-1567,United Kingdom,London,2023-12-12 20:15:10
CUST10500533,Sarah Jackson,sarah.jackson436@example.com,+1-329-4348,United Kingdom,Glasgow,2025-03-18 20:15:10
CUST93484046,Lisa Garcia,lisa.garcia8@example.com,+1-779-6625,Singapore,Singapore,2024-01-26 20:15:10
CUST57818335,Thomas Lopez,thomas.lopez199@example.com,+1-377-6401,Singapore,Singapore,2025-05-29 20:15:10
CUST69428917,Ashley Sanchez,ashley.sanchez313@example.com,+1-962-7166,United States,New York,2026-01-23 20:15:10
CUST00075467,Karen Hernandez,karen.hernandez805@example.com,+1-183-1241,Singapore,Singapore,2025-07-14 20:15:10
CUST15986623,Joseph Gonzalez,joseph.gonzalez809@example.com,+1-519-4129,Australia,Melbourne,2024-06-06 20:15:10
CUST51527720,Thomas Walker,thomas.walker671@example.com,+1-632-9470,United Kingdom,Glasgow,2025-12-10 20:15:10
CUST01379215,Jessica Williams,jessica.williams652@example.com,+1-627-8896,Germany,Cologne,2026-01-23 20:15:10
CUST85976386,Lisa Clark,lisa.clark515@example.com,+1-868-2024,United States,Los Angeles,2025-10-04 20:15:10
CUST47230360,Lisa Taylor,lisa.taylor25@example.com,+1-544-2254,United Kingdom,Manchester,2025-08-31 20:15:10
CUST80548324,Michael Williams,michael.williams987@example.com,+1-534-6805,Canada,Vancouver,2025-10-16 20:15:10
CUST68398134,James Hernandez,james.hernandez376@example.com,+1-817-6939,Singapore,Singapore,2026-01-04 20:15:10
CUST50711346,Richard Ramirez,richard.ramirez317@example.com,+1-122-3000,Germany,Hamburg,2025-11-13 20:15:10
CUST36763880,Sarah Thompson,sarah.thompson954@example.com,+1-822-8172,Germany,Munich,2025-01-04 20:15:10
CUST04301105,John Harris,john.harris143@example.com,+1-369-8501,Canada,Montreal,2025-09-02 20:15:10
CUST71885006,Michael Davis,michael.davis386@example.com,+1-604-1270,Germany,Munich,2025-02-26 20:15:10
CUST82965346,Karen Perez,karen.perez754@example.com,+1-532-8693,United States,Phoenix,2025-05-22 20:15:10
CUST06467194,David Martin,david.martin97@example.com,+1-446-9577,Singapore,Singapore,2025-05-12 20:15:10
CUST90372330,Jessica Davis,jessica.davis817@example.com,+1-328-3341,Singapore,Singapore,2025-11-14 20:15:10
CUST94534882,Robert Taylor,robert.taylor754@example.com,+1-676-7956,United Kingdom,London,2025-06-02 20:15:10
CUST65525000,Joseph Lewis,joseph.lewis541@example.com,+1-257-8173,Australia,Sydney,2026-02-18 20:15:10
CUST90307384,Mark Sanchez,mark.sanchez103@example.com,+1-747-2187,United States,Los Angeles,2025-08-04 20:15:10
CUST28530341,Betty Brown,betty.brown70@example.com,+1-756-2157,Australia,Perth,2025-04-22 20:15:10
CUST56723158,James Lopez,james.lopez500@example.com,+1-754-8187,Germany,Frankfurt,2025-12-15 20:15:10
CUST73359628,Emily Johnson,emily.johnson883@example.com,+1-609-5315,Australia,Sydney,2025-11-10 20:15:10
CUST11313991,Matthew Martinez,matthew.martinez921@example.com,+1-565-2872,Canada,Ottawa,2025-11-28 20:15:10
CUST68775497,Daniel Harris,daniel.harris626@example.com,+1-460-1447,Canada,Calgary,2026-01-31 20:15:10
CUST44745621,Jennifer Hernandez,jennifer.hernandez443@example.com,+1-193-9487,Singapore,Singapore,2025-09-23 20:15:10
CUST30461310,Patricia Rodriguez,patricia.rodriguez56@example.com,+1-147-6054,Singapore,Singapore,2023-02-27 20:15:10
CUST61810846,Susan Ramirez,susan.ramirez963@example.com,+1-680-9027,Canada,Toronto,2025-09-20 20:15:10
CUST94795550,Sarah Johnson,sarah.johnson879@example.com,+1-928-1020,Singapore,Singapore,2025-07-16 20:15:10
CUST54854590,Patricia Moore,patricia.moore325@example.com,+1-191-7054,Germany,Munich,2025-02-05 20:15:10
CUST42464683,Nancy Martinez,nancy.martinez283@example.com,+1-888-2027,Germany,Frankfurt,2025-02-10 20:15:10
CUST55642594,Anthony White,anthony.white145@example.com,+1-285-3683,Singapore,Singapore,2023-03-02 20:15:10
CUST96245917,Anthony Ramirez,anthony.ramirez855@example.com,+1-296-4748,United Kingdom,Glasgow,2024-03-17 20:15:10
CUST80386291,Charles Rodriguez,charles.rodriguez114@example.com,+1-707-5461,United Kingdom,Glasgow,2024-07-30 20:15:10
CUST40435633,David Rodriguez,david.rodriguez907@example.com,+1-386-8981,Canada,Ottawa,2023-02-27 20:15:10
CUST15743164,Karen Davis,karen.davis275@example.com,+1-137-5947,Germany,Berlin,2025-11-23 20:15:10
CUST65191768,James Johnson,james.johnson956@example.com,+1-306-9191,Australia,Brisbane,2025-03-13 20:15:10
CUST40208675,Charles Thomas,charles.thomas715@example.com,+1-360-5484,Australia,Adelaide,2023-12-23 20:15:10
CUST59389001,Thomas Lopez,thomas.lopez482@example.com,+1-295-9489,Canada,Toronto,2025-03-06 20:15:10
CUST58120315,Christopher Martin,christopher.martin156@example.com,+1-354-7188,Canada,Vancouver,2023-02-27 20:15:10
CUST55855160,Sandra Rodriguez,sandra.rodriguez112@example.com,+1-640-2149,Canada,Toronto,2026-01-19 20:15:10
CUST88585615,Patricia Walker,patricia.walker265@example.com,+1-285-7962,United States,Los Angeles,2025-07-30 20:15:10
CUST53862710,Robert Lewis,robert.lewis244@example.com,+1-658-1848,United Kingdom,London,2023-02-27 20:15:10
CUST61037081,Michael Walker,michael.walker450@example.com,+1-745-3164,United Kingdom,Birmingham,2025-09-05 20:15:10
CUST90017437,Ashley Harris,ashley.harris841@example.com,+1-125-5258,Australia,Melbourne,2024-10-23 20:15:10
CUST06397114,Sarah Anderson,sarah.anderson378@example.com,+1-786-3003,Germany,Hamburg,2026-02-15 20:15:10
CUST86846066,Michael Smith,michael.smith551@example.com,+1-408-6864,Germany,Frankfurt,2024-12-20 20:15:10
CUST38799858,Jessica Garcia,jessica.garcia837@example.com,+1-130-9229,Canada,Ottawa,2023-06-07 20:15:10
CUST62438600,James Harris,james.harris960@example.com,+1-621-5255,Australia,Perth,2025-09-03 20:15:10
CUST38856350,Richard Anderson,richard.anderson216@example.com,+1-224-3514,Singapore,Singapore,2026-02-19 20:15:10
CUST16338528,Robert Perez,robert.perez27@example.com,+1-182-9512,Germany,Hamburg,2026-02-16 20:15:10
CUST04797250,Nancy Moore,nancy.moore454@example.com,+1-721-4042,Australia,Perth,2023-12-07 20:15:10
CUST01988017,James Jackson,james.jackson48@example.com,+1-795-1949,Singapore,Singapore,2024-11-16 20:15:10
CUST49164188,William Moore,william.moore700@example.com,+1-602-3416,United States,Chicago,2026-01-16 20:15:10
CUST38584307,Patricia Sanchez,patricia.sanchez809@example.com,+1-672-5214,United Kingdom,Leeds,2026-02-06 20:15:10
CUST78388242,Mary Garcia,mary.garcia102@example.com,+1-908-2693,Germany,Berlin,2024-07-10 20:15:10
CUST72494323,Lisa Miller,lisa.miller198@example.com,+1-846-7705,Australia,Brisbane,2024-07-01 20:15:10
CUST73025609,Betty Martinez,betty.martinez142@example.com,+1-144-5420,Canada,Calgary,2026-01-11 20:15:10
CUST64067749,Sarah Ramirez,sarah.ramirez570@example.com,+1-626-9383,Australia,Melbourne,2025-10-19 20:15:10
CUST61821232,Sarah Ramirez,sarah.ramirez306@example.com,+1-528-3392,Singapore,Singapore,2024-08-23 20:15:10
CUST51007376,Jessica Sanchez,jessica.sanchez194@example.com,+1-796-9911,Canada,Calgary,2025-05-30 20:15:10
CUST68435515,Patricia Jackson,patricia.jackson868@example.com,+1-186-1049,Australia,Adelaide,2023-02-27 20:15:10
CUST16664685,Michael Thompson,michael.thompson753@example.com,+1-511-4764,Germany,Cologne,2025-07-02 20:15:10
CUST71550466,Jessica Davis,jessica.davis81@example.com,+1-601-7167,Singapore,Singapore,2025-01-10 20:15:10
CUST62007866,Robert Jones,robert.jones825@example.com,+1-327-4387,United Kingdom,London,2025-06-11 20:15:10
CUST38780594,Jessica Gonzalez,jessica.gonzalez38@example.com,+1-905-1160,Germany,Munich,2023-04-18 20:15:10
CUST47538906,Joseph Walker,joseph.walker268@example.com,+1-780-4763,Singapore,Singapore,2025-08-25 20:15:10
CUST63498155,Anthony Lopez,anthony.lopez982@example.com,+1-686-5192,Australia,Brisbane,2025-11-23 20:15:10
CUST46019216,Sarah Jackson,sarah.jackson673@example.com,+1-634-3602,Australia,Sydney,2025-10-05 20:15:10
CUST53636325,William Williams,william.williams860@example.com,+1-149-1620,Germany,Frankfurt,2024-03-29 20:15:10
CUST62734527,William White,william.white881@example.com,+1-537-3034,United Kingdom,Leeds,2025-06-20 20:15:10
CUST97182273,Patricia Moore,patricia.moore129@example.com,+1-882-3027,Canada,Montreal,2025-09-20 20:15:10
CUST89115684,Lisa Wilson,lisa.wilson938@example.com,+1-501-1299,United Kingdom,Glasgow,2025-05-16 20:15:10
CUST74349332,Elizabeth Thomas,elizabeth.thomas247@example.com,+1-543-5214,United Kingdom,Leeds,2026-01-05 20:15:10
CUST61090229,Mark Harris,mark.harris718@example.com,+1-229-3029,Australia,Brisbane,2026-02-25 20:15:10
CUST74287872,Charles White,charles.white733@example.com,+1-418-3698,United States,Phoenix,2025-10-29 20:15:10
CUST82074194,Jennifer Williams,jennifer.williams239@example.com,+1-944-2770,Singapore,Singapore,2025-03-24 20:15:10
CUST63932599,Robert Clark,robert.clark418@example.com,+1-864-4314,Canada,Ottawa,2024-11-30 20:15:10
CUST84992247,Barbara Harris,barbara.harris862@example.com,+1-411-9887,United States,Los Angeles,2024-05-28 20:15:10
CUST86061180,Sandra Moore,sandra.moore348@example.com,+1-735-9195,Canada,Montreal,2023-07-19 20:15:10
CUST32173815,Elizabeth Taylor,elizabeth.taylor754@example.com,+1-465-4559,Australia,Adelaide,2025-08-17 20:15:10
CUST73896126,Lisa Smith,lisa.smith144@example.com,+1-532-6641,Germany,Cologne,2024-10-22 20:15:10
CUST45117061,Barbara Lewis,barbara.lewis101@example.com,+1-317-4164,Singapore,Singapore,2026-01-29 20:15:10
CUST66694953,Patricia Lee,patricia.lee48@example.com,+1-662-5183,Canada,Ottawa,2026-02-05 20:15:10
CUST69670872,William Taylor,william.taylor823@example.com,+1-331-6351,Australia,Perth,2026-01-09 20:15:10
CUST82504321,Richard Moore,richard.moore308@example.com,+1-582-7681,United States,Houston,2025-07-24 20:15:10
CUST32915095,Emily Lee,emily.lee384@example.com,+1-425-5347,United Kingdom,Leeds,2025-12-02 20:15:10
CUST49170976,Anthony Williams,anthony.williams918@example.com,+1-506-7211,United Kingdom,Glasgow,2025-10-26 20:15:10
CUST07710246,Linda Harris,linda.harris325@example.com,+1-462-8578,United Kingdom,Manchester,2025-02-11 20:15:10
CUST55129323,Patricia Anderson,patricia.anderson249@example.com,+1-292-5745,United Kingdom,Glasgow,2025-09-17 20:15:10
CUST58529611,Ashley Sanchez,ashley.sanchez313@example.com,+1-507-3137,United States,Los Angeles,2025-05-05 20:15:10
CUST45316525,Karen Clark,karen.clark634@example.com,+1-469-7548,Australia,Sydney,2025-08-16 20:15:10
CUST82890557,Jessica Davis,jessica.davis36@example.com,+1-163-6905,Australia,Adelaide,2025-12-21 20:15:10
CUST28202604,Patricia Lewis,patricia.lewis747@example.com,+1-649-5434,Germany,Frankfurt,2026-01-29 20:15:10
CUST64936935,David Sanchez,david.sanchez831@example.com,+1-858-1045,Australia,Brisbane,2025-11-20 20:15:10
CUST70303095,Margaret Anderson,margaret.anderson340@example.com,+1-640-2311,United States,Los Angeles,2026-02-05 20:15:10
CUST85159383,Linda Garcia,linda.garcia713@example.com,+1-246-3812,Australia,Perth,2025-03-12 20:15:10
CUST53160665,Daniel Thomas,daniel.thomas861@example.com,+1-159-1112,Australia,Adelaide,2024-07-27 20:15:10
CUST60611836,Ashley Anderson,ashley.anderson577@example.com,+1-512-6042,United Kingdom,Glasgow,2025-09-28 20:15:10
CUST19221687,Charles Walker,charles.walker512@example.com,+1-482-4789,United Kingdom,London,2025-09-01 20:15:10
CUST02002971,Sarah Lopez,sarah.lopez59@example.com,+1-742-3180,United Kingdom,Leeds,2024-06-18 20:15:10
CUST45048566,Elizabeth White,elizabeth.white511@example.com,+1-907-5431,Germany,Cologne,2025-11-27 20:15:10
CUST31354296,Patricia Lewis,patricia.lewis617@example.com,+1-509-7190,Germany,Munich,2026-01-11 20:15:10
CUST96291693,Sandra Gonzalez,sandra.gonzalez77@example.com,+1-198-9940,Germany,Berlin,2025-06-18 20:15:10
CUST09828909,Lisa Ramirez,lisa.ramirez299@example.com,+1-879-5705,Australia,Melbourne,2025-02-12 20:15:10
CUST20253498,Thomas Robinson,thomas.robinson677@example.com,+1-381-3447,Singapore,Singapore,2025-03-29 20:15:10
CUST05031763,Elizabeth Lopez,elizabeth.lopez974@example.com,+1-868-8207,Canada,Toronto,2024-11-27 20:15:10
CUST26522714,Sarah Moore,sarah.moore566@example.com,+1-333-5709,Singapore,Singapore,2026-02-05 20:15:10
CUST96432966,Nancy Smith,nancy.smith653@example.com,+1-630-7233,United States,Chicago,2025-08-06 20:15:10
CUST22120725,David Clark,david.clark545@example.com,+1-914-6807,Germany,Hamburg,2025-11-19 20:15:10
CUST09197253,Daniel Miller,daniel.miller620@example.com,+1-744-3647,Australia,Brisbane,2024-09-25 20:15:10
CUST83363622,Michael Martin,michael.martin840@example.com,+1-289-1539,Canada,Vancouver,2024-02-05 20:15:10
CUST54219749,Sandra Moore,sandra.moore758@example.com,+1-806-1523,Canada,Montreal,2025-10-29 20:15:10
CUST42122772,Emily Smith,emily.smith859@example.com,+1-379-2983,Germany,Frankfurt,2026-01-21 20:15:10
CUST87413991,Emily Jackson,emily.jackson561@example.com,+1-309-9347,United States,New York,2025-11-12 20:15:10
CUST28543659,Emily Ramirez,emily.ramirez572@example.com,+1-302-1565,Germany,Berlin,2026-01-17 20:15:10
CUST85087868,Betty Miller,betty.miller488@example.com,+1-367-7729,United States,Chicago,2025-10-07 20:15:10
CUST00795933,Ashley Wilson,ashley.wilson596@example.com,+1-443-3489,Australia,Perth,2025-05-20 20:15:10
CUST89432327,Betty Jones,betty.jones878@example.com,+1-970-6203,Canada,Calgary,2023-02-27 20:15:10
CUST64756327,Mark Lopez,mark.lopez334@example.com,+1-742-2549,Canada,Ottawa,2025-08-24 20:15:10
CUST93158061,Christopher Jackson,christopher.jackson872@example.com,+1-406-3213,Australia,Perth,2025-11-28 20:15:10
CUST51535833,Charles Miller,charles.miller1@example.com,+1-930-8606,Canada,Toronto,2025-12-22 20:15:10
CUST91392095,Linda Brown,linda.brown991@example.com,+1-358-2742,Germany,Hamburg,2025-12-19 20:15:10
CUST40476069,Jessica Jackson,jessica.jackson615@example.com,+1-246-8648,United States,Chicago,2025-12-10 20:15:10
CUST56726496,Anthony Harris,anthony.harris816@example.com,+1-869-6619,Canada,Calgary,2024-09-20 20:15:10
CUST16697084,Christopher White,christopher.white645@example.com,+1-844-5341,Australia,Adelaide,2026-02-04 20:15:10
CUST83027593,John Walker,john.walker881@example.com,+1-854-3558,United Kingdom,Manchester,2023-02-27 20:15:10
CUST03317684,Joseph White,joseph.white64@example.com,+1-665-6354,Canada,Calgary,2025-06-02 20:15:10
CUST76115629,Richard Sanchez,richard.sanchez734@example.com,+1-279-9984,Germany,Hamburg,2025-05-16 20:15:10
CUST30959696,Richard Anderson,richard.anderson713@example.com,+1-836-1942,Germany,Cologne,2025-09-18 20:15:10
CUST86556745,Anthony Williams,anthony.williams120@example.com,+1-650-7238,Singapore,Singapore,2024-12-26 20:15:10
CUST67630247,Elizabeth Williams,elizabeth.williams259@example.com,+1-511-2234,Germany,Berlin,2025-07-09 20:15:10
CUST18627690,Susan Rodriguez,susan.rodriguez944@example.com,+1-829-3727,Singapore,Singapore,2025-10-04 20:15:10
CUST27360911,Emily Davis,emily.davis690@example.com,+1-384-6643,Singapore,Singapore,2025-11-06 20:15:10
CUST38017547,John Smith,john.smith136@example.com,+1-343-3493,United States,Phoenix,2023-07-24 20:15:10
CUST08487079,Ashley Wilson,ashley.wilson234@example.com,+1-556-4028,United States,Phoenix,2025-10-24 20:15:10
CUST68466213,Jessica Clark,jessica.clark679@example.com,+1-548-8435,Singapore,Singapore,2025-08-01 20:15:10
CUST51925862,Elizabeth Garcia,elizabeth.garcia619@example.com,+1-699-7407,Canada,Ottawa,2025-09-22 20:15:10
CUST14717280,Nancy Taylor,nancy.taylor328@example.com,+1-965-2898,United Kingdom,Glasgow,2026-01-25 20:15:10
CUST68395959,Richard Lee,richard.lee418@example.com,+1-569-1621,Canada,Calgary,2025-12-13 20:15:10
CUST30242962,John Thompson,john.thompson805@example.com,+1-289-5319,Australia,Melbourne,2025-12-12 20:15:10
CUST70285581,Mark Jackson,mark.jackson817@example.com,+1-896-8031,Singapore,Singapore,2024-12-22 20:15:10
CUST89816763,Karen Martin,karen.martin778@example.com,+1-924-7988,United States,Phoenix,2025-08-20 20:15:10
CUST10556606,Anthony Taylor,anthony.taylor254@example.com,+1-234-1027,United Kingdom,Birmingham,2024-08-20 20:15:10
CUST79639114,William White,william.white645@example.com,+1-291-9613,United States,New York,2024-12-03 20:15:10
CUST17588586,Jennifer Taylor,jennifer.taylor439@example.com,+1-467-2052,United States,Houston,2025-12-11 20:15:10
CUST04828577,Ashley Hernandez,ashley.hernandez16@example.com,+1-121-5819,Australia,Brisbane,2025-04-30 20:15:10
CUST34986750,Mark Moore,mark.moore150@example.com,+1-922-2441,Singapore,Singapore,2024-10-19 20:15:10
CUST71943630,Mark Perez,mark.perez81@example.com,+1-411-3072,United Kingdom,Manchester,2025-02-26 20:15:10
CUST74383369,Patricia Robinson,patricia.robinson516@example.com,+1-131-6009,Canada,Calgary,2025-03-29 20:15:10
CUST89439222,Christopher Thomas,christopher.thomas927@example.com,+1-734-9026,Canada,Calgary,2024-10-23 20:15:10
CUST10087092,Betty Perez,betty.perez388@example.com,+1-309-8041,Singapore,Singapore,2026-02-05 20:15:10
CUST19186013,Mark Anderson,mark.anderson404@example.com,+1-804-9428,United States,New York,2024-11-04 20:15:10
CUST69354253,Joseph Thompson,joseph.thompson323@example.com,+1-585-7366,United Kingdom,Manchester,2025-11-02 20:15:10
CUST72850671,Betty Gonzalez,betty.gonzalez675@example.com,+1-651-9349,Germany,Hamburg,2025-04-23 20:15:10
CUST78152037,Mary Wilson,mary.wilson465@example.com,+1-136-5254,United States,Phoenix,2025-11-17 20:15:10
CUST28489668,Karen Garcia,karen.garcia653@example.com,+1-888-4457,United Kingdom,Birmingham,2024-05-01 20:15:10
CUST22304490,Sarah Walker,sarah.walker935@example.com,+1-863-5884,Australia,Brisbane,2025-07-02 20:15:10
CUST59749253,Ashley Jones,ashley.jones35@example.com,+1-989-2765,United Kingdom,Manchester,2025-02-16 20:15:10
CUST07312184,Jennifer Martinez,jennifer.martinez173@example.com,+1-238-6288,Canada,Toronto,2024-07-30 20:15:10
CUST41534369,Elizabeth Robinson,elizabeth.robinson103@example.com,+1-337-8891,Australia,Melbourne,2023-11-26 20:15:10
CUST70465122,Sarah Harris,sarah.harris292@example.com,+1-291-8632,United States,Chicago,2024-11-03 20:15:10
CUST75679454,Elizabeth Harris,elizabeth.harris393@example.com,+1-852-3696,Singapore,Singapore,2025-12-30 20:15:10
CUST48811132,Sarah Harris,sarah.harris701@example.com,+1-144-2577,Germany,Berlin,2024-03-25 20:15:10
CUST44658390,Jennifer White,jennifer.white962@example.com,+1-924-3941,Australia,Sydney,2025-03-12 20:15:10
CUST43600156,Betty Gonzalez,betty.gonzalez394@example.com,+1-700-7950,Canada,Calgary,2025-03-20 20:15:10
CUST66085703,David Rodriguez,david.rodriguez432@example.com,+1-834-1889,Canada,Vancouver,2023-08-13 20:15:10
CUST44491674,Jessica Davis,jessica.davis468@example.com,+1-722-6172,Germany,Berlin,2025-11-14 20:15:10
CUST28867956,Mary Sanchez,mary.sanchez487@example.com,+1-196-3282,Australia,Brisbane,2025-11-19 20:15:10
CUST13430756,John Lewis,john.lewis125@example.com,+1-512-2012,Canada,Montreal,2025-06-09 20:15:10
CUST95772350,Sarah Wilson,sarah.wilson802@example.com,+1-786-1321,United States,Houston,2024-10-07 20:15:10
CUST13735609,Jennifer Davis,jennifer.davis992@example.com,+1-263-5287,United Kingdom,Birmingham,2025-07-25 20:15:10
CUST05414062,Susan Rodriguez,susan.rodriguez553@example.com,+1-691-4396,Germany,Frankfurt,2025-02-25 20:15:10
CUST73378299,Matthew Moore,matthew.moore883@example.com,+1-356-4285,Australia,Melbourne,2025-07-22 20:15:10
CUST64852442,Daniel Martin,daniel.martin280@example.com,+1-923-7077,United Kingdom,Glasgow,2025-03-19 20:15:10
CUST15113920,Margaret Davis,margaret.davis705@example.com,+1-597-7471,United Kingdom,Manchester,2024-06-06 20:15:10
CUST31601509,Barbara Brown,barbara.brown682@example.com,+1-883-5357,Germany,Munich,2025-12-16 20:15:10
CUST42544320,John Jones,john.jones864@example.com,+1-173-9135,Germany,Frankfurt,2024-12-20 20:15:10
CUST34756800,Michael Gonzalez,michael.gonzalez832@example.com,+1-342-1413,United States,Los Angeles,2024-08-10 20:15:10
CUST37346642,William Wilson,william.wilson98@example.com,+1-871-8676,United Kingdom,Manchester,2025-07-25 20:15:10
CUST14034665,Barbara Smith,barbara.smith658@example.com,+1-985-3385,United Kingdom,Leeds,2025-10-07 20:15:10
CUST36027978,Thomas Ramirez,thomas.ramirez304@example.com,+1-361-2636,Australia,Melbourne,2026-02-22 20:15:10
CUST80056229,Michael Jones,michael.jones196@example.com,+1-399-5334,United Kingdom,Manchester,2024-07-24 20:15:10
CUST02158669,Linda Moore,linda.moore607@example.com,+1-283-1319,United Kingdom,Manchester,2025-10-04 20:15:10
CUST32977118,Patricia Thomas,patricia.thomas20@example.com,+1-713-4906,Australia,Sydney,2025-09-18 20:15:10
CUST99927839,John Lee,john.lee708@example.com,+1-727-3018,Canada,Montreal,2025-09-30 20:15:10
CUST09088582,Sandra Robinson,sandra.robinson521@example.com,+1-200-5386,United States,Chicago,2025-06-19 20:15:10
CUST06568313,John Lee,john.lee242@example.com,+1-930-6860,Singapore,Singapore,2024-12-11 20:15:10
CUST10553851,Matthew White,matthew.white604@example.com,+1-571-2986,United Kingdom,Manchester,2024-09-05 20:15:10
CUST86265352,Christopher Perez,christopher.perez691@example.com,+1-759-7196,Canada,Montreal,2025-08-29 20:15:10
CUST10825632,Matthew Hernandez,matthew.hernandez896@example.com,+1-433-1530,United States,New York,2025-01-25 20:15:10
CUST91010864,Patricia Harris,patricia.harris256@example.com,+1-184-3331,Singapore,Singapore,2024-11-18 20:15:10
CUST74800704,Elizabeth Williams,elizabeth.williams683@example.com,+1-184-7136,Germany,Hamburg,2025-10-21 20:15:10
CUST38113850,Jessica Miller,jessica.miller995@example.com,+1-250-8051,United Kingdom,Birmingham,2026-01-20 20:15:10
CUST11201967,Matthew Smith,matthew.smith230@example.com,+1-873-9906,Australia,Sydney,2023-11-28 20:15:10
CUST42689341,Betty Robinson,betty.robinson773@example.com,+1-575-5357,Singapore,Singapore,2025-01-10 20:15:10
CUST34604587,John Garcia,john.garcia144@example.com,+1-408-8220,Singapore,Singapore,2025-02-10 20:15:10
CUST68448338,Margaret Lewis,margaret.lewis957@example.com,+1-313-7128,Germany,Cologne,2026-02-04 20:15:10
CUST41413882,David Ramirez,david.ramirez869@example.com,+1-519-2136,Australia,Adelaide,2024-06-15 20:15:10
CUST63752207,Richard Lewis,richard.lewis403@example.com,+1-642-1718,United States,Houston,2025-04-28 20:15:10
CUST18087013,James Thomas,james.thomas912@example.com,+1-342-8210,United States,Chicago,2024-04-10 20:15:10
CUST45704375,Sarah Thompson,sarah.thompson703@example.com,+1-527-3915,Canada,Vancouver,2023-02-27 20:15:10
CUST86443472,Nancy Martin,nancy.martin72@example.com,+1-884-9001,Germany,Frankfurt,2023-02-27 20:15:10
CUST43808589,Michael Brown,michael.brown299@example.com,+1-110-5929,Singapore,Singapore,2024-03-21 20:15:10
CUST83584741,Michael Robinson,michael.robinson278@example.com,+1-169-9133,Canada,Toronto,2026-02-22 20:15:10
CUST93226782,Mark Jackson,mark.jackson753@example.com,+1-584-8321,United States,Phoenix,2023-12-28 20:15:10
CUST92802791,Karen Williams,karen.williams91@example.com,+1-186-4665,Germany,Frankfurt,2026-01-29 20:15:10
CUST53826860,Richard White,richard.white515@example.com,+1-119-4897,United States,Houston,2024-04-02 20:15:10
CUST15400083,Emily Harris,emily.harris170@example.com,+1-738-8892,United States,Houston,2025-10-30 20:15:10
CUST53663120,Jennifer Brown,jennifer.brown15@example.com,+1-566-8658,Canada,Montreal,2025-03-20 20:15:10
CUST79200678,David Clark,david.clark513@example.com,+1-255-1770,United Kingdom,Manchester,2026-02-12 20:15:10
CUST67595824,Lisa Walker,lisa.walker517@example.com,+1-396-2506,Germany,Cologne,2024-09-06 20:15:10
CUST73032972,Thomas Anderson,thomas.anderson231@example.com,+1-129-2573,Australia,Melbourne,2026-01-14 20:15:10
CUST34961797,Christopher Hernandez,christopher.hernandez237@example.com,+1-150-8605,Singapore,Singapore,2025-08-17 20:15:10
CUST10996451,Thomas Hernandez,thomas.hernandez649@example.com,+1-546-1938,Singapore,Singapore,2024-06-16 20:15:10
CUST46767767,Joseph Walker,joseph.walker143@example.com,+1-533-8987,United States,Los Angeles,2024-12-20 20:15:10
CUST95586012,Lisa Wilson,lisa.wilson684@example.com,+1-331-9578,Australia,Melbourne,2026-02-24 20:15:10
CUST96675879,Robert Moore,robert.moore554@example.com,+1-644-3912,Australia,Perth,2025-08-22 20:15:10
CUST53297203,Ashley Brown,ashley.brown429@example.com,+1-115-8545,Singapore,Singapore,2026-02-11 20:15:10
CUST63990884,Nancy Lewis,nancy.lewis587@example.com,+1-643-9415,Australia,Sydney,2025-01-14 20:15:10
CUST87523689,Charles Miller,charles.miller569@example.com,+1-969-5231,Singapore,Singapore,2023-02-27 20:15:10
CUST01821480,Linda Brown,linda.brown344@example.com,+1-273-4792,Australia,Brisbane,2025-02-03 20:15:10
CUST26755975,Lisa Ramirez,lisa.ramirez877@example.com,+1-409-1894,United Kingdom,Manchester,2025-11-26 20:15:10
CUST51359123,Jennifer Thompson,jennifer.thompson120@example.com,+1-777-6842,Germany,Munich,2025-09-19 20:15:10
CUST85104307,David White,david.white170@example.com,+1-208-6524,Singapore,Singapore,2023-02-27 20:15:10
CUST57422430,Christopher Walker,christopher.walker577@example.com,+1-695-2696,Singapore,Singapore,2025-11-26 20:15:10
CUST00721201,Thomas Rodriguez,thomas.rodriguez580@example.com,+1-895-8250,United States,Houston,2025-05-02 20:15:10
CUST73372968,Thomas Martinez,thomas.martinez768@example.com,+1-604-7804,Canada,Vancouver,2025-08-24 20:15:10
CUST54562866,William Harris,william.harris936@example.com,+1-459-3376,United States,Houston,2024-09-11 20:15:10
CUST81612153,Robert Smith,robert.smith399@example.com,+1-814-4329,United Kingdom,Leeds,2024-02-20 20:15:10
CUST97876816,David Thompson,david.thompson623@example.com,+1-236-5399,United Kingdom,Birmingham,2025-09-27 20:15:10
CUST33214448,Richard Taylor,richard.taylor600@example.com,+1-586-1407,Germany,Munich,2025-01-28 20:15:10
CUST08525726,William Johnson,william.johnson717@example.com,+1-217-2612,United Kingdom,Manchester,2025-05-12 20:15:10
CUST06202000,Mark Lopez,mark.lopez100@example.com,+1-849-2348,Germany,Cologne,2025-10-30 20:15:10
CUST69878749,Betty Jackson,betty.jackson322@example.com,+1-418-6189,United States,New York,2025-11-03 20:15:10
CUST08692773,Robert Lewis,robert.lewis791@example.com,+1-420-8272,Canada,Calgary,2025-05-20 20:15:10
CUST39311305,James Johnson,james.johnson171@example.com,+1-763-9710,Germany,Hamburg,2025-12-27 20:15:10
CUST26207113,Patricia Gonzalez,patricia.gonzalez780@example.com,+1-533-5308,United Kingdom,Glasgow,2024-06-29 20:15:10
CUST69599336,Jessica Rodriguez,jessica.rodriguez996@example.com,+1-392-7579,United States,Los Angeles,2026-01-31 20:15:10
CUST35749377,Sandra Williams,sandra.williams346@example.com,+1-778-7530,United Kingdom,Birmingham,2026-01-21 20:15:10
CUST70626837,Charles Garcia,charles.garcia615@example.com,+1-550-7063,Australia,Adelaide,2025-09-27 20:15:10
CUST83496789,Mary Garcia,mary.garcia754@example.com,+1-107-3102,United Kingdom,Glasgow,2026-01-12 20:15:10
CUST91339191,Ashley Anderson,ashley.anderson962@example.com,+1-888-4248,United States,New York,2025-07-06 20:15:10
CUST47743895,Jennifer White,jennifer.white96@example.com,+1-483-5313,Australia,Adelaide,2025-08-24 20:15:10
CUST55950824,Jennifer Walker,jennifer.walker201@example.com,+1-885-4566,Australia,Adelaide,2024-11-17 20:15:10
CUST11674516,Lisa Lee,lisa.lee147@example.com,+1-438-1054,Singapore,Singapore,2023-02-27 20:15:10
CUST18229142,Thomas Davis,thomas.davis597@example.com,+1-425-8442,United States,Houston,2024-10-03 20:15:10
CUST16730900,Patricia Harris,patricia.harris5@example.com,+1-388-8058,Australia,Melbourne,2025-12-16 20:15:10
CUST71302282,Betty White,betty.white108@example.com,+1-636-8616,Canada,Ottawa,2023-06-02 20:15:10
CUST36557581,James Lee,james.lee409@example.com,+1-137-4411,Australia,Perth,2025-08-29 20:15:10
CUST46899150,Sandra Davis,sandra.davis865@example.com,+1-542-6780,Australia,Adelaide,2025-07-07 20:15:10
CUST00942458,Betty Anderson,betty.anderson455@example.com,+1-261-6741,United States,Chicago,2025-08-11 20:15:10
CUST28323658,Emily Robinson,emily.robinson462@example.com,+1-314-3906,Germany,Berlin,2025-10-29 20:15:10
CUST17099848,Sandra Johnson,sandra.johnson206@example.com,+1-954-1563,Germany,Hamburg,2023-11-27 20:15:10
CUST25376158,William Wilson,william.wilson743@example.com,+1-566-5981,Singapore,Singapore,2025-10-02 20:15:10
CUST82620059,Thomas Thompson,thomas.thompson115@example.com,+1-174-4893,Singapore,Singapore,2025-04-17 20:15:10
CUST01505811,Mary Wilson,mary.wilson74@example.com,+1-533-2557,United States,New York,2025-11-18 20:15:10
CUST80222440,Elizabeth Lopez,elizabeth.lopez290@example.com,+1-666-1512,United States,Houston,2024-07-24 20:15:10
CUST35387581,Barbara Martin,barbara.martin484@example.com,+1-464-9378,United States,Chicago,2024-09-01 20:15:10
CUST19638113,Charles Harris,charles.harris192@example.com,+1-791-5855,Canada,Toronto,2025-10-21 20:15:10
CUST29035520,Patricia Ramirez,patricia.ramirez386@example.com,+1-746-7426,Singapore,Singapore,2025-01-05 20:15:10
CUST97971509,Mark Martin,mark.martin779@example.com,+1-798-3102,Germany,Munich,2024-12-09 20:15:10
CUST63346738,Emily Sanchez,emily.sanchez929@example.com,+1-200-2389,Germany,Munich,2025-05-01 20:15:10
CUST45636389,Barbara Thomas,barbara.thomas927@example.com,+1-823-7633,Singapore,Singapore,2025-03-29 20:15:10
CUST08944317,Lisa White,lisa.white566@example.com,+1-773-4373,Germany,Hamburg,2025-04-21 20:15:10
CUST94551952,Charles Martin,charles.martin366@example.com,+1-835-5869,Singapore,Singapore,2026-01-26 20:15:10
CUST83256788,Emily Taylor,emily.taylor68@example.com,+1-403-2834,Canada,Montreal,2025-01-18 20:15:10
CUST93443191,Matthew Ramirez,matthew.ramirez542@example.com,+1-382-4327,Australia,Perth,2025-07-10 20:15:10
CUST85333719,Barbara White,barbara.white274@example.com,+1-292-6957,Canada,Ottawa,2025-07-31 20:15:10
CUST59298088,Mary Smith,mary.smith534@example.com,+1-729-3984,Germany,Cologne,2024-03-11 20:15:10
CUST97551312,Karen Moore,karen.moore94@example.com,+1-826-6312,United States,Phoenix,2026-02-18 20:15:10
CUST25752162,Michael Johnson,michael.johnson618@example.com,+1-584-9870,Singapore,Singapore,2025-11-13 20:15:10
CUST79832340,Lisa Ramirez,lisa.ramirez817@example.com,+1-553-7818,Germany,Hamburg,2026-01-10 20:15:10
CUST47759664,Barbara Miller,barbara.miller515@example.com,+1-768-1195,United Kingdom,Glasgow,2026-02-13 20:15:10
CUST49165432,Michael Harris,michael.harris423@example.com,+1-230-5535,United Kingdom,Birmingham,2025-11-01 20:15:10
CUST56442798,Mark Taylor,mark.taylor662@example.com,+1-445-5638,Australia,Sydney,2023-02-27 20:15:10
CUST28561123,Mark Taylor,mark.taylor853@example.com,+1-508-9074,Singapore,Singapore,2025-11-04 20:15:10
CUST93536228,Richard Anderson,richard.anderson861@example.com,+1-685-5782,Canada,Vancouver,2025-01-25 20:15:10
CUST68833521,Karen Clark,karen.clark810@example.com,+1-308-3385,Singapore,Singapore,2026-01-12 20:15:10
CUST76127333,Robert Martinez,robert.martinez804@example.com,+1-895-7629,Australia,Brisbane,2025-03-27 20:15:10
CUST28899466,William Thomas,william.thomas666@example.com,+1-104-4971,United States,Houston,2023-02-27 20:15:10
CUST12591832,Linda Rodriguez,linda.rodriguez244@example.com,+1-815-3837,Canada,Ottawa,2025-10-24 20:15:10
CUST92915020,Anthony Jackson,anthony.jackson172@example.com,+1-831-7872,Germany,Frankfurt,2024-04-10 20:15:10
CUST21694649,Mary Taylor,mary.taylor532@example.com,+1-320-8053,Canada,Montreal,2023-02-27 20:15:10
CUST40949549,Matthew Thompson,matthew.thompson172@example.com,+1-318-1309,Germany,Frankfurt,2025-04-08 20:15:10
CUST58793758,Matthew Moore,matthew.moore538@example.com,+1-191-5393,United Kingdom,Manchester,2025-10-14 20:15:10
CUST75338097,Mary Harris,mary.harris258@example.com,+1-706-5778,Canada,Vancouver,2025-01-14 20:15:10
CUST60426860,Richard Brown,richard.brown631@example.com,+1-483-8949,United States,Houston,2024-04-17 20:15:10
CUST99074961,Christopher Gonzalez,christopher.gonzalez650@example.com,+1-115-6485,Germany,Munich,2025-12-20 20:15:10
CUST79574961,Charles Perez,charles.perez996@example.com,+1-948-9664,Germany,Munich,2025-07-22 20:15:10
CUST72049543,Karen Moore,karen.moore197@example.com,+1-318-7696,Singapore,Singapore,2025-10-09 20:15:10
CUST58723144,Linda Smith,linda.smith576@example.com,+1-718-2652,Germany,Cologne,2025-10-28 20:15:10
CUST80634122,Richard Lee,richard.lee807@example.com,+1-262-6831,United States,Los Angeles,2024-03-09 20:15:10
CUST54068717,Barbara Taylor,barbara.taylor259@example.com,+1-624-1521,Australia,Melbourne,2025-08-11 20:15:10
CUST73632088,Matthew Wilson,matthew.wilson517@example.com,+1-744-7119,Australia,Adelaide,2025-09-28 20:15:10
CUST54274027,Richard Hernandez,richard.hernandez521@example.com,+1-438-1808,United Kingdom,Manchester,2025-03-26 20:15:10
CUST83741405,Patricia Gonzalez,patricia.gonzalez76@example.com,+1-575-7711,Australia,Brisbane,2025-11-28 20:15:10
CUST05850273,Christopher Taylor,christopher.taylor299@example.com,+1-535-1635,United States,Chicago,2025-11-23 20:15:10
CUST76568577,Emily Thompson,emily.thompson751@example.com,+1-199-1269,Germany,Hamburg,2025-06-03 20:15:10
CUST10317272,Sarah Ramirez,sarah.ramirez725@example.com,+1-910-2539,United Kingdom,London,2025-08-18 20:15:10
CUST73311297,Matthew Moore,matthew.moore115@example.com,+1-436-2107,Australia,Brisbane,2025-10-22 20:15:10
CUST93791614,Susan Clark,susan.clark509@example.com,+1-387-1512,United States,Chicago,2026-02-06 20:15:10
CUST25295238,Christopher Thompson,christopher.thompson454@example.com,+1-525-1483,Canada,Vancouver,2025-06-03 20:15:10
CUST32299461,Michael Sanchez,michael.sanchez639@example.com,+1-630-9512,Australia,Melbourne,2024-06-17 20:15:10
CUST81889021,Mark Jones,mark.jones261@example.com,+1-978-6650,Australia,Adelaide,2024-04-02 20:15:10
CUST26809699,Ashley Lewis,ashley.lewis365@example.com,+1-673-6784,Australia,Adelaide,2025-11-21 20:15:10
CUST12294470,Matthew Williams,matthew.williams174@example.com,+1-764-5868,United Kingdom,Manchester,2025-03-29 20:15:10
CUST25074307,Barbara Thomas,barbara.thomas374@example.com,+1-185-5822,Australia,Perth,2024-03-21 20:15:10
CUST81982623,Christopher Rodriguez,christopher.rodriguez175@example.com,+1-522-1730,United States,Chicago,2025-08-19 20:15:10
CUST39263261,Sarah Lopez,sarah.lopez149@example.com,+1-242-6445,United States,Los Angeles,2023-06-21 20:15:10
CUST16951274,Michael Clark,michael.clark62@example.com,+1-132-2125,Australia,Melbourne,2023-10-29 20:15:10
CUST67414434,Margaret Martinez,margaret.martinez480@example.com,+1-646-5931,United States,New York,2025-12-03 20:15:10
CUST24275311,Sarah Clark,sarah.clark821@example.com,+1-314-2173,Singapore,Singapore,2025-11-09 20:15:10
CUST17653934,Robert Lopez,robert.lopez631@example.com,+1-874-5651,United Kingdom,Manchester,2025-12-16 20:15:10
CUST16310852,Thomas Perez,thomas.perez874@example.com,+1-299-9996,United Kingdom,London,2025-12-09 20:15:10
CUST69733531,Margaret Jones,margaret.jones956@example.com,+1-686-4575,Singapore,Singapore,2023-10-10 20:15:10
CUST90489278,Ashley Thompson,ashley.thompson972@example.com,+1-180-3367,Australia,Brisbane,2023-06-26 20:15:10
CUST64284643,David Martinez,david.martinez589@example.com,+1-459-7654,Singapore,Singapore,2026-02-07 20:15:10
CUST32514419,Nancy Taylor,nancy.taylor12@example.com,+1-350-3004,Germany,Frankfurt,2025-04-04 20:15:10
CUST78211805,Matthew Brown,matthew.brown948@example.com,+1-889-5686,United States,Phoenix,2025-04-29 20:15:10
CUST74429962,Patricia Anderson,patricia.anderson525@example.com,+1-479-2771,Canada,Toronto,2025-08-30 20:15:10
CUST25111653,Jennifer Thomas,jennifer.thomas794@example.com,+1-393-6071,United States,New York,2025-02-27 20:15:10
CUST68089952,Ashley Davis,ashley.davis915@example.com,+1-480-3136,United Kingdom,London,2023-03-20 20:15:10
CUST89741316,Robert Lee,robert.lee123@example.com,+1-462-8987,Singapore,Singapore,2025-12-20 20:15:10
CUST06630696,Margaret Johnson,margaret.johnson419@example.com,+1-338-6639,Australia,Adelaide,2026-01-11 20:15:10
CUST94748902,Richard Taylor,richard.taylor764@example.com,+1-332-1820,Canada,Vancouver,2026-02-14 20:15:10
CUST96649054,Christopher Davis,christopher.davis897@example.com,+1-190-9190,United Kingdom,Birmingham,2025-09-14 20:15:10
CUST65997666,William Taylor,william.taylor843@example.com,+1-239-5013,United States,Houston,2025-09-29 20:15:10
CUST73311896,Joseph Anderson,joseph.anderson968@example.com,+1-357-3758,Germany,Cologne,2025-08-05 20:15:10
CUST22969394,Charles Jackson,charles.jackson629@example.com,+1-453-6195,Singapore,Singapore,2025-06-16 20:15:10
CUST26639367,Barbara Clark,barbara.clark53@example.com,+1-390-6936,United Kingdom,Glasgow,2024-09-27 20:15:10
CUST37662096,Betty Hernandez,betty.hernandez181@example.com,+1-225-8291,United States,Phoenix,2025-08-29 20:15:10
CUST27061288,Christopher Martin,christopher.martin121@example.com,+1-527-3883,Australia,Brisbane,2025-10-03 20:15:10
CUST14944341,Emily Rodriguez,emily.rodriguez937@example.com,+1-270-3913,Singapore,Singapore,2024-05-27 20:15:10
CUST59091039,Karen Clark,karen.clark226@example.com,+1-129-8546,United States,Houston,2024-04-06 20:15:10
CUST97999822,Lisa Smith,lisa.smith930@example.com,+1-569-3407,Singapore,Singapore,2025-11-22 20:15:10
CUST31949043,Lisa Lee,lisa.lee471@example.com,+1-391-3549,United States,Phoenix,2025-10-12 20:15:10
CUST11540658,Robert Martin,robert.martin985@example.com,+1-706-3805,Germany,Munich,2024-05-31 20:15:10
CUST29061097,Joseph Williams,joseph.williams531@example.com,+1-519-6028,Canada,Vancouver,2026-01-27 20:15:10
CUST76615429,Robert Hernandez,robert.hernandez770@example.com,+1-980-1855,Canada,Vancouver,2025-10-06 20:15:10
CUST23589350,Christopher Harris,christopher.harris196@example.com,+1-535-1067,Australia,Adelaide,2025-07-24 20:15:10
CUST64053432,Linda White,linda.white517@example.com,+1-124-3780,Canada,Ottawa,2025-12-13 20:15:10
CUST12253742,Susan Wilson,susan.wilson498@example.com,+1-689-2318,Germany,Cologne,2025-12-16 20:15:10
CUST39596480,Nancy Jackson,nancy.jackson812@example.com,+1-134-6529,Singapore,Singapore,2025-08-09 20:15:10
CUST66165999,Sarah Jackson,sarah.jackson469@example.com,+1-105-4203,Germany,Frankfurt,2024-10-02 20:15:10
CUST29846151,Betty Garcia,betty.garcia50@example.com,+1-793-3756,Australia,Perth,2024-04-28 20:15:10
CUST43767804,Anthony Clark,anthony.clark162@example.com,+1-639-2142,Canada,Vancouver,2023-02-27 20:15:10
CUST11328424,Jessica Taylor,jessica.taylor867@example.com,+1-223-3244,United Kingdom,London,2026-01-29 20:15:10
CUST18380512,Karen Harris,karen.harris879@example.com,+1-403-4980,Canada,Ottawa,2025-11-29 20:15:10
CUST75132140,Susan Moore,susan.moore815@example.com,+1-178-8213,United Kingdom,Birmingham,2024-09-29 20:15:10
CUST70217299,William Miller,william.miller119@example.com,+1-574-5735,Canada,Calgary,2025-05-19 20:15:10
CUST10410545,Margaret Harris,margaret.harris239@example.com,+1-680-2786,Germany,Hamburg,2025-10-05 20:15:10
CUST06398825,Michael Martinez,michael.martinez940@example.com,+1-929-4726,Australia,Adelaide,2025-12-04 20:15:10
CUST53338091,John Jones,john.jones473@example.com,+1-324-1880,Canada,Toronto,2025-10-29 20:15:10
CUST66935566,Betty Rodriguez,betty.rodriguez445@example.com,+1-851-4597,Canada,Calgary,2025-08-06 20:15:10
CUST32991295,Barbara Thomas,barbara.thomas985@example.com,+1-301-8861,Singapore,Singapore,2025-12-17 20:15:10
CUST64650882,Nancy Lewis,nancy.lewis967@example.com,+1-429-2800,United Kingdom,Leeds,2023-02-27 20:15:10
CUST76233575,Anthony Clark,anthony.clark458@example.com,+1-163-7169,United States,Chicago,2026-01-16 20:15:10
CUST05139902,Nancy Miller,nancy.miller93@example.com,+1-700-2426,United Kingdom,Birmingham,2023-02-27 20:15:10
CUST22733874,Margaret Ramirez,margaret.ramirez804@example.com,+1-784-2665,United Kingdom,London,2024-04-24 20:15:10
CUST37881275,Patricia Miller,patricia.miller319@example.com,+1-782-8156,Germany,Munich,2025-08-10 20:15:10
CUST79560899,Richard Hernandez,richard.hernandez840@example.com,+1-308-8344,Canada,Toronto,2024-10-23 20:15:10
CUST61500934,Jennifer Williams,jennifer.williams568@example.com,+1-586-6203,Australia,Adelaide,2025-01-16 20:15:10
CUST24001448,Linda Gonzalez,linda.gonzalez651@example.com,+1-942-2986,Canada,Ottawa,2025-12-01 20:15:10
CUST34359449,Joseph Garcia,joseph.garcia886@example.com,+1-787-7778,United States,Houston,2025-09-28 20:15:10
CUST91393308,Charles Clark,charles.clark541@example.com,+1-620-3214,United Kingdom,Glasgow,2025-06-09 20:15:10
CUST15061042,Lisa Perez,lisa.perez289@example.com,+1-853-4368,Australia,Brisbane,2025-02-21 20:15:10
CUST68886210,Linda Jackson,linda.jackson521@example.com,+1-524-4043,Australia,Melbourne,2025-05-17 20:15:10
CUST07939632,Barbara Perez,barbara.perez14@example.com,+1-130-4319,United Kingdom,Leeds,2025-07-08 20:15:10
CUST79576683,Christopher Moore,christopher.moore229@example.com,+1-581-9917,Germany,Munich,2025-07-28 20:15:10
CUST06403906,Charles Brown,charles.brown437@example.com,+1-204-3354,United Kingdom,London,2025-06-20 20:15:10
CUST64743161,Anthony Taylor,anthony.taylor191@example.com,+1-721-1334,Australia,Sydney,2025-08-03 20:15:10
CUST45229680,Jessica Smith,jessica.smith739@example.com,+1-852-9002,Singapore,Singapore,2025-05-18 20:15:10
CUST22538348,Elizabeth Martin,elizabeth.martin825@example.com,+1-443-6575,Australia,Brisbane,2023-12-20 20:15:10
CUST76985236,William Ramirez,william.ramirez170@example.com,+1-369-1418,Canada,Toronto,2025-02-26 20:15:10
CUST75881584,Elizabeth White,elizabeth.white243@example.com,+1-912-2796,United Kingdom,Manchester,2024-11-15 20:15:10
CUST11396571,Richard Robinson,richard.robinson169@example.com,+1-677-1498,Australia,Melbourne,2025-03-31 20:15:10
CUST03595350,Matthew Garcia,matthew.garcia79@example.com,+1-927-3675,United States,New York,2025-02-16 20:15:10
CUST86374583,Elizabeth Anderson,elizabeth.anderson68@example.com,+1-191-8706,United States,New York,2025-04-17 20:15:10
CUST78710824,Richard Jones,richard.jones357@example.com,+1-369-4678,Singapore,Singapore,2026-02-17 20:15:10
CUST88292976,Patricia Thomas,patricia.thomas705@example.com,+1-808-4044,Singapore,Singapore,2023-02-27 20:15:10
CUST10376912,Linda Garcia,linda.garcia585@example.com,+1-299-8313,Australia,Melbourne,2026-02-14 20:15:10
CUST03418684,Robert Wilson,robert.wilson167@example.com,+1-939-7936,Singapore,Singapore,2025-08-27 20:15:10
CUST18080609,William Ramirez,william.ramirez531@example.com,+1-821-6071,United States,Phoenix,2026-01-17 20:15:10
CUST77522551,John Robinson,john.robinson127@example.com,+1-166-3145,Australia,Sydney,2026-01-20 20:15:10
CUST14572343,Jessica Hernandez,jessica.hernandez947@example.com,+1-942-9310,Germany,Munich,2024-07-31 20:15:10
CUST03844142,Matthew Miller,matthew.miller595@example.com,+1-315-6333,United Kingdom,London,2025-08-08 20:15:10
CUST70739085,Karen Jackson,karen.jackson241@example.com,+1-756-7534,United Kingdom,Birmingham,2024-07-17 20:15:10
CUST49162297,Jennifer Harris,jennifer.harris300@example.com,+1-336-4352,United Kingdom,London,2025-11-02 20:15:10
CUST61163229,Jennifer Ramirez,jennifer.ramirez219@example.com,+1-871-1967,Australia,Melbourne,2025-11-10 20:15:10
CUST55781294,Margaret Wilson,margaret.wilson105@example.com,+1-172-1919,Australia,Sydney,2025-11-13 20:15:10
CUST21070661,Richard Harris,richard.harris193@example.com,+1-904-4639,Canada,Montreal,2025-03-14 20:15:10
CUST83097378,Linda Martin,linda.martin279@example.com,+1-846-9732,Germany,Frankfurt,2024-06-21 20:15:10
CUST62875427,Sandra Martinez,sandra.martinez105@example.com,+1-168-2340,United Kingdom,Birmingham,2025-07-22 20:15:10
CUST28124734,Joseph Jackson,joseph.jackson152@example.com,+1-610-5538,Australia,Brisbane,2025-09-05 20:15:10
CUST80973794,Barbara Thomas,barbara.thomas451@example.com,+1-738-3230,Germany,Hamburg,2023-02-27 20:15:10
CUST19262026,Joseph Walker,joseph.walker902@example.com,+1-866-5996,United States,Los Angeles,2026-01-12 20:15:10
CUST08341775,Linda Lopez,linda.lopez334@example.com,+1-236-7367,Singapore,Singapore,2025-06-28 20:15:10
CUST91642227,Sandra Ramirez,sandra.ramirez546@example.com,+1-185-7883,Singapore,Singapore,2025-08-19 20:15:10
CUST34935996,Betty Jones,betty.jones605@example.com,+1-546-1234,Singapore,Singapore,2026-01-20 20:15:10
CUST95875747,Patricia Garcia,patricia.garcia434@example.com,+1-568-4569,Singapore,Singapore,2025-11-05 20:15:10
CUST83405496,Jennifer Smith,jennifer.smith475@example.com,+1-255-9269,United States,Chicago,2026-02-16 20:15:10
CUST96341934,Jessica Jackson,jessica.jackson815@example.com,+1-698-6092,Australia,Adelaide,2024-01-24 20:15:10
CUST70362314,David Rodriguez,david.rodriguez518@example.com,+1-811-2534,United Kingdom,Leeds,2025-03-22 20:15:10
CUST21104334,Nancy Sanchez,nancy.sanchez442@example.com,+1-253-2939,Canada,Ottawa,2024-06-21 20:15:10
CUST68832930,Robert Lewis,robert.lewis980@example.com,+1-212-2937,Canada,Vancouver,2025-06-02 20:15:10
CUST85820413,John Taylor,john.taylor209@example.com,+1-779-9616,Australia,Brisbane,2025-03-30 20:15:10
CUST25241842,Sarah Robinson,sarah.robinson701@example.com,+1-495-5620,Canada,Vancouver,2024-12-13 20:15:10
CUST14133723,Mary Jackson,mary.jackson999@example.com,+1-418-4937,United States,Los Angeles,2023-10-10 20:15:10
CUST40496843,William Lopez,william.lopez715@example.com,+1-861-4960,United States,Phoenix,2026-01-22 20:15:10
CUST80701342,Mary Lopez,mary.lopez859@example.com,+1-107-8251,United Kingdom,Glasgow,2025-10-03 20:15:10
CUST15038805,Betty Rodriguez,betty.rodriguez395@example.com,+1-826-2955,United States,New York,2024-12-03 20:15:10
CUST99919216,Christopher Jones,christopher.jones819@example.com,+1-253-2752,Australia,Melbourne,2023-02-27 20:15:10
CUST45137557,Charles Martin,charles.martin532@example.com,+1-445-2876,Singapore,Singapore,2023-02-27 20:15:10
CUST58734505,Charles Lopez,charles.lopez899@example.com,+1-717-2038,Germany,Hamburg,2025-02-21 20:15:10
CUST53835141,Sandra White,sandra.white543@example.com,+1-825-3226,Canada,Montreal,2025-12-10 20:15:10
CUST90454051,Daniel Wilson,daniel.wilson550@example.com,+1-136-9895,United States,Los Angeles,2026-01-11 20:15:10
CUST06562586,Richard Taylor,richard.taylor615@example.com,+1-208-5944,Australia,Sydney,2023-03-29 20:15:10
CUST59202816,Thomas Taylor,thomas.taylor33@example.com,+1-184-6478,United Kingdom,London,2025-08-03 20:15:10
CUST95450215,John Walker,john.walker647@example.com,+1-781-8445,Germany,Frankfurt,2025-12-09 20:15:10
CUST05191506,Barbara Sanchez,barbara.sanchez304@example.com,+1-831-5403,Singapore,Singapore,2023-06-11 20:15:10
CUST77235181,Nancy Rodriguez,nancy.rodriguez900@example.com,+1-624-1293,United Kingdom,Glasgow,2026-01-17 20:15:10
CUST20625929,Daniel Robinson,daniel.robinson235@example.com,+1-700-3676,Germany,Berlin,2024-11-06 20:15:10
CUST70978019,David Perez,david.perez865@example.com,+1-640-3295,Singapore,Singapore,2025-03-05 20:15:10
CUST78590203,Mary Miller,mary.miller364@example.com,+1-376-2941,Australia,Adelaide,2026-01-24 20:15:10
CUST75785872,Jennifer Taylor,jennifer.taylor591@example.com,+1-419-6874,Australia,Melbourne,2025-09-29 20:15:10
CUST03145040,Barbara White,barbara.white960@example.com,+1-601-1329,Germany,Cologne,2025-12-29 20:15:10
CUST64530502,Susan Martinez,susan.martinez517@example.com,+1-801-9756,United States,Houston,2025-03-25 20:15:10
CUST28345769,Susan Thompson,susan.thompson602@example.com,+1-756-1979,Canada,Ottawa,2025-07-05 20:15:10
CUST27420873,Nancy Sanchez,nancy.sanchez747@example.com,+1-444-9544,Canada,Calgary,2026-02-25 20:15:10
CUST14082790,William Anderson,william.anderson81@example.com,+1-319-4758,Singapore,Singapore,2023-02-27 20:15:10
CUST77686063,William Wilson,william.wilson888@example.com,+1-558-6800,United Kingdom,Manchester,2025-09-22 20:15:10
CUST84052078,James Moore,james.moore795@example.com,+1-690-7156,Australia,Brisbane,2025-11-09 20:15:10
CUST44411073,Elizabeth Brown,elizabeth.brown28@example.com,+1-950-5782,Australia,Sydney,2025-11-27 20:15:10
CUST57825499,Jessica Perez,jessica.perez136@example.com,+1-378-9828,United Kingdom,Manchester,2025-12-25 20:15:10
CUST01925175,Emily Davis,emily.davis710@example.com,+1-459-3875,United States,Phoenix,2023-02-27 20:15:10
CUST81855821,Jennifer Garcia,jennifer.garcia210@example.com,+1-842-2079,Germany,Hamburg,2025-10-22 20:15:10
CUST56859461,Charles Lopez,charles.lopez218@example.com,+1-735-9567,United Kingdom,London,2025-08-21 20:15:10
CUST20742768,Barbara Walker,barbara.walker190@example.com,+1-336-6069,Canada,Ottawa,2024-02-09 20:15:10
CUST64433910,Patricia Lewis,patricia.lewis194@example.com,+1-342-7364,Canada,Montreal,2025-02-17 20:15:10
CUST02678368,Mary Rodriguez,mary.rodriguez835@example.com,+1-160-1193,Germany,Berlin,2025-09-12 20:15:10
CUST30687733,Mary Garcia,mary.garcia296@example.com,+1-135-9032,United Kingdom,London,2023-11-15 20:15:10
CUST02760892,Patricia Jones,patricia.jones58@example.com,+1-554-6108,Germany,Berlin,2024-10-09 20:15:10
CUST57916203,Emily Johnson,emily.johnson280@example.com,+1-271-8857,United Kingdom,Leeds,2025-11-24 20:15:10
CUST01407940,Nancy Lopez,nancy.lopez774@example.com,+1-846-9002,United Kingdom,Manchester,2025-02-15 20:15:10
CUST22756962,Christopher Clark,christopher.clark725@example.com,+1-100-8473,Singapore,Singapore,2023-08-08 20:15:10
CUST71362946,Elizabeth Martin,elizabeth.martin600@example.com,+1-341-4104,United Kingdom,Manchester,2025-06-21 20:15:10
CUST25647122,Jennifer Jackson,jennifer.jackson256@example.com,+1-937-5438,United Kingdom,Birmingham,2024-11-01 20:15:10
CUST77260343,Susan Smith,susan.smith280@example.com,+1-546-2327,Singapore,Singapore,2023-02-27 20:15:10
CUST84476119,Margaret Harris,margaret.harris435@example.com,+1-734-7382,Singapore,Singapore,2024-12-26 20:15:10
CUST14021168,Linda Lewis,linda.lewis625@example.com,+1-286-3532,United Kingdom,Leeds,2026-01-18 20:15:10
CUST57584772,Emily Martin,emily.martin526@example.com,+1-885-2832,Singapore,Singapore,2025-11-16 20:15:10
CUST02085800,Emily Martin,emily.martin855@example.com,+1-767-6980,Canada,Vancouver,2025-04-03 20:15:10
CUST49467251,Anthony Smith,anthony.smith501@example.com,+1-679-1895,United States,Houston,2025-11-01 20:15:10
CUST85583126,David Ramirez,david.ramirez485@example.com,+1-905-4522,Singapore,Singapore,2023-02-27 20:15:10
CUST39544945,Barbara Brown,barbara.brown231@example.com,+1-298-2128,Germany,Munich,2025-08-21 20:15:10
CUST95397642,Richard Martinez,richard.martinez761@example.com,+1-598-3835,United Kingdom,London,2025-07-18 20:15:10
CUST86642790,Linda Perez,linda.perez728@example.com,+1-291-4487,Germany,Cologne,2024-12-12 20:15:10
CUST07712979,Richard Sanchez,richard.sanchez157@example.com,+1-276-5946,Canada,Ottawa,2025-05-31 20:15:10
CUST11602826,Betty Lewis,betty.lewis899@example.com,+1-365-5656,United States,New York,2025-09-04 20:15:10
CUST73206314,Sarah Taylor,sarah.taylor122@example.com,+1-171-7270,Singapore,Singapore,2026-01-28 20:15:10
CUST95725047,Joseph Lewis,joseph.lewis527@example.com,+1-486-5391,United Kingdom,London,2025-04-01 20:15:10
CUST16772299,Matthew Lopez,matthew.lopez846@example.com,+1-653-3653,United Kingdom,Glasgow,2024-02-20 20:15:10
CUST29265006,Richard Lewis,richard.lewis684@example.com,+1-877-8405,Germany,Frankfurt,2024-12-31 20:15:10
CUST97672938,Margaret Brown,margaret.brown898@example.com,+1-764-9353,United Kingdom,Leeds,2025-09-04 20:15:10
CUST09196024,Thomas Perez,thomas.perez637@example.com,+1-465-1015,Germany,Frankfurt,2026-01-08 20:15:10
CUST29271281,Jessica Miller,jessica.miller273@example.com,+1-716-5947,Canada,Calgary,2024-06-18 20:15:10
CUST21549533,David White,david.white964@example.com,+1-114-1519,Singapore,Singapore,2023-04-26 20:15:10
CUST18185312,Karen Jackson,karen.jackson828@example.com,+1-343-8409,Canada,Vancouver,2025-08-31 20:15:10
CUST83224343,Susan Jackson,susan.jackson280@example.com,+1-616-7883,Singapore,Singapore,2024-11-07 20:15:10
CUST54863978,Mark Brown,mark.brown536@example.com,+1-772-6494,United Kingdom,Glasgow,2025-08-17 20:15:10
CUST15532291,Sandra Garcia,sandra.garcia660@example.com,+1-242-7022,United States,New York,2025-06-17 20:15:10
CUST90336569,Lisa Thomas,lisa.thomas778@example.com,+1-848-1323,Singapore,Singapore,2024-05-07 20:15:10
CUST80481194,Matthew Hernandez,matthew.hernandez874@example.com,+1-285-8283,United States,Phoenix,2026-01-26 20:15:10
CUST42127393,Margaret Brown,margaret.brown448@example.com,+1-957-2450,United States,Houston,2025-05-27 20:15:10
CUST13252997,Jessica Moore,jessica.moore819@example.com,+1-207-9365,United States,New York,2025-11-30 20:15:10
CUST74624977,Daniel Taylor,daniel.taylor208@example.com,+1-190-1734,Singapore,Singapore,2025-09-28 20:15:10
CUST72087565,Karen Taylor,karen.taylor532@example.com,+1-280-3049,United States,Houston,2025-02-14 20:15:10
CUST47156196,Barbara Walker,barbara.walker285@example.com,+1-686-7500,Germany,Frankfurt,2026-02-16 20:15:10
CUST28135039,John Robinson,john.robinson470@example.com,+1-390-3163,Singapore,Singapore,2025-04-04 20:15:10
CUST52884654,Jennifer Jackson,jennifer.jackson804@example.com,+1-905-7767,United Kingdom,London,2025-10-28 20:15:10
CUST00146410,James Walker,james.walker372@example.com,+1-745-2258,Australia,Brisbane,2025-01-18 20:15:10
CUST95224888,Daniel Clark,daniel.clark455@example.com,+1-422-4217,Germany,Hamburg,2026-01-02 20:15:10
CUST71144591,Sarah Johnson,sarah.johnson791@example.com,+1-408-9488,Singapore,Singapore,2024-10-29 20:15:10
CUST07515579,Sarah Garcia,sarah.garcia987@example.com,+1-927-7363,Canada,Toronto,2025-02-13 20:15:10
CUST77441923,Charles Taylor,charles.taylor37@example.com,+1-946-4047,United States,Houston,2023-02-27 20:15:10
CUST87341478,Charles Lopez,charles.lopez78@example.com,+1-652-7013,Germany,Berlin,2023-09-27 20:15:10
CUST64661508,Anthony Davis,anthony.davis46@example.com,+1-459-9418,United States,Phoenix,2025-10-28 20:15:10
CUST93753904,William Martinez,william.martinez869@example.com,+1-258-2407,Australia,Sydney,2026-02-16 20:15:10
CUST38585593,John Martin,john.martin602@example.com,+1-251-5928,Singapore,Singapore,2025-02-03 20:15:10
CUST75177877,Mary Harris,mary.harris455@example.com,+1-522-9822,United States,Chicago,2025-03-26 20:15:10
CUST27429140,Sandra Perez,sandra.perez525@example.com,+1-444-4185,Canada,Calgary,2026-02-16 20:15:10
CUST00447434,Jessica Jones,jessica.jones277@example.com,+1-399-1681,Germany,Frankfurt,2026-01-10 20:15:10
CUST03644929,Anthony Martinez,anthony.martinez66@example.com,+1-416-7995,Australia,Melbourne,2025-04-12 20:15:10
CUST57877194,Mark Thomas,mark.thomas418@example.com,+1-229-4099,Germany,Cologne,2023-09-24 20:15:10
CUST04136284,Anthony Jones,anthony.jones134@example.com,+1-117-4414,Germany,Cologne,2023-10-16 20:15:10
CUST94763154,Lisa Clark,lisa.clark639@example.com,+1-465-2843,United States,New York,2025-12-29 20:15:10
CUST10046553,Barbara Martin,barbara.martin570@example.com,+1-324-2749,United States,New York,2025-09-02 20:15:10
CUST09411968,Jennifer Rodriguez,jennifer.rodriguez175@example.com,+1-566-9809,United Kingdom,Birmingham,2026-02-10 20:15:10
CUST37982285,Nancy Lopez,nancy.lopez478@example.com,+1-371-7351,Canada,Montreal,2025-07-10 20:15:10
CUST38098146,Charles Perez,charles.perez70@example.com,+1-169-7570,United Kingdom,Birmingham,2024-10-04 20:15:10
CUST83550247,Matthew Moore,matthew.moore149@example.com,+1-587-2166,Germany,Frankfurt,2024-08-06 20:15:10
CUST59668163,Nancy Walker,nancy.walker912@example.com,+1-416-9196,Germany,Hamburg,2025-06-19 20:15:10
CUST58871515,Linda Harris,linda.harris266@example.com,+1-971-2165,United Kingdom,Leeds,2026-01-21 20:15:10
CUST34019944,Daniel Taylor,daniel.taylor549@example.com,+1-464-1017,Canada,Montreal,2025-09-04 20:15:10
CUST74070363,Mary Thompson,mary.thompson193@example.com,+1-936-6670,Australia,Adelaide,2023-06-21 20:15:10
CUST42840008,Nancy Sanchez,nancy.sanchez298@example.com,+1-133-3801,Canada,Calgary,2025-11-23 20:15:10
CUST80008862,Michael Miller,michael.miller618@example.com,+1-878-7689,United States,Phoenix,2025-10-09 20:15:10
CUST05710369,John Thomas,john.thomas893@example.com,+1-234-2453,Australia,Sydney,2024-10-13 20:15:10
CUST09734019,Anthony Robinson,anthony.robinson727@example.com,+1-451-9474,Germany,Cologne,2024-11-01 20:15:10
CUST71578871,Christopher Thompson,christopher.thompson406@example.com,+1-826-3818,Germany,Cologne,2023-09-23 20:15:10
CUST08612632,Matthew Robinson,matthew.robinson584@example.com,+1-332-4500,Germany,Berlin,2025-08-31 20:15:10
CUST93416039,Betty Davis,betty.davis659@example.com,+1-644-5635,United Kingdom,Glasgow,2025-06-08 20:15:10
CUST47688832,Anthony Robinson,anthony.robinson802@example.com,+1-496-4949,Singapore,Singapore,2025-07-12 20:15:10
CUST46024664,Mark Walker,mark.walker777@example.com,+1-219-1830,Singapore,Singapore,2023-07-13 20:15:10
CUST16193571,Nancy Smith,nancy.smith593@example.com,+1-847-3916,United Kingdom,Leeds,2024-09-09 20:15:10
CUST56153416,Emily Rodriguez,emily.rodriguez827@example.com,+1-999-2438,Germany,Berlin,2024-05-18 20:15:10
CUST69624030,Matthew Walker,matthew.walker577@example.com,+1-100-2777,United States,Los Angeles,2026-01-05 20:15:10
CUST73441166,Sarah Miller,sarah.miller362@example.com,+1-475-9414,Canada,Calgary,2024-08-03 20:15:10
CUST47764917,Richard Hernandez,richard.hernandez117@example.com,+1-536-7127,Singapore,Singapore,2025-08-03 20:15:10
CUST08916696,John Walker,john.walker690@example.com,+1-642-5693,Germany,Berlin,2026-02-18 20:15:10
CUST97436280,David Moore,david.moore734@example.com,+1-870-6808,Singapore,Singapore,2026-02-04 20:15:10
CUST38927258,Susan Perez,susan.perez979@example.com,+1-705-2029,United States,Los Angeles,2025-01-09 20:15:10
CUST29286766,James Martinez,james.martinez721@example.com,+1-860-8250,Canada,Toronto,2025-09-10 20:15:10
CUST86897523,Patricia Jackson,patricia.jackson182@example.com,+1-123-1670,United States,Phoenix,2024-02-18 20:15:10
CUST08026672,Richard Martinez,richard.martinez964@example.com,+1-772-4963,United States,Chicago,2024-10-31 20:15:10
CUST35433371,Charles Brown,charles.brown435@example.com,+1-977-3890,Singapore,Singapore,2026-02-18 20:15:10
CUST03009807,Ashley Perez,ashley.perez455@example.com,+1-896-2274,Singapore,Singapore,2024-12-30 20:15:10
CUST86022436,Elizabeth Garcia,elizabeth.garcia169@example.com,+1-344-5924,Germany,Munich,2025-12-11 20:15:10
CUST92559874,David Brown,david.brown148@example.com,+1-592-7210,Canada,Vancouver,2025-08-10 20:15:10
CUST12151585,Joseph Lewis,joseph.lewis312@example.com,+1-342-9355,Germany,Frankfurt,2025-03-06 20:15:10
CUST44665201,Karen Lopez,karen.lopez960@example.com,+1-617-2546,United Kingdom,Birmingham,2024-02-05 20:15:10
CUST18989648,Thomas Brown,thomas.brown984@example.com,+1-344-5080,Canada,Ottawa,2025-07-19 20:15:10
CUST96286521,Margaret Harris,margaret.harris874@example.com,+1-712-9470,Canada,Toronto,2024-07-03 20:15:10
CUST38213974,Charles Jones,charles.jones917@example.com,+1-889-9884,United Kingdom,London,2024-08-18 20:15:10
CUST51435590,David Martinez,david.martinez749@example.com,+1-860-8502,Germany,Cologne,2025-08-15 20:15:10
CUST85492349,Ashley Lewis,ashley.lewis596@example.com,+1-818-4427,Singapore,Singapore,2025-06-18 20:15:10
CUST80889829,Thomas Sanchez,thomas.sanchez277@example.com,+1-540-7296,Canada,Ottawa,2024-12-13 20:15:10
CUST33046508,Matthew Thomas,matthew.thomas512@example.com,+1-931-1308,Singapore,Singapore,2026-02-15 20:15:10
CUST22110214,Jennifer Clark,jennifer.clark953@example.com,+1-685-3997,United States,Los Angeles,2023-12-11 20:15:10
CUST37621673,Ashley Jackson,ashley.jackson865@example.com,+1-297-7666,Germany,Hamburg,2024-09-08 20:15:10
CUST76718646,Elizabeth Lewis,elizabeth.lewis997@example.com,+1-591-3190,United Kingdom,Manchester,2025-11-14 20:15:10
CUST33338846,Jessica Gonzalez,jessica.gonzalez548@example.com,+1-925-2323,Singapore,Singapore,2023-02-27 20:15:10
CUST76111118,James Lee,james.lee531@example.com,+1-412-9090,Germany,Munich,2025-12-16 20:15:10
CUST09597390,Sandra White,sandra.white419@example.com,+1-132-3095,Canada,Ottawa,2023-09-15 20:15:10
CUST13603268,Lisa Rodriguez,lisa.rodriguez728@example.com,+1-549-1865,Germany,Frankfurt,2025-10-06 20:15:10
CUST22728963,Christopher Martin,christopher.martin22@example.com,+1-607-7092,Singapore,Singapore,2024-09-19 20:15:10
CUST45779771,Michael Lopez,michael.lopez220@example.com,+1-411-7942,Singapore,Singapore,2025-07-19 20:15:10
CUST13996418,Mark Walker,mark.walker500@example.com,+1-661-7535,Australia,Adelaide,2024-10-28 20:15:10
CUST90800345,Daniel Jones,daniel.jones624@example.com,+1-384-4147,Canada,Montreal,2025-12-27 20:15:10
CUST79531304,Linda Perez,linda.perez899@example.com,+1-836-8149,United States,Los Angeles,2025-11-04 20:15:10
CUST47105048,Elizabeth Clark,elizabeth.clark755@example.com,+1-461-3456,United States,Phoenix,2026-01-19 20:15:10
CUST80607872,Mary Harris,mary.harris35@example.com,+1-944-5016,Singapore,Singapore,2024-02-26 20:15:10
CUST19454339,Thomas Clark,thomas.clark993@example.com,+1-598-5084,Canada,Calgary,2025-10-21 20:15:10
CUST11385180,Jessica Williams,jessica.williams626@example.com,+1-834-2255,Australia,Perth,2024-12-21 20:15:10
CUST29905716,Patricia Williams,patricia.williams10@example.com,+1-997-9294,United States,Houston,2024-06-10 20:15:10
CUST78698660,Charles Walker,charles.walker952@example.com,+1-696-9366,Germany,Hamburg,2023-11-04 20:15:10
CUST75650831,Mary Clark,mary.clark995@example.com,+1-291-8292,Australia,Brisbane,2026-01-16 20:15:10
CUST44397998,Jessica Martin,jessica.martin204@example.com,+1-462-6493,Germany,Berlin,2023-12-04 20:15:10
CUST77389472,Ashley Martinez,ashley.martinez151@example.com,+1-441-3121,United States,Chicago,2025-12-08 20:15:10
CUST37913729,Sandra Davis,sandra.davis281@example.com,+1-697-2995,Canada,Calgary,2024-10-27 20:15:10
CUST34092792,Daniel Lewis,daniel.lewis415@example.com,+1-502-5203,Singapore,Singapore,2024-11-07 20:15:10
CUST35504505,Sarah Jackson,sarah.jackson631@example.com,+1-854-8920,Canada,Calgary,2026-02-23 20:15:10
CUST50810463,Lisa Garcia,lisa.garcia777@example.com,+1-799-5611,Canada,Toronto,2025-11-28 20:15:10
CUST57468040,Betty Jones,betty.jones627@example.com,+1-456-5086,Canada,Ottawa,2025-06-24 20:15:10
CUST30972834,Margaret Clark,margaret.clark224@example.com,+1-613-7517,Canada,Vancouver,2025-08-12 20:15:10
CUST39193599,Sarah Hernandez,sarah.hernandez758@example.com,+1-345-3866,Australia,Brisbane,2023-08-26 20:15:10
CUST26244310,Linda White,linda.white840@example.com,+1-398-6734,United States,Houston,2025-09-17 20:15:10
CUST71545453,Sandra Taylor,sandra.taylor959@example.com,+1-504-8780,Canada,Calgary,2023-05-25 20:15:10
CUST35357385,Richard Martinez,richard.martinez609@example.com,+1-571-5268,Singapore,Singapore,2025-07-17 20:15:10
CUST88477409,William Jones,william.jones43@example.com,+1-534-3228,Australia,Melbourne,2023-02-27 20:15:10
CUST31947923,Sandra Miller,sandra.miller492@example.com,+1-562-3337,Canada,Vancouver,2024-10-27 20:15:10
CUST00465450,Charles Brown,charles.brown672@example.com,+1-968-9515,Germany,Munich,2024-05-22 20:15:10
CUST11787147,Margaret Johnson,margaret.johnson231@example.com,+1-136-9614,United States,New York,2026-01-17 20:15:10
CUST96188720,Betty Martinez,betty.martinez629@example.com,+1-332-5429,United States,New York,2025-04-10 20:15:10
CUST74022208,Elizabeth Martinez,elizabeth.martinez503@example.com,+1-842-6210,Canada,Ottawa,2026-01-01 20:15:10
CUST79764670,Susan Wilson,susan.wilson327@example.com,+1-777-6075,Australia,Melbourne,2025-10-21 20:15:10
CUST32843489,Thomas Anderson,thomas.anderson505@example.com,+1-756-3135,Germany,Berlin,2025-03-07 20:15:10
CUST48224337,Ashley Jackson,ashley.jackson943@example.com,+1-263-6429,Germany,Cologne,2024-11-11 20:15:10
CUST55542355,Karen Jackson,karen.jackson242@example.com,+1-885-5568,Singapore,Singapore,2026-02-12 20:15:10
CUST95039384,Joseph Davis,joseph.davis242@example.com,+1-287-6080,United States,New York,2025-05-26 20:15:10
CUST57729810,Emily Lopez,emily.lopez97@example.com,+1-232-5634,Germany,Munich,2025-04-28 20:15:10
CUST53124417,Charles Clark,charles.clark825@example.com,+1-764-4888,United States,Phoenix,2026-01-28 20:15:10
CUST69020944,Anthony Sanchez,anthony.sanchez727@example.com,+1-839-5683,United Kingdom,Leeds,2025-06-18 20:15:10
CUST79555003,Richard Jackson,richard.jackson964@example.com,+1-788-8293,Germany,Cologne,2024-11-27 20:15:10
CUST25019236,Nancy Taylor,nancy.taylor91@example.com,+1-188-4665,Singapore,Singapore,2026-02-07 20:15:10
CUST74579986,Mark Thompson,mark.thompson121@example.com,+1-313-9791,United States,Phoenix,2024-09-23 20:15:10
CUST66977761,John Lopez,john.lopez601@example.com,+1-640-5211,Singapore,Singapore,2025-04-19 20:15:10
CUST82294264,James Thomas,james.thomas82@example.com,+1-173-2992,United States,Chicago,2024-05-14 20:15:10
CUST03622676,Christopher Jackson,christopher.jackson312@example.com,+1-461-2232,Singapore,Singapore,2025-11-29 20:15:10
CUST59141195,Jessica Davis,jessica.davis39@example.com,+1-552-3123,Canada,Toronto,2024-05-14 20:15:10
CUST80301580,Susan Johnson,susan.johnson606@example.com,+1-965-1663,Singapore,Singapore,2026-01-21 20:15:10
CUST52389635,William Hernandez,william.hernandez443@example.com,+1-179-3936,Australia,Brisbane,2025-08-22 20:15:10
CUST16339105,Ashley Clark,ashley.clark5@example.com,+1-770-7995,United Kingdom,Birmingham,2025-12-07 20:15:10
CUST86614501,James Anderson,james.anderson428@example.com,+1-386-1749,Germany,Munich,2024-01-27 20:15:10
CUST17017023,Lisa Williams,lisa.williams851@example.com,+1-421-4296,United States,Houston,2024-12-08 20:15:10
CUST64832291,Mary Gonzalez,mary.gonzalez339@example.com,+1-186-6909,Australia,Melbourne,2026-02-17 20:15:10
CUST94220474,Jessica Rodriguez,jessica.rodriguez756@example.com,+1-685-8704,United Kingdom,Birmingham,2026-02-23 20:15:10
CUST59926648,Sarah Gonzalez,sarah.gonzalez935@example.com,+1-373-5163,Singapore,Singapore,2025-10-24 20:15:10
CUST72594142,Joseph Moore,joseph.moore159@example.com,+1-347-6674,Germany,Hamburg,2026-01-01 20:15:10
CUST35682976,Joseph Sanchez,joseph.sanchez647@example.com,+1-450-6963,Australia,Melbourne,2025-02-28 20:15:10
CUST37381247,Robert Harris,robert.harris847@example.com,+1-705-7520,Australia,Melbourne,2025-01-25 20:15:10
CUST15711767,Elizabeth Williams,elizabeth.williams175@example.com,+1-775-4801,United Kingdom,London,2023-04-25 20:15:10
CUST47290422,Mary Ramirez,mary.ramirez156@example.com,+1-800-6990,United Kingdom,Leeds,2023-02-27 20:15:10
CUST17730752,Jessica Anderson,jessica.anderson914@example.com,+1-374-3350,Germany,Berlin,2025-01-30 20:15:10
CUST92844704,Susan Johnson,susan.johnson858@example.com,+1-611-5830,Canada,Vancouver,2026-02-24 20:15:10
CUST47028447,Linda Martinez,linda.martinez11@example.com,+1-383-9341,United Kingdom,Leeds,2025-09-17 20:15:10
CUST68023953,Joseph Ramirez,joseph.ramirez640@example.com,+1-177-9213,United Kingdom,Manchester,2025-06-09 20:15:10
CUST90076135,Mary Johnson,mary.johnson513@example.com,+1-296-7367,Australia,Adelaide,2025-06-19 20:15:10
CUST38673659,Susan Perez,susan.perez22@example.com,+1-959-2606,Singapore,Singapore,2025-03-26 20:15:10
CUST60886976,Elizabeth Thomas,elizabeth.thomas442@example.com,+1-628-8530,Singapore,Singapore,2023-02-27 20:15:10
CUST58889030,Elizabeth Gonzalez,elizabeth.gonzalez368@example.com,+1-231-2789,United Kingdom,Leeds,2023-12-29 20:15:10
CUST81015897,James Thompson,james.thompson292@example.com,+1-267-1747,Australia,Brisbane,2026-01-15 20:15:10
CUST95863981,Patricia Jackson,patricia.jackson758@example.com,+1-942-7151,Singapore,Singapore,2025-11-06 20:15:10
CUST17992308,Margaret Martinez,margaret.martinez999@example.com,+1-212-4986,Australia,Adelaide,2024-05-14 20:15:10
CUST46132274,Christopher Walker,christopher.walker48@example.com,+1-341-3457,Canada,Montreal,2024-06-02 20:15:10
CUST94490061,Anthony Jackson,anthony.jackson221@example.com,+1-383-7911,United States,Los Angeles,2025-11-01 20:15:10
CUST82496221,Elizabeth Hernandez,elizabeth.hernandez929@example.com,+1-252-5912,Australia,Adelaide,2024-11-05 20:15:10
CUST24886719,Margaret Robinson,margaret.robinson535@example.com,+1-295-8343,Singapore,Singapore,2025-01-16 20:15:10
CUST84167985,Sarah Martinez,sarah.martinez725@example.com,+1-939-6056,Australia,Brisbane,2025-07-07 20:15:10
CUST59516522,Susan Lee,susan.lee587@example.com,+1-185-2696,United Kingdom,Manchester,2025-12-06 20:15:10
CUST29906530,Thomas Sanchez,thomas.sanchez94@example.com,+1-952-1068,Australia,Sydney,2023-12-18 20:15:10
CUST08482207,Patricia Ramirez,patricia.ramirez261@example.com,+1-692-4107,Canada,Toronto,2025-01-09 20:15:10
CUST05237935,Christopher Robinson,christopher.robinson61@example.com,+1-283-9780,United States,Houston,2025-12-21 20:15:10
CUST71927299,Linda Brown,linda.brown315@example.com,+1-715-2982,Germany,Berlin,2024-12-08 20:15:10
CUST77512788,John Jones,john.jones69@example.com,+1-862-6330,Australia,Brisbane,2024-10-21 20:15:10
CUST13474401,Jessica Miller,jessica.miller148@example.com,+1-795-2969,Australia,Melbourne,2023-12-24 20:15:10
CUST01727293,Linda Gonzalez,linda.gonzalez49@example.com,+1-568-2878,Singapore,Singapore,2025-11-26 20:15:10
CUST43272724,Sandra Wilson,sandra.wilson459@example.com,+1-834-7876,Australia,Brisbane,2023-02-27 20:15:10
CUST67258947,Charles Gonzalez,charles.gonzalez582@example.com,+1-626-6608,United Kingdom,Leeds,2025-12-28 20:15:10
CUST34784224,Michael Perez,michael.perez915@example.com,+1-972-7359,Germany,Cologne,2025-03-28 20:15:10
CUST06405216,Susan Ramirez,susan.ramirez217@example.com,+1-959-6907,Germany,Frankfurt,2025-02-01 20:15:10
CUST50365612,John Hernandez,john.hernandez457@example.com,+1-659-7981,Singapore,Singapore,2025-08-12 20:15:10
CUST34430641,Charles Martinez,charles.martinez363@example.com,+1-555-4632,United States,Chicago,2025-07-06 20:15:10
CUST90228593,Jennifer Lewis,jennifer.lewis945@example.com,+1-999-7869,Australia,Sydney,2023-12-11 20:15:10
CUST82986215,Susan Moore,susan.moore936@example.com,+1-431-1745,United Kingdom,Manchester,2025-02-13 20:15:10
CUST70313231,Robert Thompson,robert.thompson237@example.com,+1-654-7741,United Kingdom,London,2025-06-21 20:15:10
CUST71141196,Jennifer White,jennifer.white788@example.com,+1-310-6102,Australia,Perth,2026-01-07 20:15:10
CUST11891025,William Clark,william.clark593@example.com,+1-540-8114,Singapore,Singapore,2026-02-24 20:15:10
CUST59393307,Jennifer Smith,jennifer.smith954@example.com,+1-647-7991,United States,Houston,2026-01-09 20:15:10
CUST75765841,Emily Taylor,emily.taylor345@example.com,+1-548-3918,Germany,Munich,2023-02-27 20:15:10
CUST57952850,Jessica Martin,jessica.martin301@example.com,+1-662-6913,Australia,Brisbane,2024-09-17 20:15:10
CUST10029418,Lisa Johnson,lisa.johnson828@example.com,+1-263-6944,Germany,Hamburg,2023-02-27 20:15:10
CUST52108769,Betty Clark,betty.clark293@example.com,+1-407-4039,United States,Phoenix,2026-02-13 20:15:10
CUST09335404,Daniel Harris,daniel.harris830@example.com,+1-216-5172,Singapore,Singapore,2025-01-06 20:15:10
CUST55001735,Charles Hernandez,charles.hernandez973@example.com,+1-463-9817,Canada,Calgary,2026-02-10 20:15:10
CUST10629571,Charles Jackson,charles.jackson339@example.com,+1-880-3367,Australia,Sydney,2024-08-19 20:15:10
CUST27350198,Emily Martinez,emily.martinez393@example.com,+1-283-3829,Singapore,Singapore,2025-09-04 20:15:10
CUST31165103,John Garcia,john.garcia944@example.com,+1-481-4841,Australia,Perth,2026-01-21 20:15:10
CUST30646176,Elizabeth Taylor,elizabeth.taylor114@example.com,+1-396-1428,United States,New York,2025-04-26 20:15:10
CUST77261640,Nancy Lee,nancy.lee794@example.com,+1-475-7884,United Kingdom,London,2025-10-30 20:15:10
CUST99718992,Jessica Anderson,jessica.anderson181@example.com,+1-419-8574,Australia,Perth,2025-01-29 20:15:10
CUST08102764,Sarah Miller,sarah.miller712@example.com,+1-772-8265,Australia,Melbourne,2025-01-31 20:15:10
CUST36264430,Christopher Miller,christopher.miller550@example.com,+1-432-6683,Singapore,Singapore,2024-12-08 20:15:10
CUST63535932,Karen Martinez,karen.martinez52@example.com,+1-760-6229,United States,Los Angeles,2023-02-27 20:15:10
CUST03883622,Jessica Rodriguez,jessica.rodriguez60@example.com,+1-134-7685,Canada,Montreal,2025-09-01 20:15:10
CUST18958112,Barbara Johnson,barbara.johnson674@example.com,+1-736-5969,Germany,Hamburg,2025-07-13 20:15:10
CUST98926893,Matthew Martin,matthew.martin656@example.com,+1-110-2006,Canada,Calgary,2024-07-11 20:15:10
CUST59101885,Elizabeth Ramirez,elizabeth.ramirez405@example.com,+1-585-6421,Australia,Melbourne,2025-04-17 20:15:10
CUST65247273,Michael Anderson,michael.anderson828@example.com,+1-590-7796,Australia,Sydney,2026-02-13 20:15:10
CUST17721589,Sandra Jackson,sandra.jackson444@example.com,+1-740-1467,United Kingdom,Leeds,2024-04-22 20:15:10
CUST59542430,Mark Gonzalez,mark.gonzalez616@example.com,+1-544-6304,Canada,Ottawa,2026-02-07 20:15:10
CUST75523911,Linda Martinez,linda.martinez152@example.com,+1-926-2222,Australia,Sydney,2025-12-20 20:15:10
CUST77820987,Susan Smith,susan.smith799@example.com,+1-223-9151,Singapore,Singapore,2026-01-18 20:15:10
CUST87525666,Richard Thompson,richard.thompson689@example.com,+1-244-9789,Canada,Calgary,2026-01-28 20:15:10
CUST02086401,Sandra Lee,sandra.lee912@example.com,+1-866-5733,Singapore,Singapore,2026-02-17 20:15:10
CUST24317456,Jennifer Garcia,jennifer.garcia470@example.com,+1-778-6457,United States,Los Angeles,2026-02-06 20:15:10
CUST35839398,Michael Robinson,michael.robinson384@example.com,+1-197-1701,Germany,Cologne,2025-07-28 20:15:10
CUST22172475,Charles Brown,charles.brown103@example.com,+1-776-7858,Germany,Cologne,2025-11-12 20:15:10
CUST11041420,Margaret Gonzalez,margaret.gonzalez291@example.com,+1-654-2910,United Kingdom,Leeds,2026-01-08 20:15:10
CUST17978910,Jessica Smith,jessica.smith515@example.com,+1-351-1679,Canada,Calgary,2025-01-30 20:15:10
CUST53484669,Susan Miller,susan.miller173@example.com,+1-993-1981,Australia,Brisbane,2025-11-25 20:15:10
CUST41603283,Emily Smith,emily.smith665@example.com,+1-887-1234,Singapore,Singapore,2026-02-20 20:15:10
CUST28084607,Anthony Smith,anthony.smith661@example.com,+1-359-4112,Germany,Hamburg,2025-08-13 20:15:10
CUST53707051,Nancy Sanchez,nancy.sanchez495@example.com,+1-594-6435,Australia,Perth,2025-10-14 20:15:10
CUST04260885,Sandra Ramirez,sandra.ramirez139@example.com,+1-351-2806,Singapore,Singapore,2025-10-09 20:15:10
CUST35987255,Margaret Lopez,margaret.lopez201@example.com,+1-189-4463,United Kingdom,Manchester,2025-07-26 20:15:10
CUST95528292,Susan Miller,susan.miller477@example.com,+1-341-9704,Australia,Melbourne,2025-01-19 20:15:10
CUST04757057,David Anderson,david.anderson812@example.com,+1-423-8082,United States,Houston,2025-03-14 20:15:10
CUST31862330,Christopher Harris,christopher.harris698@example.com,+1-316-1547,Australia,Brisbane,2023-05-23 20:15:10
CUST56543489,Barbara Anderson,barbara.anderson963@example.com,+1-437-3245,United States,Phoenix,2025-06-05 20:15:10
CUST52247245,Sarah Wilson,sarah.wilson636@example.com,+1-755-4332,Singapore,Singapore,2025-07-08 20:15:10
CUST64005263,Michael Perez,michael.perez355@example.com,+1-279-4789,Germany,Berlin,2025-12-01 20:15:10
CUST81169623,Patricia Thompson,patricia.thompson559@example.com,+1-916-6649,Germany,Frankfurt,2024-10-01 20:15:10
CUST20086684,Nancy Perez,nancy.perez146@example.com,+1-571-3351,United Kingdom,Manchester,2026-01-02 20:15:10
CUST77173258,Karen Jackson,karen.jackson662@example.com,+1-657-9441,Germany,Berlin,2025-06-25 20:15:10
CUST65136115,Sandra Martinez,sandra.martinez968@example.com,+1-666-3030,United Kingdom,Manchester,2025-08-11 20:15:10
CUST28008800,Charles Walker,charles.walker543@example.com,+1-932-4184,Singapore,Singapore,2025-01-31 20:15:10
CUST09356768,Sarah Miller,sarah.miller717@example.com,+1-603-7200,Singapore,Singapore,2023-08-30 20:15:10
CUST89796335,Thomas Martin,thomas.martin634@example.com,+1-959-5691,United States,Los Angeles,2023-03-25 20:15:10
CUST11213710,Sandra Jackson,sandra.jackson584@example.com,+1-233-5949,Singapore,Singapore,2025-12-21 20:15:10
CUST70182562,Charles Martinez,charles.martinez491@example.com,+1-859-4863,Australia,Perth,2025-11-08 20:15:10
CUST77029450,Patricia Thomas,patricia.thomas132@example.com,+1-231-8407,Canada,Ottawa,2024-06-27 20:15:10
CUST02283237,Sandra Lewis,sandra.lewis601@example.com,+1-802-7749,United States,Los Angeles,2025-06-05 20:15:10
CUST77545105,Daniel Hernandez,daniel.hernandez195@example.com,+1-210-6499,United States,New York,2025-07-21 20:15:10
CUST60263732,John Martinez,john.martinez119@example.com,+1-899-3922,United Kingdom,Birmingham,2024-12-01 20:15:10
CUST88683902,Daniel Brown,daniel.brown414@example.com,+1-155-6161,Canada,Calgary,2025-03-27 20:15:10
CUST92642628,James Jackson,james.jackson434@example.com,+1-645-9554,United States,New York,2023-02-27 20:15:10
CUST87813897,Susan White,susan.white724@example.com,+1-997-7784,Australia,Brisbane,2025-04-12 20:15:10
CUST82425722,Michael Miller,michael.miller374@example.com,+1-201-1336,United Kingdom,Birmingham,2025-07-13 20:15:10
CUST80332768,William Wilson,william.wilson566@example.com,+1-824-2599,Canada,Toronto,2025-05-17 20:15:10
CUST45931749,William Ramirez,william.ramirez145@example.com,+1-901-6448,Canada,Montreal,2024-07-03 20:15:10
CUST38845465,Sandra Wilson,sandra.wilson911@example.com,+1-675-4355,Australia,Adelaide,2025-03-17 20:15:10
CUST31042571,Daniel Perez,daniel.perez684@example.com,+1-514-8279,Australia,Melbourne,2025-02-11 20:15:10
CUST31554599,John Smith,john.smith149@example.com,+1-872-4394,Germany,Cologne,2023-02-27 20:15:10
CUST45986327,Thomas Ramirez,thomas.ramirez662@example.com,+1-275-2296,United Kingdom,Birmingham,2025-03-12 20:15:10
CUST91070545,Richard Anderson,richard.anderson698@example.com,+1-233-7827,Singapore,Singapore,2025-09-05 20:15:10
CUST99776901,Linda Lewis,linda.lewis803@example.com,+1-766-4803,Canada,Calgary,2024-12-24 20:15:10
CUST00393162,Susan Davis,susan.davis823@example.com,+1-690-5730,Australia,Adelaide,2025-01-29 20:15:10
CUST27168850,Linda Davis,linda.davis656@example.com,+1-477-8444,Australia,Adelaide,2026-02-21 20:15:10
CUST28313926,Robert Wilson,robert.wilson975@example.com,+1-811-9677,United Kingdom,Leeds,2025-07-12 20:15:10
CUST17905072,Thomas Miller,thomas.miller164@example.com,+1-631-5426,Australia,Adelaide,2024-10-19 20:15:10
CUST23112369,James Moore,james.moore78@example.com,+1-635-5487,Canada,Ottawa,2025-06-19 20:15:10
CUST20801232,Lisa Jackson,lisa.jackson539@example.com,+1-169-9517,Canada,Montreal,2024-08-23 20:15:10
CUST34528497,Sarah Lewis,sarah.lewis569@example.com,+1-172-7154,United Kingdom,Leeds,2025-07-23 20:15:10
CUST07175544,Richard Jones,richard.jones328@example.com,+1-761-3712,United States,Phoenix,2023-02-27 20:15:10
CUST11715988,John Lee,john.lee522@example.com,+1-397-3731,Canada,Montreal,2025-10-23 20:15:10
CUST35591962,Margaret Anderson,margaret.anderson322@example.com,+1-385-6377,Australia,Brisbane,2026-01-22 20:15:10
CUST78074162,Karen Clark,karen.clark780@example.com,+1-329-6039,Singapore,Singapore,2025-08-05 20:15:10
CUST76425017,Susan Perez,susan.perez608@example.com,+1-666-1253,Germany,Frankfurt,2025-05-18 20:15:10
CUST27792298,Linda Taylor,linda.taylor919@example.com,+1-774-4478,Australia,Adelaide,2025-09-23 20:15:10
CUST05367880,Richard Williams,richard.williams565@example.com,+1-165-9342,Australia,Perth,2025-11-17 20:15:10
CUST00516331,Sandra Lewis,sandra.lewis769@example.com,+1-295-1473,United Kingdom,Birmingham,2025-01-16 20:15:10
CUST34630298,Elizabeth Wilson,elizabeth.wilson395@example.com,+1-289-1368,Germany,Munich,2025-09-07 20:15:10
CUST79816361,Elizabeth Johnson,elizabeth.johnson63@example.com,+1-706-4539,Australia,Brisbane,2025-02-27 20:15:10
CUST52510886,Nancy Anderson,nancy.anderson446@example.com,+1-557-9591,Canada,Ottawa,2024-08-24 20:15:10
CUST94092239,Anthony Martinez,anthony.martinez260@example.com,+1-442-3333,Canada,Montreal,2024-09-22 20:15:10
CUST65748951,Elizabeth Lopez,elizabeth.lopez492@example.com,+1-166-2437,United States,Chicago,2025-09-08 20:15:10
CUST14061756,Nancy Lopez,nancy.lopez261@example.com,+1-461-8639,United States,Houston,2025-04-26 20:15:10
CUST72988961,Richard Jackson,richard.jackson141@example.com,+1-753-9784,Canada,Ottawa,2025-07-24 20:15:10
CUST38592266,William Perez,william.perez81@example.com,+1-120-8221,Australia,Melbourne,2024-02-11 20:15:10
CUST51621051,Barbara Walker,barbara.walker660@example.com,+1-105-3016,Germany,Cologne,2024-01-18 20:15:10
CUST12702375,William Hernandez,william.hernandez448@example.com,+1-471-6806,Canada,Ottawa,2025-09-26 20:15:10
CUST64485433,Thomas Martin,thomas.martin797@example.com,+1-968-3893,Australia,Perth,2026-01-22 20:15:10
CUST62201154,Susan Williams,susan.williams284@example.com,+1-114-6951,Germany,Cologne,2025-12-22 20:15:10
CUST81137106,Lisa Sanchez,lisa.sanchez534@example.com,+1-333-2277,United Kingdom,Leeds,2025-09-13 20:15:10
CUST50447932,Matthew Ramirez,matthew.ramirez337@example.com,+1-676-8637,United Kingdom,Leeds,2025-04-29 20:15:10
CUST17152093,Sandra Lee,sandra.lee622@example.com,+1-757-3014,United Kingdom,Leeds,2025-02-01 20:15:10
CUST51046730,Margaret Harris,margaret.harris313@example.com,+1-326-6683,Germany,Frankfurt,2025-10-03 20:15:10
CUST01300783,Sandra Martinez,sandra.martinez524@example.com,+1-982-2790,Australia,Perth,2025-01-21 20:15:10
CUST60033076,Karen Jackson,karen.jackson519@example.com,+1-233-4711,Australia,Brisbane,2023-05-20 20:15:10
CUST35057814,Elizabeth Gonzalez,elizabeth.gonzalez940@example.com,+1-182-7494,Singapore,Singapore,2025-02-06 20:15:10
CUST82333485,Susan Clark,susan.clark937@example.com,+1-646-2078,Canada,Ottawa,2025-12-25 20:15:10
CUST48100097,Elizabeth Moore,elizabeth.moore575@example.com,+1-358-1405,Germany,Munich,2025-04-16 20:15:10
CUST95030832,Sandra Ramirez,sandra.ramirez250@example.com,+1-354-2265,United States,Houston,2025-05-18 20:15:10
CUST21427657,Ashley Williams,ashley.williams300@example.com,+1-702-8779,United States,New York,2024-02-11 20:15:10
CUST25490765,Ashley Brown,ashley.brown434@example.com,+1-744-6001,Singapore,Singapore,2025-09-22 20:15:10
CUST62667610,Betty Wilson,betty.wilson77@example.com,+1-319-3732,Australia,Brisbane,2025-08-10 20:15:10
CUST07535592,Christopher Sanchez,christopher.sanchez907@example.com,+1-102-7581,United States,Los Angeles,2025-03-30 20:15:10
CUST08268509,Betty Robinson,betty.robinson719@example.com,+1-428-7868,Canada,Montreal,2025-05-31 20:15:10
CUST82523939,Betty Jones,betty.jones538@example.com,+1-118-5286,United States,Chicago,2024-11-20 20:15:10
CUST36866809,Susan Walker,susan.walker58@example.com,+1-346-2397,United States,New York,2026-02-11 20:15:10
CUST94126329,Barbara Harris,barbara.harris504@example.com,+1-267-2579,United States,Phoenix,2025-04-30 20:15:10
CUST98960357,Thomas Williams,thomas.williams960@example.com,+1-608-6968,Germany,Cologne,2026-01-10 20:15:10
CUST93718170,Ashley Johnson,ashley.johnson478@example.com,+1-456-2708,Australia,Perth,2025-10-11 20:15:10
CUST81530127,Joseph Taylor,joseph.taylor786@example.com,+1-804-5713,Germany,Hamburg,2025-01-27 20:15:10
CUST27133778,Jennifer Jones,jennifer.jones362@example.com,+1-455-2349,Australia,Adelaide,2025-12-26 20:15:10
CUST42772882,Matthew Ramirez,matthew.ramirez376@example.com,+1-385-5747,United States,Los Angeles,2025-10-15 20:15:10
CUST17805990,Margaret Harris,margaret.harris722@example.com,+1-423-9099,Germany,Hamburg,2024-12-10 20:15:10
CUST27753121,Patricia Jackson,patricia.jackson259@example.com,+1-116-3148,Germany,Hamburg,2025-02-07 20:15:10
CUST24352787,Daniel Jackson,daniel.jackson869@example.com,+1-330-3848,Germany,Hamburg,2026-01-23 20:15:10
CUST42697142,Sarah White,sarah.white358@example.com,+1-261-6214,Singapore,Singapore,2025-04-18 20:15:10
CUST25000449,Emily Thomas,emily.thomas355@example.com,+1-165-2275,United Kingdom,Birmingham,2025-12-30 20:15:10
CUST09996175,Lisa Sanchez,lisa.sanchez725@example.com,+1-513-7108,United Kingdom,Glasgow,2025-11-12 20:15:10
CUST53382619,Mark Jones,mark.jones292@example.com,+1-820-9515,United Kingdom,London,2025-07-17 20:15:10
CUST56930704,Sarah Davis,sarah.davis755@example.com,+1-660-8577,United Kingdom,Leeds,2026-01-15 20:15:10
CUST57929009,Charles Martin,charles.martin628@example.com,+1-685-9564,Singapore,Singapore,2023-02-27 20:15:10
CUST57136414,Matthew Martin,matthew.martin288@example.com,+1-498-1692,Australia,Adelaide,2025-12-23 20:15:10
CUST28275425,Patricia Robinson,patricia.robinson23@example.com,+1-844-9212,Australia,Perth,2024-08-21 20:15:10
CUST38930692,Susan Walker,susan.walker418@example.com,+1-637-7014,Germany,Berlin,2024-05-21 20:15:10
CUST63237976,Barbara Brown,barbara.brown63@example.com,+1-173-4820,Canada,Toronto,2023-02-27 20:15:10
CUST70871991,Michael Martin,michael.martin174@example.com,+1-854-5595,Singapore,Singapore,2025-08-06 20:15:10
CUST43754954,Sarah Williams,sarah.williams207@example.com,+1-218-6394,Singapore,Singapore,2024-02-01 20:15:10
CUST93225828,John Hernandez,john.hernandez832@example.com,+1-513-8829,Canada,Ottawa,2023-02-27 20:15:10
CUST10274931,Patricia Wilson,patricia.wilson647@example.com,+1-708-8179,Germany,Frankfurt,2025-12-19 20:15:10
CUST95911284,Robert Wilson,robert.wilson936@example.com,+1-931-5067,United States,Chicago,2025-07-03 20:15:10
CUST29223793,Barbara Smith,barbara.smith271@example.com,+1-981-9840,United States,Phoenix,2026-02-04 20:15:10
CUST94101707,Robert Taylor,robert.taylor959@example.com,+1-402-2957,United States,Chicago,2025-03-10 20:15:10
CUST67202308,Christopher Gonzalez,christopher.gonzalez561@example.com,+1-371-9797,Australia,Perth,2025-04-15 20:15:10
CUST53961019,Barbara White,barbara.white101@example.com,+1-443-1345,Canada,Calgary,2025-12-05 20:15:10
